author,content,date_time,id,language,likes,retweets,created_at,date,month,year,hour,weekday,tweet_text_raw,tweet_id
jtimberlake,"In the current situation, 100%  #askjt",19/07/2011 23:17,9.34596E+16,en,47,61,2011-07-19 23:17:00,2011-07-19,2011-07,2011,23,Tuesday,"In the current situation, 100% #askjt",t00000
jimmyfallon,Pool Bowling with @RealHughJackman https://t.co/qQjWvngps2 #FallonTonight http://t.co/IEDGsQZ3hz,11/09/2014 13:53,5.10064E+17,en,1678,600,2014-09-11 13:53:00,2014-09-11,2014-09,2014,13,Thursday,Pool Bowling with @RealHughJackman https://t.co/qQjWvngps2 #FallonTonight http://t.co/IEDGsQZ3hz,t00001
jimmyfallon,"Stevie Wonder performs ""Isn't She Lovely"" &amp; ""My Cherie Amour"" in a special medley for @FLOTUS https://t.co/alrsYiuH6f #FallonTonight",12/01/2017 13:37,8.19539E+17,en,2702,593,2017-01-12 13:37:00,2017-01-12,2017-01,2017,13,Thursday,"Stevie Wonder performs ""Isn't She Lovely"" & ""My Cherie Amour"" in a special medley for @FLOTUS https://t.co/alrsYiuH6f #FallonTonight",t00002
jimmyfallon,The @Madonna performance tonight exceeds all expectations. You can see why Madonna is Madonna. Inspiring. #BitchImMadonna,09/04/2015 17:59,5.86227E+17,en,2238,891,2015-04-09 17:59:00,2015-04-09,2015-04,2015,17,Thursday,The @Madonna performance tonight exceeds all expectations. You can see why Madonna is Madonna. Inspiring. #BitchImMadonna,t00003
cnnbrk,"Man killed in officer-involved shooting in CA pointed a vape at a cop before being shot and tased, police said… https://t.co/zcHKGnMBJp",29/09/2016 02:24,7.81319E+17,en,496,417,2016-09-29 02:24:00,2016-09-29,2016-09,2016,2,Thursday,"Man killed in officer-involved shooting in CA pointed a vape at a cop before being shot and tased, police said… https://t.co/zcHKGnMBJp",t00004
cnnbrk,"Wells Fargo's culture led bank to force some hourly employees to work late without overtime pay, former workers say. https://t.co/bdl8B6jUw7",30/09/2016 17:10,7.81904E+17,en,402,331,2016-09-30 17:10:00,2016-09-30,2016-09,2016,17,Friday,"Wells Fargo's culture led bank to force some hourly employees to work late without overtime pay, former workers say. https://t.co/bdl8B6jUw7",t00005
twitter,And the award for the year's Most Retweeted Tweet goes to...@StephenAtHome! See the Top 10 here: http://t.co/kWIsGGE #Hindsight2010,15/12/2010 07:03,1.49385E+16,en,171,276,2010-12-15 07:03:00,2010-12-15,2010-12,2010,7,Wednesday,And the award for the year's Most Retweeted Tweet goes to...@StephenAtHome! See the Top 10 here: http://t.co/kWIsGGE #Hindsight2010,t00006
jimmyfallon,"So many great writers on our show. Tough to give them all props. But AD Miles, Mike Dicenzo, Gerard Bradford and Amy Ozols gave me 50 bucks.",06/01/2014 02:57,4.20026E+17,en,828,142,2014-01-06 02:57:00,2014-01-06,2014-01,2014,2,Monday,"So many great writers on our show. Tough to give them all props. But AD Miles, Mike Dicenzo, Gerard Bradford and Amy Ozols gave me 50 bucks.",t00007
jimmyfallon,Haaa. Youse. https://t.co/iWC0LNv2Bm,09/10/2016 16:25,7.85154E+17,en,1779,203,2016-10-09 16:25:00,2016-10-09,2016-10,2016,16,Sunday,Haaa. Youse. https://t.co/iWC0LNv2Bm,t00008
rihanna,.@fhollande Did you see my letter? Waiting on your answer! We need your leadership on #EducationCannotWait,22/09/2016 20:25,7.79054E+17,en,26132,24276,2016-09-22 20:25:00,2016-09-22,2016-09,2016,20,Thursday,.@fhollande Did you see my letter? Waiting on your answer! We need your leadership on #EducationCannotWait,t00009
cristiano,Strong showing from Real Madrid yesterday! #RealMadrid... http://say.ly/hpg3J3,04/10/2010 12:08,26355757773,en,69,266,2010-10-04 12:08:00,2010-10-04,2010-10,2010,12,Monday,Strong showing from Real Madrid yesterday! #RealMadrid... http://say.ly/hpg3J3,t00010
britneyspears,@bspearssource same!!!!!! :) #6DaysTillBritneyJean,27/11/2013 18:38,4.05768E+17,en,105,74,2013-11-27 18:38:00,2013-11-27,2013-11,2013,18,Wednesday,@bspearssource same!!!!!! :) #6DaysTillBritneyJean,t00011
arianagrande,baby you just gotta make up your mind that every lil thing is gonna be alright ♡,17/03/2016 19:13,7.10545E+17,en,47984,29388,2016-03-17 19:13:00,2016-03-17,2016-03,2016,19,Thursday,baby you just gotta make up your mind that every lil thing is gonna be alright ♡,t00012
jimmyfallon,@StevenHolcomb Congratulations! You were fantastic.,19/02/2014 03:50,4.35985E+17,en,121,14,2014-02-19 03:50:00,2014-02-19,2014-02,2014,3,Wednesday,@StevenHolcomb Congratulations! You were fantastic.,t00013
jimmyfallon,"Excited to be back with new episodes! Tonight: Martin Scorsese, @GillianJacobs &amp; music from @TheChainsmokers! #FallonTonight",03/02/2016 15:33,6.94907E+17,en,2249,375,2016-02-03 15:33:00,2016-02-03,2016-02,2016,15,Wednesday,"Excited to be back with new episodes! Tonight: Martin Scorsese, @GillianJacobs & music from @TheChainsmokers! #FallonTonight",t00014
instagram,"Grab a seat at our Thanksgiving table. If you’re in the US, tap Explore to celebrate with us! #IGThanksgiving",27/11/2015 00:48,6.70042E+17,en,2296,411,2015-11-27 00:48:00,2015-11-27,2015-11,2015,0,Friday,"Grab a seat at our Thanksgiving table. If you’re in the US, tap Explore to celebrate with us! #IGThanksgiving",t00015
jimmyfallon,"“@mrskingle: @jimmyfallon @CanadiensMTL @NYRangers Sorry, Jimmy, what size jersey do you need? #GoHabsGo #NHLplayoffs” ha ha",30/05/2014 00:03,4.72166E+17,en,629,155,2014-05-30 00:03:00,2014-05-30,2014-05,2014,0,Friday,"“@mrskingle: @jimmyfallon @CanadiensMTL @NYRangers Sorry, Jimmy, what size jersey do you need? #GoHabsGo #NHLplayoffs” ha ha",t00016
instagram,Featured submissions from this weekend’s hashtag project: #WHPwonderland https://t.co/3qhKTpxSHZ https://t.co/RHLoMYY00c,21/12/2015 22:44,6.7907E+17,en,2163,492,2015-12-21 22:44:00,2015-12-21,2015-12,2015,22,Monday,Featured submissions from this weekend’s hashtag project: #WHPwonderland https://t.co/3qhKTpxSHZ https://t.co/RHLoMYY00c,t00017
twitter,"And the award for ""Longest Commute Home"" goes to: https://t.co/EUnjuFk1AL 🚀 https://t.co/5rN8eodgbD",11/12/2015 21:03,6.75421E+17,en,1279,415,2015-12-11 21:03:00,2015-12-11,2015-12,2015,21,Friday,"And the award for ""Longest Commute Home"" goes to: https://t.co/EUnjuFk1AL 🚀 https://t.co/5rN8eodgbD",t00018
cnnbrk,Congress has cleared a bill to fund the government and the federal response to Zika through December 9 https://t.co/oZYdZ1e8PO,29/09/2016 02:13,7.81316E+17,en,371,193,2016-09-29 02:13:00,2016-09-29,2016-09,2016,2,Thursday,Congress has cleared a bill to fund the government and the federal response to Zika through December 9 https://t.co/oZYdZ1e8PO,t00019
barackobama,"To celebrate the power of grassroots organizing, @OFA is giving away this free sticker. Get yours today: http://t.co/jYNyf68IsD",27/08/2014 20:37,5.04729E+17,en,636,260,2014-08-27 20:37:00,2014-08-27,2014-08,2014,20,Wednesday,"To celebrate the power of grassroots organizing, @OFA is giving away this free sticker. Get yours today: http://t.co/jYNyf68IsD",t00020
rihanna,"Excited 2 perform at #TheConcertforValor in honor of America's veterans &amp; their families on 11/11. Airs live from Washington, DC on @HBO.",02/10/2014 17:47,5.17733E+17,en,6684,4345,2014-10-02 17:47:00,2014-10-02,2014-10,2014,17,Thursday,"Excited 2 perform at #TheConcertforValor in honor of America's veterans & their families on 11/11. Airs live from Washington, DC on @HBO.",t00021
cristiano,I'm proud being named as the top player of the http://t.co/z55vCy1G 50. Thank you http://t.co/0mq6fNNp,07/08/2012 10:03,2.32779E+17,en,1057,2513,2012-08-07 10:03:00,2012-08-07,2012-08,2012,10,Tuesday,I'm proud being named as the top player of the http://t.co/z55vCy1G 50. Thank you http://t.co/0mq6fNNp,t00022
selenagomez,"@perezhilton awwwww thanks I hope you like it, miss you too",08/03/2011 06:02,4.50015E+16,en,209,748,2011-03-08 06:02:00,2011-03-08,2011-03,2011,6,Tuesday,"@perezhilton awwwww thanks I hope you like it, miss you too",t00023
instagram,Fancy feet leap for #WHPmagic https://t.co/Q3zFTHzD4w,07/12/2016 03:30,8.0634E+17,en,548,100,2016-12-07 03:30:00,2016-12-07,2016-12,2016,3,Wednesday,Fancy feet leap for #WHPmagic https://t.co/Q3zFTHzD4w,t00024
ladygaga,"Nature Boy was composed in 1941 by eden ahbez, a wandering man from Brooklyn with long hair. It was recorded first by Nat King Cole in 1947.",16/09/2014 04:57,5.11741E+17,en,3362,2052,2014-09-16 04:57:00,2014-09-16,2014-09,2014,4,Tuesday,"Nature Boy was composed in 1941 by eden ahbez, a wandering man from Brooklyn with long hair. It was recorded first by Nat King Cole in 1947.",t00025
instagram,A portal to @Simone_Rocha_’s very personal work https://t.co/4QqCLKwb3X #LFW,23/02/2016 02:17,7.01954E+17,en,1083,177,2016-02-23 02:17:00,2016-02-23,2016-02,2016,2,Tuesday,A portal to @Simone_Rocha_’s very personal work https://t.co/4QqCLKwb3X #LFW,t00026
theellenshow,Happy #MondayMotivation #MoodBooster https://t.co/079F91Ga5L,18/01/2016 20:36,6.89185E+17,en,7271,2364,2016-01-18 20:36:00,2016-01-18,2016-01,2016,20,Monday,Happy #MondayMotivation #MoodBooster https://t.co/079F91Ga5L,t00027
britneyspears,@britneyspearns &lt;3 u too #30MillionBritneyArmy,03/08/2013 21:56,3.6378E+17,en,216,222,2013-08-03 21:56:00,2013-08-03,2013-08,2013,21,Saturday,@britneyspearns <3 u too #30MillionBritneyArmy,t00028
barackobama,Action on climate change can't wait—which is why the Clean Power Plan is so important. https://t.co/pOTxkVudYu,20/10/2015 19:04,6.56547E+17,en,2094,1601,2015-10-20 19:04:00,2015-10-20,2015-10,2015,19,Tuesday,Action on climate change can't wait—which is why the Clean Power Plan is so important. https://t.co/pOTxkVudYu,t00029
rihanna,Me and Mama Fenty doing some bday damage! She's radical man! #phuckyobirthday http://t.co/FydiLrgrmY,06/04/2013 09:37,3.2047E+17,en,1001,1359,2013-04-06 09:37:00,2013-04-06,2013-04,2013,9,Saturday,Me and Mama Fenty doing some bday damage! She's radical man! #phuckyobirthday http://t.co/FydiLrgrmY,t00030
rihanna,Smokin Diamonds http://t.co/HzJbTRa9,22/10/2012 19:44,2.60467E+17,en,2658,4926,2012-10-22 19:44:00,2012-10-22,2012-10,2012,19,Monday,Smokin Diamonds http://t.co/HzJbTRa9,t00031
rihanna,“@AdrianaLima: Very emotional on Rihanas  concert....” Love this woman,22/04/2013 22:19,3.2646E+17,en,1031,1045,2013-04-22 22:19:00,2013-04-22,2013-04,2013,22,Monday,“@AdrianaLima: Very emotional on Rihanas concert....” Love this woman,t00032
katyperry,"Psst. I do not have an Instagram account. Well, yet.",31/05/2013 01:27,3.40278E+17,en,4899,6274,2013-05-31 01:27:00,2013-05-31,2013-05,2013,1,Friday,"Psst. I do not have an Instagram account. Well, yet.",t00033
jtimberlake,“@ericrodwell: @jtimberlake looking forward to The Short Game as I'm trying to get my daughter more involved... You are going to LOVE it.,04/09/2013 13:26,3.75248E+17,en,256,235,2013-09-04 13:26:00,2013-09-04,2013-09,2013,13,Wednesday,“@ericrodwell: @jtimberlake looking forward to The Short Game as I'm trying to get my daughter more involved... You are going to LOVE it.,t00034
britneyspears,A little birdie told me there are new @IntimateBritney arrivals... and they're GORGEOUS! 😍 Who's seen them?! http://t.co/yAQpRZjfeM,27/10/2014 02:54,5.26568E+17,en,2206,1308,2014-10-27 02:54:00,2014-10-27,2014-10,2014,2,Monday,A little birdie told me there are new @IntimateBritney arrivals... and they're GORGEOUS! 😍 Who's seen them?! http://t.co/yAQpRZjfeM,t00035
arianagrande,"alright forreal this time... sweet dreams, babes. I love you. 💞",16/07/2015 07:13,6.21578E+17,en,26275,13933,2015-07-16 07:13:00,2015-07-16,2015-07,2015,7,Thursday,"alright forreal this time... sweet dreams, babes. I love you. 💞",t00036
jtimberlake,"#PLAYITLOUD: ""Love Never Felt So Good"" duet version @michaeljackson #MJandJT #MJXSCAPE http://t.co/XtgwKcGHro",02/05/2014 04:54,4.62093E+17,en,2999,2811,2014-05-02 04:54:00,2014-05-02,2014-05,2014,4,Friday,"#PLAYITLOUD: ""Love Never Felt So Good"" duet version @michaeljackson #MJandJT #MJXSCAPE http://t.co/XtgwKcGHro",t00037
shakira,RT @ShakiraMedia  RETWEET to #VoiceSave Tess!,30/04/2014 00:55,4.61308E+17,en,645,3730,2014-04-30 00:55:00,2014-04-30,2014-04,2014,0,Wednesday,RT @ShakiraMedia RETWEET to #VoiceSave Tess!,t00038
britneyspears,@ugxly That's amazing! #BritneyJeanOutNow,03/12/2013 18:53,4.07946E+17,en,99,64,2013-12-03 18:53:00,2013-12-03,2013-12,2013,18,Tuesday,@ugxly That's amazing! #BritneyJeanOutNow,t00039
arianagrande,"i love you, i do",10/11/2015 18:02,6.64141E+17,en,42353,29361,2015-11-10 18:02:00,2015-11-10,2015-11,2015,18,Tuesday,"i love you, i do",t00040
ddlovato,"Meet @devonnebydemi’s newest product, Acne Rescue Treatment! I’ve been using it every day 😊 https://t.co/LdAbm0nsSu
https://t.co/1inO7Ang1S",15/06/2016 16:42,7.43121E+17,en,15297,6937,2016-06-15 16:42:00,2016-06-15,2016-06,2016,16,Wednesday,"Meet @devonnebydemi’s newest product, Acne Rescue Treatment! I’ve been using it every day 😊 https://t.co/LdAbm0nsSu https://t.co/1inO7Ang1S",t00041
britneyspears,My new fragrance Private Show just got a spot on the small screen ✨#TakeABow https://t.co/1kZEkCXpX9,13/07/2016 20:07,7.5332E+17,en,14579,6585,2016-07-13 20:07:00,2016-07-13,2016-07,2016,20,Wednesday,My new fragrance Private Show just got a spot on the small screen ✨#TakeABow https://t.co/1kZEkCXpX9,t00042
selenagomez,Thank you! This next record will be my perspective on the past two years. From kindness to pain. This is me.  https://t.co/UfuQv6QlKO,22/06/2015 19:45,6.1307E+17,en,14934,11188,2015-06-22 19:45:00,2015-06-22,2015-06,2015,19,Monday,Thank you! This next record will be my perspective on the past two years. From kindness to pain. This is me. https://t.co/UfuQv6QlKO,t00043
katyperry,👀 “@KatySlaysUrFav: @katyperry omg please just tweet me before I cry and eat my body weight in nutella”,30/09/2013 12:50,3.84661E+17,en,1311,1489,2013-09-30 12:50:00,2013-09-30,2013-09,2013,12,Monday,👀 “@KatySlaysUrFav: @katyperry omg please just tweet me before I cry and eat my body weight in nutella”,t00044
barackobama,"Congratulations to Loretta Lynch, who was sworn in as U.S. attorney general today, the first African-American woman to hold the post.",27/04/2015 16:30,5.92728E+17,en,7829,5444,2015-04-27 16:30:00,2015-04-27,2015-04,2015,16,Monday,"Congratulations to Loretta Lynch, who was sworn in as U.S. attorney general today, the first African-American woman to hold the post.",t00045
barackobama,"""In America, a hard day's work deserves a fair day's pay."" —President Obama",02/07/2015 19:13,6.16686E+17,en,2394,1043,2015-07-02 19:13:00,2015-07-02,2015-07,2015,19,Thursday,"""In America, a hard day's work deserves a fair day's pay."" —President Obama",t00046
kimkardashian,my son ❤ https://t.co/YJq352YzoA,04/01/2017 17:56,8.16705E+17,en,238133,51192,2017-01-04 17:56:00,2017-01-04,2017-01,2017,17,Wednesday,my son ❤ https://t.co/YJq352YzoA,t00047
cristiano,Say hello to Himanshu Yadav and all my friends from #India. I will come shortly with more news. http://t.co/60xEW67c,02/11/2012 20:15,2.64461E+17,en,566,903,2012-11-02 20:15:00,2012-11-02,2012-11,2012,20,Friday,Say hello to Himanshu Yadav and all my friends from #India. I will come shortly with more news. http://t.co/60xEW67c,t00048
shakira,Thanks! So pleased you like it. Shak RT @PacifictoPark Absolutely obsessed with the new @shakira album #Empire #TheOneThing,01/04/2014 23:04,4.51133E+17,en,594,312,2014-04-01 23:04:00,2014-04-01,2014-04,2014,23,Tuesday,Thanks! So pleased you like it. Shak RT @PacifictoPark Absolutely obsessed with the new @shakira album #Empire #TheOneThing,t00049
britneyspears,".@ETonlineAlert @meetscottyb Broccoli casserole, butter beans and cornbread!",27/11/2013 00:01,4.05486E+17,en,483,350,2013-11-27 00:01:00,2013-11-27,2013-11,2013,0,Wednesday,".@ETonlineAlert @meetscottyb Broccoli casserole, butter beans and cornbread!",t00050
theellenshow,Do u know someone who could use a little extra love this holiday season? I wanna hear about them #BeKindToOneAnother https://t.co/b1kvadCkXU,18/10/2016 00:50,7.8818E+17,en,3186,613,2016-10-18 00:50:00,2016-10-18,2016-10,2016,0,Tuesday,Do u know someone who could use a little extra love this holiday season? I wanna hear about them #BeKindToOneAnother https://t.co/b1kvadCkXU,t00051
cnnbrk,"Church collapse kills as many as 50 people in Nigeria, officials say. https://t.co/e4pvXwhLvD",10/12/2016 19:55,8.07675E+17,en,348,599,2016-12-10 19:55:00,2016-12-10,2016-12,2016,19,Saturday,"Church collapse kills as many as 50 people in Nigeria, officials say. https://t.co/e4pvXwhLvD",t00052
ladygaga,Goodnight monsters. I can't wait for you to see the @HSN special 2morrow. It's a very personal look into the recording process #CheekToCheek,12/09/2014 20:53,5.10532E+17,en,4075,2626,2014-09-12 20:53:00,2014-09-12,2014-09,2014,20,Friday,Goodnight monsters. I can't wait for you to see the @HSN special 2morrow. It's a very personal look into the recording process #CheekToCheek,t00053
selenagomez,"Check out the Premium ""Stars Dance"" Pre-Order Package: http://t.co/FGxTE1VXe0",04/06/2013 19:39,3.42003E+17,en,5931,9425,2013-06-04 19:39:00,2013-06-04,2013-06,2013,19,Tuesday,"Check out the Premium ""Stars Dance"" Pre-Order Package: http://t.co/FGxTE1VXe0",t00054
selenagomez,@Betsy_Smith aw glad I could make a little difference. Say hi to the little for me. God Bless.,12/08/2011 02:56,1.0185E+17,en,283,774,2011-08-12 02:56:00,2011-08-12,2011-08,2011,2,Friday,@Betsy_Smith aw glad I could make a little difference. Say hi to the little for me. God Bless.,t00055
britneyspears,@_FranPorto Cute!! Xo,02/07/2014 01:10,4.84142E+17,en,777,629,2014-07-02 01:10:00,2014-07-02,2014-07,2014,1,Wednesday,@_FranPorto Cute!! Xo,t00056
ladygaga,. @formichetti #fuckfashion #NYFW attending @Brandonmaxwell 🚬👠 http://t.co/13KEkgNoKH,15/09/2015 03:24,6.43626E+17,en,8520,4364,2015-09-15 03:24:00,2015-09-15,2015-09,2015,3,Tuesday,. @formichetti #fuckfashion #NYFW attending @Brandonmaxwell 🚬👠 http://t.co/13KEkgNoKH,t00057
theellenshow,"Wanna have a little fun today? Play “Have a Little Fun Today” casino game in the DoubleDown app, &amp; you surely will. https://t.co/oKWB8FGuAS",09/06/2016 20:07,7.40999E+17,en,1390,171,2016-06-09 20:07:00,2016-06-09,2016-06,2016,20,Thursday,"Wanna have a little fun today? Play “Have a Little Fun Today” casino game in the DoubleDown app, & you surely will. https://t.co/oKWB8FGuAS",t00058
shakira,#TBT That time in Dec 2009 when we helped four fans achieve their dream of seeing Shakira perform... https://t.co/JWSgxILZ8b ShakHQ,10/12/2015 19:40,6.75037E+17,en,1049,335,2015-12-10 19:40:00,2015-12-10,2015-12,2015,19,Thursday,#TBT That time in Dec 2009 when we helped four fans achieve their dream of seeing Shakira perform... https://t.co/JWSgxILZ8b ShakHQ,t00059
britneyspears,And PS… you can @Shazam my performance tonight to win 2 tickets to #PieceOfMe in Vegas!,22/05/2016 18:28,7.34451E+17,en,4701,1606,2016-05-22 18:28:00,2016-05-22,2016-05,2016,18,Sunday,And PS… you can @Shazam my performance tonight to win 2 tickets to #PieceOfMe in Vegas!,t00060
instagram,"Happy Independence Day, Argentina! 🇦🇷  https://t.co/0Jk0zT6vbB",09/07/2016 18:15,7.51842E+17,en,1249,485,2016-07-09 18:15:00,2016-07-09,2016-07,2016,18,Saturday,"Happy Independence Day, Argentina! 🇦🇷 https://t.co/0Jk0zT6vbB",t00061
britneyspears,"@Purple_Dianna Yes u do, thanks sweetie!",22/11/2012 03:26,2.71455E+17,en,39,66,2012-11-22 03:26:00,2012-11-22,2012-11,2012,3,Thursday,"@Purple_Dianna Yes u do, thanks sweetie!",t00062
barackobama,The kind of obstruction we're seeing from Senate leaders is unprecedented. #DoYourJob https://t.co/W4TbswBwvS,22/06/2016 17:31,7.4567E+17,en,13139,4729,2016-06-22 17:31:00,2016-06-22,2016-06,2016,17,Wednesday,The kind of obstruction we're seeing from Senate leaders is unprecedented. #DoYourJob https://t.co/W4TbswBwvS,t00063
theellenshow,.@JTimberlake and @JessicaBiel had a baby! Silas Randall Timberlake is here! I also hear he's hosting SNL tonight.,11/04/2015 16:57,5.86936E+17,en,7808,2553,2015-04-11 16:57:00,2015-04-11,2015-04,2015,16,Saturday,.@JTimberlake and @JessicaBiel had a baby! Silas Randall Timberlake is here! I also hear he's hosting SNL tonight.,t00064
theellenshow,A surprise guest played Pie Face w/ @MarioLopezExtra. Give ya a hint—It's not Kelly Kapowski https://t.co/uzNG2XbAMj https://t.co/e3rqCo3tKu,29/04/2016 20:28,7.26146E+17,en,2049,260,2016-04-29 20:28:00,2016-04-29,2016-04,2016,20,Friday,A surprise guest played Pie Face w/ @MarioLopezExtra. Give ya a hint—It's not Kelly Kapowski https://t.co/uzNG2XbAMj https://t.co/e3rqCo3tKu,t00065
justinbieber,Thank you Seattle #PurposeTour https://t.co/fjp7r5oRTy,10/03/2016 08:06,7.0784E+17,en,177903,106565,2016-03-10 08:06:00,2016-03-10,2016-03,2016,8,Thursday,Thank you Seattle #PurposeTour https://t.co/fjp7r5oRTy,t00066
barackobama,One last birthday as Organizer-in-Chief. Help make it a good one—sign the card now: https://t.co/B5SHzEgogW https://t.co/5CDfypnatQ,04/08/2016 14:24,7.61206E+17,en,10362,2144,2016-08-04 14:24:00,2016-08-04,2016-08,2016,14,Thursday,One last birthday as Organizer-in-Chief. Help make it a good one—sign the card now: https://t.co/B5SHzEgogW https://t.co/5CDfypnatQ,t00067
ddlovato,"In honor of our former escapades, I thought you'd like this to remember your first blaze.. Happy #420… https://t.co/D6p3RMzhJj",20/04/2015 08:55,5.90076E+17,en,20205,14450,2015-04-20 08:55:00,2015-04-20,2015-04,2015,8,Monday,"In honor of our former escapades, I thought you'd like this to remember your first blaze.. Happy #420… https://t.co/D6p3RMzhJj",t00068
arianagrande,hello,16/10/2015 21:47,6.55138E+17,en,32927,18237,2015-10-16 21:47:00,2015-10-16,2015-10,2015,21,Friday,hello,t00069
kimkardashian,5 WEDDING STYLE RULES I LOVE TO BREAK https://t.co/NstXkpFHi8,19/07/2016 19:47,7.55489E+17,en,3992,552,2016-07-19 19:47:00,2016-07-19,2016-07,2016,19,Tuesday,5 WEDDING STYLE RULES I LOVE TO BREAK https://t.co/NstXkpFHi8,t00070
justinbieber,#Company remix @TheKnocks. They are coming with me to Canada on the #PurposeTour https://t.co/dzJt5karYg,07/04/2016 14:49,7.18088E+17,en,73260,43156,2016-04-07 14:49:00,2016-04-07,2016-04,2016,14,Thursday,#Company remix @TheKnocks. They are coming with me to Canada on the #PurposeTour https://t.co/dzJt5karYg,t00071
ddlovato,@PaigeVanzantUFC so nice meeting you!! 💗,06/06/2016 04:42,7.39679E+17,en,4689,2353,2016-06-06 04:42:00,2016-06-06,2016-06,2016,4,Monday,@PaigeVanzantUFC so nice meeting you!! 💗,t00072
jtimberlake,San Antonio &amp; @theTNKids... Get ready to ruuuummmble!!!!!!! http://t.co/lQX6SlYOFR,05/08/2014 17:45,4.96714E+17,en,2363,1068,2014-08-05 17:45:00,2014-08-05,2014-08,2014,17,Tuesday,San Antonio & @theTNKids... Get ready to ruuuummmble!!!!!!! http://t.co/lQX6SlYOFR,t00073
ddlovato,"Hi, I'm literally 2 ft. tall...... #littlejoey #Australia #COOLFORTHESUMMER https://t.co/tnznvQuW4f",11/08/2015 09:43,6.31038E+17,en,10762,6728,2015-08-11 09:43:00,2015-08-11,2015-08,2015,9,Tuesday,"Hi, I'm literally 2 ft. tall...... #littlejoey #Australia #COOLFORTHESUMMER https://t.co/tnznvQuW4f",t00074
katyperry,@thedutchass untrue,29/07/2016 10:03,7.58966E+17,en,3042,857,2016-07-29 10:03:00,2016-07-29,2016-07,2016,10,Friday,@thedutchass untrue,t00075
selenagomez,Interview Selena. http://bit.ly/ba2vW2 #interviewselena,15/09/2010 00:46,24524478635,en,192,633,2010-09-15 00:46:00,2010-09-15,2010-09,2010,0,Wednesday,Interview Selena. http://bit.ly/ba2vW2 #interviewselena,t00076
rihanna,"“@Faiz_Fenty: u had snakes on u, but they scare u?” Go figure! They fly around way too fast for me! Im dead ass in Leandra n Noella room now",28/10/2013 09:46,3.94762E+17,en,1171,1299,2013-10-28 09:46:00,2013-10-28,2013-10,2013,9,Monday,"“@Faiz_Fenty: u had snakes on u, but they scare u?” Go figure! They fly around way too fast for me! Im dead ass in Leandra n Noella room now",t00077
shakira,Exclusive film of the recording of Shak's new album added to her mobile app iPhone http://t.co/DfqZibjeu9 Android http://t.co/zPkLTg1WS6 SHQ,26/08/2014 18:59,5.04342E+17,en,871,512,2014-08-26 18:59:00,2014-08-26,2014-08,2014,18,Tuesday,Exclusive film of the recording of Shak's new album added to her mobile app iPhone http://t.co/DfqZibjeu9 Android http://t.co/zPkLTg1WS6 SHQ,t00078
justinbieber,My Beliebers still got it lol second show added for Staples on Friday https://t.co/5qyd2nYmbf,10/11/2015 19:11,6.64158E+17,en,52212,42401,2015-11-10 19:11:00,2015-11-10,2015-11,2015,19,Tuesday,My Beliebers still got it lol second show added for Staples on Friday https://t.co/5qyd2nYmbf,t00079
katyperry,...the first 💯 pre-orders get a Perry Panther lipstick signed by me!,15/04/2016 18:33,7.21044E+17,en,13911,5134,2016-04-15 18:33:00,2016-04-15,2016-04,2016,18,Friday,...the first 💯 pre-orders get a Perry Panther lipstick signed by me!,t00080
barackobama,"""America is about giving everybody willing to work a chance."" —President Obama #SOTU",13/01/2016 02:34,6.871E+17,en,2368,1256,2016-01-13 02:34:00,2016-01-13,2016-01,2016,2,Wednesday,"""America is about giving everybody willing to work a chance."" —President Obama #SOTU",t00081
cnnbrk,Obamacare critic Tom Price is Trump's pick for health secretary. https://t.co/d3NeU4Hcob https://t.co/0IttYJcoHX,29/11/2016 12:12,8.03572E+17,en,348,197,2016-11-29 12:12:00,2016-11-29,2016-11,2016,12,Tuesday,Obamacare critic Tom Price is Trump's pick for health secretary. https://t.co/d3NeU4Hcob https://t.co/0IttYJcoHX,t00082
instagram,Dream-inspired fairy tales with @ancienthearts https://t.co/wSgosS5174 https://t.co/ZAp0HuJFUM,29/10/2015 20:54,6.59836E+17,en,1963,481,2015-10-29 20:54:00,2015-10-29,2015-10,2015,20,Thursday,Dream-inspired fairy tales with @ancienthearts https://t.co/wSgosS5174 https://t.co/ZAp0HuJFUM,t00083
selenagomez,Listen to my @SaturdayOnline interview with @OnAirRomeo tonight at 8:30pET. + request Good For You #SelenaOnSNOL http://t.co/ixQ3ajf7xO,22/08/2015 23:00,6.35225E+17,en,16062,10105,2015-08-22 23:00:00,2015-08-22,2015-08,2015,23,Saturday,Listen to my @SaturdayOnline interview with @OnAirRomeo tonight at 8:30pET. + request Good For You #SelenaOnSNOL http://t.co/ixQ3ajf7xO,t00084
kimkardashian,Just finished a great workout!,11/06/2015 17:30,6.0905E+17,en,5008,883,2015-06-11 17:30:00,2015-06-11,2015-06,2015,17,Thursday,Just finished a great workout!,t00085
arianagrande,@salutesgrande on my way,16/10/2016 19:55,7.87744E+17,en,6543,1837,2016-10-16 19:55:00,2016-10-16,2016-10,2016,19,Sunday,@salutesgrande on my way,t00086
youtube,"""Heyyyy Michelle!"" @POTUS and @FLOTUS celebrate #BlackHistoryMonth at the White House. https://t.co/vmshHw2Fkk https://t.co/uBbhlvXHdy",19/02/2016 23:32,7.00825E+17,en,1402,273,2016-02-19 23:32:00,2016-02-19,2016-02,2016,23,Friday,"""Heyyyy Michelle!"" @POTUS and @FLOTUS celebrate #BlackHistoryMonth at the White House. https://t.co/vmshHw2Fkk https://t.co/uBbhlvXHdy",t00087
twitter,"Glad we get to ""See You Again"" and again on Twitter! Thanks, @wizkhalifa. #LoveTwitter https://t.co/qfjDM8Tm0k",21/03/2016 13:40,7.1191E+17,en,1013,280,2016-03-21 13:40:00,2016-03-21,2016-03,2016,13,Monday,"Glad we get to ""See You Again"" and again on Twitter! Thanks, @wizkhalifa. #LoveTwitter https://t.co/qfjDM8Tm0k",t00088
katyperry,1 hour 'till showtime! With my ladies @iconapop and @iggyazalea kicking things off at #iTunesFestival! DON'T MISS IT! http://t.co/U4HASUNAFx,30/09/2013 17:30,3.84732E+17,en,2074,2551,2013-09-30 17:30:00,2013-09-30,2013-09,2013,17,Monday,1 hour 'till showtime! With my ladies @iconapop and @iggyazalea kicking things off at #iTunesFestival! DON'T MISS IT! http://t.co/U4HASUNAFx,t00089
ladygaga,"A best friend for many years is fighting stage4 breast, brain &amp; lung cancer. If u could #PrayForSonja #ThinkOfSonja https://t.co/pTgZxcnqYp",02/08/2016 20:06,7.60568E+17,en,33960,8917,2016-08-02 20:06:00,2016-08-02,2016-08,2016,20,Tuesday,"A best friend for many years is fighting stage4 breast, brain & lung cancer. If u could #PrayForSonja #ThinkOfSonja https://t.co/pTgZxcnqYp",t00090
jimmyfallon,Preview of our show tonight: https://t.co/6WH6K683OG #FallonTonight,06/01/2016 02:17,6.84559E+17,en,1456,352,2016-01-06 02:17:00,2016-01-06,2016-01,2016,2,Wednesday,Preview of our show tonight: https://t.co/6WH6K683OG #FallonTonight,t00091
ddlovato,Buddy loves his #DevonneByDemi products.... Do you?!!!? 😝😍💕 http://t.co/7VOLfgi9xp http://t.co/otFqCG8SXE,19/01/2015 21:16,5.57286E+17,en,14839,9925,2015-01-19 21:16:00,2015-01-19,2015-01,2015,21,Monday,Buddy loves his #DevonneByDemi products.... Do you?!!!? 😝😍💕 http://t.co/7VOLfgi9xp http://t.co/otFqCG8SXE,t00092
shakira,Video: @natalia.rincontorres on Instagram #LaBicicletaKids 🚲 ShakHQ @carlosvives https://t.co/6CF9exERbm,10/08/2016 22:35,7.63504E+17,en,3201,431,2016-08-10 22:35:00,2016-08-10,2016-08,2016,22,Wednesday,Video: @natalia.rincontorres on Instagram #LaBicicletaKids 🚲 ShakHQ @carlosvives https://t.co/6CF9exERbm,t00093
arianagrande,this is crazy. #IntoYou X #OneInAMillion S/o to Shinji the 7th! thank you!  ♡ ♩ ☾ https://t.co/UOHcR14VEH,12/07/2016 00:48,7.52666E+17,en,29493,10676,2016-07-12 00:48:00,2016-07-12,2016-07,2016,0,Tuesday,this is crazy. #IntoYou X #OneInAMillion S/o to Shinji the 7th! thank you! ♡ ♩ ☾ https://t.co/UOHcR14VEH,t00094
instagram,“Fatherhood is a miracle and an honor. To be loved and greeted with gratitude from your child for this gift is fulfilling.” —@BennyHarlem,19/06/2016 19:38,7.44615E+17,en,723,300,2016-06-19 19:38:00,2016-06-19,2016-06,2016,19,Sunday,“Fatherhood is a miracle and an honor. To be loved and greeted with gratitude from your child for this gift is fulfilling.” —@BennyHarlem,t00095
theellenshow,You got it. Feel free to keep winning.  https://t.co/l3GwkOOV17,05/10/2015 17:21,6.51085E+17,en,1955,385,2015-10-05 17:21:00,2015-10-05,2015-10,2015,17,Monday,You got it. Feel free to keep winning. https://t.co/l3GwkOOV17,t00096
youtube,And to your left you’ll see a dwarf planet named Ceres. https://t.co/Qpi7UZe0sw https://t.co/iOHcsPN6V5,02/02/2016 22:00,6.94641E+17,en,1135,192,2016-02-02 22:00:00,2016-02-02,2016-02,2016,22,Tuesday,And to your left you’ll see a dwarf planet named Ceres. https://t.co/Qpi7UZe0sw https://t.co/iOHcsPN6V5,t00097
britneyspears,Congratulations to all the new graduates out there! xoxo http://t.co/lFhYu8qpfQ,07/06/2013 17:02,3.4305E+17,en,3847,3186,2013-06-07 17:02:00,2013-06-07,2013-06,2013,17,Friday,Congratulations to all the new graduates out there! xoxo http://t.co/lFhYu8qpfQ,t00098
youtube,It’s time to flip #NationalPancakeDay on its head. https://t.co/dMikYESOII https://t.co/wj9Mwat8Hb,26/09/2016 22:18,7.80532E+17,en,696,98,2016-09-26 22:18:00,2016-09-26,2016-09,2016,22,Monday,It’s time to flip #NationalPancakeDay on its head. https://t.co/dMikYESOII https://t.co/wj9Mwat8Hb,t00099
ladygaga,I just told @nbcwashington who I think is winning. Cast your vote now! #Debates #NBC4DC https://t.co/WU0xmfEzPR,10/10/2016 02:27,7.85306E+17,en,4382,1466,2016-10-10 02:27:00,2016-10-10,2016-10,2016,2,Monday,I just told @nbcwashington who I think is winning. Cast your vote now! #Debates #NBC4DC https://t.co/WU0xmfEzPR,t00100
kimkardashian,UGLY CRY https://t.co/PRZek2KPPE https://t.co/oLCkwumu6r,09/02/2016 21:30,6.97171E+17,en,6732,1848,2016-02-09 21:30:00,2016-02-09,2016-02,2016,21,Tuesday,UGLY CRY https://t.co/PRZek2KPPE https://t.co/oLCkwumu6r,t00101
jimmyfallon,My adventure begins! I have arrived in one of my favorite cities - Boston. #HarvardLampoon,24/10/2015 18:25,6.57986E+17,en,3526,562,2015-10-24 18:25:00,2015-10-24,2015-10,2015,18,Saturday,My adventure begins! I have arrived in one of my favorite cities - Boston. #HarvardLampoon,t00102
katyperry,In celebration of tomorrow's PRISMATIC WORLD TOUR PRESALE may I exclusively present a SNEAK PEEK of my custom STAGE: http://t.co/meZ5lGFILH,20/01/2014 22:09,4.2539E+17,en,15154,9467,2014-01-20 22:09:00,2014-01-20,2014-01,2014,22,Monday,In celebration of tomorrow's PRISMATIC WORLD TOUR PRESALE may I exclusively present a SNEAK PEEK of my custom STAGE: http://t.co/meZ5lGFILH,t00103
cristiano,Here´s the top 15. #Celebrate15M,31/12/2012 16:57,2.85792E+17,en,279,499,2012-12-31 16:57:00,2012-12-31,2012-12,2012,16,Monday,Here´s the top 15. #Celebrate15M,t00104
jimmyfallon,"Tonight: Kid Theater returns w/@TomHanks! Plus @jes_chastain is here, @PTXofficial performs &amp; your #WhyDidISayThat tweets! #FallonTonight",15/10/2015 14:10,6.54661E+17,en,2049,495,2015-10-15 14:10:00,2015-10-15,2015-10,2015,14,Thursday,"Tonight: Kid Theater returns w/@TomHanks! Plus @jes_chastain is here, @PTXofficial performs & your #WhyDidISayThat tweets! #FallonTonight",t00105
ladygaga,Out now THIS WEEKEND! Based on true events #TheForest @theforestisreal Starring Natalie Dormer + @TaylorKinney111 https://t.co/uWcDBlNiYS,09/01/2016 22:45,6.85956E+17,en,8541,3357,2016-01-09 22:45:00,2016-01-09,2016-01,2016,22,Saturday,Out now THIS WEEKEND! Based on true events #TheForest @theforestisreal Starring Natalie Dormer + @TaylorKinney111 https://t.co/uWcDBlNiYS,t00106
instagram,"Colorful shadows, curves and reflections from @ARoSKunst #WHPlightandshadow https://t.co/VqCiLNq1Yz",13/04/2016 13:00,7.20235E+17,en,964,194,2016-04-13 13:00:00,2016-04-13,2016-04,2016,13,Wednesday,"Colorful shadows, curves and reflections from @ARoSKunst #WHPlightandshadow https://t.co/VqCiLNq1Yz",t00107
ddlovato,Jesus on Easter be like......... https://t.co/DkVTKsccly,30/03/2015 01:31,5.82354E+17,en,15069,9926,2015-03-30 01:31:00,2015-03-30,2015-03,2015,1,Monday,Jesus on Easter be like......... https://t.co/DkVTKsccly,t00108
cristiano,"Hey guys, today I've been filming. Have a nice weekend everyone. http://t.co/haEHznzI",15/02/2013 19:13,3.02496E+17,en,6084,5929,2013-02-15 19:13:00,2013-02-15,2013-02,2013,19,Friday,"Hey guys, today I've been filming. Have a nice weekend everyone. http://t.co/haEHznzI",t00109
ddlovato,Fuck trying to make music that will appeal to the masses for the sake of hit songs. It's time to share my lane... MY SOUND.. Because no one,08/02/2015 11:19,5.64383E+17,en,31167,21995,2015-02-08 11:19:00,2015-02-08,2015-02,2015,11,Sunday,Fuck trying to make music that will appeal to the masses for the sake of hit songs. It's time to share my lane... MY SOUND.. Because no one,t00110
katyperry,Thank you for boppin babe ❤️ https://t.co/akTvNaB4ZS,15/07/2016 04:48,7.53813E+17,en,9720,2976,2016-07-15 04:48:00,2016-07-15,2016-07,2016,4,Friday,Thank you for boppin babe ❤️ https://t.co/akTvNaB4ZS,t00111
instagram,Making the moon with Caroline Arnecke #MoonDay 🌕 https://t.co/xX8dUfGxny,20/07/2016 17:30,7.55817E+17,en,759,131,2016-07-20 17:30:00,2016-07-20,2016-07,2016,17,Wednesday,Making the moon with Caroline Arnecke #MoonDay 🌕 https://t.co/xX8dUfGxny,t00112
ladygaga,Watch me! #GagaOnXfactor singing my song #MillionReasons from my new album #Joanne 🇬🇧🎤 https://t.co/gb1XB3XGsD,04/12/2016 21:23,8.05523E+17,en,7644,3672,2016-12-04 21:23:00,2016-12-04,2016-12,2016,21,Sunday,Watch me! #GagaOnXfactor singing my song #MillionReasons from my new album #Joanne 🇬🇧🎤 https://t.co/gb1XB3XGsD,t00113
theellenshow,"Jack Black shook his groove thing for charity. It may never be the same. Thanks, Chideo! #LaughDancePartner https://t.co/0mIPHHyb71",27/01/2016 21:11,6.92455E+17,en,1892,258,2016-01-27 21:11:00,2016-01-27,2016-01,2016,21,Wednesday,"Jack Black shook his groove thing for charity. It may never be the same. Thanks, Chideo! #LaughDancePartner https://t.co/0mIPHHyb71",t00114
cristiano,Great win for @realmadrid against Granada last night. http://t.co/yfwgtyF11m,27/08/2013 09:48,3.72295E+17,en,3894,4924,2013-08-27 09:48:00,2013-08-27,2013-08,2013,9,Tuesday,Great win for @realmadrid against Granada last night. http://t.co/yfwgtyF11m,t00115
cristiano,@Ronaldolovers7 Hello. You too have a good day.,04/11/2013 13:01,3.97348E+17,en,272,133,2013-11-04 13:01:00,2013-11-04,2013-11,2013,13,Monday,@Ronaldolovers7 Hello. You too have a good day.,t00116
selenagomez,Collecting your questions throughout the day for #selenalivechat at 4pm PST. Be sure to #askselena with your questions. See ya soon. XOXO,03/06/2013 17:44,3.41611E+17,en,5723,9069,2013-06-03 17:44:00,2013-06-03,2013-06,2013,17,Monday,Collecting your questions throughout the day for #selenalivechat at 4pm PST. Be sure to #askselena with your questions. See ya soon. XOXO,t00117
taylorswift13,Dallas. Thank you for a memory I'll replay in my mind on rainy days. http://t.co/aIznwsRUbx,27/05/2013 04:42,3.38878E+17,en,19299,14683,2013-05-27 04:42:00,2013-05-27,2013-05,2013,4,Monday,Dallas. Thank you for a memory I'll replay in my mind on rainy days. http://t.co/aIznwsRUbx,t00118
theellenshow,This is hilarious. http://t.co/fBJjztfY4G,12/08/2015 23:41,6.31612E+17,en,1495,216,2015-08-12 23:41:00,2015-08-12,2015-08,2015,23,Wednesday,This is hilarious. http://t.co/fBJjztfY4G,t00119
theellenshow,What a wonderful day. https://t.co/NfiOS6ULUE,23/11/2016 05:47,8.01301E+17,en,12138,2007,2016-11-23 05:47:00,2016-11-23,2016-11,2016,5,Wednesday,What a wonderful day. https://t.co/NfiOS6ULUE,t00120
theellenshow,"Tonight is David @Letterman’s final show. What a wonderful, inspiring, hilarious, groundbreaking, amazing ride. #ThanksDave",21/05/2015 00:08,6.01178E+17,en,6230,1830,2015-05-21 00:08:00,2015-05-21,2015-05,2015,0,Thursday,"Tonight is David @Letterman’s final show. What a wonderful, inspiring, hilarious, groundbreaking, amazing ride. #ThanksDave",t00121
jimmyfallon,Promo for tonight’s show: http://t.co/BMpINBd4qD #LateNight,07/09/2013 01:52,3.76161E+17,en,212,145,2013-09-07 01:52:00,2013-09-07,2013-09,2013,1,Saturday,Promo for tonight’s show: http://t.co/BMpINBd4qD #LateNight,t00122
jimmyfallon,“@shainaviix: @jimmyfallon What about Night News Now? That was my favorite thing ever.” Ask @80miles he writes that type of stuff.,25/03/2014 18:30,4.48527E+17,en,255,26,2014-03-25 18:30:00,2014-03-25,2014-03,2014,18,Tuesday,“@shainaviix: @jimmyfallon What about Night News Now? That was my favorite thing ever.” Ask @80miles he writes that type of stuff.,t00123
britneyspears,@ItsTwitneyB1tch @RedCross @crowdrise Thank you so much David!,22/08/2016 20:40,7.67824E+17,en,379,104,2016-08-22 20:40:00,2016-08-22,2016-08,2016,20,Monday,@ItsTwitneyB1tch @RedCross @crowdrise Thank you so much David!,t00124
britneyspears,SO proud of @Diamondkwhite and @CarlyRoseMusic tonight... wow wow wow!,06/12/2012 03:20,2.76526E+17,en,740,1208,2012-12-06 03:20:00,2012-12-06,2012-12,2012,3,Thursday,SO proud of @Diamondkwhite and @CarlyRoseMusic tonight... wow wow wow!,t00125
cristiano,Olá!  I wanted to share some of my hobbies with you.  What are yours?... http://say.ly/TJS2Pn,23/07/2010 17:55,19357995056,en,123,302,2010-07-23 17:55:00,2010-07-23,2010-07,2010,17,Friday,Olá! I wanted to share some of my hobbies with you. What are yours?... http://say.ly/TJS2Pn,t00126
kimkardashian,Happy Birthday @khloekardashian !!!!! Come party with us in Kim Kardashian Hollywood! http://t.co/WinH85hpSN,27/06/2015 14:28,6.14802E+17,en,6788,1508,2015-06-27 14:28:00,2015-06-27,2015-06,2015,14,Saturday,Happy Birthday @khloekardashian !!!!! Come party with us in Kim Kardashian Hollywood! http://t.co/WinH85hpSN,t00127
ladygaga,"@itsbllaken I'll never leave your side either. Love, xoxo Joanne",06/10/2016 00:26,7.83826E+17,en,2192,701,2016-10-06 00:26:00,2016-10-06,2016-10,2016,0,Thursday,"@itsbllaken I'll never leave your side either. Love, xoxo Joanne",t00128
youtube,If “Surfing With The Stars” was a thing these two would win every time. https://t.co/yG2z378vaH https://t.co/IQe2rW7a6q,20/03/2016 18:00,7.11613E+17,en,1736,311,2016-03-20 18:00:00,2016-03-20,2016-03,2016,18,Sunday,If “Surfing With The Stars” was a thing these two would win every time. https://t.co/yG2z378vaH https://t.co/IQe2rW7a6q,t00129
justinbieber,@MartinGarrix don't sleep,30/09/2016 06:01,7.81736E+17,en,45129,22556,2016-09-30 06:01:00,2016-09-30,2016-09,2016,6,Friday,@MartinGarrix don't sleep,t00130
ladygaga,. @MsKathyBates I love you Kathy! Already an inspiring journey through the mind of Iris ❤️,08/10/2015 03:03,6.51956E+17,en,7482,3254,2015-10-08 03:03:00,2015-10-08,2015-10,2015,3,Thursday,. @MsKathyBates I love you Kathy! Already an inspiring journey through the mind of Iris ❤️,t00131
theellenshow,It turns out being a princess isn't as great as I thought. Don't miss @IamWandaSykes tomorrow! http://t.co/mElMSnwfiM,22/04/2015 02:29,5.90704E+17,en,1687,329,2015-04-22 02:29:00,2015-04-22,2015-04,2015,2,Wednesday,It turns out being a princess isn't as great as I thought. Don't miss @IamWandaSykes tomorrow! http://t.co/mElMSnwfiM,t00132
katyperry,Oy! Do me a favor &amp; check out my friend @jonlovett's new show 1600 Penn tonight at 9:30 on NBC because it's... funny! WHY ELSE?!,22/02/2013 00:41,3.04753E+17,en,1912,3163,2013-02-22 00:41:00,2013-02-22,2013-02,2013,0,Friday,Oy! Do me a favor & check out my friend @jonlovett's new show 1600 Penn tonight at 9:30 on NBC because it's... funny! WHY ELSE?!,t00133
jimmyfallon,Tonight on the show: @channingtatum and Eddie Redmayne are here! Plus @Logic301 performs with @TheRoots. #FallonTonight,12/11/2014 16:10,5.32566E+17,en,2529,929,2014-11-12 16:10:00,2014-11-12,2014-11,2014,16,Wednesday,Tonight on the show: @channingtatum and Eddie Redmayne are here! Plus @Logic301 performs with @TheRoots. #FallonTonight,t00134
instagram,"Creating bold, extravagant looks with makeup artist @ryburk https://t.co/ZNzxjwIdtt",26/10/2016 17:30,7.91331E+17,en,537,106,2016-10-26 17:30:00,2016-10-26,2016-10,2016,17,Wednesday,"Creating bold, extravagant looks with makeup artist @ryburk https://t.co/ZNzxjwIdtt",t00135
ladygaga,@BraveForGaga95 that's exactly right :),22/09/2016 01:10,7.78763E+17,en,2921,1002,2016-09-22 01:10:00,2016-09-22,2016-09,2016,1,Thursday,@BraveForGaga95 that's exactly right :),t00136
cristiano,You can also sign up using @GAMEbyRonaldo mobile apps. Download them at http://t.co/LgwDTXSqAv http://t.co/88vB7zMmRA Have fun!,04/04/2014 11:33,4.52046E+17,en,2470,1630,2014-04-04 11:33:00,2014-04-04,2014-04,2014,11,Friday,You can also sign up using @GAMEbyRonaldo mobile apps. Download them at http://t.co/LgwDTXSqAv http://t.co/88vB7zMmRA Have fun!,t00137
justinbieber,Europe. Pre-sale for the #PurposeWorldTour is now available on https://t.co/zW6vmksJaF. See u soon https://t.co/482JHkyIPM,11/12/2015 16:07,6.75346E+17,en,73988,46289,2015-12-11 16:07:00,2015-12-11,2015-12,2015,16,Friday,Europe. Pre-sale for the #PurposeWorldTour is now available on https://t.co/zW6vmksJaF. See u soon https://t.co/482JHkyIPM,t00138
rihanna,#STAGE48 tonight!!! Come and get jiggy wit @leleboo246 #movietypeshit http://t.co/1Wxuqf4KDo,22/08/2013 22:53,3.7068E+17,en,696,851,2013-08-22 22:53:00,2013-08-22,2013-08,2013,22,Thursday,#STAGE48 tonight!!! Come and get jiggy wit @leleboo246 #movietypeshit http://t.co/1Wxuqf4KDo,t00139
jtimberlake,".@BluePhoenix1 Definitely a great couple of weeks in sports... NCAA, The Masters, MLB Opening Day... #themostwonderfultimeoftheyear",05/04/2012 16:57,1.87947E+17,en,24,91,2012-04-05 16:57:00,2012-04-05,2012-04,2012,16,Thursday,".@BluePhoenix1 Definitely a great couple of weeks in sports... NCAA, The Masters, MLB Opening Day... #themostwonderfultimeoftheyear",t00140
cnnbrk,The Cubs have evened the World Series at a game apiece. https://t.co/iJMP665O8G,27/10/2016 03:27,7.91481E+17,en,1283,377,2016-10-27 03:27:00,2016-10-27,2016-10,2016,3,Thursday,The Cubs have evened the World Series at a game apiece. https://t.co/iJMP665O8G,t00141
rihanna,God = Dat Nigga,03/11/2013 20:12,3.97094E+17,en,12158,18077,2013-11-03 20:12:00,2013-11-03,2013-11,2013,20,Sunday,God = Dat Nigga,t00142
ladygaga,".@0andoni0 I feel freer singing jazz, it's my roots. It's rebellious. The more rules u break the better u r at improvising. #AskTonyAndGaga",24/09/2014 16:29,5.14814E+17,en,2015,1086,2014-09-24 16:29:00,2014-09-24,2014-09,2014,16,Wednesday,".@0andoni0 I feel freer singing jazz, it's my roots. It's rebellious. The more rules u break the better u r at improvising. #AskTonyAndGaga",t00143
arianagrande,love u babe https://t.co/ky6kPtB0Tc,10/08/2015 03:19,6.30579E+17,en,17361,6251,2015-08-10 03:19:00,2015-08-10,2015-08,2015,3,Monday,love u babe https://t.co/ky6kPtB0Tc,t00144
theellenshow,The only thing scary about this costume is how adorable it is. https://t.co/mPjjONy92H,27/10/2016 23:41,7.91787E+17,en,13357,2652,2016-10-27 23:41:00,2016-10-27,2016-10,2016,23,Thursday,The only thing scary about this costume is how adorable it is. https://t.co/mPjjONy92H,t00145
ddlovato,You're so sweet @ThisIsRobThomas!! Hope you're well!!,25/11/2015 21:36,6.69631E+17,en,10229,5012,2015-11-25 21:36:00,2015-11-25,2015-11,2015,21,Wednesday,You're so sweet @ThisIsRobThomas!! Hope you're well!!,t00146
jimmyfallon,Tonight: Kristen Stewart &amp; Artie Lange (@artiequitter) are here! Plus @Jason_Aldean performs &amp; @Nas sits in with @TheRoots! #FallonTonight,07/10/2014 15:09,5.19505E+17,en,933,412,2014-10-07 15:09:00,2014-10-07,2014-10,2014,15,Tuesday,Tonight: Kristen Stewart & Artie Lange (@artiequitter) are here! Plus @Jason_Aldean performs & @Nas sits in with @TheRoots! #FallonTonight,t00147
jimmyfallon,Download new U2 song 'Invisible' for FREE now and $1 goes to support @RED's fight against AIDS.  http://t.co/hy2RagpfRf,02/02/2014 17:22,4.30028E+17,en,767,1419,2014-02-02 17:22:00,2014-02-02,2014-02,2014,17,Sunday,Download new U2 song 'Invisible' for FREE now and $1 goes to support @RED's fight against AIDS. http://t.co/hy2RagpfRf,t00148
theellenshow,I love scaring people. Especially in a museum. https://t.co/p9JRpLXvds,25/08/2015 22:58,6.36312E+17,en,8117,2284,2015-08-25 22:58:00,2015-08-25,2015-08,2015,22,Tuesday,I love scaring people. Especially in a museum. https://t.co/p9JRpLXvds,t00149
justinbieber,@MTV and they made mine,06/09/2015 14:12,6.40528E+17,en,28345,23377,2015-09-06 14:12:00,2015-09-06,2015-09,2015,14,Sunday,@MTV and they made mine,t00150
youtube,"@YouTube Sorry for the glitch with #TATINOF, guys! We’re working to resolve the Google Play issue now. Should be fixed soon ☺",05/10/2016 20:14,7.83762E+17,en,13536,2464,2016-10-05 20:14:00,2016-10-05,2016-10,2016,20,Wednesday,"@YouTube Sorry for the glitch with #TATINOF, guys! We’re working to resolve the Google Play issue now. Should be fixed soon ☺",t00151
cristiano,I have always wanted to be a football player. @Diana11_ @Cristiano what do you wanted to be when you were a little kid?,08/02/2011 17:30,3.50276E+16,en,62,131,2011-02-08 17:30:00,2011-02-08,2011-02,2011,17,Tuesday,I have always wanted to be a football player. @Diana11_ @Cristiano what do you wanted to be when you were a little kid?,t00152
theellenshow,Playing Bananagrams with Portia and she refuses to believe JZQYYOK is a word.,19/11/2015 18:47,6.67414E+17,en,4143,585,2015-11-19 18:47:00,2015-11-19,2015-11,2015,18,Thursday,Playing Bananagrams with Portia and she refuses to believe JZQYYOK is a word.,t00153
ddlovato,Now it's time for the gym with the one and only @mistercamacho.. LET'S DO THIS!!! #BeastMode 💪👊,05/04/2015 15:07,5.84734E+17,en,17407,10085,2015-04-05 15:07:00,2015-04-05,2015-04,2015,15,Sunday,Now it's time for the gym with the one and only @mistercamacho.. LET'S DO THIS!!! #BeastMode 💪👊,t00154
jtimberlake,“@AllisonCarries: Ordered the signature drink without even knowing it. #fresquila #901tequila Me and my crew call it a #PalmSprings Enjoy!!,13/08/2013 23:43,3.67431E+17,en,272,171,2013-08-13 23:43:00,2013-08-13,2013-08,2013,23,Tuesday,“@AllisonCarries: Ordered the signature drink without even knowing it. #fresquila #901tequila Me and my crew call it a #PalmSprings Enjoy!!,t00155
jimmyfallon,Playing The Whisper Challenge with the incredible Carol Burnett https://t.co/Ar7lBYsPSW #FallonTonight,14/09/2016 11:56,7.76027E+17,en,1595,256,2016-09-14 11:56:00,2016-09-14,2016-09,2016,11,Wednesday,Playing The Whisper Challenge with the incredible Carol Burnett https://t.co/Ar7lBYsPSW #FallonTonight,t00156
youtube,You won’t believe what @bradhall_shoes does in these YEEZY Season 3s. https://t.co/XVXAIVCBNj https://t.co/3k4rRg5Z1d,15/01/2017 18:00,8.20692E+17,en,865,98,2017-01-15 18:00:00,2017-01-15,2017-01,2017,18,Sunday,You won’t believe what @bradhall_shoes does in these YEEZY Season 3s. https://t.co/XVXAIVCBNj https://t.co/3k4rRg5Z1d,t00157
kimkardashian,should I post it? I think people would love to hear the voice notes u send me!  https://t.co/a6lO8pxL2k,23/06/2015 17:12,6.13394E+17,en,4464,825,2015-06-23 17:12:00,2015-06-23,2015-06,2015,17,Tuesday,should I post it? I think people would love to hear the voice notes u send me! https://t.co/a6lO8pxL2k,t00158
britneyspears,@ArissaAyala @IGGYAZALEA It was! We had so much fun 👯 #PrettyGirlsMusicVideo,13/05/2015 15:10,5.98506E+17,en,778,459,2015-05-13 15:10:00,2015-05-13,2015-05,2015,15,Wednesday,@ArissaAyala @IGGYAZALEA It was! We had so much fun 👯 #PrettyGirlsMusicVideo,t00159
twitter,"In the final three minutes of the Super Bowl tonight, there were an average of 10,000 Tweets per second.",06/02/2012 03:43,1.66366E+17,en,612,8541,2012-02-06 03:43:00,2012-02-06,2012-02,2012,3,Monday,"In the final three minutes of the Super Bowl tonight, there were an average of 10,000 Tweets per second.",t00160
arianagrande,i miss y'all https://t.co/BvhOF595rh,21/12/2016 19:12,8.11651E+17,en,17205,3992,2016-12-21 19:12:00,2016-12-21,2016-12,2016,19,Wednesday,i miss y'all https://t.co/BvhOF595rh,t00161
jimmyfallon,"And tonight we've got Stephen Colbert (@StephenAtHome), Keri Russell &amp; music from @broken_bells. Plus, #ThankYouNotes. #FallonTonight",07/03/2014 19:39,4.42022E+17,en,1087,315,2014-03-07 19:39:00,2014-03-07,2014-03,2014,19,Friday,"And tonight we've got Stephen Colbert (@StephenAtHome), Keri Russell & music from @broken_bells. Plus, #ThankYouNotes. #FallonTonight",t00162
instagram,An InstaMeet on a volcano that has us like 😱 #wwim13_lanzarote #LifeOnEarthWWIM13 https://t.co/VB10c3C0QG,24/04/2016 16:00,7.24267E+17,en,924,186,2016-04-24 16:00:00,2016-04-24,2016-04,2016,16,Sunday,An InstaMeet on a volcano that has us like 😱 #wwim13_lanzarote #LifeOnEarthWWIM13 https://t.co/VB10c3C0QG,t00163
selenagomez,"@DanceChampion thank you so much, I do have a facebook page.  Facebook.com/selena",10/03/2011 18:09,4.59092E+16,en,201,574,2011-03-10 18:09:00,2011-03-10,2011-03,2011,18,Thursday,"@DanceChampion thank you so much, I do have a facebook page. Facebook.com/selena",t00164
taylorswift13,"""..But I don't wanna dance if I'm not dancing with you."" http://t.co/aZUe2UFmMJ",31/03/2013 03:18,3.182E+17,en,25616,24036,2013-03-31 03:18:00,2013-03-31,2013-03,2013,3,Sunday,"""..But I don't wanna dance if I'm not dancing with you."" http://t.co/aZUe2UFmMJ",t00165
shakira,Watch @NBCTheVoice tonight at 8/7c. Then #VOTESASHA at http://t.co/sRNIUIvxiH &amp; make Shak do this again! http://t.co/6XoOLCmv1l ShakiraHQ,03/06/2013 21:14,3.41664E+17,en,202,231,2013-06-03 21:14:00,2013-06-03,2013-06,2013,21,Monday,Watch @NBCTheVoice tonight at 8/7c. Then #VOTESASHA at http://t.co/sRNIUIvxiH & make Shak do this again! http://t.co/6XoOLCmv1l ShakiraHQ,t00166
kimkardashian,The struggle is real! We cannot go out of the house like this!!! LOL http://t.co/OmkQ5fkgk0,04/07/2015 00:07,6.17122E+17,en,27852,7502,2015-07-04 00:07:00,2015-07-04,2015-07,2015,0,Saturday,The struggle is real! We cannot go out of the house like this!!! LOL http://t.co/OmkQ5fkgk0,t00167
kimkardashian,So happy I got to introduce my friend @britneyspears last night! I'm obsessed with #Glory. Go get the album! Let's #MakeBritneyNumberOne,30/08/2016 00:39,7.70421E+17,en,19348,6255,2016-08-30 00:39:00,2016-08-30,2016-08,2016,0,Tuesday,So happy I got to introduce my friend @britneyspears last night! I'm obsessed with #Glory. Go get the album! Let's #MakeBritneyNumberOne,t00168
jimmyfallon,"""Spotted in Birmingham last night http://t.co/Zga05aW4sT” Son? #WWE",15/04/2014 20:28,4.56167E+17,en,7279,2624,2014-04-15 20:28:00,2014-04-15,2014-04,2014,20,Tuesday,"""Spotted in Birmingham last night http://t.co/Zga05aW4sT” Son? #WWE",t00169
theellenshow,"First Adele, now Bieber. Lydia Lee is obviously working her way through the alphabet. https://t.co/IO5TkOLQQu",11/03/2016 00:26,7.08087E+17,en,2359,384,2016-03-11 00:26:00,2016-03-11,2016-03,2016,0,Friday,"First Adele, now Bieber. Lydia Lee is obviously working her way through the alphabet. https://t.co/IO5TkOLQQu",t00170
britneyspears,@AS_adurm U are lovely!!! Muah #PieceOfMeTickets,20/09/2013 17:18,3.81105E+17,en,124,111,2013-09-20 17:18:00,2013-09-20,2013-09,2013,17,Friday,@AS_adurm U are lovely!!! Muah #PieceOfMeTickets,t00171
barackobama,Take the pledge to help make a fundamental shift in our culture around sexual assault: http://t.co/ZtCVaiURjD #ItsOnUs,19/09/2014 18:05,5.13026E+17,en,843,604,2014-09-19 18:05:00,2014-09-19,2014-09,2014,18,Friday,Take the pledge to help make a fundamental shift in our culture around sexual assault: http://t.co/ZtCVaiURjD #ItsOnUs,t00172
arianagrande,i love you more more  https://t.co/AFxYwIsJ1M,29/03/2016 06:19,7.14699E+17,en,15097,4474,2016-03-29 06:19:00,2016-03-29,2016-03,2016,6,Tuesday,i love you more more https://t.co/AFxYwIsJ1M,t00173
instagram,Celebrating #WorldGiraffeDay with @MarieMcG23 https://t.co/pnS0zAMimn,21/06/2016 22:30,7.45383E+17,en,795,148,2016-06-21 22:30:00,2016-06-21,2016-06,2016,22,Tuesday,Celebrating #WorldGiraffeDay with @MarieMcG23 https://t.co/pnS0zAMimn,t00174
ladygaga,As the first drop of paint begins to transform the artist a lighting bolt strikes in his mind. A… https://t.co/FeJRqcvtmj,16/02/2016 19:19,6.99675E+17,en,5505,2436,2016-02-16 19:19:00,2016-02-16,2016-02,2016,19,Tuesday,As the first drop of paint begins to transform the artist a lighting bolt strikes in his mind. A… https://t.co/FeJRqcvtmj,t00175
cristiano,Many thanks. Please come watch when you visit. @YramNoaj Keep it up Cristiano! I hope to see your team play when i visit spain again!,27/01/2011 21:30,3.07394E+16,en,38,75,2011-01-27 21:30:00,2011-01-27,2011-01,2011,21,Thursday,Many thanks. Please come watch when you visit. @YramNoaj Keep it up Cristiano! I hope to see your team play when i visit spain again!,t00176
shakira,"""The human eye can encompass the beauty of the universe"" Leonardo Davinci http://t.co/WkXo7QYb",13/02/2012 16:33,1.69097E+17,en,331,616,2012-02-13 16:33:00,2012-02-13,2012-02,2012,16,Monday,"""The human eye can encompass the beauty of the universe"" Leonardo Davinci http://t.co/WkXo7QYb",t00177
kimkardashian,Live streaming in a sec! You guys are gonna die when you see my Christmas pressies!!!!,25/12/2015 17:02,6.80433E+17,en,5295,774,2015-12-25 17:02:00,2015-12-25,2015-12,2015,17,Friday,Live streaming in a sec! You guys are gonna die when you see my Christmas pressies!!!!,t00178
justinbieber,Today. #IllShowYou #PURPOSE https://t.co/ZWMJvhasht https://t.co/0ioROVgHTF,01/11/2015 16:48,6.60861E+17,en,74912,68131,2015-11-01 16:48:00,2015-11-01,2015-11,2015,16,Sunday,Today. #IllShowYou #PURPOSE https://t.co/ZWMJvhasht https://t.co/0ioROVgHTF,t00179
cristiano,Thank you! Hope you had a wonderful day. @Stefaniya @Cristiano Thank you! You are welcome to join us for a traditional family feast!,26/11/2010 19:00,8.23356E+15,en,31,61,2010-11-26 19:00:00,2010-11-26,2010-11,2010,19,Friday,Thank you! Hope you had a wonderful day. @Stefaniya @Cristiano Thank you! You are welcome to join us for a traditional family feast!,t00180
theellenshow,"If you love Heads Up!, I'm about to blow your mind. Check out my free new game, Psych! http://t.co/yCH5WcaUds  http://t.co/XYGbihkqlC",08/10/2015 18:04,6.52183E+17,en,808,205,2015-10-08 18:04:00,2015-10-08,2015-10,2015,18,Thursday,"If you love Heads Up!, I'm about to blow your mind. Check out my free new game, Psych! http://t.co/yCH5WcaUds http://t.co/XYGbihkqlC",t00181
selenagomez,@JonahHill is hilarious.  Tell us what you'd vote for and make our video. http://t.co/dmuDKZoI #Vote4stuff,01/10/2012 15:33,2.52793E+17,en,1356,2230,2012-10-01 15:33:00,2012-10-01,2012-10,2012,15,Monday,@JonahHill is hilarious. Tell us what you'd vote for and make our video. http://t.co/dmuDKZoI #Vote4stuff,t00182
selenagomez,"Had an amazing time shooting the cover of Harper's Bazaar, check out our video to go along with the article: http://t.co/J8kQFztuyS",15/03/2013 22:42,3.12695E+17,en,6047,7825,2013-03-15 22:42:00,2013-03-15,2013-03,2013,22,Friday,"Had an amazing time shooting the cover of Harper's Bazaar, check out our video to go along with the article: http://t.co/J8kQFztuyS",t00183
katyperry,BOSTON! Second show for you: August 2! Password RAINBOW http://t.co/QDNne2sJ6f,23/01/2014 15:50,4.26381E+17,en,2869,1829,2014-01-23 15:50:00,2014-01-23,2014-01,2014,15,Thursday,BOSTON! Second show for you: August 2! Password RAINBOW http://t.co/QDNne2sJ6f,t00184
theellenshow,.@BernieSanders knows how to get down. https://t.co/GKU1FaWnQR,15/10/2015 20:39,6.54759E+17,en,7004,3374,2015-10-15 20:39:00,2015-10-15,2015-10,2015,20,Thursday,.@BernieSanders knows how to get down. https://t.co/GKU1FaWnQR,t00185
theellenshow,"Renée Zellweger shared the new trailer for ""Bridget Jones's Baby”. I hope they name it Ellen. https://t.co/d4kh2NuVBz",23/03/2016 12:59,7.12625E+17,en,3721,750,2016-03-23 12:59:00,2016-03-23,2016-03,2016,12,Wednesday,"Renée Zellweger shared the new trailer for ""Bridget Jones's Baby”. I hope they name it Ellen. https://t.co/d4kh2NuVBz",t00186
youtube,@TheGabbieShow Sounds riveting. We'd watch.,28/04/2016 21:32,7.258E+17,en,139,16,2016-04-28 21:32:00,2016-04-28,2016-04,2016,21,Thursday,@TheGabbieShow Sounds riveting. We'd watch.,t00187
taylorswift13,It's not possible for her to be cuter or for this day to be more festive. haileesteinfeld http://t.co/jFewBESrD5,19/12/2013 22:03,4.13792E+17,en,7816,6583,2013-12-19 22:03:00,2013-12-19,2013-12,2013,22,Thursday,It's not possible for her to be cuter or for this day to be more festive. haileesteinfeld http://t.co/jFewBESrD5,t00188
theellenshow,Roll some breadcrumbs on her and she’s ready for the fryer. https://t.co/JwWUKxg2Dw,20/11/2015 00:40,6.67503E+17,en,6432,1000,2015-11-20 00:40:00,2015-11-20,2015-11,2015,0,Friday,Roll some breadcrumbs on her and she’s ready for the fryer. https://t.co/JwWUKxg2Dw,t00189
youtube,Dontcha wish your bearfriend was hot like her? https://t.co/FGlXKbRTCI https://t.co/Y3HOt2EpOn,14/11/2016 21:00,7.98269E+17,en,1102,238,2016-11-14 21:00:00,2016-11-14,2016-11,2016,21,Monday,Dontcha wish your bearfriend was hot like her? https://t.co/FGlXKbRTCI https://t.co/Y3HOt2EpOn,t00190
ladygaga,Haven't heard it yet? 'NATURE BOY' is streaming NOW: http://t.co/W1l8C9IZdV RT Pre-Order: http://t.co/zu4nMBCmZq  #7daysTillCheekToCheek 🎺🐾,16/09/2014 16:44,5.11919E+17,en,3450,2690,2014-09-16 16:44:00,2014-09-16,2014-09,2014,16,Tuesday,Haven't heard it yet? 'NATURE BOY' is streaming NOW: http://t.co/W1l8C9IZdV RT Pre-Order: http://t.co/zu4nMBCmZq #7daysTillCheekToCheek 🎺🐾,t00191
barackobama,The Supreme Court must remain above partisanship. Senate leaders: The time to fill the vacant seat is now. https://t.co/7mmbuXjsPO,13/09/2016 15:00,7.75711E+17,en,10215,3478,2016-09-13 15:00:00,2016-09-13,2016-09,2016,15,Tuesday,The Supreme Court must remain above partisanship. Senate leaders: The time to fill the vacant seat is now. https://t.co/7mmbuXjsPO,t00192
kimkardashian,FITTINGS- Givenchy X Yeezy X Anti Social Social Club https://t.co/aqjVtZ6c0o,13/02/2016 16:26,6.98544E+17,en,20537,7553,2016-02-13 16:26:00,2016-02-13,2016-02,2016,16,Saturday,FITTINGS- Givenchy X Yeezy X Anti Social Social Club https://t.co/aqjVtZ6c0o,t00193
theellenshow,Get @Chosen &amp; take the #CuterThanKidChallenge. It's the Olympics of cute pets. https://t.co/aQlOs8MrYz https://t.co/IUbXzaWYn9,19/04/2016 21:39,7.2254E+17,en,2890,373,2016-04-19 21:39:00,2016-04-19,2016-04,2016,21,Tuesday,Get @Chosen & take the #CuterThanKidChallenge. It's the Olympics of cute pets. https://t.co/aQlOs8MrYz https://t.co/IUbXzaWYn9,t00194
barackobama,"""That spirit of discovery is in our DNA. America is Thomas Edison and the Wright Brothers and George Washington Carver."" —President Obama",13/01/2016 02:38,6.87101E+17,en,2507,1078,2016-01-13 02:38:00,2016-01-13,2016-01,2016,2,Wednesday,"""That spirit of discovery is in our DNA. America is Thomas Edison and the Wright Brothers and George Washington Carver."" —President Obama",t00195
arianagrande,new song #LetMeLoveYou ft. @LilTunechi from my forthcoming album #DangerousWoman is out now —&gt; https://t.co/X1TBDlUe50,18/04/2016 03:09,7.21898E+17,en,39635,21937,2016-04-18 03:09:00,2016-04-18,2016-04,2016,3,Monday,new song #LetMeLoveYou ft. @LilTunechi from my forthcoming album #DangerousWoman is out now —> https://t.co/X1TBDlUe50,t00196
shakira,"This week, Shakira met with @HardRock to donate items from her personal closet to their collection. See pics… http://t.co/L0lwFDeYL6. ShakHQ",13/06/2013 16:43,3.4522E+17,en,215,243,2013-06-13 16:43:00,2013-06-13,2013-06,2013,16,Thursday,"This week, Shakira met with @HardRock to donate items from her personal closet to their collection. See pics… http://t.co/L0lwFDeYL6. ShakHQ",t00197
katyperry,"Sounds like you're stalking us 😜 @nic_kathryn: @katyperry saw the #PRISM truck twice in Kansas #roadtrip http://t.co/giWlPaRngF""",05/08/2013 07:13,3.64283E+17,en,2037,2081,2013-08-05 07:13:00,2013-08-05,2013-08,2013,7,Monday,"Sounds like you're stalking us 😜 @nic_kathryn: @katyperry saw the #PRISM truck twice in Kansas #roadtrip http://t.co/giWlPaRngF""",t00198
youtube,"You’re gonna flip for this one.

First female wheelchair backflip → https://t.co/JtYreYmX0s https://t.co/ISQCHRpaPh",18/01/2017 01:30,8.2153E+17,en,1431,305,2017-01-18 01:30:00,2017-01-18,2017-01,2017,1,Wednesday,You’re gonna flip for this one. First female wheelchair backflip → https://t.co/JtYreYmX0s https://t.co/ISQCHRpaPh,t00199
youtube,Might need a thousand more cowbells. https://t.co/GEHdsOrJ5n https://t.co/Q1nZbaLyUb,29/07/2016 22:00,7.59147E+17,en,834,122,2016-07-29 22:00:00,2016-07-29,2016-07,2016,22,Friday,Might need a thousand more cowbells. https://t.co/GEHdsOrJ5n https://t.co/Q1nZbaLyUb,t00200
cnnbrk,Senate passes waiver to allow retired Gen. James Mattis to serve as defense secretary. House will consider it Friday https://t.co/Ye46dublYm,12/01/2017 20:39,8.19645E+17,en,853,382,2017-01-12 20:39:00,2017-01-12,2017-01,2017,20,Thursday,Senate passes waiver to allow retired Gen. James Mattis to serve as defense secretary. House will consider it Friday https://t.co/Ye46dublYm,t00201
youtube,.@chairlifted’s @carolineplz belts it out from the #YouTubeMusic stage at #SXSW. https://t.co/lgANVqFjEX,21/03/2016 19:11,7.11994E+17,en,1036,109,2016-03-21 19:11:00,2016-03-21,2016-03,2016,19,Monday,.@chairlifted’s @carolineplz belts it out from the #YouTubeMusic stage at #SXSW. https://t.co/lgANVqFjEX,t00202
youtube,"With eyes that big, you can see straight to his soul. https://t.co/Y62mYMvsx5 https://t.co/bHQCpFWck7",03/08/2016 16:20,7.60873E+17,en,2183,499,2016-08-03 16:20:00,2016-08-03,2016-08,2016,16,Wednesday,"With eyes that big, you can see straight to his soul. https://t.co/Y62mYMvsx5 https://t.co/bHQCpFWck7",t00203
britneyspears,Can't believe the 1st show is almost here!!! #PieceOfMe http://t.co/66KyF0IKfb,27/12/2013 06:56,4.16463E+17,en,7799,5140,2013-12-27 06:56:00,2013-12-27,2013-12,2013,6,Friday,Can't believe the 1st show is almost here!!! #PieceOfMe http://t.co/66KyF0IKfb,t00204
theellenshow,Things got real with @OneDirection #NeverHaveIEver #1DonEllen https://t.co/Klj11mHoS2,18/11/2015 17:47,6.67036E+17,en,5353,2958,2015-11-18 17:47:00,2015-11-18,2015-11,2015,17,Wednesday,Things got real with @OneDirection #NeverHaveIEver #1DonEllen https://t.co/Klj11mHoS2,t00205
theellenshow,Did you hear about the circle who joined the Knights of the Round Table? They called him Sir Cumference. #ClassicJokeFriday,14/08/2015 21:09,6.32298E+17,en,5458,2197,2015-08-14 21:09:00,2015-08-14,2015-08,2015,21,Friday,Did you hear about the circle who joined the Knights of the Round Table? They called him Sir Cumference. #ClassicJokeFriday,t00206
rihanna,For my German boys http://t.co/cRzlNINBuf,13/07/2014 19:02,4.88398E+17,en,35847,29468,2014-07-13 19:02:00,2014-07-13,2014-07,2014,19,Sunday,For my German boys http://t.co/cRzlNINBuf,t00207
justinbieber,@NaughtyNiceRob best part of the show was the after show :),10/09/2015 19:19,6.42055E+17,en,19348,15526,2015-09-10 19:19:00,2015-09-10,2015-09,2015,19,Thursday,@NaughtyNiceRob best part of the show was the after show :),t00208
taylorswift13,"This week, @Amareisreal helped me make my first and probably last layup. 
Stoked about the @nyknicks game tonight! 
http://t.co/89ITZyU4cT",29/10/2014 22:49,5.27593E+17,en,9229,4946,2014-10-29 22:49:00,2014-10-29,2014-10,2014,22,Wednesday,"This week, @Amareisreal helped me make my first and probably last layup. Stoked about the @nyknicks game tonight! http://t.co/89ITZyU4cT",t00209
cnnbrk,"Rudy Giuliani pulls himself from consideration for a position in Donald Trump's administration, Trump says. https://t.co/jbWpuPwjG7",09/12/2016 21:39,8.07339E+17,en,1432,640,2016-12-09 21:39:00,2016-12-09,2016-12,2016,21,Friday,"Rudy Giuliani pulls himself from consideration for a position in Donald Trump's administration, Trump says. https://t.co/jbWpuPwjG7",t00210
selenagomez,take the rest of the day and try and get better for tomorrow.  So Sorry :(  Love you guys.,22/05/2013 13:55,3.37205E+17,en,9787,15914,2013-05-22 13:55:00,2013-05-22,2013-05,2013,13,Wednesday,take the rest of the day and try and get better for tomorrow. So Sorry :( Love you guys.,t00211
arianagrande,@arianasvibe 😂😩 I just want y'all to know what's real lmaooo! I really do love y'all so much. I miss talking to my babies all the time.,13/07/2016 02:12,7.5305E+17,en,9232,3174,2016-07-13 02:12:00,2016-07-13,2016-07,2016,2,Wednesday,@arianasvibe 😂😩 I just want y'all to know what's real lmaooo! I really do love y'all so much. I miss talking to my babies all the time.,t00212
barackobama,President Obama has taken unprecedented steps to protect our land and water for future generations. https://t.co/D5PNr4itC5,18/06/2016 15:31,7.44191E+17,en,21609,5318,2016-06-18 15:31:00,2016-06-18,2016-06,2016,15,Saturday,President Obama has taken unprecedented steps to protect our land and water for future generations. https://t.co/D5PNr4itC5,t00213
ladygaga,"""What do Judy Garland and Lady Gaga have in common?..they’re both bad bitches who don’t give a f**k what people think.” - thanku @girlsHBO !",13/01/2015 03:08,5.54837E+17,en,8802,5075,2015-01-13 03:08:00,2015-01-13,2015-01,2015,3,Tuesday,"""What do Judy Garland and Lady Gaga have in common?..they’re both bad bitches who don’t give a f**k what people think.” - thanku @girlsHBO !",t00214
arianagrande,on the first day of Christmas when u gave me all them kisses boy,08/12/2015 00:26,6.74022E+17,en,35116,18260,2015-12-08 00:26:00,2015-12-08,2015-12,2015,0,Tuesday,on the first day of Christmas when u gave me all them kisses boy,t00215
jtimberlake,.@JeremyV_ Wow!! Thanks!,09/05/2012 23:21,2.00365E+17,en,22,25,2012-05-09 23:21:00,2012-05-09,2012-05,2012,23,Wednesday,.@JeremyV_ Wow!! Thanks!,t00216
rihanna,@itsallDonn dat nigga recognized me in a wig bruh!!! Haa,22/05/2014 17:59,4.69538E+17,en,2381,1377,2014-05-22 17:59:00,2014-05-22,2014-05,2014,17,Thursday,@itsallDonn dat nigga recognized me in a wig bruh!!! Haa,t00217
britneyspears,Just got chill bumps watching that footage. Next time you see me on that stage it will be the real deal! #IAmBritneyJean,23/12/2013 04:00,4.14969E+17,en,2192,1278,2013-12-23 04:00:00,2013-12-23,2013-12,2013,4,Monday,Just got chill bumps watching that footage. Next time you see me on that stage it will be the real deal! #IAmBritneyJean,t00218
selenagomez,"@johnjayandrich
I'll see y'all December 2nd :D!!!",14/10/2011 05:41,1.24722E+17,en,235,718,2011-10-14 05:41:00,2011-10-14,2011-10,2011,5,Friday,@johnjayandrich I'll see y'all December 2nd :D!!!,t00219
kimkardashian,DASH DOLLS is on now west coast! Tune into E!,28/09/2015 04:01,6.48347E+17,en,2044,466,2015-09-28 04:01:00,2015-09-28,2015-09,2015,4,Monday,DASH DOLLS is on now west coast! Tune into E!,t00220
selenagomez,When does Nicole Scherzingers album come out? Don't Hold Your Breath is my jam :),24/08/2011 12:09,1.06337E+17,en,1088,3312,2011-08-24 12:09:00,2011-08-24,2011-08,2011,12,Wednesday,When does Nicole Scherzingers album come out? Don't Hold Your Breath is my jam :),t00221
theellenshow,Happy #PresidentsDay @BarackObama @POTUS https://t.co/l1Fz3tkUTV,15/02/2016 20:26,6.99329E+17,en,13737,2658,2016-02-15 20:26:00,2016-02-15,2016-02,2016,20,Monday,Happy #PresidentsDay @BarackObama @POTUS https://t.co/l1Fz3tkUTV,t00222
instagram,"One man’s trash = another man’s treasure. (This couldn't be truer for artist Artur Bordalo.)
https://t.co/qC2bVvwRtN",12/01/2017 23:30,8.19688E+17,en,747,180,2017-01-12 23:30:00,2017-01-12,2017-01,2017,23,Thursday,One man’s trash = another man’s treasure. (This couldn't be truer for artist Artur Bordalo.) https://t.co/qC2bVvwRtN,t00223
kimkardashian,#TBT FLIPPING MY HAIR IN THAILAND https://t.co/DUXlYwGu6i https://t.co/j1d1f32LmD,31/03/2016 20:45,7.15641E+17,en,2638,501,2016-03-31 20:45:00,2016-03-31,2016-03,2016,20,Thursday,#TBT FLIPPING MY HAIR IN THAILAND https://t.co/DUXlYwGu6i https://t.co/j1d1f32LmD,t00224
kimkardashian,I know I'm a late but HBD @jlo We had the best time in Vegas celebrating your birthday!!! Forever my inspiration! https://t.co/prMTMZAZSl,28/07/2016 01:07,7.58469E+17,en,25249,2736,2016-07-28 01:07:00,2016-07-28,2016-07,2016,1,Thursday,I know I'm a late but HBD @jlo We had the best time in Vegas celebrating your birthday!!! Forever my inspiration! https://t.co/prMTMZAZSl,t00225
theellenshow,I don’t need someone to brush my teeth. Carol has been with me for years. #EllenQandA https://t.co/JfX1ekYmCf,26/01/2016 23:53,6.92133E+17,en,1911,219,2016-01-26 23:53:00,2016-01-26,2016-01,2016,23,Tuesday,I don’t need someone to brush my teeth. Carol has been with me for years. #EllenQandA https://t.co/JfX1ekYmCf,t00226
barackobama,"If you're willing to work hard and play by the rules, you should be able to get ahead. https://t.co/394hdJttgO",27/10/2016 20:24,7.91737E+17,en,6298,1562,2016-10-27 20:24:00,2016-10-27,2016-10,2016,20,Thursday,"If you're willing to work hard and play by the rules, you should be able to get ahead. https://t.co/394hdJttgO",t00227
jimmyfallon,Coming up right now is one of the most fun things we've ever done on our show. #BillHader #SpitPolice,17/07/2015 04:03,6.21893E+17,en,2940,421,2015-07-17 04:03:00,2015-07-17,2015-07,2015,4,Friday,Coming up right now is one of the most fun things we've ever done on our show. #BillHader #SpitPolice,t00228
barackobama,Climate change denial is at a record low—just not in Congress. Read more: http://t.co/0sVnLm05NQ #ActOnClimate,15/10/2015 17:24,6.54709E+17,en,1434,767,2015-10-15 17:24:00,2015-10-15,2015-10,2015,17,Thursday,Climate change denial is at a record low—just not in Congress. Read more: http://t.co/0sVnLm05NQ #ActOnClimate,t00229
instagram,"Welcome to @bakedideas’ world of cookies #NationalCookieDay
https://t.co/kMBAwaA25Y",04/12/2016 23:30,8.05555E+17,en,563,108,2016-12-04 23:30:00,2016-12-04,2016-12,2016,23,Sunday,Welcome to @bakedideas’ world of cookies #NationalCookieDay https://t.co/kMBAwaA25Y,t00230
kimkardashian,@jemalone122 so sweet thank you so much for this!!!,01/10/2015 00:33,6.49382E+17,en,207,75,2015-10-01 00:33:00,2015-10-01,2015-10,2015,0,Thursday,@jemalone122 so sweet thank you so much for this!!!,t00231
youtube,@ruinshawnny EXACTLY. Favorite part?,18/05/2016 01:02,7.32738E+17,en,14,3,2016-05-18 01:02:00,2016-05-18,2016-05,2016,1,Wednesday,@ruinshawnny EXACTLY. Favorite part?,t00232
ddlovato,"#ShadesOfBlue reminds me of a scripted ""The Seven Five"" 👍🏼",08/01/2016 05:01,6.85325E+17,en,13624,6726,2016-01-08 05:01:00,2016-01-08,2016-01,2016,5,Friday,"#ShadesOfBlue reminds me of a scripted ""The Seven Five"" 👍🏼",t00233
kimkardashian,Tune into Keeping Up W The Kardashians tonight! Let's live tweet! Love this Kimoji pic Not sure where Kendall is lol https://t.co/KsXbkvlSdh,26/06/2016 22:00,7.47188E+17,en,9604,1401,2016-06-26 22:00:00,2016-06-26,2016-06,2016,22,Sunday,Tune into Keeping Up W The Kardashians tonight! Let's live tweet! Love this Kimoji pic Not sure where Kendall is lol https://t.co/KsXbkvlSdh,t00234
cristiano,Ready to try my new Mercurial Superfly http://t.co/0IvEBzFuw8 http://t.co/yNNp5OnSlZ,27/08/2014 14:20,5.04635E+17,en,16668,10865,2014-08-27 14:20:00,2014-08-27,2014-08,2014,14,Wednesday,Ready to try my new Mercurial Superfly http://t.co/0IvEBzFuw8 http://t.co/yNNp5OnSlZ,t00235
ladygaga,@gagasgrande I just like talking to everyone it's interesting what people say,14/07/2015 12:29,6.20933E+17,en,2463,1200,2015-07-14 12:29:00,2015-07-14,2015-07,2015,12,Tuesday,@gagasgrande I just like talking to everyone it's interesting what people say,t00236
shakira,Here's an exclusive pic of Shak chilling during the shoot for the Empire video (http://t.co/Biq3c78tQK) ShakHQ http://t.co/oGytLZtApB,10/04/2014 17:26,4.54309E+17,en,1057,468,2014-04-10 17:26:00,2014-04-10,2014-04,2014,17,Thursday,Here's an exclusive pic of Shak chilling during the shoot for the Empire video (http://t.co/Biq3c78tQK) ShakHQ http://t.co/oGytLZtApB,t00237
instagram,"A local shepherd at home with his flock in Rupea, Romania #WHPlocallegends
https://t.co/1CR1YChoWn",04/10/2016 14:30,7.83313E+17,en,617,107,2016-10-04 14:30:00,2016-10-04,2016-10,2016,14,Tuesday,"A local shepherd at home with his flock in Rupea, Romania #WHPlocallegends https://t.co/1CR1YChoWn",t00238
taylorswift13,"I can make the bad guys good for a weekend. 💋

http://t.co/JhUZG7ADJ4
#TS1989 
#taylorlurking http://t.co/M8dQ3RaU61",02/11/2014 23:15,5.29049E+17,en,8090,5207,2014-11-02 23:15:00,2014-11-02,2014-11,2014,23,Sunday,I can make the bad guys good for a weekend. 💋 http://t.co/JhUZG7ADJ4 #TS1989 #taylorlurking http://t.co/M8dQ3RaU61,t00239
theellenshow,"Chillin’ on Friday in my Ellen gear, just waiting for the Season 14 Premiere. https://t.co/PeXDMNEw4d https://t.co/RxdQqNtJLv",02/09/2016 19:19,7.7179E+17,en,4756,394,2016-09-02 19:19:00,2016-09-02,2016-09,2016,19,Friday,"Chillin’ on Friday in my Ellen gear, just waiting for the Season 14 Premiere. https://t.co/PeXDMNEw4d https://t.co/RxdQqNtJLv",t00240
theellenshow,".@ddlovato told me she’s ready for a ring. I hope you’re listening, @WValderrama. https://t.co/APGoZZwILH",10/02/2016 22:10,6.97543E+17,en,3531,1336,2016-02-10 22:10:00,2016-02-10,2016-02,2016,22,Wednesday,".@ddlovato told me she’s ready for a ring. I hope you’re listening, @WValderrama. https://t.co/APGoZZwILH",t00241
rihanna,#ratedR a modern take on that era http://t.co/sY7Dz8uzG7,24/06/2013 13:24,3.49156E+17,en,747,955,2013-06-24 13:24:00,2013-06-24,2013-06,2013,13,Monday,#ratedR a modern take on that era http://t.co/sY7Dz8uzG7,t00242
taylorswift13,"Nothing lasts forever, but this is getting good now.
#TS1989 
#taylurking http://t.co/p8raI218jI",29/10/2014 12:33,5.27438E+17,en,9388,4117,2014-10-29 12:33:00,2014-10-29,2014-10,2014,12,Wednesday,"Nothing lasts forever, but this is getting good now. #TS1989 #taylurking http://t.co/p8raI218jI",t00243
youtube,.@PTXOfficial and @jasonderulo take it back to the 90s with a tribute to Shai. https://t.co/xS2FUnF8HX https://t.co/yhKzVgK3PJ,14/04/2016 21:00,7.20718E+17,en,2858,692,2016-04-14 21:00:00,2016-04-14,2016-04,2016,21,Thursday,.@PTXOfficial and @jasonderulo take it back to the 90s with a tribute to Shai. https://t.co/xS2FUnF8HX https://t.co/yhKzVgK3PJ,t00244
katyperry,"@winesandlines @Sam_inColour that was a ""hi"" not a ""bye""",23/07/2016 06:09,7.56733E+17,en,2168,808,2016-07-23 06:09:00,2016-07-23,2016-07,2016,6,Saturday,"@winesandlines @Sam_inColour that was a ""hi"" not a ""bye""",t00245
taylorswift13,I'm never going to forget this. Ever ever ever. @TheEllenShow @MickJagger @jtimberlake #CMAawards http://t.co/WqkwcQ3olz,07/11/2013 05:13,3.98317E+17,en,16929,12197,2013-11-07 05:13:00,2013-11-07,2013-11,2013,5,Thursday,I'm never going to forget this. Ever ever ever. @TheEllenShow @MickJagger @jtimberlake #CMAawards http://t.co/WqkwcQ3olz,t00246
instagram,The Week on Instagram | 215 https://t.co/QWtvNIiJWa https://t.co/dtkU1kTspi,27/12/2015 16:25,6.81149E+17,en,2067,429,2015-12-27 16:25:00,2015-12-27,2015-12,2015,16,Sunday,The Week on Instagram | 215 https://t.co/QWtvNIiJWa https://t.co/dtkU1kTspi,t00247
jimmyfallon,"Tonight on the show: Frozen Blackjack with Michael Fassbender, @elliottdotabby stops by, and music from @bastilledan! #FallonTonight",26/07/2016 12:55,7.57922E+17,en,2589,456,2016-07-26 12:55:00,2016-07-26,2016-07,2016,12,Tuesday,"Tonight on the show: Frozen Blackjack with Michael Fassbender, @elliottdotabby stops by, and music from @bastilledan! #FallonTonight",t00248
selenagomez,Happy Sunday! @iamashleycook @vanessahudgens n Austin! ☺️ 💜Hillsong http://t.co/7SjXNjp4DX,19/10/2014 20:23,5.23932E+17,en,11644,7566,2014-10-19 20:23:00,2014-10-19,2014-10,2014,20,Sunday,Happy Sunday! @iamashleycook @vanessahudgens n Austin! ☺️ 💜Hillsong http://t.co/7SjXNjp4DX,t00249
jimmyfallon,Head Swap #BestOfFallon all Gerard Bradford on this one.,06/01/2014 03:49,4.20039E+17,en,533,68,2014-01-06 03:49:00,2014-01-06,2014-01,2014,3,Monday,Head Swap #BestOfFallon all Gerard Bradford on this one.,t00250
cristiano,Olá @kingjames. Welcome to twitter and good luck for the next season.,08/07/2010 14:53,18039890839,en,93,310,2010-07-08 14:53:00,2010-07-08,2010-07,2010,14,Thursday,Olá @kingjames. Welcome to twitter and good luck for the next season.,t00251
justinbieber,Thanks https://t.co/MLgQBxAmTx,30/11/2015 02:35,6.71155E+17,en,46124,27971,2015-11-30 02:35:00,2015-11-30,2015-11,2015,2,Monday,Thanks https://t.co/MLgQBxAmTx,t00252
instagram,"At the cross-section of recreation and art in Manisa, Turkey https://t.co/4nL2k4rddC #TheWeekOnInstagram",22/10/2016 23:45,7.89976E+17,en,651,113,2016-10-22 23:45:00,2016-10-22,2016-10,2016,23,Saturday,"At the cross-section of recreation and art in Manisa, Turkey https://t.co/4nL2k4rddC #TheWeekOnInstagram",t00253
justinbieber,@Skrillex music,06/05/2015 22:35,5.96081E+17,en,43661,35929,2015-05-06 22:35:00,2015-05-06,2015-05,2015,22,Wednesday,@Skrillex music,t00254
britneyspears,@obriennipples Fancy! I love the video so much #PrettyGirlTalk,15/05/2015 21:40,5.99329E+17,en,565,270,2015-05-15 21:40:00,2015-05-15,2015-05,2015,21,Friday,@obriennipples Fancy! I love the video so much #PrettyGirlTalk,t00255
rihanna,CAN’T REMEMBER TO FORGET YOU #VEVO ------&gt; http://t.co/CXvMKjN1dk,13/01/2014 14:41,4.2274E+17,en,5762,7546,2014-01-13 14:41:00,2014-01-13,2014-01,2014,14,Monday,CAN’T REMEMBER TO FORGET YOU #VEVO ------> http://t.co/CXvMKjN1dk,t00256
cristiano,Here are some photos from yesterday's game. Real Madrid 4-1 CSKA Moscow http://t.co/SgtdqoNt,15/03/2012 18:45,1.80364E+17,en,527,963,2012-03-15 18:45:00,2012-03-15,2012-03,2012,18,Thursday,Here are some photos from yesterday's game. Real Madrid 4-1 CSKA Moscow http://t.co/SgtdqoNt,t00257
katyperry,☝“@elizagilham: Been waiting for @katyperry new video all day :) didn't disappoint &lt;3”,05/09/2013 21:26,3.75732E+17,en,1108,1448,2013-09-05 21:26:00,2013-09-05,2013-09,2013,21,Thursday,☝“@elizagilham: Been waiting for @katyperry new video all day :) didn't disappoint <3”,t00258
ladygaga,@burningcoIors do u have any Angels? Talk to them,01/10/2016 02:14,7.82041E+17,en,2870,979,2016-10-01 02:14:00,2016-10-01,2016-10,2016,2,Saturday,@burningcoIors do u have any Angels? Talk to them,t00259
katyperry,"Today I finally get to shoot with my favorite photographer ever, Mr. Tim Walker. Nice way to kick off the new year...",15/01/2013 20:01,2.91274E+17,en,3507,5213,2013-01-15 20:01:00,2013-01-15,2013-01,2013,20,Tuesday,"Today I finally get to shoot with my favorite photographer ever, Mr. Tim Walker. Nice way to kick off the new year...",t00260
jimmyfallon,“@TheMavrovic: @jimmyfallon you have inspired me to be your successor.” I dare you.,15/11/2014 04:59,5.33484E+17,en,751,91,2014-11-15 04:59:00,2014-11-15,2014-11,2014,4,Saturday,“@TheMavrovic: @jimmyfallon you have inspired me to be your successor.” I dare you.,t00261
twitter,@ElaneDz Your wait is over! #LoveTwitter https://t.co/zj1tklByw5,21/03/2016 22:31,7.12044E+17,en,83,21,2016-03-21 22:31:00,2016-03-21,2016-03,2016,22,Monday,@ElaneDz Your wait is over! #LoveTwitter https://t.co/zj1tklByw5,t00262
jtimberlake,"Yup. Yep. Yeah. Yes.
“@theshadowboxers: HAPPY #COVERTUESDAY 
Here's Stevie's ""All In Love Is Fair"" 
http://t.co/oTx4h0svYK”",04/03/2014 17:12,4.40898E+17,en,1716,773,2014-03-04 17:12:00,2014-03-04,2014-03,2014,17,Tuesday,"Yup. Yep. Yeah. Yes. “@theshadowboxers: HAPPY #COVERTUESDAY Here's Stevie's ""All In Love Is Fair"" http://t.co/oTx4h0svYK”",t00263
instagram,Gearing up for the @NickelodeonTV #KCA with @charlieputh https://t.co/pmnnCWp6oD,13/03/2016 02:00,7.08835E+17,en,2125,527,2016-03-13 02:00:00,2016-03-13,2016-03,2016,2,Sunday,Gearing up for the @NickelodeonTV #KCA with @charlieputh https://t.co/pmnnCWp6oD,t00264
twitter,Twitter for Android: Robots like to share too. http://bit.ly/9tSleZ,30/04/2010 21:25,13151175434,en,99,353,2010-04-30 21:25:00,2010-04-30,2010-04,2010,21,Friday,Twitter for Android: Robots like to share too. http://bit.ly/9tSleZ,t00265
instagram,“The best part of the adventure lies in the unknown.” —@tyler_metcalfe https://t.co/yqoWdWvOjL,28/09/2016 19:30,7.81214E+17,en,689,131,2016-09-28 19:30:00,2016-09-28,2016-09,2016,19,Wednesday,“The best part of the adventure lies in the unknown.” —@tyler_metcalfe https://t.co/yqoWdWvOjL,t00266
rihanna,I don't wanna give you the wrong impression... I need Love&amp;Affection #UNAPOLOGETIC,18/10/2012 08:55,2.58854E+17,en,2098,7446,2012-10-18 08:55:00,2012-10-18,2012-10,2012,8,Thursday,I don't wanna give you the wrong impression... I need Love&Affection #UNAPOLOGETIC,t00267
cnnbrk,Melania Trump sits down with Anderson Cooper -- watch AC360 on CNN at 8 p.m. ET on Monday. https://t.co/9gHeCAQp3d https://t.co/kf5sLLKCkW,17/10/2016 18:23,7.88083E+17,en,586,310,2016-10-17 18:23:00,2016-10-17,2016-10,2016,18,Monday,Melania Trump sits down with Anderson Cooper -- watch AC360 on CNN at 8 p.m. ET on Monday. https://t.co/9gHeCAQp3d https://t.co/kf5sLLKCkW,t00268
instagram,Watch our Instagram story to go behind the scenes at @Versace with Donatella (and Audrey 🐶) https://t.co/3obalTdFFl #MFW,24/09/2016 00:30,7.79478E+17,en,762,129,2016-09-24 00:30:00,2016-09-24,2016-09,2016,0,Saturday,Watch our Instagram story to go behind the scenes at @Versace with Donatella (and Audrey 🐶) https://t.co/3obalTdFFl #MFW,t00269
theellenshow,"Happy birthday, @Diane_Keaton! I'm toasting you with some chilled red wine. https://t.co/UNsHkmT9EO",05/01/2017 20:42,8.17109E+17,en,5873,686,2017-01-05 20:42:00,2017-01-05,2017-01,2017,20,Thursday,"Happy birthday, @Diane_Keaton! I'm toasting you with some chilled red wine. https://t.co/UNsHkmT9EO",t00270
jtimberlake,".@znvjwij Beautiful place and culture... Also, I mostly rate places on how I feel about the food. #Icantstopeatinghere",27/06/2012 01:51,2.17797E+17,en,93,167,2012-06-27 01:51:00,2012-06-27,2012-06,2012,1,Wednesday,".@znvjwij Beautiful place and culture... Also, I mostly rate places on how I feel about the food. #Icantstopeatinghere",t00271
jimmyfallon,“@alfonso_ribeiro: Check out my dance on the Tonight Show with last night: http://t.co/aJReYN0q0F” You are the coolest. One take!!,03/02/2015 21:39,5.62727E+17,en,2036,751,2015-02-03 21:39:00,2015-02-03,2015-02,2015,21,Tuesday,“@alfonso_ribeiro: Check out my dance on the Tonight Show with last night: http://t.co/aJReYN0q0F” You are the coolest. One take!!,t00272
theellenshow,My hope for the world is that we can all be as brave as @Caitlyn_Jenner. http://t.co/WlJmAjv4iv,01/06/2015 17:12,6.05422E+17,en,48847,24230,2015-06-01 17:12:00,2015-06-01,2015-06,2015,17,Monday,My hope for the world is that we can all be as brave as @Caitlyn_Jenner. http://t.co/WlJmAjv4iv,t00273
selenagomez,@GiftedSelGomez @LOVATICSLUVSDEMI @AMAZINGSELGOMEZ In May...   http://t.co/dCO8WUEB will keep you updated.,16/01/2012 19:39,1.58997E+17,en,467,1337,2012-01-16 19:39:00,2012-01-16,2012-01,2012,19,Monday,@GiftedSelGomez @LOVATICSLUVSDEMI @AMAZINGSELGOMEZ In May... http://t.co/dCO8WUEB will keep you updated.,t00274
arianagrande,can't stop cryin today / not sure why... my heart feels exceptionally full &amp; I think it's pouring out of my eyes ??? jones is laughing at me,20/07/2015 20:44,6.23232E+17,en,27506,14779,2015-07-20 20:44:00,2015-07-20,2015-07,2015,20,Monday,can't stop cryin today / not sure why... my heart feels exceptionally full & I think it's pouring out of my eyes ??? jones is laughing at me,t00275
jtimberlake,"Had a great time with you last night, London. We should do it again soon...",10/06/2013 09:43,3.44027E+17,en,2296,2178,2013-06-10 09:43:00,2013-06-10,2013-06,2013,9,Monday,"Had a great time with you last night, London. We should do it again soon...",t00276
shakira,"The Get It Started video is about to hit 5m views! So, who can guess
which city Shak was filmed in? http://t.co/CbDMc9XD ShakHQ",13/08/2012 16:55,2.35057E+17,en,197,260,2012-08-13 16:55:00,2012-08-13,2012-08,2012,16,Monday,"The Get It Started video is about to hit 5m views! So, who can guess which city Shak was filmed in? http://t.co/CbDMc9XD ShakHQ",t00277
twitter,Your Twitter archive is being gradually rolled out to users. Learn more about how to revisit your old Tweets here: http://t.co/ONhrS4ix,19/12/2012 15:29,2.81421E+17,en,1682,2420,2012-12-19 15:29:00,2012-12-19,2012-12,2012,15,Wednesday,Your Twitter archive is being gradually rolled out to users. Learn more about how to revisit your old Tweets here: http://t.co/ONhrS4ix,t00278
taylorswift13,Back on the road! Insane crowd in Ottawa tonight! #1989TourOttawa http://t.co/svXgPxzSNC,07/07/2015 04:06,6.1827E+17,en,38701,14376,2015-07-07 04:06:00,2015-07-07,2015-07,2015,4,Tuesday,Back on the road! Insane crowd in Ottawa tonight! #1989TourOttawa http://t.co/svXgPxzSNC,t00279
justinbieber,I don't know if everyone is ready for tonight and the #SecretHandshake @jimmyfallon :) https://t.co/yBKnaXnZ0E,20/11/2015 02:31,6.67531E+17,en,43622,28491,2015-11-20 02:31:00,2015-11-20,2015-11,2015,2,Friday,I don't know if everyone is ready for tonight and the #SecretHandshake @jimmyfallon :) https://t.co/yBKnaXnZ0E,t00280
twitter,"#DaylightSavingTime immunity, captured in Tweets: https://t.co/HeYqyPX3S4

How'd you spend your extra hour?",01/11/2015 19:07,6.60896E+17,en,928,372,2015-11-01 19:07:00,2015-11-01,2015-11,2015,19,Sunday,"#DaylightSavingTime immunity, captured in Tweets: https://t.co/HeYqyPX3S4 How'd you spend your extra hour?",t00281
cristiano,With your fantastic support we achieved a great win today! http://t.co/GWxiDwVO06 #VivaPortugal #VivaRonaldo http://t.co/KdtrMqWQjE,07/06/2013 23:08,3.43142E+17,en,2145,2508,2013-06-07 23:08:00,2013-06-07,2013-06,2013,23,Friday,With your fantastic support we achieved a great win today! http://t.co/GWxiDwVO06 #VivaPortugal #VivaRonaldo http://t.co/KdtrMqWQjE,t00282
shakira,"Thanks to my fans for these two Grammys, @carlosvives, Afo Verde, my team, my angels Sasha and Milan and the love o… https://t.co/ZxvCgIc735",18/11/2016 12:32,7.99591E+17,en,6636,1277,2016-11-18 12:32:00,2016-11-18,2016-11,2016,12,Friday,"Thanks to my fans for these two Grammys, @carlosvives, Afo Verde, my team, my angels Sasha and Milan and the love o… https://t.co/ZxvCgIc735",t00283
ladygaga,Me &amp; my red gloves on the red carpet! I live for fashion like this ❤️ thank you so much Mr. Alaia Je vous adore! http://t.co/Wub4SUqU1M,23/02/2015 02:40,5.69688E+17,en,20260,12035,2015-02-23 02:40:00,2015-02-23,2015-02,2015,2,Monday,Me & my red gloves on the red carpet! I live for fashion like this ❤️ thank you so much Mr. Alaia Je vous adore! http://t.co/Wub4SUqU1M,t00284
taylorswift13,"The reviews are in:
New York Times
#TS1989 http://t.co/bjYeTg0bPb",23/10/2014 16:06,5.25317E+17,en,8114,4846,2014-10-23 16:06:00,2014-10-23,2014-10,2014,16,Thursday,The reviews are in: New York Times #TS1989 http://t.co/bjYeTg0bPb,t00285
youtube,#FoursomeShow (Un)dateable tip 3: There’s no time for hesitation when love’s on the line. 😻  https://t.co/APv283MuD3 https://t.co/UjsTRm7AKs,06/04/2016 18:42,7.17785E+17,en,1077,151,2016-04-06 18:42:00,2016-04-06,2016-04,2016,18,Wednesday,#FoursomeShow (Un)dateable tip 3: There’s no time for hesitation when love’s on the line. 😻 https://t.co/APv283MuD3 https://t.co/UjsTRm7AKs,t00286
barackobama,It's been 53 straight months of private sector job growth—that's the longest streak on record. #ActOnJobs http://t.co/pLlLydr2DI,01/08/2014 20:35,4.95307E+17,en,1866,1676,2014-08-01 20:35:00,2014-08-01,2014-08,2014,20,Friday,It's been 53 straight months of private sector job growth—that's the longest streak on record. #ActOnJobs http://t.co/pLlLydr2DI,t00287
ladygaga,Just posted a photo https://t.co/wiAT5G8tyZ,31/07/2015 02:30,6.26943E+17,en,3971,2084,2015-07-31 02:30:00,2015-07-31,2015-07,2015,2,Friday,Just posted a photo https://t.co/wiAT5G8tyZ,t00288
kimkardashian,Can't wait to share this coral lip tutorial I did with @patrickta on my app! http://t.co/lRPj6gDfZh,05/10/2015 18:12,6.51098E+17,en,5614,1143,2015-10-05 18:12:00,2015-10-05,2015-10,2015,18,Monday,Can't wait to share this coral lip tutorial I did with @patrickta on my app! http://t.co/lRPj6gDfZh,t00289
kimkardashian,I really did miss you and your amazing tweets! So happy you are back! https://t.co/xMxMv4RgA2,25/11/2015 16:37,6.69556E+17,en,2788,439,2015-11-25 16:37:00,2015-11-25,2015-11,2015,16,Wednesday,I really did miss you and your amazing tweets! So happy you are back! https://t.co/xMxMv4RgA2,t00290
cnnbrk,Alabama Chief Justice Roy Moore has been suspended for directing judges to enforce the state's same-sex marriage ba… https://t.co/lyEvsavp8Y,30/09/2016 19:19,7.81937E+17,en,677,352,2016-09-30 19:19:00,2016-09-30,2016-09,2016,19,Friday,Alabama Chief Justice Roy Moore has been suspended for directing judges to enforce the state's same-sex marriage ba… https://t.co/lyEvsavp8Y,t00291
taylorswift13,Just found out about the 5 MTV Europe Awards nominations!! IS THIS ACTUALLY HAPPENING?? I seriously just paced around the room in disbelief.,17/09/2012 17:49,2.47754E+17,en,3272,5714,2012-09-17 17:49:00,2012-09-17,2012-09,2012,17,Monday,Just found out about the 5 MTV Europe Awards nominations!! IS THIS ACTUALLY HAPPENING?? I seriously just paced around the room in disbelief.,t00292
taylorswift13,"On another note, watching @cd_henderson try to cure a headache with Skittles and Red Bull before the show was truly inspiring.",11/12/2013 14:22,4.10777E+17,en,8473,6098,2013-12-11 14:22:00,2013-12-11,2013-12,2013,14,Wednesday,"On another note, watching @cd_henderson try to cure a headache with Skittles and Red Bull before the show was truly inspiring.",t00293
barackobama,ICYMI: This is a really big deal. https://t.co/raNeUV5fRd,12/09/2016 20:24,7.7543E+17,en,8488,2591,2016-09-12 20:24:00,2016-09-12,2016-09,2016,20,Monday,ICYMI: This is a really big deal. https://t.co/raNeUV5fRd,t00294
cnnbrk,"Donald Trump offers Iowa Gov. Terry Branstad the post of US ambassador to China, sources tell CNN.… https://t.co/3lmRBYYY3O",07/12/2016 15:16,8.06518E+17,en,247,182,2016-12-07 15:16:00,2016-12-07,2016-12,2016,15,Wednesday,"Donald Trump offers Iowa Gov. Terry Branstad the post of US ambassador to China, sources tell CNN.… https://t.co/3lmRBYYY3O",t00295
jtimberlake,Check out the newest trailer for Inside Llewyn Davis: http://t.co/jFPlGT0gXR -teamJT,23/08/2013 02:16,3.70731E+17,en,549,579,2013-08-23 02:16:00,2013-08-23,2013-08,2013,2,Friday,Check out the newest trailer for Inside Llewyn Davis: http://t.co/jFPlGT0gXR -teamJT,t00296
justinbieber,Almost famous!! Thanks so much Kate! https://t.co/6Cm4B6qIWl,24/08/2015 21:25,6.35926E+17,en,37182,31643,2015-08-24 21:25:00,2015-08-24,2015-08,2015,21,Monday,Almost famous!! Thanks so much Kate! https://t.co/6Cm4B6qIWl,t00297
shakira,#TeamShakira is complete! Can't wait to bring in @mirandalambert for the #Battles #WatchingBlinds,12/03/2014 00:47,4.43549E+17,en,1797,707,2014-03-12 00:47:00,2014-03-12,2014-03,2014,0,Wednesday,#TeamShakira is complete! Can't wait to bring in @mirandalambert for the #Battles #WatchingBlinds,t00298
barackobama,"""I sent Congress a bold new plan to bring down the cost of community college to zero."" —President Obama #CollegeOpportunity",10/03/2015 18:10,5.75358E+17,en,2188,1061,2015-03-10 18:10:00,2015-03-10,2015-03,2015,18,Tuesday,"""I sent Congress a bold new plan to bring down the cost of community college to zero."" —President Obama #CollegeOpportunity",t00299
ladygaga,When your bedroom is your office. 👠🔪💋xxx Countess http://t.co/nHpjxuJ4uH,27/08/2015 17:00,6.36946E+17,en,22926,14475,2015-08-27 17:00:00,2015-08-27,2015-08,2015,17,Thursday,When your bedroom is your office. 👠🔪💋xxx Countess http://t.co/nHpjxuJ4uH,t00300
ladygaga,A French manicure for my baby frenchie! She loves all the compliments pretty girl! 💅👑💎 http://t.co/tieEB0CBZI,06/12/2014 16:00,5.41261E+17,en,4447,4673,2014-12-06 16:00:00,2014-12-06,2014-12,2014,16,Saturday,A French manicure for my baby frenchie! She loves all the compliments pretty girl! 💅👑💎 http://t.co/tieEB0CBZI,t00301
cnnbrk,Chris Berman stepping away from being the face of ESPN's NFL coverage. https://t.co/6fWrDNxkwp https://t.co/aMTmUcJ7XJ,05/01/2017 20:59,8.17113E+17,en,475,327,2017-01-05 20:59:00,2017-01-05,2017-01,2017,20,Thursday,Chris Berman stepping away from being the face of ESPN's NFL coverage. https://t.co/6fWrDNxkwp https://t.co/aMTmUcJ7XJ,t00302
cristiano,Merry Xmas for everyone.,24/12/2012 12:44,2.83191E+17,en,3785,11902,2012-12-24 12:44:00,2012-12-24,2012-12,2012,12,Monday,Merry Xmas for everyone.,t00303
youtube,They will rock you. https://t.co/geTIyonkLn https://t.co/hD2ScUDP28,09/04/2016 16:00,7.18831E+17,en,1257,208,2016-04-09 16:00:00,2016-04-09,2016-04,2016,16,Saturday,They will rock you. https://t.co/geTIyonkLn https://t.co/hD2ScUDP28,t00304
katyperry,"Olivia Wise, I can hear you singing with the angels now. Your spirit &amp; strength has inspired me &amp; so many others... May you rest in peace.",26/11/2013 06:01,4.05215E+17,en,8816,7802,2013-11-26 06:01:00,2013-11-26,2013-11,2013,6,Tuesday,"Olivia Wise, I can hear you singing with the angels now. Your spirit & strength has inspired me & so many others... May you rest in peace.",t00305
theellenshow,Thanks for being here. And for dancing like this.  https://t.co/MYnugnpIOS https://t.co/b5hAjNIXhp,27/10/2015 22:39,6.59137E+17,en,2573,407,2015-10-27 22:39:00,2015-10-27,2015-10,2015,22,Tuesday,Thanks for being here. And for dancing like this. https://t.co/MYnugnpIOS https://t.co/b5hAjNIXhp,t00306
jimmyfallon,New classroom instrument mix tonight! What song? #MusicRoom,04/09/2014 14:39,5.07539E+17,en,1603,353,2014-09-04 14:39:00,2014-09-04,2014-09,2014,14,Thursday,New classroom instrument mix tonight! What song? #MusicRoom,t00307
rihanna,"Diamonds World Tour. It's approaching so quickly, and I'm hype az shit! Big ups to my niggaz who got tickets http://t.co/21HkRdBQ",22/01/2013 00:59,2.93523E+17,en,1466,2965,2013-01-22 00:59:00,2013-01-22,2013-01,2013,0,Tuesday,"Diamonds World Tour. It's approaching so quickly, and I'm hype az shit! Big ups to my niggaz who got tickets http://t.co/21HkRdBQ",t00308
cristiano,"REAL Players, REAL Teams, REAL Matches, REAL Football. Take part in the competition! Follow @GAMEbyRonaldo.",30/09/2013 14:32,3.84687E+17,en,1349,2226,2013-09-30 14:32:00,2013-09-30,2013-09,2013,14,Monday,"REAL Players, REAL Teams, REAL Matches, REAL Football. Take part in the competition! Follow @GAMEbyRonaldo.",t00309
cristiano,Thanks for your support! @Mvd55 @Cristiano killer goal last game! Hala madrid! Hala CR7!,22/01/2011 17:07,2.88613E+16,en,43,99,2011-01-22 17:07:00,2011-01-22,2011-01,2011,17,Saturday,Thanks for your support! @Mvd55 @Cristiano killer goal last game! Hala madrid! Hala CR7!,t00310
selenagomez,"Instead, ill pray above for what I have. So thankful for a well deserved break. Thinking about all of… http://t.co/OgsnXgbdjT",08/05/2014 04:25,4.6426E+17,en,9896,6870,2014-05-08 04:25:00,2014-05-08,2014-05,2014,4,Thursday,"Instead, ill pray above for what I have. So thankful for a well deserved break. Thinking about all of… http://t.co/OgsnXgbdjT",t00311
ladygaga,The world can be such a dangerous place. 💋,29/10/2015 05:30,6.59603E+17,en,13685,10694,2015-10-29 05:30:00,2015-10-29,2015-10,2015,5,Thursday,The world can be such a dangerous place. 💋,t00312
arianagrande,@jasonsproblem I'll hit @BriLoveLife  @iamSkot &amp; tell them y'all want a tutorial,09/08/2016 19:50,7.631E+17,en,9890,2866,2016-08-09 19:50:00,2016-08-09,2016-08,2016,19,Tuesday,@jasonsproblem I'll hit @BriLoveLife @iamSkot & tell them y'all want a tutorial,t00313
barackobama,"It's not just workers: According to a new survey, support is high among employers to #RaiseTheWage. http://t.co/0oytm1L3yD",08/10/2014 19:44,5.19936E+17,en,876,413,2014-10-08 19:44:00,2014-10-08,2014-10,2014,19,Wednesday,"It's not just workers: According to a new survey, support is high among employers to #RaiseTheWage. http://t.co/0oytm1L3yD",t00314
twitter,Follow @toptweets to make sure you don't miss the most popular Tweets of the day from accounts you may or may not follow. #discovertwitter,16/12/2010 00:29,1.52018E+16,en,139,191,2010-12-16 00:29:00,2010-12-16,2010-12,2010,0,Thursday,Follow @toptweets to make sure you don't miss the most popular Tweets of the day from accounts you may or may not follow. #discovertwitter,t00315
cristiano,Thank you for your support. What you guys think of the game? http://t.co/UltFUEHo,27/10/2011 11:15,1.29516E+17,en,140,290,2011-10-27 11:15:00,2011-10-27,2011-10,2011,11,Thursday,Thank you for your support. What you guys think of the game? http://t.co/UltFUEHo,t00316
cnnbrk,"Death toll in Italy quake rises to at least 120, Prime Minister Matteo Renzi says. https://t.co/rEVIAuTDIr https://t.co/3o2M0kVeMB",24/08/2016 18:48,7.6852E+17,en,372,509,2016-08-24 18:48:00,2016-08-24,2016-08,2016,18,Wednesday,"Death toll in Italy quake rises to at least 120, Prime Minister Matteo Renzi says. https://t.co/rEVIAuTDIr https://t.co/3o2M0kVeMB",t00317
jimmyfallon,So lucky to tour with these funny comedians: @natebargatze @nickthune @Thezog &amp; @julezmac. http://t.co/PoXSGgeP3y I wanna do it again!!!,07/12/2013 21:04,4.09428E+17,en,793,168,2013-12-07 21:04:00,2013-12-07,2013-12,2013,21,Saturday,So lucky to tour with these funny comedians: @natebargatze @nickthune @Thezog & @julezmac. http://t.co/PoXSGgeP3y I wanna do it again!!!,t00318
cristiano,Real Madrid 1- Auxerre 0,28/09/2010 23:18,25829828242,en,96,631,2010-09-28 23:18:00,2010-09-28,2010-09,2010,23,Tuesday,Real Madrid 1- Auxerre 0,t00319
arianagrande,you are my true love @wholefoods 🐣 https://t.co/k72MEBGfNo,04/08/2016 02:52,7.61032E+17,en,29900,9141,2016-08-04 02:52:00,2016-08-04,2016-08,2016,2,Thursday,you are my true love @wholefoods 🐣 https://t.co/k72MEBGfNo,t00320
kimkardashian,workout time,21/09/2015 14:07,6.45963E+17,en,4572,1113,2015-09-21 14:07:00,2015-09-21,2015-09,2015,14,Monday,workout time,t00321
theellenshow,Happy birthday @Kelly_Clarkson &amp; @BarbraStreisand! I think this means y’all should do a duet. You can call it “Since U Been The Way We Were”,24/04/2015 17:45,5.91659E+17,en,4135,1000,2015-04-24 17:45:00,2015-04-24,2015-04,2015,17,Friday,Happy birthday @Kelly_Clarkson & @BarbraStreisand! I think this means y’all should do a duet. You can call it “Since U Been The Way We Were”,t00322
selenagomez,@pr1denialler thank you! xoxo,08/05/2013 01:20,3.31942E+17,en,822,887,2013-05-08 01:20:00,2013-05-08,2013-05,2013,1,Wednesday,@pr1denialler thank you! xoxo,t00323
jimmyfallon,"Lawmakers in Jamaica may legalize marijuana. While lawmakers in Italy may legalize spaghetti, and Ireland may legalize whiskey. #fallonmono",11/06/2014 01:15,4.76533E+17,en,5228,2815,2014-06-11 01:15:00,2014-06-11,2014-06,2014,1,Wednesday,"Lawmakers in Jamaica may legalize marijuana. While lawmakers in Italy may legalize spaghetti, and Ireland may legalize whiskey. #fallonmono",t00324
justinbieber,Love u too bro http://t.co/dJmo0z37qP @Skrillex,18/07/2015 03:33,6.22248E+17,en,53948,45154,2015-07-18 03:33:00,2015-07-18,2015-07,2015,3,Saturday,Love u too bro http://t.co/dJmo0z37qP @Skrillex,t00325
jimmyfallon,"Ebola was 2014's most popular U.S. Facebook topic. The World Cup was 6th. So in America, even ebola's more popular than soccer. #fallonmono",11/12/2014 00:31,5.42839E+17,en,6355,3408,2014-12-11 00:31:00,2014-12-11,2014-12,2014,0,Thursday,"Ebola was 2014's most popular U.S. Facebook topic. The World Cup was 6th. So in America, even ebola's more popular than soccer. #fallonmono",t00326
selenagomez,"Round and Round single artwork, I have a sneak peek of the song coming soon!!  Music video premiere on Disney... http://bit.ly/boAnvm",10/06/2010 21:51,15880957511,en,207,586,2010-06-10 21:51:00,2010-06-10,2010-06,2010,21,Thursday,"Round and Round single artwork, I have a sneak peek of the song coming soon!! Music video premiere on Disney... http://bit.ly/boAnvm",t00327
katyperry,"SOUTH AMERICA! I have SO much planned for you, but for now, I would like to announce…",26/09/2014 22:34,5.15631E+17,en,11521,9741,2014-09-26 22:34:00,2014-09-26,2014-09,2014,22,Friday,"SOUTH AMERICA! I have SO much planned for you, but for now, I would like to announce…",t00328
britneyspears,Saturday hotel room yoga! http://t.co/RnEyYyViYh,15/08/2015 23:26,6.32695E+17,en,8617,3021,2015-08-15 23:26:00,2015-08-15,2015-08,2015,23,Saturday,Saturday hotel room yoga! http://t.co/RnEyYyViYh,t00329
selenagomez,@billyontheradio Thank you so much for having me out.  Ryder is adorable!!!!!,16/06/2011 00:05,8.11503E+16,en,222,771,2011-06-16 00:05:00,2011-06-16,2011-06,2011,0,Thursday,@billyontheradio Thank you so much for having me out. Ryder is adorable!!!!!,t00330
youtube,Feeling inspired by @dulcecandy’s speech at #DNC2016. https://t.co/SoCSfRJK8u https://t.co/wkBJ8pFkiO,28/07/2016 15:11,7.58681E+17,en,793,83,2016-07-28 15:11:00,2016-07-28,2016-07,2016,15,Thursday,Feeling inspired by @dulcecandy’s speech at #DNC2016. https://t.co/SoCSfRJK8u https://t.co/wkBJ8pFkiO,t00331
instagram,Nail artist Aki Hirayama is all about a #tinycanvas challenge https://t.co/sxoew6qHQy,22/10/2016 17:30,7.89882E+17,en,598,97,2016-10-22 17:30:00,2016-10-22,2016-10,2016,17,Saturday,Nail artist Aki Hirayama is all about a #tinycanvas challenge https://t.co/sxoew6qHQy,t00332
justinbieber,What Do You Mean? Chris Martin from @coldplay legend thanks #7days http://t.co/IR3z4yxEQW,21/08/2015 17:23,6.34778E+17,en,50034,43890,2015-08-21 17:23:00,2015-08-21,2015-08,2015,17,Friday,What Do You Mean? Chris Martin from @coldplay legend thanks #7days http://t.co/IR3z4yxEQW,t00333
jimmyfallon,"Hashtag game! Tweet out a funny, weird, or embarrassing thing about a family member and tag with #MyCrazyFamily. Could be on our show!",08/04/2015 20:49,5.85907E+17,en,2135,607,2015-04-08 20:49:00,2015-04-08,2015-04,2015,20,Wednesday,"Hashtag game! Tweet out a funny, weird, or embarrassing thing about a family member and tag with #MyCrazyFamily. Could be on our show!",t00334
kimkardashian,Just landed in Cannes! Love that my mom &amp; Kylie are here too! #CannesLions,23/06/2015 08:35,6.13264E+17,en,8111,1354,2015-06-23 08:35:00,2015-06-23,2015-06,2015,8,Tuesday,Just landed in Cannes! Love that my mom & Kylie are here too! #CannesLions,t00335
selenagomez,Have a good day y'all! x :),03/10/2014 21:22,5.18149E+17,en,26376,21411,2014-10-03 21:22:00,2014-10-03,2014-10,2014,21,Friday,Have a good day y'all! x :),t00336
selenagomez,Pink carpet is open.  Go to http://t.co/8GMNPzmt http://t.co/8PT7CZwY,06/11/2011 18:14,1.33246E+17,en,799,2849,2011-11-06 18:14:00,2011-11-06,2011-11,2011,18,Sunday,Pink carpet is open. Go to http://t.co/8GMNPzmt http://t.co/8PT7CZwY,t00337
ladygaga,"Stand strong w/ ur pride, it belongs to u. Love is opposite of hate. My sincerest mourning 4 LGBTQ's suffering 2day https://t.co/0n3A143GEg",12/06/2016 20:44,7.42095E+17,en,49053,21427,2016-06-12 20:44:00,2016-06-12,2016-06,2016,20,Sunday,"Stand strong w/ ur pride, it belongs to u. Love is opposite of hate. My sincerest mourning 4 LGBTQ's suffering 2day https://t.co/0n3A143GEg",t00338
cnnbrk,"Five people killed in the shooting at Fort Lauderdale airport, a law enforcement official says.… https://t.co/ExLoOXrKSr",06/01/2017 19:13,8.17449E+17,en,955,2479,2017-01-06 19:13:00,2017-01-06,2017-01,2017,19,Friday,"Five people killed in the shooting at Fort Lauderdale airport, a law enforcement official says.… https://t.co/ExLoOXrKSr",t00339
justinbieber,It's great http://t.co/ZWMJvgSRpV https://t.co/HEN6q7P6WO,16/10/2015 19:19,6.55101E+17,en,17165,14330,2015-10-16 19:19:00,2015-10-16,2015-10,2015,19,Friday,It's great http://t.co/ZWMJvgSRpV https://t.co/HEN6q7P6WO,t00340
kimkardashian,Never give up on hope https://t.co/vBzFQ1UGiY,14/06/2016 02:50,7.4255E+17,en,4513,596,2016-06-14 02:50:00,2016-06-14,2016-06,2016,2,Tuesday,Never give up on hope https://t.co/vBzFQ1UGiY,t00341
barackobama,"""When what you're doing hasn't worked for 50 years, it's time to try something new."" —President Obama #SOTU",21/01/2015 02:50,5.57732E+17,en,5274,5100,2015-01-21 02:50:00,2015-01-21,2015-01,2015,2,Wednesday,"""When what you're doing hasn't worked for 50 years, it's time to try something new."" —President Obama #SOTU",t00342
ladygaga,@holyh00ker I'm definitely gonna peak at 75,06/10/2016 18:22,7.84097E+17,en,3035,968,2016-10-06 18:22:00,2016-10-06,2016-10,2016,18,Thursday,@holyh00ker I'm definitely gonna peak at 75,t00343
youtube,.@Tinashe gets her C.J. Parker on in #SUPERLOVE. https://t.co/aMZ98nRemM https://t.co/f2uvV9Mlya,15/08/2016 23:00,7.65322E+17,en,1473,286,2016-08-15 23:00:00,2016-08-15,2016-08,2016,23,Monday,.@Tinashe gets her C.J. Parker on in #SUPERLOVE. https://t.co/aMZ98nRemM https://t.co/f2uvV9Mlya,t00344
taylorswift13,"Remembering this incredible Manchester crowd from the other night, and getting ALL EXCITED FOR HYDE PARK TOMORROW. http://t.co/oZnmmVtePY",26/06/2015 09:54,6.14371E+17,en,37227,15131,2015-06-26 09:54:00,2015-06-26,2015-06,2015,9,Friday,"Remembering this incredible Manchester crowd from the other night, and getting ALL EXCITED FOR HYDE PARK TOMORROW. http://t.co/oZnmmVtePY",t00345
cristiano,"Introducing my debut fragrance for men - Cristiano Ronaldo Legacy - go to http://t.co/xxisDWV99f for more!
https://t.co/T1oRWjuYo1",09/09/2015 20:03,6.41704E+17,en,6359,2530,2015-09-09 20:03:00,2015-09-09,2015-09,2015,20,Wednesday,Introducing my debut fragrance for men - Cristiano Ronaldo Legacy - go to http://t.co/xxisDWV99f for more! https://t.co/T1oRWjuYo1,t00346
shakira,"In around 45 min, Shak will perform at the Opening Ceremony of the @UN's General Assembly in NY. Watch: http://t.co/BjGXAa41cx ShakHQ #UNGA",25/09/2015 13:55,6.47409E+17,en,1134,422,2015-09-25 13:55:00,2015-09-25,2015-09,2015,13,Friday,"In around 45 min, Shak will perform at the Opening Ceremony of the @UN's General Assembly in NY. Watch: http://t.co/BjGXAa41cx ShakHQ #UNGA",t00347
shakira,Shak's on the cover of the new anniversary edition of @GraziaMexico! / Shak en la portada de #GraziaMexico! ShakHQ http://t.co/aW96f0bIHe,19/11/2014 21:26,5.35182E+17,en,1570,713,2014-11-19 21:26:00,2014-11-19,2014-11,2014,21,Wednesday,Shak's on the cover of the new anniversary edition of @GraziaMexico! / Shak en la portada de #GraziaMexico! ShakHQ http://t.co/aW96f0bIHe,t00348
twitter,"@adinkolansky A fam that Tweets together, stays together.",30/12/2016 23:12,8.14972E+17,en,43,18,2016-12-30 23:12:00,2016-12-30,2016-12,2016,23,Friday,"@adinkolansky A fam that Tweets together, stays together.",t00349
cnnbrk,Two Georgia police officers were shot Monday. Six GA officers have been shot in six days. Two of them were killed.… https://t.co/PBkdFqwean,13/12/2016 07:12,8.0857E+17,en,325,397,2016-12-13 07:12:00,2016-12-13,2016-12,2016,7,Tuesday,Two Georgia police officers were shot Monday. Six GA officers have been shot in six days. Two of them were killed.… https://t.co/PBkdFqwean,t00350
youtube,Grandpa @d_TRIX gets his groove on in this week's #PrankAcademy. https://t.co/fukvVK2GQ5 https://t.co/rMieEMyPBH,28/04/2016 01:00,7.2549E+17,en,2886,616,2016-04-28 01:00:00,2016-04-28,2016-04,2016,1,Thursday,Grandpa @d_TRIX gets his groove on in this week's #PrankAcademy. https://t.co/fukvVK2GQ5 https://t.co/rMieEMyPBH,t00351
katyperry,@diplo oh. How kind!,19/04/2013 01:15,3.25055E+17,en,1107,1639,2013-04-19 01:15:00,2013-04-19,2013-04,2013,1,Friday,@diplo oh. How kind!,t00352
jtimberlake,Tonight...#SNL40,15/02/2015 21:37,5.67075E+17,en,13232,6348,2015-02-15 21:37:00,2015-02-15,2015-02,2015,21,Sunday,Tonight...#SNL40,t00353
barackobama,Enter now and you could meet President Obama in D.C. this fall: http://t.co/HDxcIuds0r,30/09/2015 15:07,6.49239E+17,en,950,304,2015-09-30 15:07:00,2015-09-30,2015-09,2015,15,Wednesday,Enter now and you could meet President Obama in D.C. this fall: http://t.co/HDxcIuds0r,t00354
rihanna,Why I love @startrekmovie in 50 seconds! #Sledgehammer https://t.co/XiRrLke0M0,09/07/2016 12:48,7.5176E+17,en,26261,7983,2016-07-09 12:48:00,2016-07-09,2016-07,2016,12,Saturday,Why I love @startrekmovie in 50 seconds! #Sledgehammer https://t.co/XiRrLke0M0,t00355
theellenshow,"Thanks everyone who came to the Heads Up! Game Show contestant open call. If ya missed it, there’s another tomorrow! http://t.co/STgcDTG22s",28/05/2015 20:57,6.04029E+17,en,1414,202,2015-05-28 20:57:00,2015-05-28,2015-05,2015,20,Thursday,"Thanks everyone who came to the Heads Up! Game Show contestant open call. If ya missed it, there’s another tomorrow! http://t.co/STgcDTG22s",t00356
ddlovato,Want a chance to win my custom Civic or LA trip to meet @nickjonas + me? https://t.co/gAQ31u41yL US/18+ https://t.co/UDYMJcUdOG @HondaStage,19/04/2016 20:58,7.2253E+17,en,10316,4914,2016-04-19 20:58:00,2016-04-19,2016-04,2016,20,Tuesday,Want a chance to win my custom Civic or LA trip to meet @nickjonas + me? https://t.co/gAQ31u41yL US/18+ https://t.co/UDYMJcUdOG @HondaStage,t00357
jtimberlake,Have you submitted your photo yet? http://t.co/8re4n3Q2 #InTime #PhotoContest,04/10/2011 19:02,1.21299E+17,en,62,130,2011-10-04 19:02:00,2011-10-04,2011-10,2011,19,Tuesday,Have you submitted your photo yet? http://t.co/8re4n3Q2 #InTime #PhotoContest,t00358
jtimberlake,17 days till #JT2020Tour...so time to learn a bit about Mr. @LyleBeniga. #MeetTheTNKids: http://t.co/Mk38zgx3Z1 -teamJT,04/11/2014 00:30,5.29431E+17,en,1397,493,2014-11-04 00:30:00,2014-11-04,2014-11,2014,0,Tuesday,17 days till #JT2020Tour...so time to learn a bit about Mr. @LyleBeniga. #MeetTheTNKids: http://t.co/Mk38zgx3Z1 -teamJT,t00359
katyperry,@thinagedream be still my heart,10/09/2016 21:31,7.74722E+17,en,3201,918,2016-09-10 21:31:00,2016-09-10,2016-09,2016,21,Saturday,@thinagedream be still my heart,t00360
shakira,Strike! https://t.co/lFG8vQnGTt,03/02/2016 00:34,6.9468E+17,en,5218,1189,2016-02-03 00:34:00,2016-02-03,2016-02,2016,0,Wednesday,Strike! https://t.co/lFG8vQnGTt,t00361
kimkardashian,HOW TO WEAR OLYMPIC BRONZE METALS https://t.co/9zTKFeTaMg,20/08/2016 18:23,7.67064E+17,en,2263,339,2016-08-20 18:23:00,2016-08-20,2016-08,2016,18,Saturday,HOW TO WEAR OLYMPIC BRONZE METALS https://t.co/9zTKFeTaMg,t00362
shakira,Video: @josebw on  Instagram #LaBicicletaKids 🚲🚲🚲  ShakHQ https://t.co/yeC1v8GONy,09/08/2016 20:42,7.63113E+17,en,2259,335,2016-08-09 20:42:00,2016-08-09,2016-08,2016,20,Tuesday,Video: @josebw on Instagram #LaBicicletaKids 🚲🚲🚲 ShakHQ https://t.co/yeC1v8GONy,t00363
cristiano,Hey guys. Today you can win a personalized mousepad by @mystarautograph. Send your photos with #weare20million.,01/08/2013 15:33,3.62959E+17,en,638,906,2013-08-01 15:33:00,2013-08-01,2013-08,2013,15,Thursday,Hey guys. Today you can win a personalized mousepad by @mystarautograph. Send your photos with #weare20million.,t00364
rihanna,"Hellooo Mama Africa, how are you? http://t.co/pgqXQqNBTW",13/10/2013 14:28,3.89397E+17,en,2087,3428,2013-10-13 14:28:00,2013-10-13,2013-10,2013,14,Sunday,"Hellooo Mama Africa, how are you? http://t.co/pgqXQqNBTW",t00365
britneyspears,Make Me…: Yes @G_Eazy bringing the swagger!! @thisisBURNS did such an amazing job bringing this song to life #GloryStreamingParty,27/08/2016 18:07,7.69597E+17,en,4722,1902,2016-08-27 18:07:00,2016-08-27,2016-08,2016,18,Saturday,Make Me…: Yes @G_Eazy bringing the swagger!! @thisisBURNS did such an amazing job bringing this song to life #GloryStreamingParty,t00366
arianagrande,#DangerousWomanTour dates &amp; venues https://t.co/6eNDWRNfk8 pre-sale tomorrow. more to come. I promise. ✉️ https://t.co/lp89UJA6vz,19/09/2016 21:35,7.77985E+17,en,25203,10146,2016-09-19 21:35:00,2016-09-19,2016-09,2016,21,Monday,#DangerousWomanTour dates & venues https://t.co/6eNDWRNfk8 pre-sale tomorrow. more to come. I promise. ✉️ https://t.co/lp89UJA6vz,t00367
youtube,@MatPatGT Here's a theory: you were always fated to win a #Streamys. Congrats! 🏆 https://t.co/AnlnjKwagd,03/10/2016 21:29,7.83056E+17,en,166,20,2016-10-03 21:29:00,2016-10-03,2016-10,2016,21,Monday,@MatPatGT Here's a theory: you were always fated to win a #Streamys. Congrats! 🏆 https://t.co/AnlnjKwagd,t00368
rihanna,"""Real nigga all day and tomorrow.""",06/04/2013 19:51,3.20625E+17,en,3169,9234,2013-04-06 19:51:00,2013-04-06,2013-04,2013,19,Saturday,"""Real nigga all day and tomorrow.""",t00369
twitter,"#ElectionNight coverage from @BuzzFeedNews is streaming LIVE on Twitter! Go to ⚡️ Moments or https://t.co/PykFISpFT6 on Tuesday, 6pm ET.",04/11/2016 23:09,7.94678E+17,en,731,279,2016-11-04 23:09:00,2016-11-04,2016-11,2016,23,Friday,"#ElectionNight coverage from @BuzzFeedNews is streaming LIVE on Twitter! Go to ⚡️ Moments or https://t.co/PykFISpFT6 on Tuesday, 6pm ET.",t00370
shakira,Excited about @coldplay performing  today on my last night on the Voice! Shak,21/05/2014 02:12,4.68937E+17,en,2844,1168,2014-05-21 02:12:00,2014-05-21,2014-05,2014,2,Wednesday,Excited about @coldplay performing today on my last night on the Voice! Shak,t00371
britneyspears,Thank you for having me @loosewomen!! Call me next time you ladies want more dance lessons 👯 https://t.co/t2xxxjutcw,05/10/2016 18:18,7.83733E+17,en,4258,1128,2016-10-05 18:18:00,2016-10-05,2016-10,2016,18,Wednesday,Thank you for having me @loosewomen!! Call me next time you ladies want more dance lessons 👯 https://t.co/t2xxxjutcw,t00372
twitter,Our partnership with @Comcast and @NBCUniversal lets users tune in to a TV show directly from a Tweet: https://t.co/vOWzAK43Rs,09/10/2013 15:32,3.87964E+17,en,607,1119,2013-10-09 15:32:00,2013-10-09,2013-10,2013,15,Wednesday,Our partnership with @Comcast and @NBCUniversal lets users tune in to a TV show directly from a Tweet: https://t.co/vOWzAK43Rs,t00373
arianagrande,happy birthday my love @dalinaway!!! there are no words. i love u for life. #mysistamysista… https://t.co/JJn1ThxZEV,30/05/2015 21:05,6.04756E+17,en,22682,10766,2015-05-30 21:05:00,2015-05-30,2015-05,2015,21,Saturday,happy birthday my love @dalinaway!!! there are no words. i love u for life. #mysistamysista… https://t.co/JJn1ThxZEV,t00374
arianagrande,look who cleared his busy schedule and flew in for the occasion. 🎂 https://t.co/6o2PbIzjmM,26/06/2015 17:25,6.14485E+17,en,21753,11207,2015-06-26 17:25:00,2015-06-26,2015-06,2015,17,Friday,look who cleared his busy schedule and flew in for the occasion. 🎂 https://t.co/6o2PbIzjmM,t00375
theellenshow,".@JessicaBiel is here today to gush all about our crush, @JTimberlake. https://t.co/D8gJqBfIL0 https://t.co/1HHPamRhlW",24/03/2016 20:14,7.13097E+17,en,3709,435,2016-03-24 20:14:00,2016-03-24,2016-03,2016,20,Thursday,".@JessicaBiel is here today to gush all about our crush, @JTimberlake. https://t.co/D8gJqBfIL0 https://t.co/1HHPamRhlW",t00376
cristiano,Share a photo or video on http://t.co/NfLwVV8dbW! I’ll pick my favourite &amp; post it on my FB and Twitter. @VivaRonaldo http://t.co/C8OL52VTpC,27/01/2014 18:19,4.27869E+17,en,3980,2698,2014-01-27 18:19:00,2014-01-27,2014-01,2014,18,Monday,Share a photo or video on http://t.co/NfLwVV8dbW! I’ll pick my favourite & post it on my FB and Twitter. @VivaRonaldo http://t.co/C8OL52VTpC,t00377
justinbieber,When you're too polite with @kingbach https://t.co/vE7KGOntlL,11/04/2015 02:09,5.86713E+17,en,106026,82446,2015-04-11 02:09:00,2015-04-11,2015-04,2015,2,Saturday,When you're too polite with @kingbach https://t.co/vE7KGOntlL,t00378
barackobama,Make this simple commitment: Say you'll help spread the word about health care enrollment. http://t.co/Z65LzbRibw,15/10/2014 22:41,5.22518E+17,en,908,555,2014-10-15 22:41:00,2014-10-15,2014-10,2014,22,Wednesday,Make this simple commitment: Say you'll help spread the word about health care enrollment. http://t.co/Z65LzbRibw,t00379
arianagrande,currently having a heart attack 💜💜💜💜💜 @TheAMAs http://t.co/IyoS2SRYuQ thank you so much for the nominations &amp; to my babes for voting 💜💜💜💜💜💜,13/10/2015 16:52,6.53977E+17,en,23108,13406,2015-10-13 16:52:00,2015-10-13,2015-10,2015,16,Tuesday,currently having a heart attack 💜💜💜💜💜 @TheAMAs http://t.co/IyoS2SRYuQ thank you so much for the nominations & to my babes for voting 💜💜💜💜💜💜,t00380
katyperry,There's a lot of women making HERstory this election cycle! Find them up AND down the ballot Nov… https://t.co/HVEup5Qoia,14/10/2016 00:25,7.86724E+17,en,8931,2153,2016-10-14 00:25:00,2016-10-14,2016-10,2016,0,Friday,There's a lot of women making HERstory this election cycle! Find them up AND down the ballot Nov… https://t.co/HVEup5Qoia,t00381
rihanna,Waiting in line at the #MAC store for my #RiRiHeartsMAC collection in stores and online today!!! It's… http://t.co/rgpWPE6xw7,03/10/2013 14:15,3.8577E+17,en,1331,1564,2013-10-03 14:15:00,2013-10-03,2013-10,2013,14,Thursday,Waiting in line at the #MAC store for my #RiRiHeartsMAC collection in stores and online today!!! It's… http://t.co/rgpWPE6xw7,t00382
ddlovato,#CoolForTheSummer is finally out in the UK!!! Get it on iTunes: http://t.co/X2SlZ44TaE and listen on Spotify http://t.co/FUS33M0ePr !!!!,28/08/2015 17:15,6.37313E+17,en,12348,8810,2015-08-28 17:15:00,2015-08-28,2015-08,2015,17,Friday,#CoolForTheSummer is finally out in the UK!!! Get it on iTunes: http://t.co/X2SlZ44TaE and listen on Spotify http://t.co/FUS33M0ePr !!!!,t00383
jtimberlake,Tickets for my charity concert benefiting Shriners Hospitals for Children go on sale tomorrow @ 10am PT. Who's coming? It's for the kids.,14/08/2011 19:51,1.0283E+17,en,97,400,2011-08-14 19:51:00,2011-08-14,2011-08,2011,19,Sunday,Tickets for my charity concert benefiting Shriners Hospitals for Children go on sale tomorrow @ 10am PT. Who's coming? It's for the kids.,t00384
selenagomez,Procrastination at its finest. This is me reading all your lovely/hilarious tweets before bed. http://t.co/1XcN3cfCbU,14/08/2014 09:07,4.99845E+17,en,11465,8393,2014-08-14 09:07:00,2014-08-14,2014-08,2014,9,Thursday,Procrastination at its finest. This is me reading all your lovely/hilarious tweets before bed. http://t.co/1XcN3cfCbU,t00385
youtube,@ZozeeBo A very YouTube Christmas indeed! Now that's a party we'd want to attend.,23/12/2015 15:32,6.79686E+17,en,757,67,2015-12-23 15:32:00,2015-12-23,2015-12,2015,15,Wednesday,@ZozeeBo A very YouTube Christmas indeed! Now that's a party we'd want to attend.,t00386
cristiano,@luis_cr7_RM I'm sure we will meet one day.,02/12/2013 10:48,4.07461E+17,en,433,215,2013-12-02 10:48:00,2013-12-02,2013-12,2013,10,Monday,@luis_cr7_RM I'm sure we will meet one day.,t00387
rihanna,#DETROIT was revved the phuck up tonight! Wooiiiiii!! Can't wait to come back! Wunna show me nuff love!! #DiamondsWorldTour,22/03/2013 04:01,3.1495E+17,en,1318,2236,2013-03-22 04:01:00,2013-03-22,2013-03,2013,4,Friday,#DETROIT was revved the phuck up tonight! Wooiiiiii!! Can't wait to come back! Wunna show me nuff love!! #DiamondsWorldTour,t00388
cristiano,Well done @_markusLFC_  I’ll follow you and you win a Portugal’s CR autographed jersey.,31/12/2012 19:31,2.8583E+17,en,484,705,2012-12-31 19:31:00,2012-12-31,2012-12,2012,19,Monday,Well done @_markusLFC_ I’ll follow you and you win a Portugal’s CR autographed jersey.,t00389
taylorswift13,Feeling really honored... https://t.co/SlxoWgxBBQ,01/11/2016 18:33,7.93521E+17,en,52258,13420,2016-11-01 18:33:00,2016-11-01,2016-11,2016,18,Tuesday,Feeling really honored... https://t.co/SlxoWgxBBQ,t00390
justinbieber,I love you https://t.co/RYCrqwdKi1,07/11/2015 16:22,6.63029E+17,en,69323,65439,2015-11-07 16:22:00,2015-11-07,2015-11,2015,16,Saturday,I love you https://t.co/RYCrqwdKi1,t00391
taylorswift13,"Bonus Track 
(Only available at Target)
#1989lyrics 
2 days, guys. http://t.co/JIqByfCQNU",25/10/2014 05:52,5.25888E+17,en,8535,5677,2014-10-25 05:52:00,2014-10-25,2014-10,2014,5,Saturday,"Bonus Track (Only available at Target) #1989lyrics 2 days, guys. http://t.co/JIqByfCQNU",t00392
arianagrande,morning my babes ♡ excited for today !,25/02/2016 17:04,7.02902E+17,en,39704,17893,2016-02-25 17:04:00,2016-02-25,2016-02,2016,17,Thursday,morning my babes ♡ excited for today !,t00393
cristiano,I always look forward to the start @manar141 do you still get nervous before a match or you're already too used to it to get nervous?,02/02/2011 07:00,3.26947E+16,en,110,130,2011-02-02 07:00:00,2011-02-02,2011-02,2011,7,Wednesday,I always look forward to the start @manar141 do you still get nervous before a match or you're already too used to it to get nervous?,t00394
cristiano,We won! Real Madrid 4- Auxerre 0,09/12/2010 18:42,1.29402E+16,en,71,514,2010-12-09 18:42:00,2010-12-09,2010-12,2010,18,Thursday,We won! Real Madrid 4- Auxerre 0,t00395
taylorswift13,It's so wild being back in London when Shake It Off is in its 3rd week at #1 and I get in the car and… http://t.co/Wn8Tf1z0iI,08/10/2014 12:15,5.19823E+17,en,11699,6662,2014-10-08 12:15:00,2014-10-08,2014-10,2014,12,Wednesday,It's so wild being back in London when Shake It Off is in its 3rd week at #1 and I get in the car and… http://t.co/Wn8Tf1z0iI,t00396
jimmyfallon,"Will Ferrell stops by to announce that he's the ""newer"" Santa Claus https://t.co/AwPKf5DNi8 #FallonTonight",17/12/2015 14:10,6.77491E+17,en,2069,626,2015-12-17 14:10:00,2015-12-17,2015-12,2015,14,Thursday,"Will Ferrell stops by to announce that he's the ""newer"" Santa Claus https://t.co/AwPKf5DNi8 #FallonTonight",t00397
kimkardashian,OUR FAMILY PETS https://t.co/3ioewIQlOl,03/08/2016 15:02,7.60853E+17,en,2609,363,2016-08-03 15:02:00,2016-08-03,2016-08,2016,15,Wednesday,OUR FAMILY PETS https://t.co/3ioewIQlOl,t00398
rihanna,Thank you @RobinsonCano and @SkyDigg4 for getting on board with @UNICEF to help the people of the Philippines!! http://t.co/SRvYXn3jXj,27/11/2013 20:03,4.05789E+17,en,2189,1870,2013-11-27 20:03:00,2013-11-27,2013-11,2013,20,Wednesday,Thank you @RobinsonCano and @SkyDigg4 for getting on board with @UNICEF to help the people of the Philippines!! http://t.co/SRvYXn3jXj,t00399
britneyspears,"If you're going to celebrate a birthday, Vegas is the best place to do it 🎉 #LoveTwitter  https://t.co/yWAWZs57PR",22/03/2016 00:18,7.12071E+17,en,5882,1760,2016-03-22 00:18:00,2016-03-22,2016-03,2016,0,Tuesday,"If you're going to celebrate a birthday, Vegas is the best place to do it 🎉 #LoveTwitter https://t.co/yWAWZs57PR",t00400
theellenshow,"Cricket Wireless is the launch partner for my new game, Psych! What can I say? I’m Psyched. https://t.co/Z8nzMZSPDD
https://t.co/CtBFhuO70O",30/11/2015 22:11,6.71451E+17,en,2058,326,2015-11-30 22:11:00,2015-11-30,2015-11,2015,22,Monday,"Cricket Wireless is the launch partner for my new game, Psych! What can I say? I’m Psyched. https://t.co/Z8nzMZSPDD https://t.co/CtBFhuO70O",t00401
justinbieber,I tour in #mycalvins. Follow @calvinklein + RT their #PURPOSETOURxCK post to win tix https://t.co/hkWtECH70B,07/04/2016 05:13,7.17943E+17,en,115879,70045,2016-04-07 05:13:00,2016-04-07,2016-04,2016,5,Thursday,I tour in #mycalvins. Follow @calvinklein + RT their #PURPOSETOURxCK post to win tix https://t.co/hkWtECH70B,t00402
shakira,Shoot for @VanityFair in September 2009 / Foto para la revista Vanity Fair - Septiembre 2009 ShakHQ #TBT http://t.co/omcNcgdqRT,18/12/2014 19:42,5.45665E+17,en,2164,900,2014-12-18 19:42:00,2014-12-18,2014-12,2014,19,Thursday,Shoot for @VanityFair in September 2009 / Foto para la revista Vanity Fair - Septiembre 2009 ShakHQ #TBT http://t.co/omcNcgdqRT,t00403
cnnbrk,"Actor Hugh O'Brian, known for his role in ""The Life and Legend of Wyatt Earp,"" has died. He was 91. https://t.co/EB5PzOg5cY",06/09/2016 04:33,7.73016E+17,en,466,238,2016-09-06 04:33:00,2016-09-06,2016-09,2016,4,Tuesday,"Actor Hugh O'Brian, known for his role in ""The Life and Legend of Wyatt Earp,"" has died. He was 91. https://t.co/EB5PzOg5cY",t00404
youtube,"Whoever said a mixtape couldn't make it to the #Grammys, allow us to introduce Kehlani: https://t.co/cVKLA5FT6a https://t.co/1WT1oSdHIC",13/02/2016 18:00,6.98567E+17,en,2261,1133,2016-02-13 18:00:00,2016-02-13,2016-02,2016,18,Saturday,"Whoever said a mixtape couldn't make it to the #Grammys, allow us to introduce Kehlani: https://t.co/cVKLA5FT6a https://t.co/1WT1oSdHIC",t00405
kimkardashian,On top of a glacier! @TheKingDream @kourtneykardash https://t.co/ADeNWTe8du,19/04/2016 16:31,7.22463E+17,en,8218,1235,2016-04-19 16:31:00,2016-04-19,2016-04,2016,16,Tuesday,On top of a glacier! @TheKingDream @kourtneykardash https://t.co/ADeNWTe8du,t00406
jimmyfallon,"In case you missed: @StevieNicks performs an acoustic version of ""Rhiannon"" http://t.co/2HFWkNdGUw Get her new album: http://t.co/FZS81VMzvQ",06/11/2014 15:31,5.30382E+17,en,942,299,2014-11-06 15:31:00,2014-11-06,2014-11,2014,15,Thursday,"In case you missed: @StevieNicks performs an acoustic version of ""Rhiannon"" http://t.co/2HFWkNdGUw Get her new album: http://t.co/FZS81VMzvQ",t00407
theellenshow,It’s time for Episode 3 of #GrandDesign! This might be the grandest one yet. #LaughDancePartner… https://t.co/hwfftdjESq,07/10/2016 13:01,7.84378E+17,en,2102,193,2016-10-07 13:01:00,2016-10-07,2016-10,2016,13,Friday,It’s time for Episode 3 of #GrandDesign! This might be the grandest one yet. #LaughDancePartner… https://t.co/hwfftdjESq,t00408
jimmyfallon,Happy St. Patrick's Day!!!,17/03/2014 12:46,4.45542E+17,en,5470,2631,2014-03-17 12:46:00,2014-03-17,2014-03,2014,12,Monday,Happy St. Patrick's Day!!!,t00409
rihanna,Happy Father's Day Pops! I love you deeply and unconditionally! You've taught me so much about myself! #DAD http://t.co/bmJhZSvOb4,15/06/2014 14:33,4.78183E+17,en,8618,2965,2014-06-15 14:33:00,2014-06-15,2014-06,2014,14,Sunday,Happy Father's Day Pops! I love you deeply and unconditionally! You've taught me so much about myself! #DAD http://t.co/bmJhZSvOb4,t00410
instagram,Seeking out the little things at #NYFW with @Cassidy_Araiza https://t.co/jEI2oTh8mh,09/09/2016 00:30,7.74042E+17,en,606,101,2016-09-09 00:30:00,2016-09-09,2016-09,2016,0,Friday,Seeking out the little things at #NYFW with @Cassidy_Araiza https://t.co/jEI2oTh8mh,t00411
barackobama,Ida is one of the millions of people getting new opportunities to go solar and save money. Find out more: https://t.co/GTDwZu2lNT,21/07/2016 20:50,7.5623E+17,en,2558,633,2016-07-21 20:50:00,2016-07-21,2016-07,2016,20,Thursday,Ida is one of the millions of people getting new opportunities to go solar and save money. Find out more: https://t.co/GTDwZu2lNT,t00412
instagram,Louisville Jack-O-Lantern Spectacular = 😍 🎃  https://t.co/5r2HUKP9Fc,27/10/2016 22:30,7.91769E+17,en,532,105,2016-10-27 22:30:00,2016-10-27,2016-10,2016,22,Thursday,Louisville Jack-O-Lantern Spectacular = 😍 🎃 https://t.co/5r2HUKP9Fc,t00413
kimkardashian,"Luv this pic pulling into AT&amp;T park,blind folded, w an orchestra playing &amp; had no idea what was about to happen!!! 💍 https://t.co/Gd1sDe5TJV",23/10/2015 05:32,6.57429E+17,en,6641,1185,2015-10-23 05:32:00,2015-10-23,2015-10,2015,5,Friday,"Luv this pic pulling into AT&T park,blind folded, w an orchestra playing & had no idea what was about to happen!!! 💍 https://t.co/Gd1sDe5TJV",t00414
jimmyfallon,.@ElizabethBanks and I play Catchphrase against Jon Glaser and @TheTimMcGraw https://t.co/iWccLcCIQO #FallonTonight,13/11/2015 13:58,6.65167E+17,en,1086,182,2015-11-13 13:58:00,2015-11-13,2015-11,2015,13,Friday,.@ElizabethBanks and I play Catchphrase against Jon Glaser and @TheTimMcGraw https://t.co/iWccLcCIQO #FallonTonight,t00415
selenagomez,Happy BDay to the @RyanFoundation at @ChildrensPhila! The studio is 1 yr old! Congrats to @Ryanseacrest’s... http://t.co/wlkD4G8C,16/07/2012 15:06,2.24883E+17,en,1812,3699,2012-07-16 15:06:00,2012-07-16,2012-07,2012,15,Monday,Happy BDay to the @RyanFoundation at @ChildrensPhila! The studio is 1 yr old! Congrats to @Ryanseacrest’s... http://t.co/wlkD4G8C,t00416
cnnbrk,"Hurricane Matthew death toll rises to 14 in US: 
• 7 in North Carolina
• 4 in Florida
• 3 in Georgia… https://t.co/aZM84sbCrX",09/10/2016 13:55,7.85117E+17,en,822,1116,2016-10-09 13:55:00,2016-10-09,2016-10,2016,13,Sunday,Hurricane Matthew death toll rises to 14 in US: • 7 in North Carolina • 4 in Florida • 3 in Georgia… https://t.co/aZM84sbCrX,t00417
cristiano,"So, you think you know me? Prove it on the Viva Ronaldo iOS app. Download it at http://t.co/rxBw6wGDdl #VivaRonaldo",25/05/2013 12:10,3.38266E+17,en,1067,1797,2013-05-25 12:10:00,2013-05-25,2013-05,2013,12,Saturday,"So, you think you know me? Prove it on the Viva Ronaldo iOS app. Download it at http://t.co/rxBw6wGDdl #VivaRonaldo",t00418
ladygaga,Me and my dear friend Jean-Paul Goude after he enjoyed the artRave. I could laugh with him for hours… http://t.co/BdDaogujoB,25/11/2014 12:35,5.37223E+17,en,3327,2075,2014-11-25 12:35:00,2014-11-25,2014-11,2014,12,Tuesday,Me and my dear friend Jean-Paul Goude after he enjoyed the artRave. I could laugh with him for hours… http://t.co/BdDaogujoB,t00419
shakira,Shakira Bird is starring in this week’s #AngryBirdsFriends #LoveRocks Tournament! -&gt; http://t.co/q2lLjgusn0 ShakHQ http://t.co/mbbK0sdq4d,05/10/2015 17:01,6.5108E+17,en,1044,375,2015-10-05 17:01:00,2015-10-05,2015-10,2015,17,Monday,Shakira Bird is starring in this week’s #AngryBirdsFriends #LoveRocks Tournament! -> http://t.co/q2lLjgusn0 ShakHQ http://t.co/mbbK0sdq4d,t00420
shakira,"Shak has partnered with @Activia for their new ""Dare to Feel Good""
campaign. Watch the ad now! http://t.co/PKwyJfdeNt ShakHQ",16/03/2014 20:01,4.45289E+17,en,880,513,2014-03-16 20:01:00,2014-03-16,2014-03,2014,20,Sunday,"Shak has partnered with @Activia for their new ""Dare to Feel Good"" campaign. Watch the ad now! http://t.co/PKwyJfdeNt ShakHQ",t00421
cnnbrk,"Family of Texas girl who was slammed to ground by police  after 2015 pool party sues city, police and ex-cop.… https://t.co/HieyRVNNiz",05/01/2017 09:58,8.16947E+17,en,653,245,2017-01-05 09:58:00,2017-01-05,2017-01,2017,9,Thursday,"Family of Texas girl who was slammed to ground by police after 2015 pool party sues city, police and ex-cop.… https://t.co/HieyRVNNiz",t00422
jtimberlake,"#RIPCraigSager 

You made basketball BETTER. There will never be another you. Prayers to your family and loved ones.

-JT",16/12/2016 00:00,8.09549E+17,en,9119,1763,2016-12-16 00:00:00,2016-12-16,2016-12,2016,0,Friday,#RIPCraigSager You made basketball BETTER. There will never be another you. Prayers to your family and loved ones. -JT,t00423
theellenshow,Did you hear that people who curse more are more intelligent? I did a whole f&amp;@%ing monologue about it. https://t.co/hts1fZWtjE,21/01/2017 00:15,8.22598E+17,en,11119,1476,2017-01-21 00:15:00,2017-01-21,2017-01,2017,0,Saturday,Did you hear that people who curse more are more intelligent? I did a whole f&@%ing monologue about it. https://t.co/hts1fZWtjE,t00424
theellenshow,"Happy birthday to my fellow CoverGirl, @SofiaVergara! She’s breezy. I’m easy.",10/07/2016 18:12,7.52204E+17,en,9786,1105,2016-07-10 18:12:00,2016-07-10,2016-07,2016,18,Sunday,"Happy birthday to my fellow CoverGirl, @SofiaVergara! She’s breezy. I’m easy.",t00425
twitter,#newTwitter for everyone! All users now have access to the new Twitter. Check for the yellow button http://t.co/AyGxbN2,13/10/2010 17:59,27263759643,en,227,1150,2010-10-13 17:59:00,2010-10-13,2010-10,2010,17,Wednesday,#newTwitter for everyone! All users now have access to the new Twitter. Check for the yellow button http://t.co/AyGxbN2,t00426
selenagomez,"Hope everyone had a fun safe night last night.  Here's to a happy, healthy, successful 2013 for everyone.  I love you guys!!",01/01/2013 16:33,2.86148E+17,en,11784,18485,2013-01-01 16:33:00,2013-01-01,2013-01,2013,16,Tuesday,"Hope everyone had a fun safe night last night. Here's to a happy, healthy, successful 2013 for everyone. I love you guys!!",t00427
theellenshow,"Happy #StarWarsDay! Can’t think of a better way to celebrate than w/ a Star Wars @HeadsUp deck. #MayThe4thBeWithYou
https://t.co/bdLhFFFTBo",04/05/2016 20:09,7.27953E+17,en,3077,538,2016-05-04 20:09:00,2016-05-04,2016-05,2016,20,Wednesday,Happy #StarWarsDay! Can’t think of a better way to celebrate than w/ a Star Wars @HeadsUp deck. #MayThe4thBeWithYou https://t.co/bdLhFFFTBo,t00428
cnnbrk,'It's sexual assault': Biden condemns Trump comments in which candidate brags about groping women.… https://t.co/5L8wJK5CKs,08/10/2016 20:54,7.8486E+17,en,2236,999,2016-10-08 20:54:00,2016-10-08,2016-10,2016,20,Saturday,'It's sexual assault': Biden condemns Trump comments in which candidate brags about groping women.… https://t.co/5L8wJK5CKs,t00429
youtube,"What a year 🙁  

A playlist of vids to remember 2016's fallen heroes → https://t.co/I9ZjNmNUkK https://t.co/PcpQOcy04c",29/12/2016 15:07,8.14488E+17,en,2020,415,2016-12-29 15:07:00,2016-12-29,2016-12,2016,15,Thursday,What a year 🙁 A playlist of vids to remember 2016's fallen heroes → https://t.co/I9ZjNmNUkK https://t.co/PcpQOcy04c,t00430
britneyspears,What a sweet little girl - love you too!  RT @hannahspears @britneyspears awww thanks mommy - I love you!,26/11/2012 17:45,2.7312E+17,en,487,1010,2012-11-26 17:45:00,2012-11-26,2012-11,2012,17,Monday,What a sweet little girl - love you too! RT @hannahspears @britneyspears awww thanks mommy - I love you!,t00431
jimmyfallon,".@BryanCranston and I share clips from our 90's soap opera ""Suspended Suspense"" https://t.co/62Ok680ih1 #FallonTonight",03/11/2015 14:28,6.6155E+17,en,1031,242,2015-11-03 14:28:00,2015-11-03,2015-11,2015,14,Tuesday,".@BryanCranston and I share clips from our 90's soap opera ""Suspended Suspense"" https://t.co/62Ok680ih1 #FallonTonight",t00432
taylorswift13,The RedTour is doing Secret Santa. Just found this in my dressing room and ran down the halls screaming 'SANTA!!!' http://t.co/1fdgUXpM63,04/12/2013 07:36,4.08138E+17,en,16348,9216,2013-12-04 07:36:00,2013-12-04,2013-12,2013,7,Wednesday,The RedTour is doing Secret Santa. Just found this in my dressing room and ran down the halls screaming 'SANTA!!!' http://t.co/1fdgUXpM63,t00433
jimmyfallon,"Excited to have @BillGates on the show tonight!! Plus, @nbcsnl's Kate McKinnon &amp; music from @wildcubmusic. #LateNight #LNJF",21/01/2014 17:34,4.25683E+17,en,672,247,2014-01-21 17:34:00,2014-01-21,2014-01,2014,17,Tuesday,"Excited to have @BillGates on the show tonight!! Plus, @nbcsnl's Kate McKinnon & music from @wildcubmusic. #LateNight #LNJF",t00434
ladygaga,"Afternoon Camel pose, and then off to MusiCares to celebrate Bob Dylan! What a crazy weekend! 🙏… http://t.co/z8P2xNzT8k",07/02/2015 00:15,5.63854E+17,en,4856,2999,2015-02-07 00:15:00,2015-02-07,2015-02,2015,0,Saturday,"Afternoon Camel pose, and then off to MusiCares to celebrate Bob Dylan! What a crazy weekend! 🙏… http://t.co/z8P2xNzT8k",t00435
youtube,@quintabrunson Congrats Quinta! We cannot wait for this show to come out.,08/09/2016 00:44,7.73683E+17,en,37,2,2016-09-08 00:44:00,2016-09-08,2016-09,2016,0,Thursday,@quintabrunson Congrats Quinta! We cannot wait for this show to come out.,t00436
cristiano,"Tickets are now on sale for @RonaldoFilm, in cinemas Nov 9: http://t.co/Quq6edyZbg 🎥🎬 More cinemas coming soon! http://t.co/P1MxMEIK4p",07/10/2015 17:49,6.51817E+17,en,8055,3616,2015-10-07 17:49:00,2015-10-07,2015-10,2015,17,Wednesday,"Tickets are now on sale for @RonaldoFilm, in cinemas Nov 9: http://t.co/Quq6edyZbg 🎥🎬 More cinemas coming soon! http://t.co/P1MxMEIK4p",t00437
youtube,@ZARvideos We do not know that dance. Please demonstrate.,13/01/2016 22:43,6.87405E+17,en,13,2,2016-01-13 22:43:00,2016-01-13,2016-01,2016,22,Wednesday,@ZARvideos We do not know that dance. Please demonstrate.,t00438
kimkardashian,On the way to Balmain https://t.co/veZI9vvLXp,29/09/2016 15:14,7.81512E+17,en,43619,15437,2016-09-29 15:14:00,2016-09-29,2016-09,2016,15,Thursday,On the way to Balmain https://t.co/veZI9vvLXp,t00439
taylorswift13,Sydney. Just look at you.... #RedTour http://t.co/LkgCgpDrjD,05/12/2013 00:08,4.08387E+17,en,7437,6231,2013-12-05 00:08:00,2013-12-05,2013-12,2013,0,Thursday,Sydney. Just look at you.... #RedTour http://t.co/LkgCgpDrjD,t00440
rihanna,The. MonstER. Tour. http://t.co/Qal34Oi9SA,22/03/2014 04:59,4.47236E+17,en,4285,3508,2014-03-22 04:59:00,2014-03-22,2014-03,2014,4,Saturday,The. MonstER. Tour. http://t.co/Qal34Oi9SA,t00441
shakira,Thank you for all the amazing #LaBicicletaKids videos. Here are some of our favorites… ShakHQ 🚲,09/08/2016 20:28,7.6311E+17,en,1598,321,2016-08-09 20:28:00,2016-08-09,2016-08,2016,20,Tuesday,Thank you for all the amazing #LaBicicletaKids videos. Here are some of our favorites… ShakHQ 🚲,t00442
taylorswift13,Unforgettable night thanks to that LA crowd..... And @jtimberlake. http://t.co/ooB3FdUPw2,27/08/2015 09:02,6.36826E+17,en,49108,22112,2015-08-27 09:02:00,2015-08-27,2015-08,2015,9,Thursday,Unforgettable night thanks to that LA crowd..... And @jtimberlake. http://t.co/ooB3FdUPw2,t00443
britneyspears,"Work Bitch will be available on @iTunesMusic that night at 12:01am ET, Sept 17th... are u ready?! #YouBettaWorkB #1Week",10/09/2013 22:50,3.77565E+17,en,2721,5254,2013-09-10 22:50:00,2013-09-10,2013-09,2013,22,Tuesday,"Work Bitch will be available on @iTunesMusic that night at 12:01am ET, Sept 17th... are u ready?! #YouBettaWorkB #1Week",t00444
kimkardashian,I'm watching these beauty blogger audition tapes for my new show!!!! So many amazing people to choose from. This is going to be so much fun!,26/08/2016 00:50,7.68974E+17,en,13935,1107,2016-08-26 00:50:00,2016-08-26,2016-08,2016,0,Friday,I'm watching these beauty blogger audition tapes for my new show!!!! So many amazing people to choose from. This is going to be so much fun!,t00445
selenagomez,The best: Selenators Are Excited For Come And Get It,25/03/2013 18:42,3.16259E+17,en,10973,19967,2013-03-25 18:42:00,2013-03-25,2013-03,2013,18,Monday,The best: Selenators Are Excited For Come And Get It,t00446
selenagomez,Drac's pack is back. #HotelT2 http://t.co/tMWh3JGD5b,26/03/2015 21:54,5.81213E+17,en,23423,14012,2015-03-26 21:54:00,2015-03-26,2015-03,2015,21,Thursday,Drac's pack is back. #HotelT2 http://t.co/tMWh3JGD5b,t00447
britneyspears,This is amazing ❤️❤️❤️ @haileyknoxmusic https://t.co/zwIK3TUXxt,28/11/2016 01:45,8.03052E+17,en,4001,1043,2016-11-28 01:45:00,2016-11-28,2016-11,2016,1,Monday,This is amazing ❤️❤️❤️ @haileyknoxmusic https://t.co/zwIK3TUXxt,t00448
jimmyfallon,I’m calling in in an half an hour. @nfl football hoodie HANDS HIGH. It’s should be fun! #TodaysSpecial https://t.co/TlQ7h7UkzL,07/10/2016 11:37,7.84357E+17,en,894,137,2016-10-07 11:37:00,2016-10-07,2016-10,2016,11,Friday,I’m calling in in an half an hour. @nfl football hoodie HANDS HIGH. It’s should be fun! #TodaysSpecial https://t.co/TlQ7h7UkzL,t00449
taylorswift13,4 hours. #RED,22/10/2012 00:06,2.6017E+17,en,5867,13320,2012-10-22 00:06:00,2012-10-22,2012-10,2012,0,Monday,4 hours. #RED,t00450
arianagrande,I LOVE YOU TOO https://t.co/PHoyKwoQzX,11/02/2016 22:42,6.97914E+17,en,14483,4804,2016-02-11 22:42:00,2016-02-11,2016-02,2016,22,Thursday,I LOVE YOU TOO https://t.co/PHoyKwoQzX,t00451
youtube,.@zaynmalik gets his TRON on in #LIKEIWOULD. https://t.co/GWw0jQIPiG https://t.co/9RDky7p5Z4,10/05/2016 16:16,7.30069E+17,en,1411,376,2016-05-10 16:16:00,2016-05-10,2016-05,2016,16,Tuesday,.@zaynmalik gets his TRON on in #LIKEIWOULD. https://t.co/GWw0jQIPiG https://t.co/9RDky7p5Z4,t00452
cnnbrk,"Turkey has requested U.S. extradite cleric it blames for coup attempt, PM says. https://t.co/VwNDOmYLCb https://t.co/HbJoxKjUVh",19/07/2016 09:42,7.55337E+17,en,172,139,2016-07-19 09:42:00,2016-07-19,2016-07,2016,9,Tuesday,"Turkey has requested U.S. extradite cleric it blames for coup attempt, PM says. https://t.co/VwNDOmYLCb https://t.co/HbJoxKjUVh",t00453
youtube,[LIVE] @BernieSanders addresses his supporters to discuss the road ahead. https://t.co/w7TRmEHq02 https://t.co/Ht02sNv2WT,17/06/2016 00:30,7.43602E+17,en,1956,668,2016-06-17 00:30:00,2016-06-17,2016-06,2016,0,Friday,[LIVE] @BernieSanders addresses his supporters to discuss the road ahead. https://t.co/w7TRmEHq02 https://t.co/Ht02sNv2WT,t00454
youtube,This is why you don’t let robots go outside unsupervised. https://t.co/1roUv9psde https://t.co/bX0a7UZgLd,14/09/2016 23:30,7.76201E+17,en,1002,184,2016-09-14 23:30:00,2016-09-14,2016-09,2016,23,Wednesday,This is why you don’t let robots go outside unsupervised. https://t.co/1roUv9psde https://t.co/bX0a7UZgLd,t00455
theellenshow,"If you want to see what happens right before my show, you can today. Be ready at 3:15pm PST &amp; make sure you’re following me on #Periscope.",16/04/2015 17:35,5.88758E+17,en,1636,353,2015-04-16 17:35:00,2015-04-16,2015-04,2015,17,Thursday,"If you want to see what happens right before my show, you can today. Be ready at 3:15pm PST & make sure you’re following me on #Periscope.",t00456
cristiano,No one at the National Team is indifferent to Europe’s refuggee crisis. All our thoughts are with those people. http://t.co/Gf9wvXEuNJ,03/09/2015 17:07,6.39485E+17,en,17653,10243,2015-09-03 17:07:00,2015-09-03,2015-09,2015,17,Thursday,No one at the National Team is indifferent to Europe’s refuggee crisis. All our thoughts are with those people. http://t.co/Gf9wvXEuNJ,t00457
shakira,Shooting a new spot with @akerlund_jonas! @crest @oralb #3DWhite #comingsoon #smile  Shak http://t.co/pHKVC0YXsw,25/08/2013 15:13,3.71652E+17,en,1645,1142,2013-08-25 15:13:00,2013-08-25,2013-08,2013,15,Sunday,Shooting a new spot with @akerlund_jonas! @crest @oralb #3DWhite #comingsoon #smile Shak http://t.co/pHKVC0YXsw,t00458
barackobama,When all Americans are treated equally—no matter who they are or whom they love—our country will be a better place. http://t.co/KmQ9Ugo7eV,02/06/2015 16:35,6.05775E+17,en,4725,2580,2015-06-02 16:35:00,2015-06-02,2015-06,2015,16,Tuesday,When all Americans are treated equally—no matter who they are or whom they love—our country will be a better place. http://t.co/KmQ9Ugo7eV,t00459
twitter,It's time for the @MLB #postseason. Don't miss a single pitch: http://t.co/h58L2ze9,05/10/2012 18:36,2.54289E+17,en,133,171,2012-10-05 18:36:00,2012-10-05,2012-10,2012,18,Friday,It's time for the @MLB #postseason. Don't miss a single pitch: http://t.co/h58L2ze9,t00460
arianagrande,"welp.. cried the whole show. thank you El Paso.💜 to anybody who's attended to the Honeymoon Tour, I love you. this has been a dream. 4 more.",16/10/2015 05:04,6.54886E+17,en,31788,15385,2015-10-16 05:04:00,2015-10-16,2015-10,2015,5,Friday,"welp.. cried the whole show. thank you El Paso.💜 to anybody who's attended to the Honeymoon Tour, I love you. this has been a dream. 4 more.",t00461
twitter,"Celebrating 20 years of the original squad goals. 🐰🏀

https://t.co/worH22UfYt",15/11/2016 21:08,7.98634E+17,en,1949,966,2016-11-15 21:08:00,2016-11-15,2016-11,2016,21,Tuesday,Celebrating 20 years of the original squad goals. 🐰🏀 https://t.co/worH22UfYt,t00462
rihanna,Pull up Philly! Exclusive merch on sale at #MadeInAmerica https://t.co/ZyRi1kmkwZ https://t.co/0AyfzLFxNK,03/09/2016 20:55,7.72176E+17,en,12982,3758,2016-09-03 20:55:00,2016-09-03,2016-09,2016,20,Saturday,Pull up Philly! Exclusive merch on sale at #MadeInAmerica https://t.co/ZyRi1kmkwZ https://t.co/0AyfzLFxNK,t00463
theellenshow,It’s a baby candy corn. https://t.co/maTUeoq9AM,21/10/2016 22:21,7.89592E+17,en,16179,3713,2016-10-21 22:21:00,2016-10-21,2016-10,2016,22,Friday,It’s a baby candy corn. https://t.co/maTUeoq9AM,t00464
twitter,@KuneCoco For you it can! #LoveTwitter https://t.co/2CrhxnBIQo,21/03/2016 20:35,7.12015E+17,en,92,16,2016-03-21 20:35:00,2016-03-21,2016-03,2016,20,Monday,@KuneCoco For you it can! #LoveTwitter https://t.co/2CrhxnBIQo,t00465
kimkardashian,Isn't it just called maternity leave? If coming to NYC support my husband &amp; have so enjoyed my time at home with my babies &amp; family.,09/02/2016 22:17,6.97183E+17,en,6996,1103,2016-02-09 22:17:00,2016-02-09,2016-02,2016,22,Tuesday,Isn't it just called maternity leave? If coming to NYC support my husband & have so enjoyed my time at home with my babies & family.,t00466
shakira,At U2's awesome concert! Shak http://t.co/3FLMdD26Ze,05/10/2015 22:55,6.51169E+17,en,5811,1696,2015-10-05 22:55:00,2015-10-05,2015-10,2015,22,Monday,At U2's awesome concert! Shak http://t.co/3FLMdD26Ze,t00467
barackobama,LIVE: Watch the 2015 White House Correspondents' Dinner. http://t.co/JYRHmvEGSV #WHCD,26/04/2015 02:20,5.92151E+17,en,1738,791,2015-04-26 02:20:00,2015-04-26,2015-04,2015,2,Sunday,LIVE: Watch the 2015 White House Correspondents' Dinner. http://t.co/JYRHmvEGSV #WHCD,t00468
instagram,We're not sure what this is either. But we like it. Open Explore 🔍 and get hooked on #SurrealGraphics videos https://t.co/xK0v84BZ5h,08/03/2016 00:00,7.06993E+17,en,952,167,2016-03-08 00:00:00,2016-03-08,2016-03,2016,0,Tuesday,We're not sure what this is either. But we like it. Open Explore 🔍 and get hooked on #SurrealGraphics videos https://t.co/xK0v84BZ5h,t00469
barackobama,TONIGHT: Don't miss your chance to see Hawaii. Enter before the deadline. http://t.co/rBwNcVI05c http://t.co/B2SF6XLc4g,30/06/2015 17:14,6.15931E+17,en,1081,367,2015-06-30 17:14:00,2015-06-30,2015-06,2015,17,Tuesday,TONIGHT: Don't miss your chance to see Hawaii. Enter before the deadline. http://t.co/rBwNcVI05c http://t.co/B2SF6XLc4g,t00470
jtimberlake,It's an honor to share the #Eurovision stage tonight with so many talented artists from all over Europe... https://t.co/M9Y2qdho9X,14/05/2016 19:40,7.3157E+17,en,24154,7132,2016-05-14 19:40:00,2016-05-14,2016-05,2016,19,Saturday,It's an honor to share the #Eurovision stage tonight with so many talented artists from all over Europe... https://t.co/M9Y2qdho9X,t00471
theellenshow,"If you love playing Epic or Fail as much as I do, check out the first episode of the Epic or Fail show on @ellentube http://t.co/bkFQzHRt3E",06/10/2015 21:08,6.51504E+17,en,1078,213,2015-10-06 21:08:00,2015-10-06,2015-10,2015,21,Tuesday,"If you love playing Epic or Fail as much as I do, check out the first episode of the Epic or Fail show on @ellentube http://t.co/bkFQzHRt3E",t00472
kimkardashian,Find out why Karl made me cry on my 1st shoot w him 😂 but don't worry he made it up to me  https://t.co/M0m4mjqwvP https://t.co/kGNi7GmbE3,02/08/2016 16:45,7.60517E+17,en,4667,652,2016-08-02 16:45:00,2016-08-02,2016-08,2016,16,Tuesday,Find out why Karl made me cry on my 1st shoot w him 😂 but don't worry he made it up to me https://t.co/M0m4mjqwvP https://t.co/kGNi7GmbE3,t00473
youtube,Which R.R. writer has the sickest flow? https://t.co/F4LiSUPsmm https://t.co/ZFqlR0FCK4,03/05/2016 20:30,7.27596E+17,en,929,128,2016-05-03 20:30:00,2016-05-03,2016-05,2016,20,Tuesday,Which R.R. writer has the sickest flow? https://t.co/F4LiSUPsmm https://t.co/ZFqlR0FCK4,t00474
shakira,Our Nativity! / Nuestro Pesebre! Shak http://t.co/YsOmu6CIbe,05/12/2014 19:43,5.40955E+17,en,3167,1493,2014-12-05 19:43:00,2014-12-05,2014-12,2014,19,Friday,Our Nativity! / Nuestro Pesebre! Shak http://t.co/YsOmu6CIbe,t00475
twitter,Part 4 of Twitter's #YearInReview: the top Tweets per Second (TPS) of 2011. http://t.co/7ApFEUsP http://t.co/37Lu59kn,06/12/2011 21:05,1.4416E+17,en,130,200,2011-12-06 21:05:00,2011-12-06,2011-12,2011,21,Tuesday,Part 4 of Twitter's #YearInReview: the top Tweets per Second (TPS) of 2011. http://t.co/7ApFEUsP http://t.co/37Lu59kn,t00476
katyperry,SO happy that my tour gets to learn the gift of Transcendental Meditation today! Imagine the⚡️that's gonna come out of us moving forward! 🙇,05/10/2014 20:22,5.18859E+17,en,8547,4421,2014-10-05 20:22:00,2014-10-05,2014-10,2014,20,Sunday,SO happy that my tour gets to learn the gift of Transcendental Meditation today! Imagine the⚡️that's gonna come out of us moving forward! 🙇,t00477
selenagomez,So excited to be joining this film. http://t.co/RvqSgoR49k,01/04/2013 18:55,3.18799E+17,en,4388,7240,2013-04-01 18:55:00,2013-04-01,2013-04,2013,18,Monday,So excited to be joining this film. http://t.co/RvqSgoR49k,t00478
jimmyfallon,“@PrivysTake: Cano on @jimmyfallon BOOOOOOOO” ha. This guy is gonna laugh when he sees the show tonight.,29/04/2014 01:36,4.60956E+17,en,504,84,2014-04-29 01:36:00,2014-04-29,2014-04,2014,1,Tuesday,“@PrivysTake: Cano on @jimmyfallon BOOOOOOOO” ha. This guy is gonna laugh when he sees the show tonight.,t00479
katyperry,"What do Italy, Ireland, Slovakia, Slovenia  have in common? They all get #PRISM Friday! DON'T WORRY if it's not in stores for you yet...",17/10/2013 22:43,3.90971E+17,en,1961,2145,2013-10-17 22:43:00,2013-10-17,2013-10,2013,22,Thursday,"What do Italy, Ireland, Slovakia, Slovenia have in common? They all get #PRISM Friday! DON'T WORRY if it's not in stores for you yet...",t00480
barackobama,"""Michelle and I extend our wishes for an easy fast to all those observing Yom Kippur."" —President Obama",23/09/2015 16:41,6.46726E+17,en,2746,880,2015-09-23 16:41:00,2015-09-23,2015-09,2015,16,Wednesday,"""Michelle and I extend our wishes for an easy fast to all those observing Yom Kippur."" —President Obama",t00481
ddlovato,Post workout xo's ❤️💋🐶 https://t.co/Yy3v1QXSXW,27/02/2015 06:41,5.71199E+17,en,14706,10107,2015-02-27 06:41:00,2015-02-27,2015-02,2015,6,Friday,Post workout xo's ❤️💋🐶 https://t.co/Yy3v1QXSXW,t00482
barackobama,Lend a hand—chip in to show your support for this grassroots movement. https://t.co/YaGm6yDvaY https://t.co/DmR1NUHnbr,18/12/2015 16:51,6.77894E+17,en,3335,786,2015-12-18 16:51:00,2015-12-18,2015-12,2015,16,Friday,Lend a hand—chip in to show your support for this grassroots movement. https://t.co/YaGm6yDvaY https://t.co/DmR1NUHnbr,t00483
barackobama,"""We made change work for us, always extending America’s promise outward, to the next frontier, to more people."" —President Obama #SOTU",13/01/2016 02:19,6.87097E+17,en,1336,548,2016-01-13 02:19:00,2016-01-13,2016-01,2016,2,Wednesday,"""We made change work for us, always extending America’s promise outward, to the next frontier, to more people."" —President Obama #SOTU",t00484
instagram,🐱 + 🐶 = 💕  (and today’s #WeeklyFluff!) https://t.co/CsXx83aoWW,03/01/2017 23:30,8.16426E+17,en,961,178,2017-01-03 23:30:00,2017-01-03,2017-01,2017,23,Tuesday,🐱 + 🐶 = 💕 (and today’s #WeeklyFluff!) https://t.co/CsXx83aoWW,t00485
cnnbrk,Officials say they believe Ahmad Khan Rahami is man seen on surveillance near NY bombing https://t.co/KJDhyP01wT https://t.co/ML4GeSzCGi,19/09/2016 13:37,7.77864E+17,en,301,430,2016-09-19 13:37:00,2016-09-19,2016-09,2016,13,Monday,Officials say they believe Ahmad Khan Rahami is man seen on surveillance near NY bombing https://t.co/KJDhyP01wT https://t.co/ML4GeSzCGi,t00486
jimmyfallon,.@jtimberlake and I return to Camp Winnipesaukee https://t.co/WD1H5GlaQc #FallonTonight #JTonFallon,27/10/2016 12:01,7.91611E+17,en,3094,937,2016-10-27 12:01:00,2016-10-27,2016-10,2016,12,Thursday,.@jtimberlake and I return to Camp Winnipesaukee https://t.co/WD1H5GlaQc #FallonTonight #JTonFallon,t00487
rihanna,In LOVE with this video! Thank U @JColeNC for the beautiful message in this art piece #pleasereconsideryourwarondrugs http://t.co/bIyzbSCSq2,22/09/2013 09:03,3.81705E+17,en,2195,3012,2013-09-22 09:03:00,2013-09-22,2013-09,2013,9,Sunday,In LOVE with this video! Thank U @JColeNC for the beautiful message in this art piece #pleasereconsideryourwarondrugs http://t.co/bIyzbSCSq2,t00488
barackobama,"""The United States of America is the most powerful nation on Earth. Period."" —President Obama #SOTU",13/01/2016 02:46,6.87103E+17,en,4059,2224,2016-01-13 02:46:00,2016-01-13,2016-01,2016,2,Wednesday,"""The United States of America is the most powerful nation on Earth. Period."" —President Obama #SOTU",t00489
twitter,"TweetDeck has a new look! Try out the light theme and more in our updated web, Chrome, Mac and Windows apps http://t.co/fCAsIcTw",10/10/2012 15:54,2.5606E+17,en,151,333,2012-10-10 15:54:00,2012-10-10,2012-10,2012,15,Wednesday,"TweetDeck has a new look! Try out the light theme and more in our updated web, Chrome, Mac and Windows apps http://t.co/fCAsIcTw",t00490
arianagrande,@boocaprincesses love you princesses,14/02/2016 20:47,6.98972E+17,en,10497,3848,2016-02-14 20:47:00,2016-02-14,2016-02,2016,20,Sunday,@boocaprincesses love you princesses,t00491
jimmyfallon,Bumped into Martin Short and @SteveMartinToGo backstage before the show last night https://t.co/xT6RpNLrcW #FallonTonight,28/10/2016 12:31,7.91981E+17,en,1145,182,2016-10-28 12:31:00,2016-10-28,2016-10,2016,12,Friday,Bumped into Martin Short and @SteveMartinToGo backstage before the show last night https://t.co/xT6RpNLrcW #FallonTonight,t00492
britneyspears,My baby sister 💕 https://t.co/5Hp0Rd1r1E,16/03/2016 19:12,7.10182E+17,en,12257,3318,2016-03-16 19:12:00,2016-03-16,2016-03,2016,19,Wednesday,My baby sister 💕 https://t.co/5Hp0Rd1r1E,t00493
jtimberlake,Big congrats to @DaveEvangelist and mashellsd ! #finderskeepers #LOTS http://t.co/8YgpZA7TS5,05/08/2013 04:21,3.6424E+17,en,325,286,2013-08-05 04:21:00,2013-08-05,2013-08,2013,4,Monday,Big congrats to @DaveEvangelist and mashellsd ! #finderskeepers #LOTS http://t.co/8YgpZA7TS5,t00494
ladygaga,"Incredible read. On the more ""unsentimental,"" intellectual side of mental illness...and by that case… https://t.co/zRm5KMkyIW",13/07/2015 17:33,6.20647E+17,en,3447,1968,2015-07-13 17:33:00,2015-07-13,2015-07,2015,17,Monday,"Incredible read. On the more ""unsentimental,"" intellectual side of mental illness...and by that case… https://t.co/zRm5KMkyIW",t00495
twitter,"#TNF  is LIVE on Twitter tonight! Who you got?

Watch LIVE at 8pm ET ➡️ https://t.co/vHwCiwcRH9",15/09/2016 21:00,7.76526E+17,en,451,157,2016-09-15 21:00:00,2016-09-15,2016-09,2016,21,Thursday,#TNF is LIVE on Twitter tonight! Who you got? Watch LIVE at 8pm ET ➡️ https://t.co/vHwCiwcRH9,t00496
barackobama,"""Today our high school graduation rate is at an all-time high."" —President Obama",02/07/2015 18:55,6.16682E+17,en,1986,787,2015-07-02 18:55:00,2015-07-02,2015-07,2015,18,Thursday,"""Today our high school graduation rate is at an all-time high."" —President Obama",t00497
cnnbrk,"Hundreds block highway, law enforcement shoots down ‘threatening’ drone amid Dakota Access Pipeline protests.… https://t.co/QmbJRuxrfL",23/10/2016 23:46,7.90339E+17,en,752,630,2016-10-23 23:46:00,2016-10-23,2016-10,2016,23,Sunday,"Hundreds block highway, law enforcement shoots down ‘threatening’ drone amid Dakota Access Pipeline protests.… https://t.co/QmbJRuxrfL",t00498
ddlovato,2015 was pretty amazing. Let's do this 2016!!!! https://t.co/wSA2BKtyrI,30/12/2015 17:14,6.82248E+17,en,28228,17274,2015-12-30 17:14:00,2015-12-30,2015-12,2015,17,Wednesday,2015 was pretty amazing. Let's do this 2016!!!! https://t.co/wSA2BKtyrI,t00499
ddlovato,LA!! Last show tonight which means its our last #CastOnTour series. You guys will definitely want to be here for it https://t.co/nIIULV5v6U,17/09/2016 15:38,7.7717E+17,en,14335,4484,2016-09-17 15:38:00,2016-09-17,2016-09,2016,15,Saturday,LA!! Last show tonight which means its our last #CastOnTour series. You guys will definitely want to be here for it https://t.co/nIIULV5v6U,t00500
britneyspears,"@girlyoumine Yay, so glad you like it :) Hi Poland!",17/06/2013 14:38,3.46638E+17,en,131,164,2013-06-17 14:38:00,2013-06-17,2013-06,2013,14,Monday,"@girlyoumine Yay, so glad you like it :) Hi Poland!",t00501
taylorswift13,Sunbathing in San Diego. http://t.co/PRl7kCyYDw,30/08/2015 18:15,6.38052E+17,en,49104,15531,2015-08-30 18:15:00,2015-08-30,2015-08,2015,18,Sunday,Sunbathing in San Diego. http://t.co/PRl7kCyYDw,t00502
cnnbrk,"Wing part found on Tanzanian island ""highly likely"" from #MH370, Australia's transport minister says. https://t.co/k7JLJ7iDN7",30/07/2016 04:28,7.59244E+17,en,431,439,2016-07-30 04:28:00,2016-07-30,2016-07,2016,4,Saturday,"Wing part found on Tanzanian island ""highly likely"" from #MH370, Australia's transport minister says. https://t.co/k7JLJ7iDN7",t00503
instagram,"Stripping down silhouettes with Maria Sainte
https://t.co/yYLLecgDeu https://t.co/tXACbBhA8B",09/01/2016 21:24,6.85935E+17,en,1506,326,2016-01-09 21:24:00,2016-01-09,2016-01,2016,21,Saturday,Stripping down silhouettes with Maria Sainte https://t.co/yYLLecgDeu https://t.co/tXACbBhA8B,t00504
taylorswift13,"Louisville, Kentucky. What an epic crowd tonight!!",08/05/2013 03:48,3.31979E+17,en,6218,6688,2013-05-08 03:48:00,2013-05-08,2013-05,2013,3,Wednesday,"Louisville, Kentucky. What an epic crowd tonight!!",t00505
twitter,@Manoj_Chandra11 Here's to ten more. At least. #LoveTwitter https://t.co/Z2dMZKtvU9,21/03/2016 21:08,7.12023E+17,en,78,17,2016-03-21 21:08:00,2016-03-21,2016-03,2016,21,Monday,@Manoj_Chandra11 Here's to ten more. At least. #LoveTwitter https://t.co/Z2dMZKtvU9,t00506
twitter,"Live from #Rio2016, day three is underway! Hit follow to get the best #Olympics updates right in your timeline ⬇️
https://t.co/mBvPYxMt1l",08/08/2016 17:25,7.62701E+17,en,688,174,2016-08-08 17:25:00,2016-08-08,2016-08,2016,17,Monday,"Live from #Rio2016, day three is underway! Hit follow to get the best #Olympics updates right in your timeline ⬇️ https://t.co/mBvPYxMt1l",t00507
jimmyfallon,Obama/Putin phone call http://t.co/d73fWeoe7B #FallonTonight #exclusive #noFilter,20/03/2014 19:16,4.46727E+17,en,967,660,2014-03-20 19:16:00,2014-03-20,2014-03,2014,19,Thursday,Obama/Putin phone call http://t.co/d73fWeoe7B #FallonTonight #exclusive #noFilter,t00508
selenagomez,Sometimes we think we aren't good enough. But then I realize when I think I'm alone I have God.,02/10/2014 00:46,5.17476E+17,en,41801,39371,2014-10-02 00:46:00,2014-10-02,2014-10,2014,0,Thursday,Sometimes we think we aren't good enough. But then I realize when I think I'm alone I have God.,t00509
cnnbrk,"At least four people were killed in a vehicular attack in Jerusalem, Israel's emergency services said. https://t.co/YiUepD1BLx",08/01/2017 12:23,8.18071E+17,en,384,435,2017-01-08 12:23:00,2017-01-08,2017-01,2017,12,Sunday,"At least four people were killed in a vehicular attack in Jerusalem, Israel's emergency services said. https://t.co/YiUepD1BLx",t00510
youtube,@updatedphan lol nah,09/05/2016 21:57,7.29792E+17,en,575,103,2016-05-09 21:57:00,2016-05-09,2016-05,2016,21,Monday,@updatedphan lol nah,t00511
selenagomez,"Can't wait!  Doing something fun for @DOLbySel this weekend in White Plains, NY.  Stay tuned for the details :)... http://t.co/M1bYimfT",09/11/2012 22:14,2.67027E+17,en,2744,4806,2012-11-09 22:14:00,2012-11-09,2012-11,2012,22,Friday,"Can't wait! Doing something fun for @DOLbySel this weekend in White Plains, NY. Stay tuned for the details :)... http://t.co/M1bYimfT",t00512
cnnbrk,"German police are carrying out a major operation due to “suspected preparation of an attack with explosives."" https://t.co/kiop0GL77A",08/10/2016 11:31,7.84718E+17,en,535,653,2016-10-08 11:31:00,2016-10-08,2016-10,2016,11,Saturday,"German police are carrying out a major operation due to “suspected preparation of an attack with explosives."" https://t.co/kiop0GL77A",t00513
britneyspears,Hanging out in the studio with the coolest kid around @AlexDaKid http://t.co/uxhWKZDgZx,10/07/2015 23:44,6.19653E+17,en,4832,2314,2015-07-10 23:44:00,2015-07-10,2015-07,2015,23,Friday,Hanging out in the studio with the coolest kid around @AlexDaKid http://t.co/uxhWKZDgZx,t00514
cnnbrk,"NJ train engineer in fatal crash had undiagnosed sleep apnea, lawyer says. https://t.co/BM1T42yqqP",17/11/2016 17:19,7.99301E+17,en,277,208,2016-11-17 17:19:00,2016-11-17,2016-11,2016,17,Thursday,"NJ train engineer in fatal crash had undiagnosed sleep apnea, lawyer says. https://t.co/BM1T42yqqP",t00515
jimmyfallon,"The President's approval rating has hit a new low of just 40%. Or as Obama put it, ""60 under par!"" #fallonmono",06/08/2014 23:46,4.97167E+17,en,2590,1130,2014-08-06 23:46:00,2014-08-06,2014-08,2014,23,Wednesday,"The President's approval rating has hit a new low of just 40%. Or as Obama put it, ""60 under par!"" #fallonmono",t00516
barackobama,“This deal is not just the best choice among alternatives—this is the strongest non-proliferation agreement ever.” —President Obama,05/08/2015 16:34,6.28967E+17,en,832,349,2015-08-05 16:34:00,2015-08-05,2015-08,2015,16,Wednesday,“This deal is not just the best choice among alternatives—this is the strongest non-proliferation agreement ever.” —President Obama,t00517
katyperry,🐴Y'ALL!🐴 Last day to vote for me &amp; @KaceyMusgrave's Roar from #Crossroads for @CMT Performance of the Year http://t.co/fiitPM6tGc #CMTawards,07/06/2015 19:46,6.07635E+17,en,9559,4883,2015-06-07 19:46:00,2015-06-07,2015-06,2015,19,Sunday,🐴Y'ALL!🐴 Last day to vote for me & @KaceyMusgrave's Roar from #Crossroads for @CMT Performance of the Year http://t.co/fiitPM6tGc #CMTawards,t00518
ladygaga,This is amazing! 👅👅👅@lucanapp98,19/10/2016 14:06,7.88743E+17,en,5269,1314,2016-10-19 14:06:00,2016-10-19,2016-10,2016,14,Wednesday,This is amazing! 👅👅👅@lucanapp98,t00519
rihanna,Eskimo Horror  Cover Story @Wmag September Issue http://t.co/beEMf3EN8Y,10/08/2014 18:59,4.98544E+17,en,10700,5608,2014-08-10 18:59:00,2014-08-10,2014-08,2014,18,Sunday,Eskimo Horror Cover Story @Wmag September Issue http://t.co/beEMf3EN8Y,t00520
ladygaga,"""Lady Gaga Reflects On Her Year With Tony, Taylor, and the Acid-like Effect of ARTPOP.""  By John Norris https://t.co/l9cFjWO81N",23/12/2014 05:11,5.47258E+17,en,5345,3567,2014-12-23 05:11:00,2014-12-23,2014-12,2014,5,Tuesday,"""Lady Gaga Reflects On Her Year With Tony, Taylor, and the Acid-like Effect of ARTPOP."" By John Norris https://t.co/l9cFjWO81N",t00521
britneyspears,Britney Army... I salute you on this one 🇺🇸 #MakeMe https://t.co/cGuJ0NQCPy https://t.co/pxAodGekgE,20/07/2016 22:51,7.55898E+17,en,7934,3959,2016-07-20 22:51:00,2016-07-20,2016-07,2016,22,Wednesday,Britney Army... I salute you on this one 🇺🇸 #MakeMe https://t.co/cGuJ0NQCPy https://t.co/pxAodGekgE,t00522
kimkardashian,13. Mr. Hughes,26/08/2015 19:11,6.36617E+17,en,29816,32208,2015-08-26 19:11:00,2015-08-26,2015-08,2015,19,Wednesday,13. Mr. Hughes,t00523
selenagomez,My inspiration to wake up every single morning.... My perfectly imperfect momma. She's the light of my life. http://t.co/p9NW6TTZQo,24/06/2015 17:51,6.13766E+17,en,48332,25645,2015-06-24 17:51:00,2015-06-24,2015-06,2015,17,Wednesday,My inspiration to wake up every single morning.... My perfectly imperfect momma. She's the light of my life. http://t.co/p9NW6TTZQo,t00524
twitter,@LadySarahWoo Our kind of story time! #LoveTwitter https://t.co/5pG9iEjSIF,21/03/2016 20:06,7.12007E+17,en,109,14,2016-03-21 20:06:00,2016-03-21,2016-03,2016,20,Monday,@LadySarahWoo Our kind of story time! #LoveTwitter https://t.co/5pG9iEjSIF,t00525
justinbieber,Hello UK,21/10/2015 12:21,6.56808E+17,en,58063,43023,2015-10-21 12:21:00,2015-10-21,2015-10,2015,12,Wednesday,Hello UK,t00526
barackobama,Watch: Austan Goolsbee talks about why Congress should act to build economic #OpportunityForAll. http://t.co/fK2sO84a3I,26/08/2014 15:22,5.04288E+17,en,491,199,2014-08-26 15:22:00,2014-08-26,2014-08,2014,15,Tuesday,Watch: Austan Goolsbee talks about why Congress should act to build economic #OpportunityForAll. http://t.co/fK2sO84a3I,t00527
theellenshow,"Happy birthday, @Macklemore! Sending love to you and your partner, @RyanLewis. MUSIC PARTNER. I meant music partner.",19/06/2015 18:21,6.11962E+17,en,5003,1171,2015-06-19 18:21:00,2015-06-19,2015-06,2015,18,Friday,"Happy birthday, @Macklemore! Sending love to you and your partner, @RyanLewis. MUSIC PARTNER. I meant music partner.",t00528
ddlovato,@LifeOfDesiigner thank YOU for joining us!! #HondaCivicTour #FutureNow,09/07/2016 21:01,7.51884E+17,en,4072,2073,2016-07-09 21:01:00,2016-07-09,2016-07,2016,21,Saturday,@LifeOfDesiigner thank YOU for joining us!! #HondaCivicTour #FutureNow,t00529
katyperry,ECSTATIC to announce: http://t.co/F75dul8G9a,18/11/2013 09:00,4.02361E+17,en,15761,12390,2013-11-18 09:00:00,2013-11-18,2013-11,2013,9,Monday,ECSTATIC to announce: http://t.co/F75dul8G9a,t00530
barackobama,President Obama's #ImmigrationAction could give our economy a big boost: http://t.co/W5qmEptbCh http://t.co/rSaxD8OTAX,09/12/2014 23:49,5.42466E+17,en,487,530,2014-12-09 23:49:00,2014-12-09,2014-12,2014,23,Tuesday,President Obama's #ImmigrationAction could give our economy a big boost: http://t.co/W5qmEptbCh http://t.co/rSaxD8OTAX,t00531
twitter,Express yourself with more than just words. Get creative with polls and #Stickers. #TwitterTips https://t.co/G3IQWi3XCp,28/09/2016 20:37,7.81231E+17,en,811,247,2016-09-28 20:37:00,2016-09-28,2016-09,2016,20,Wednesday,Express yourself with more than just words. Get creative with polls and #Stickers. #TwitterTips https://t.co/G3IQWi3XCp,t00532
jimmyfallon,"Tonight: Andrew Garfield and I are going to race pocket bikes, talk with Mary Lynn @Rajskub and music from @CHVRCHES. #FallonTonight",01/05/2014 18:27,4.61935E+17,en,1177,324,2014-05-01 18:27:00,2014-05-01,2014-05,2014,18,Thursday,"Tonight: Andrew Garfield and I are going to race pocket bikes, talk with Mary Lynn @Rajskub and music from @CHVRCHES. #FallonTonight",t00533
ladygaga,I wrote a letter sharing my experience w/ PTSD. I want 2 help others understand what it is + how to get or give help https://t.co/7wmuvNLcT5,07/12/2016 01:58,8.06317E+17,en,9700,4332,2016-12-07 01:58:00,2016-12-07,2016-12,2016,1,Wednesday,I wrote a letter sharing my experience w/ PTSD. I want 2 help others understand what it is + how to get or give help https://t.co/7wmuvNLcT5,t00534
justinbieber,Thank you. #PURPOSE https://t.co/ZWMJvgSRpV,17/11/2015 19:29,6.667E+17,en,40874,31097,2015-11-17 19:29:00,2015-11-17,2015-11,2015,19,Tuesday,Thank you. #PURPOSE https://t.co/ZWMJvgSRpV,t00535
barackobama,Add your name if you support global efforts to tackle climate change: https://t.co/IQJzH7sb2C,27/04/2016 22:20,7.2545E+17,en,1876,605,2016-04-27 22:20:00,2016-04-27,2016-04,2016,22,Wednesday,Add your name if you support global efforts to tackle climate change: https://t.co/IQJzH7sb2C,t00536
ddlovato,Let's do this @SugaRashadEvans!!!! #UFC192,04/10/2015 03:39,6.50516E+17,en,9318,5221,2015-10-04 03:39:00,2015-10-04,2015-10,2015,3,Sunday,Let's do this @SugaRashadEvans!!!! #UFC192,t00537
cnnbrk,"At least 8 people were killed when militants attacked a police checkpoint in Tikrit, Iraq, an official says.… https://t.co/zKsCCduREH",24/09/2016 09:10,7.79609E+17,en,173,154,2016-09-24 09:10:00,2016-09-24,2016-09,2016,9,Saturday,"At least 8 people were killed when militants attacked a police checkpoint in Tikrit, Iraq, an official says.… https://t.co/zKsCCduREH",t00538
shakira,"Check out Shak's performance with #TeamShakira on last night's @NBCTheVoice! (Apologies, this vid is US only) http://t.co/4ylgEC1LPP ShakHQ",22/05/2013 18:03,3.37268E+17,en,225,297,2013-05-22 18:03:00,2013-05-22,2013-05,2013,18,Wednesday,"Check out Shak's performance with #TeamShakira on last night's @NBCTheVoice! (Apologies, this vid is US only) http://t.co/4ylgEC1LPP ShakHQ",t00539
rihanna,Sweeeeeet ass goal Ronaldo!!!,26/06/2014 17:39,4.82217E+17,en,11536,9679,2014-06-26 17:39:00,2014-06-26,2014-06,2014,17,Thursday,Sweeeeeet ass goal Ronaldo!!!,t00540
taylorswift13,"Here it is... your behind the scenes look at the #1989SecretSessions. Love you guys so much. 
http://t.co/0dxlZtW6TJ",16/10/2014 23:26,5.22891E+17,en,14428,11882,2014-10-16 23:26:00,2014-10-16,2014-10,2014,23,Thursday,Here it is... your behind the scenes look at the #1989SecretSessions. Love you guys so much. http://t.co/0dxlZtW6TJ,t00541
selenagomez,@sleazydemetria thank you! xoxo,08/05/2013 01:27,3.31943E+17,en,829,857,2013-05-08 01:27:00,2013-05-08,2013-05,2013,1,Wednesday,@sleazydemetria thank you! xoxo,t00542
britneyspears,#tbt Being interviewed by the amazing @jayleno....thanks for making us smile for so many years :) http://t.co/Nnn1Auz3Y6,07/02/2014 05:04,4.31655E+17,en,6814,3193,2014-02-07 05:04:00,2014-02-07,2014-02,2014,5,Friday,#tbt Being interviewed by the amazing @jayleno....thanks for making us smile for so many years :) http://t.co/Nnn1Auz3Y6,t00543
instagram,Calm water = a magic mirror #TheWeekOnInstagram https://t.co/0rT1U4sGdP,23/08/2016 23:45,7.68233E+17,en,696,132,2016-08-23 23:45:00,2016-08-23,2016-08,2016,23,Tuesday,Calm water = a magic mirror #TheWeekOnInstagram https://t.co/0rT1U4sGdP,t00544
cnnbrk,"3 bodies found in Ohio after woman calls 911 while her alleged abductor slept, police say. https://t.co/LZB2HLOiL0 https://t.co/ZFNeqjxAtM",16/09/2016 02:57,7.76616E+17,en,355,313,2016-09-16 02:57:00,2016-09-16,2016-09,2016,2,Friday,"3 bodies found in Ohio after woman calls 911 while her alleged abductor slept, police say. https://t.co/LZB2HLOiL0 https://t.co/ZFNeqjxAtM",t00545
ddlovato,Accidental cover 💁🏻 thanks @stylewatchmag!! #supyonce https://t.co/3c3fOKxCTA,19/07/2015 00:44,6.22568E+17,en,9996,6533,2015-07-19 00:44:00,2015-07-19,2015-07,2015,0,Sunday,Accidental cover 💁🏻 thanks @stylewatchmag!! #supyonce https://t.co/3c3fOKxCTA,t00546
twitter,@KeshaTedder we think so too! https://t.co/AbR24YjCJ7,06/06/2016 20:51,7.39923E+17,en,217,62,2016-06-06 20:51:00,2016-06-06,2016-06,2016,20,Monday,@KeshaTedder we think so too! https://t.co/AbR24YjCJ7,t00547
twitter,"#TNF is back.

Tap 👇 now to catch the @HoustonTexans take on the @Patriots LIVE on Twitter!
https://t.co/eCsgy1y604",23/09/2016 00:01,7.79108E+17,en,645,281,2016-09-23 00:01:00,2016-09-23,2016-09,2016,0,Friday,#TNF is back. Tap 👇 now to catch the @HoustonTexans take on the @Patriots LIVE on Twitter! https://t.co/eCsgy1y604,t00548
instagram,Happy Halloween weekend! Watch our story for more shenanigans 🎃 https://t.co/0ZMkk1j23w https://t.co/pp7QXlNNUq,30/10/2016 02:30,7.92554E+17,en,1114,229,2016-10-30 02:30:00,2016-10-30,2016-10,2016,2,Sunday,Happy Halloween weekend! Watch our story for more shenanigans 🎃 https://t.co/0ZMkk1j23w https://t.co/pp7QXlNNUq,t00549
twitter,"Tonight's #debate was the most Tweeted ever, with more than 17 million debate-related Tweets sent.",10/10/2016 03:34,7.85323E+17,en,4880,2475,2016-10-10 03:34:00,2016-10-10,2016-10,2016,3,Monday,"Tonight's #debate was the most Tweeted ever, with more than 17 million debate-related Tweets sent.",t00550
arianagrande,we love you we can't wait to see you,08/01/2017 02:05,8.17915E+17,en,39278,12220,2017-01-08 02:05:00,2017-01-08,2017-01,2017,2,Sunday,we love you we can't wait to see you,t00551
rihanna,@Mariners @RobinsonCano Congrats!!!  #ROCNATION,06/07/2014 23:15,4.85925E+17,en,3274,1591,2014-07-06 23:15:00,2014-07-06,2014-07,2014,23,Sunday,@Mariners @RobinsonCano Congrats!!! #ROCNATION,t00552
shakira,Shak is back on @NBCTheVoice from Monday! Watch their exclusive interview about Shak's new passion for sports… http://t.co/QdTsUVCnlq ShakHQ,21/02/2014 18:38,4.36933E+17,en,606,331,2014-02-21 18:38:00,2014-02-21,2014-02,2014,18,Friday,Shak is back on @NBCTheVoice from Monday! Watch their exclusive interview about Shak's new passion for sports… http://t.co/QdTsUVCnlq ShakHQ,t00553
barackobama,The President's #ImmigrationAction will be good for the economy—but opponents are standing in the way: http://t.co/jpWzOdt71b,22/07/2015 20:57,6.2396E+17,en,1307,629,2015-07-22 20:57:00,2015-07-22,2015-07,2015,20,Wednesday,The President's #ImmigrationAction will be good for the economy—but opponents are standing in the way: http://t.co/jpWzOdt71b,t00554
instagram,"A colorful treat for the eyes from Cartagena #WHPfamilyfeast
https://t.co/0czw2o7Dhl",22/11/2016 15:30,8.01085E+17,en,582,109,2016-11-22 15:30:00,2016-11-22,2016-11,2016,15,Tuesday,A colorful treat for the eyes from Cartagena #WHPfamilyfeast https://t.co/0czw2o7Dhl,t00555
rihanna,“@RorreyFenty: @rihanna bless you  http://t.co/7gzy3vuN” thanks broski #granDolly,23/12/2012 07:34,2.82751E+17,en,585,856,2012-12-23 07:34:00,2012-12-23,2012-12,2012,7,Sunday,“@RorreyFenty: @rihanna bless you http://t.co/7gzy3vuN” thanks broski #granDolly,t00556
taylorswift13,"Windows down, you pass my street
The memories start.
#TS1989 
#taylurking http://t.co/C6sw3Sic4M",01/11/2014 16:16,5.28581E+17,en,8356,3325,2014-11-01 16:16:00,2014-11-01,2014-11,2014,16,Saturday,"Windows down, you pass my street The memories start. #TS1989 #taylurking http://t.co/C6sw3Sic4M",t00557
twitter,Welcome back Brian! RT @SFGiants Watch the exclusive video of The Return of @BrianWIlson38 to @Twitter http://t.co/kEkf2XB @MLB,04/02/2011 01:33,3.33374E+16,en,75,54,2011-02-04 01:33:00,2011-02-04,2011-02,2011,1,Friday,Welcome back Brian! RT @SFGiants Watch the exclusive video of The Return of @BrianWIlson38 to @Twitter http://t.co/kEkf2XB @MLB,t00558
katyperry,Step away from the snare sounds... #ocdrecording,26/03/2013 05:33,3.16423E+17,en,3007,4554,2013-03-26 05:33:00,2013-03-26,2013-03,2013,5,Tuesday,Step away from the snare sounds... #ocdrecording,t00559
shakira,Video courtesy of my 11 year old cameraman! Thanks #WangoTango--I had a blast! Shak http://t.co/ZzyeGJhqKn,11/05/2014 22:06,4.65614E+17,en,777,323,2014-05-11 22:06:00,2014-05-11,2014-05,2014,22,Sunday,Video courtesy of my 11 year old cameraman! Thanks #WangoTango--I had a blast! Shak http://t.co/ZzyeGJhqKn,t00560
arianagrande,wow I really do love y'all a lot................ damn. how'd I get so lucky? thanks for your sweetness. time to sleep til I'm 42. night bbs.,05/09/2015 05:18,6.40031E+17,en,35516,18118,2015-09-05 05:18:00,2015-09-05,2015-09,2015,5,Saturday,wow I really do love y'all a lot................ damn. how'd I get so lucky? thanks for your sweetness. time to sleep til I'm 42. night bbs.,t00561
kimkardashian,Wow thank you @Allure_magazine for this honor!!!! https://t.co/lAMqNUEgbP,22/09/2015 03:48,6.46169E+17,en,1115,294,2015-09-22 03:48:00,2015-09-22,2015-09,2015,3,Tuesday,Wow thank you @Allure_magazine for this honor!!!! https://t.co/lAMqNUEgbP,t00562
youtube,".@justinbieber, @MAJORLAZER &amp; @MOMOMOYOUTH dropped the dance vid for #ColdWater and it’s 🔥 →https://t.co/34uHYckelQ https://t.co/5lDi2yqyg1",14/09/2016 22:16,7.76183E+17,en,1479,625,2016-09-14 22:16:00,2016-09-14,2016-09,2016,22,Wednesday,".@justinbieber, @MAJORLAZER & @MOMOMOYOUTH dropped the dance vid for #ColdWater and it’s 🔥 →https://t.co/34uHYckelQ https://t.co/5lDi2yqyg1",t00563
cristiano,Hey all @realmadrid fans! Come cheer us #APorLaDécima. Your support is our strenght.  http://t.co/qPVmohXb81,21/05/2014 14:17,4.6912E+17,en,3857,4085,2014-05-21 14:17:00,2014-05-21,2014-05,2014,14,Wednesday,Hey all @realmadrid fans! Come cheer us #APorLaDécima. Your support is our strenght. http://t.co/qPVmohXb81,t00564
shakira,"When in doubt, reference history and the boys won’t know what to argue #BlindsContinue @NBCTheVoice",04/03/2014 02:07,4.4067E+17,en,3279,1301,2014-03-04 02:07:00,2014-03-04,2014-03,2014,2,Tuesday,"When in doubt, reference history and the boys won’t know what to argue #BlindsContinue @NBCTheVoice",t00565
cristiano,Had a lot of fun creating The Private Edition scent. Watch here!https://t.co/KLGGg0yU8I https://t.co/hvTMyo2ohc,08/12/2016 17:04,8.06907E+17,en,15067,2467,2016-12-08 17:04:00,2016-12-08,2016-12,2016,17,Thursday,Had a lot of fun creating The Private Edition scent. Watch here!https://t.co/KLGGg0yU8I https://t.co/hvTMyo2ohc,t00566
rihanna,Missing you today and always! #RIPDollyMyBaby http://t.co/z2hUZHFION,01/07/2014 00:39,4.83772E+17,en,14666,5558,2014-07-01 00:39:00,2014-07-01,2014-07,2014,0,Tuesday,Missing you today and always! #RIPDollyMyBaby http://t.co/z2hUZHFION,t00567
justinbieber,Miami pop up store opens tomorrow. #PurposeTourMerch https://t.co/xgV1fFSArI,30/06/2016 14:42,7.48527E+17,en,75859,37513,2016-06-30 14:42:00,2016-06-30,2016-06,2016,14,Thursday,Miami pop up store opens tomorrow. #PurposeTourMerch https://t.co/xgV1fFSArI,t00568
cristiano,"I’m in a photoshoot for the new collection of #CR7footwear, in stores soon. Hope you enjoy! http://t.co/dZCXGKchyp http://t.co/0okHRPadUl",28/09/2015 15:13,6.48516E+17,en,8411,2798,2015-09-28 15:13:00,2015-09-28,2015-09,2015,15,Monday,"I’m in a photoshoot for the new collection of #CR7footwear, in stores soon. Hope you enjoy! http://t.co/dZCXGKchyp http://t.co/0okHRPadUl",t00569
britneyspears,Thank you to everyone who made today wonderful! I love you all ❤️ https://t.co/vP7uxBqDyk,22/11/2015 07:39,6.68333E+17,en,7934,2454,2015-11-22 07:39:00,2015-11-22,2015-11,2015,7,Sunday,Thank you to everyone who made today wonderful! I love you all ❤️ https://t.co/vP7uxBqDyk,t00570
ladygaga,"Thank you to the incredible Nile Rodgers, Raphael Saadiq, Richard Jackson. https://t.co/13UtX6OLsm",16/02/2016 16:36,6.99633E+17,en,11211,4423,2016-02-16 16:36:00,2016-02-16,2016-02,2016,16,Tuesday,"Thank you to the incredible Nile Rodgers, Raphael Saadiq, Richard Jackson. https://t.co/13UtX6OLsm",t00571
justinbieber,Get @bestfiends for free from https://t.co/y3yApdlFSq and help to #endAIDS with @RED and @AppStoreGames… https://t.co/pGM6zOp41S,03/12/2016 18:34,8.05118E+17,en,78627,38389,2016-12-03 18:34:00,2016-12-03,2016-12,2016,18,Saturday,Get @bestfiends for free from https://t.co/y3yApdlFSq and help to #endAIDS with @RED and @AppStoreGames… https://t.co/pGM6zOp41S,t00572
cnnbrk,"Hundreds of scientists, including Stephen Hawking, issue open letter criticizing Donald Trump over climate change… https://t.co/iNOFUa7QRt",21/09/2016 12:05,7.78566E+17,en,2352,1280,2016-09-21 12:05:00,2016-09-21,2016-09,2016,12,Wednesday,"Hundreds of scientists, including Stephen Hawking, issue open letter criticizing Donald Trump over climate change… https://t.co/iNOFUa7QRt",t00573
arianagrande,never leave me without love,07/12/2016 05:20,8.06368E+17,en,62876,30065,2016-12-07 05:20:00,2016-12-07,2016-12,2016,5,Wednesday,never leave me without love,t00574
britneyspears,"Don't forget to watch us on @JayLeno tonight. @SimonCowell actually behaved, I was impressed ;) http://t.co/jb1xP4m5",30/10/2012 03:02,2.63114E+17,en,2185,1926,2012-10-30 03:02:00,2012-10-30,2012-10,2012,3,Tuesday,"Don't forget to watch us on @JayLeno tonight. @SimonCowell actually behaved, I was impressed ;) http://t.co/jb1xP4m5",t00575
barackobama,Time is almost up for Senate leaders to do the right thing and fill the #SCOTUS vacancy. https://t.co/rPbzUkZAUE #DoYourJob,13/09/2016 21:14,7.75805E+17,en,2125,589,2016-09-13 21:14:00,2016-09-13,2016-09,2016,21,Tuesday,Time is almost up for Senate leaders to do the right thing and fill the #SCOTUS vacancy. https://t.co/rPbzUkZAUE #DoYourJob,t00576
cnnbrk,CNN/ORC poll: Most in US disapprove of Trump transition; 53% are less confident because of his actions since Nov. 8… https://t.co/eCgwmCknvx,17/01/2017 11:06,8.21313E+17,en,985,655,2017-01-17 11:06:00,2017-01-17,2017-01,2017,11,Tuesday,CNN/ORC poll: Most in US disapprove of Trump transition; 53% are less confident because of his actions since Nov. 8… https://t.co/eCgwmCknvx,t00577
cristiano,Thank you very much. @dq3d007 @Cristiano i wish ur good luck too..from korea fan!,28/01/2011 10:00,3.09281E+16,en,33,60,2011-01-28 10:00:00,2011-01-28,2011-01,2011,10,Friday,Thank you very much. @dq3d007 @Cristiano i wish ur good luck too..from korea fan!,t00578
theellenshow,Come back anytime. Preferably without a shirt.  https://t.co/9qJ29abf6K,20/05/2015 02:01,6.00844E+17,en,7104,1963,2015-05-20 02:01:00,2015-05-20,2015-05,2015,2,Wednesday,Come back anytime. Preferably without a shirt. https://t.co/9qJ29abf6K,t00579
theellenshow,"Glad to have a partner like @ULTA_Beauty who gives back the way I do - with dignity, respect &amp; head stockings. #BCAM http://t.co/P3QzORXlTK",02/10/2015 00:23,6.49741E+17,en,1461,229,2015-10-02 00:23:00,2015-10-02,2015-10,2015,0,Friday,"Glad to have a partner like @ULTA_Beauty who gives back the way I do - with dignity, respect & head stockings. #BCAM http://t.co/P3QzORXlTK",t00580
ladygaga,@DereKills #JOANNE will always have your back &amp; be the angel on your shoulder,24/12/2016 05:52,8.12536E+17,en,2034,630,2016-12-24 05:52:00,2016-12-24,2016-12,2016,5,Saturday,@DereKills #JOANNE will always have your back & be the angel on your shoulder,t00581
rihanna,#BHS thank you man!!! You guys RULE!!! I love this school!!!,22/03/2013 22:56,3.15236E+17,en,1059,1429,2013-03-22 22:56:00,2013-03-22,2013-03,2013,22,Friday,#BHS thank you man!!! You guys RULE!!! I love this school!!!,t00582
instagram,Dreaming of a more inclusive world with Paola Mayté Zarazúa  https://t.co/NUTrP2WkaR https://t.co/6oM4JRpZWe,20/04/2016 21:18,7.22897E+17,en,1176,258,2016-04-20 21:18:00,2016-04-20,2016-04,2016,21,Wednesday,Dreaming of a more inclusive world with Paola Mayté Zarazúa https://t.co/NUTrP2WkaR https://t.co/6oM4JRpZWe,t00583
theellenshow,".@KenJeong had a dream, and I’m in the business of making dreams come true. https://t.co/UZkKIv8PRG https://t.co/Ay1Id0V2sY",20/01/2017 23:29,8.22587E+17,en,2833,253,2017-01-20 23:29:00,2017-01-20,2017-01,2017,23,Friday,".@KenJeong had a dream, and I’m in the business of making dreams come true. https://t.co/UZkKIv8PRG https://t.co/Ay1Id0V2sY",t00584
selenagomez,Just posted a photo http://t.co/zHZeRnsAfT,10/11/2013 07:23,3.99437E+17,en,5410,5426,2013-11-10 07:23:00,2013-11-10,2013-11,2013,7,Sunday,Just posted a photo http://t.co/zHZeRnsAfT,t00585
selenagomez,Day 2 done.  We had an amazing rehearsal today. See you tomorrow #Belfast #MTVEMA http://t.co/nXEPB6Yk,05/11/2011 17:47,1.32877E+17,en,692,2205,2011-11-05 17:47:00,2011-11-05,2011-11,2011,17,Saturday,Day 2 done. We had an amazing rehearsal today. See you tomorrow #Belfast #MTVEMA http://t.co/nXEPB6Yk,t00586
youtube,They go gorillas for Easter eggs. https://t.co/wViHsZS4wK https://t.co/G81relZ8YB,29/03/2016 01:00,7.14618E+17,en,1453,302,2016-03-29 01:00:00,2016-03-29,2016-03,2016,1,Tuesday,They go gorillas for Easter eggs. https://t.co/wViHsZS4wK https://t.co/G81relZ8YB,t00587
cristiano,Congratulations. Share a picture? @Audrey_Kathleen Just bought my first @cristiano jersey. YAY!,11/02/2011 20:05,3.61538E+16,en,60,80,2011-02-11 20:05:00,2011-02-11,2011-02,2011,20,Friday,Congratulations. Share a picture? @Audrey_Kathleen Just bought my first @cristiano jersey. YAY!,t00588
shakira,"My first pepper and eggplants from my garden! 
¡Mi primer pimiento y las primeras berenjenas de mi… http://t.co/Ih4vfrpiH1",05/09/2013 18:29,3.75687E+17,en,526,523,2013-09-05 18:29:00,2013-09-05,2013-09,2013,18,Thursday,My first pepper and eggplants from my garden! ¡Mi primer pimiento y las primeras berenjenas de mi… http://t.co/Ih4vfrpiH1,t00589
twitter,Making Twitter more secure: HTTPS http://t.co/lZS4yEh,15/03/2011 21:11,4.77668E+16,en,203,913,2011-03-15 21:11:00,2011-03-15,2011-03,2011,21,Tuesday,Making Twitter more secure: HTTPS http://t.co/lZS4yEh,t00590
ddlovato,@aldcbutera knowing that I deserve to FEEL great!!,02/03/2016 08:11,7.04942E+17,en,3207,1717,2016-03-02 08:11:00,2016-03-02,2016-03,2016,8,Wednesday,@aldcbutera knowing that I deserve to FEEL great!!,t00591
katyperry,MEXICO CITY! Get your tickets now! http://t.co/FaNgrdfO8Y #PRISMATICWORLDTOUR,03/04/2014 17:16,4.5177E+17,en,4688,2676,2014-04-03 17:16:00,2014-04-03,2014-04,2014,17,Thursday,MEXICO CITY! Get your tickets now! http://t.co/FaNgrdfO8Y #PRISMATICWORLDTOUR,t00592
theellenshow,"Happy birthday, @Meghan_Trainor! I’ve been calling you all day and can’t get through. Are you sure your number is NO?",22/12/2016 18:11,8.11998E+17,en,9102,1360,2016-12-22 18:11:00,2016-12-22,2016-12,2016,18,Thursday,"Happy birthday, @Meghan_Trainor! I’ve been calling you all day and can’t get through. Are you sure your number is NO?",t00593
rihanna,It's only March people... #2013isalreadyowned #staytuned #MoneyOvaBitchez http://t.co/OKI3EU2pe2,29/03/2013 20:22,3.17734E+17,en,1127,1853,2013-03-29 20:22:00,2013-03-29,2013-03,2013,20,Friday,It's only March people... #2013isalreadyowned #staytuned #MoneyOvaBitchez http://t.co/OKI3EU2pe2,t00594
selenagomez,I guess I need to buy criminal minds on iTunes @AllisonKaye haha you're awesome!!,08/01/2011 07:17,2.36394E+16,en,469,1184,2011-01-08 07:17:00,2011-01-08,2011-01,2011,7,Saturday,I guess I need to buy criminal minds on iTunes @AllisonKaye haha you're awesome!!,t00595
theellenshow,You don’t have to be at the beach to enjoy an @OceanSprayInc. Hope this clip doesn’t bog you down #LaughDancePartner http://t.co/QCB7v2VHis,06/10/2015 19:14,6.51476E+17,en,2058,298,2015-10-06 19:14:00,2015-10-06,2015-10,2015,19,Tuesday,You don’t have to be at the beach to enjoy an @OceanSprayInc. Hope this clip doesn’t bog you down #LaughDancePartner http://t.co/QCB7v2VHis,t00596
theellenshow,Dolls are getting more and more lifelike. https://t.co/fhKnreaVJi,05/10/2016 21:23,7.8378E+17,en,5875,612,2016-10-05 21:23:00,2016-10-05,2016-10,2016,21,Wednesday,Dolls are getting more and more lifelike. https://t.co/fhKnreaVJi,t00597
kimkardashian,He had all of my family &amp; close friends come dressed up as their best pregnant Kim look (fake baby bumps provided on arrival!),22/10/2015 04:01,6.57044E+17,en,10271,2481,2015-10-22 04:01:00,2015-10-22,2015-10,2015,4,Thursday,He had all of my family & close friends come dressed up as their best pregnant Kim look (fake baby bumps provided on arrival!),t00598
britneyspears,Now u can bid on the boa &amp; handcuffs from the tour &amp; help support @soles4souls...such an amazing cause! More info on http://t.co/uHWm2ZDRzv!,21/06/2013 18:05,3.4814E+17,en,808,1143,2013-06-21 18:05:00,2013-06-21,2013-06,2013,18,Friday,Now u can bid on the boa & handcuffs from the tour & help support @soles4souls...such an amazing cause! More info on http://t.co/uHWm2ZDRzv!,t00599
youtube,"[LIVE] It's the last #debatenight of 2016. Watch now, and #voteIRL on Election Day: https://t.co/L1DeEcRbSy https://t.co/Xpys2rQewd",20/10/2016 01:00,7.88908E+17,en,539,135,2016-10-20 01:00:00,2016-10-20,2016-10,2016,1,Thursday,"[LIVE] It's the last #debatenight of 2016. Watch now, and #voteIRL on Election Day: https://t.co/L1DeEcRbSy https://t.co/Xpys2rQewd",t00600
selenagomez,The reason I do what I do https://t.co/YDu4r5Eijv,12/07/2016 04:16,7.52718E+17,en,150905,64410,2016-07-12 04:16:00,2016-07-12,2016-07,2016,4,Tuesday,The reason I do what I do https://t.co/YDu4r5Eijv,t00601
cristiano,What a fantastic @realmadrid team work with the win last night. #HalaMadrid http://t.co/ZaJsMAoqcf,17/09/2014 14:35,5.12248E+17,en,11624,8093,2014-09-17 14:35:00,2014-09-17,2014-09,2014,14,Wednesday,What a fantastic @realmadrid team work with the win last night. #HalaMadrid http://t.co/ZaJsMAoqcf,t00602
kimkardashian,such a cool episode! its so emotional and fun! https://t.co/f6YlWh4yal,09/05/2016 01:35,7.29485E+17,en,1445,237,2016-05-09 01:35:00,2016-05-09,2016-05,2016,1,Monday,such a cool episode! its so emotional and fun! https://t.co/f6YlWh4yal,t00603
selenagomez,Hey Everyone--   Thanks to everyone who has been supporting Round and Round! If you haven’t had a chance to check... http://fb.me/Dcas8rff,27/06/2010 13:07,17162817511,en,174,514,2010-06-27 13:07:00,2010-06-27,2010-06,2010,13,Sunday,Hey Everyone-- Thanks to everyone who has been supporting Round and Round! If you haven’t had a chance to check... http://fb.me/Dcas8rff,t00604
katyperry,"🔮✨⚡️RT @katyperrypopup For all you #KatyCats in the USA @KatyPerry’s #MadPotion is available to buy now, right here!! http://t.co/x77j5v9nD9",22/07/2015 21:28,6.23968E+17,en,10479,5265,2015-07-22 21:28:00,2015-07-22,2015-07,2015,21,Wednesday,"🔮✨⚡️RT @katyperrypopup For all you #KatyCats in the USA @KatyPerry’s #MadPotion is available to buy now, right here!! http://t.co/x77j5v9nD9",t00605
katyperry,Err... Something else... RT @MDMOLINARI: If I get a kiss 💋 you get a prince 👑  @ Telaga Tista Water Palace http://t.co/rSgMj39a,21/09/2012 10:32,2.49094E+17,en,1132,1836,2012-09-21 10:32:00,2012-09-21,2012-09,2012,10,Friday,Err... Something else... RT @MDMOLINARI: If I get a kiss 💋 you get a prince 👑 @ Telaga Tista Water Palace http://t.co/rSgMj39a,t00606
instagram,"Congrats, @Racheldoesstuff! #GoldenGlobes https://t.co/skZP2MgGqM",11/01/2016 01:30,6.8636E+17,en,1460,276,2016-01-11 01:30:00,2016-01-11,2016-01,2016,1,Monday,"Congrats, @Racheldoesstuff! #GoldenGlobes https://t.co/skZP2MgGqM",t00607
arianagrande,"I love &amp; am grateful for my incredible band, this song, my babes, the ability to do what I love,… https://t.co/wbWHZtzYLB",02/05/2016 22:39,7.27266E+17,en,28959,11597,2016-05-02 22:39:00,2016-05-02,2016-05,2016,22,Monday,"I love & am grateful for my incredible band, this song, my babes, the ability to do what I love,… https://t.co/wbWHZtzYLB",t00608
jimmyfallon,Crazy!?! Thanks guys!! #YouUp ? #HandsHigh #PITZ  https://t.co/f3bjxVvZow,15/10/2015 03:57,6.54506E+17,en,1383,267,2015-10-15 03:57:00,2015-10-15,2015-10,2015,3,Thursday,Crazy!?! Thanks guys!! #YouUp ? #HandsHigh #PITZ https://t.co/f3bjxVvZow,t00609
ladygaga,#AMAs Rehearsal! #Joanne and her vibes are rollin' though!! 💕💕 https://t.co/cp7jQ8GT2s,20/11/2016 01:20,8.00147E+17,en,14004,5083,2016-11-20 01:20:00,2016-11-20,2016-11,2016,1,Sunday,#AMAs Rehearsal! #Joanne and her vibes are rollin' though!! 💕💕 https://t.co/cp7jQ8GT2s,t00610
taylorswift13,8 hours til #RED.,21/10/2012 19:54,2.60107E+17,en,7152,17132,2012-10-21 19:54:00,2012-10-21,2012-10,2012,19,Sunday,8 hours til #RED.,t00611
jimmyfallon,25 minutes away! #FallonTonight on NBC. I'm telling you first!! History of Rap 6. Ellen Lip Sync Battle. Macklemore &amp; Ryan DOWNTOWN!,10/09/2015 03:13,6.41812E+17,en,4421,1117,2015-09-10 03:13:00,2015-09-10,2015-09,2015,3,Thursday,25 minutes away! #FallonTonight on NBC. I'm telling you first!! History of Rap 6. Ellen Lip Sync Battle. Macklemore & Ryan DOWNTOWN!,t00612
theellenshow,Tonight is my office holiday party! Tomorrow is my awkward office board meeting.,16/12/2016 00:33,8.09557E+17,en,7942,562,2016-12-16 00:33:00,2016-12-16,2016-12,2016,0,Friday,Tonight is my office holiday party! Tomorrow is my awkward office board meeting.,t00613
arianagrande,"@scooterbraun u love a mysterious, suspenseful, provocative tweet",29/08/2015 06:08,6.37507E+17,en,16353,8937,2015-08-29 06:08:00,2015-08-29,2015-08,2015,6,Saturday,"@scooterbraun u love a mysterious, suspenseful, provocative tweet",t00614
youtube,This is snowmo-blowing our minds right now. https://t.co/0W1BIN02oP https://t.co/nmhK4fgZ28,09/03/2016 23:00,7.07703E+17,en,1054,169,2016-03-09 23:00:00,2016-03-09,2016-03,2016,23,Wednesday,This is snowmo-blowing our minds right now. https://t.co/0W1BIN02oP https://t.co/nmhK4fgZ28,t00615
barackobama,"As long as Senate leaders keep refusing to do their jobs, @OFA supporters will continue speaking out against their… https://t.co/DkmDKpMhOw",27/09/2016 16:57,7.80814E+17,en,8395,2827,2016-09-27 16:57:00,2016-09-27,2016-09,2016,16,Tuesday,"As long as Senate leaders keep refusing to do their jobs, @OFA supporters will continue speaking out against their… https://t.co/DkmDKpMhOw",t00616
jtimberlake,"""@DABIGDOG72: Sharks Have a week dedicated to @jtimberlake"" #ThatJTLife",03/08/2012 16:05,2.31421E+17,en,126,194,2012-08-03 16:05:00,2012-08-03,2012-08,2012,16,Friday,"""@DABIGDOG72: Sharks Have a week dedicated to @jtimberlake"" #ThatJTLife",t00617
ddlovato,"Maui, you're next!!! Meet and greets up now!!! https://t.co/4ILGeylmUy #CONFIDENT",23/10/2015 01:52,6.57374E+17,en,8735,5466,2015-10-23 01:52:00,2015-10-23,2015-10,2015,1,Friday,"Maui, you're next!!! Meet and greets up now!!! https://t.co/4ILGeylmUy #CONFIDENT",t00618
rihanna,Wrist to wrist!!! #grangrandolly http://t.co/FBKc293q8D,17/03/2013 07:50,3.13196E+17,en,775,1043,2013-03-17 07:50:00,2013-03-17,2013-03,2013,7,Sunday,Wrist to wrist!!! #grangrandolly http://t.co/FBKc293q8D,t00619
jtimberlake,Truth. https://t.co/wxKCTwMXhH,24/08/2015 03:45,6.35659E+17,en,4292,2378,2015-08-24 03:45:00,2015-08-24,2015-08,2015,3,Monday,Truth. https://t.co/wxKCTwMXhH,t00620
shakira,A big thank you to US fans for getting the new album and giving me my best debut yet on the @Billboard 200! Shak,03/04/2014 16:59,4.51766E+17,en,1569,829,2014-04-03 16:59:00,2014-04-03,2014-04,2014,16,Thursday,A big thank you to US fans for getting the new album and giving me my best debut yet on the @Billboard 200! Shak,t00621
jtimberlake,"""@Caiterlynn27: When will @jtimberlake reply to one of my tweets??"" Right now!!",10/12/2012 02:11,2.77959E+17,en,296,153,2012-12-10 02:11:00,2012-12-10,2012-12,2012,2,Monday,"""@Caiterlynn27: When will @jtimberlake reply to one of my tweets??"" Right now!!",t00622
arianagrande,you too my love  https://t.co/RnCFSPuKvk,27/07/2015 06:04,6.25547E+17,en,15378,5718,2015-07-27 06:04:00,2015-07-27,2015-07,2015,6,Monday,you too my love https://t.co/RnCFSPuKvk,t00623
cnnbrk,"Salmonella outbreak blamed on alfalfa sprouts infects 30 people in 9 states, CDC says. https://t.co/zre9isLD76",05/08/2016 22:48,7.61695E+17,en,207,335,2016-08-05 22:48:00,2016-08-05,2016-08,2016,22,Friday,"Salmonella outbreak blamed on alfalfa sprouts infects 30 people in 9 states, CDC says. https://t.co/zre9isLD76",t00624
cristiano,Would u like to fly to the final in Brazil?Pre-register: http://t.co/qvWsCbE1mp &amp; qualify to win a signed Team Shirt. http://t.co/KM5VlsyeFP,20/05/2014 14:32,4.68761E+17,en,3368,1827,2014-05-20 14:32:00,2014-05-20,2014-05,2014,14,Tuesday,Would u like to fly to the final in Brazil?Pre-register: http://t.co/qvWsCbE1mp & qualify to win a signed Team Shirt. http://t.co/KM5VlsyeFP,t00625
rihanna,@harpersbazaarus getting you ready for summer with our March #COVER http://t.co/tie1OLfKSJ,05/02/2015 00:30,5.63133E+17,en,10906,6331,2015-02-05 00:30:00,2015-02-05,2015-02,2015,0,Thursday,@harpersbazaarus getting you ready for summer with our March #COVER http://t.co/tie1OLfKSJ,t00626
barackobama,LAST CALL: Add your name tonight to tell the EPA you support cutting carbon pollution. http://t.co/0yKo0i4uPh,15/10/2014 00:08,5.22177E+17,en,902,526,2014-10-15 00:08:00,2014-10-15,2014-10,2014,0,Wednesday,LAST CALL: Add your name tonight to tell the EPA you support cutting carbon pollution. http://t.co/0yKo0i4uPh,t00627
cristiano,"You asked: Hello from Los Angeles California, how are you today?  http://t.co/6CrT9DlIG1",24/09/2014 15:01,5.14792E+17,en,2093,750,2014-09-24 15:01:00,2014-09-24,2014-09,2014,15,Wednesday,"You asked: Hello from Los Angeles California, how are you today? http://t.co/6CrT9DlIG1",t00628
ladygaga,WATCH @itstonybennett and Me on Jimmy Fallon right here!!!----&gt; http://t.co/JtGG5HfLx9,18/12/2014 11:43,5.45545E+17,en,3646,2372,2014-12-18 11:43:00,2014-12-18,2014-12,2014,11,Thursday,WATCH @itstonybennett and Me on Jimmy Fallon right here!!!----> http://t.co/JtGG5HfLx9,t00629
ladygaga,Work it girl! Let out that rage for a  real love! #PERFECTILLUSION https://t.co/vX2WjsO9p1,22/09/2016 19:28,7.7904E+17,en,12212,4378,2016-09-22 19:28:00,2016-09-22,2016-09,2016,19,Thursday,Work it girl! Let out that rage for a real love! #PERFECTILLUSION https://t.co/vX2WjsO9p1,t00630
taylorswift13,"CMT Artists of the Year premieres tomorrow, December 13th, at 9/8c. #CMTAOTY. Also on the schedule for tomorrow is me turning 22.",12/12/2011 20:11,1.46321E+17,en,1254,3569,2011-12-12 20:11:00,2011-12-12,2011-12,2011,20,Monday,"CMT Artists of the Year premieres tomorrow, December 13th, at 9/8c. #CMTAOTY. Also on the schedule for tomorrow is me turning 22.",t00631
theellenshow,"Congratulations, #LorettaLynch! The 1st black female appointed Attorney General. Incredible. I thought for sure it would be Olivia Pope.",23/04/2015 23:29,5.91383E+17,en,6861,2247,2015-04-23 23:29:00,2015-04-23,2015-04,2015,23,Thursday,"Congratulations, #LorettaLynch! The 1st black female appointed Attorney General. Incredible. I thought for sure it would be Olivia Pope.",t00632
jimmyfallon,Eddie Redmayne and @lilycollins face off playing Know It All https://t.co/K0kQoPE3Hc #FallonTonight,10/11/2016 13:01,7.96699E+17,en,1286,239,2016-11-10 13:01:00,2016-11-10,2016-11,2016,13,Thursday,Eddie Redmayne and @lilycollins face off playing Know It All https://t.co/K0kQoPE3Hc #FallonTonight,t00633
barackobama,"A free flight to Chicago.
A free hotel room.
Tickets to see the legendary James Taylor.
Enter now: https://t.co/2frBiqy0q5",30/03/2016 15:10,7.15194E+17,en,1738,385,2016-03-30 15:10:00,2016-03-30,2016-03,2016,15,Wednesday,A free flight to Chicago. A free hotel room. Tickets to see the legendary James Taylor. Enter now: https://t.co/2frBiqy0q5,t00634
taylorswift13,She's actually watching the Olympics. http://t.co/khPTAOIe,06/08/2012 00:48,2.32277E+17,en,9577,10386,2012-08-06 00:48:00,2012-08-06,2012-08,2012,0,Monday,She's actually watching the Olympics. http://t.co/khPTAOIe,t00635
selenagomez,Ummm im obsessed with the app Postcards on the Run!! I've been sending them like crazy lol,03/11/2011 22:01,1.32216E+17,en,874,2498,2011-11-03 22:01:00,2011-11-03,2011-11,2011,22,Thursday,Ummm im obsessed with the app Postcards on the Run!! I've been sending them like crazy lol,t00636
shakira,.@DJRarela showing leaders how early ed gives back &amp; sharing success stories of transformed communities strengthens the case for investing,10/12/2014 15:17,5.427E+17,en,306,146,2014-12-10 15:17:00,2014-12-10,2014-12,2014,15,Wednesday,.@DJRarela showing leaders how early ed gives back & sharing success stories of transformed communities strengthens the case for investing,t00637
jimmyfallon,Check out our tech correspondent @joshuatopolsky's new podcast. https://t.co/ryog9zClI6,17/04/2015 15:15,5.89085E+17,en,764,181,2015-04-17 15:15:00,2015-04-17,2015-04,2015,15,Friday,Check out our tech correspondent @joshuatopolsky's new podcast. https://t.co/ryog9zClI6,t00638
barackobama,"""Congress should do its job, stop kicking the can down the road, and pass a serious budget."" —President Obama http://t.co/HsE9QjkfLD",03/10/2015 18:29,6.50377E+17,en,2751,1059,2015-10-03 18:29:00,2015-10-03,2015-10,2015,18,Saturday,"""Congress should do its job, stop kicking the can down the road, and pass a serious budget."" —President Obama http://t.co/HsE9QjkfLD",t00639
instagram,Even drying laundry is beautiful in Italy. #veniceinmotion https://t.co/RbKrmEdKTF,01/06/2016 21:35,7.38122E+17,en,762,166,2016-06-01 21:35:00,2016-06-01,2016-06,2016,21,Wednesday,Even drying laundry is beautiful in Italy. #veniceinmotion https://t.co/RbKrmEdKTF,t00640
taylorswift13,Headed to the AMAs... http://t.co/jGr7HaFa,20/11/2011 23:46,1.38403E+17,en,1041,2295,2011-11-20 23:46:00,2011-11-20,2011-11,2011,23,Sunday,Headed to the AMAs... http://t.co/jGr7HaFa,t00641
jtimberlake,"“@imjustloganbell: it sucks that no matter how many times I tweet @jtimberlake, he'll never see it... Now why would you think that? #Iseeyou",17/03/2013 23:43,3.13435E+17,en,1264,420,2013-03-17 23:43:00,2013-03-17,2013-03,2013,23,Sunday,"“@imjustloganbell: it sucks that no matter how many times I tweet @jtimberlake, he'll never see it... Now why would you think that? #Iseeyou",t00642
arianagrande,@Savan_Kotecha mishu. so excited to see you soooooon. #webefocused,15/10/2015 21:33,6.54772E+17,en,9403,4215,2015-10-15 21:33:00,2015-10-15,2015-10,2015,21,Thursday,@Savan_Kotecha mishu. so excited to see you soooooon. #webefocused,t00643
kimkardashian,Just went on the hardest hike ever today with @robkardashian,14/08/2015 17:06,6.32237E+17,en,12286,1444,2015-08-14 17:06:00,2015-08-14,2015-08,2015,17,Friday,Just went on the hardest hike ever today with @robkardashian,t00644
theellenshow,Thanks for the heads up. https://t.co/hwjsdGNjdj,05/01/2016 23:10,6.84512E+17,en,8874,2099,2016-01-05 23:10:00,2016-01-05,2016-01,2016,23,Tuesday,Thanks for the heads up. https://t.co/hwjsdGNjdj,t00645
ddlovato,@WValderrama @Power106LA @EricDlux @J_Credible that was so fun!!! Thanks for having me!! Hahaha,20/08/2015 04:22,6.34219E+17,en,7251,4916,2015-08-20 04:22:00,2015-08-20,2015-08,2015,4,Thursday,@WValderrama @Power106LA @EricDlux @J_Credible that was so fun!!! Thanks for having me!! Hahaha,t00646
ladygaga,@MisterBroRo because my mom took it on her phone,15/06/2015 20:26,6.10544E+17,en,4513,2756,2015-06-15 20:26:00,2015-06-15,2015-06,2015,20,Monday,@MisterBroRo because my mom took it on her phone,t00647
ddlovato,"#FreeKesha 💗 this is only gonna make you stronger, you brave and beautiful girl. Prayers are with you 🙏🏼 @KeshaRose",20/02/2016 20:00,7.01134E+17,en,73664,52043,2016-02-20 20:00:00,2016-02-20,2016-02,2016,20,Saturday,"#FreeKesha 💗 this is only gonna make you stronger, you brave and beautiful girl. Prayers are with you 🙏🏼 @KeshaRose",t00648
justinbieber,Thank you Europe,30/11/2016 03:29,8.03803E+17,en,153771,67155,2016-11-30 03:29:00,2016-11-30,2016-11,2016,3,Wednesday,Thank you Europe,t00649
theellenshow,I can't think of a better way for @Pink to celebrate her birthday than on my NYC show! Come by at 5pm and wish her a happy birthday.,08/09/2015 18:38,6.4132E+17,en,3827,617,2015-09-08 18:38:00,2015-09-08,2015-09,2015,18,Tuesday,I can't think of a better way for @Pink to celebrate her birthday than on my NYC show! Come by at 5pm and wish her a happy birthday.,t00650
selenagomez,Heading to the KMart on market street in Philly hope to see you all there.,19/08/2011 14:08,1.04555E+17,en,727,2147,2011-08-19 14:08:00,2011-08-19,2011-08,2011,14,Friday,Heading to the KMart on market street in Philly hope to see you all there.,t00651
barackobama,Show your support for bold moves to combat climate change—add your name: https://t.co/Wof6TIp08t #ActOnClimate,25/04/2016 17:28,7.24651E+17,en,1456,493,2016-04-25 17:28:00,2016-04-25,2016-04,2016,17,Monday,Show your support for bold moves to combat climate change—add your name: https://t.co/Wof6TIp08t #ActOnClimate,t00652
selenagomez,The official video for “Hands To Myself” is now on VEVO!🚨 Watch it here: https://t.co/86lxEoJOTt  #WatchHandsToMyselfOnVEVO,20/01/2016 16:01,6.8984E+17,en,30274,17959,2016-01-20 16:01:00,2016-01-20,2016-01,2016,16,Wednesday,The official video for “Hands To Myself” is now on VEVO!🚨 Watch it here: https://t.co/86lxEoJOTt #WatchHandsToMyselfOnVEVO,t00653
justinbieber,Missed u https://t.co/BMgvjHOVBE,16/10/2015 19:18,6.551E+17,en,17742,13967,2015-10-16 19:18:00,2015-10-16,2015-10,2015,19,Friday,Missed u https://t.co/BMgvjHOVBE,t00654
arianagrande,@drxwsariiana i love you more,20/09/2016 23:09,7.78371E+17,en,9450,2513,2016-09-20 23:09:00,2016-09-20,2016-09,2016,23,Tuesday,@drxwsariiana i love you more,t00655
taylorswift13,"Catastrophe vs. Knockout 

#BadBloodMusicVideo http://t.co/FPLXLHg7xy",13/05/2015 19:22,5.98569E+17,en,53796,33333,2015-05-13 19:22:00,2015-05-13,2015-05,2015,19,Wednesday,Catastrophe vs. Knockout #BadBloodMusicVideo http://t.co/FPLXLHg7xy,t00656
cristiano,"Glad you enjoy it. @theRealWheeler 1st go at CR7penalty and got 86500 on mad moire, sense this will be addictive. @Cristiano great game",13/01/2011 18:47,2.56249E+16,en,24,70,2011-01-13 18:47:00,2011-01-13,2011-01,2011,18,Thursday,"Glad you enjoy it. @theRealWheeler 1st go at CR7penalty and got 86500 on mad moire, sense this will be addictive. @Cristiano great game",t00657
katyperry,meaningful lyrical connection + bit of math + makes your head bob = 👍🏼 pop song recipe,30/09/2016 07:37,7.8176E+17,en,14776,4513,2016-09-30 07:37:00,2016-09-30,2016-09,2016,7,Friday,meaningful lyrical connection + bit of math + makes your head bob = 👍🏼 pop song recipe,t00658
arianagrande,remember when we were 8 and promised we'd go to paris together when we were 21? @alexaluria #yaasqueent https://t.co/4Mx7YBDBiI,17/05/2015 05:16,5.99806E+17,en,23368,12364,2015-05-17 05:16:00,2015-05-17,2015-05,2015,5,Sunday,remember when we were 8 and promised we'd go to paris together when we were 21? @alexaluria #yaasqueent https://t.co/4Mx7YBDBiI,t00659
instagram,Featured submissions from this weekend’s hashtag project: #WHPilluminate https://t.co/vaYtPYc4XP https://t.co/RWsC9XdL7Y,04/07/2016 22:30,7.50094E+17,en,1203,282,2016-07-04 22:30:00,2016-07-04,2016-07,2016,22,Monday,Featured submissions from this weekend’s hashtag project: #WHPilluminate https://t.co/vaYtPYc4XP https://t.co/RWsC9XdL7Y,t00660
instagram,We're hanging out with @RiflePaperCo. Watch the rest on our story! #SmallBizSat https://t.co/nYTEawYB7d,26/11/2016 20:15,8.02607E+17,en,1183,257,2016-11-26 20:15:00,2016-11-26,2016-11,2016,20,Saturday,We're hanging out with @RiflePaperCo. Watch the rest on our story! #SmallBizSat https://t.co/nYTEawYB7d,t00661
theellenshow,#TBT to that time in South Africa with @NICKIMINAJ. https://t.co/QXMn6KK1u7,07/04/2016 21:25,7.18188E+17,en,14268,4417,2016-04-07 21:25:00,2016-04-07,2016-04,2016,21,Thursday,#TBT to that time in South Africa with @NICKIMINAJ. https://t.co/QXMn6KK1u7,t00662
twitter,Twitter for Android – Now with Push Notifications and Multiple Accounts http://t.co/032yV6f,13/07/2011 19:31,9.12282E+16,en,139,503,2011-07-13 19:31:00,2011-07-13,2011-07,2011,19,Wednesday,Twitter for Android – Now with Push Notifications and Multiple Accounts http://t.co/032yV6f,t00663
jtimberlake,"""@MyClosetByCARTD: @jtimberlake @Mz908 @901Silver - do you really talk like that? in real life?"" Ummm?? No.",09/10/2012 02:42,2.55498E+17,en,58,54,2012-10-09 02:42:00,2012-10-09,2012-10,2012,2,Tuesday,"""@MyClosetByCARTD: @jtimberlake @Mz908 @901Silver - do you really talk like that? in real life?"" Ummm?? No.",t00664
taylorswift13,"Great crowd tonight, Singapore! See you again later this week for show #2!",09/06/2014 15:59,4.76031E+17,en,14153,8973,2014-06-09 15:59:00,2014-06-09,2014-06,2014,15,Monday,"Great crowd tonight, Singapore! See you again later this week for show #2!",t00665
barackobama,"Judge Garland's former clerks have a lot to say about his record, work-life balance, and more—take a look: https://t.co/eHIgwaid6N",17/05/2016 19:04,7.32648E+17,en,2269,621,2016-05-17 19:04:00,2016-05-17,2016-05,2016,19,Tuesday,"Judge Garland's former clerks have a lot to say about his record, work-life balance, and more—take a look: https://t.co/eHIgwaid6N",t00666
theellenshow,The best thing about the Oscars with @ChrisRock is it’s gonna be amazing. The 2nd best is that I think I’m gonna win the staff Oscar pool.,24/02/2016 23:22,7.02635E+17,en,4267,517,2016-02-24 23:22:00,2016-02-24,2016-02,2016,23,Wednesday,The best thing about the Oscars with @ChrisRock is it’s gonna be amazing. The 2nd best is that I think I’m gonna win the staff Oscar pool.,t00667
barackobama,44 is turning 55. Celebrate—sign the card. https://t.co/608nLDOLP4,02/08/2016 15:28,7.60497E+17,en,4684,864,2016-08-02 15:28:00,2016-08-02,2016-08,2016,15,Tuesday,44 is turning 55. Celebrate—sign the card. https://t.co/608nLDOLP4,t00668
britneyspears,@jaimecamil Awww thank you so so much 😘 Can’t wait!!,12/08/2015 19:02,6.31541E+17,en,804,353,2015-08-12 19:02:00,2015-08-12,2015-08,2015,19,Wednesday,@jaimecamil Awww thank you so so much 😘 Can’t wait!!,t00669
cnnbrk,"Orlando, Florida, police officer killed in line of duty identified as Master Sgt. Debra Clayton. https://t.co/8UzFB4FbRy",09/01/2017 16:16,8.18492E+17,en,484,470,2017-01-09 16:16:00,2017-01-09,2017-01,2017,16,Monday,"Orlando, Florida, police officer killed in line of duty identified as Master Sgt. Debra Clayton. https://t.co/8UzFB4FbRy",t00670
arianagrande,sweet dreams nyc,26/09/2015 04:37,6.47631E+17,en,30471,14726,2015-09-26 04:37:00,2015-09-26,2015-09,2015,4,Saturday,sweet dreams nyc,t00671
cnnbrk,Russian foreign minister proposes expelling 35 US diplomats in response to US sanctions over alleged election hack.… https://t.co/hLSPabTNVF,30/12/2016 10:38,8.14783E+17,en,332,351,2016-12-30 10:38:00,2016-12-30,2016-12,2016,10,Friday,Russian foreign minister proposes expelling 35 US diplomats in response to US sanctions over alleged election hack.… https://t.co/hLSPabTNVF,t00672
youtube,Draw My Life with JOHN CENA!!! https://t.co/Ukv1HjOHiX https://t.co/dYmyoQiAFg,30/12/2015 23:00,6.82335E+17,en,3059,761,2015-12-30 23:00:00,2015-12-30,2015-12,2015,23,Wednesday,Draw My Life with JOHN CENA!!! https://t.co/Ukv1HjOHiX https://t.co/dYmyoQiAFg,t00673
twitter,@iNoumanSays You earned it. https://t.co/aHESCKDlbb,18/01/2017 00:53,8.21521E+17,en,15,3,2017-01-18 00:53:00,2017-01-18,2017-01,2017,0,Wednesday,@iNoumanSays You earned it. https://t.co/aHESCKDlbb,t00674
taylorswift13,"Track 3
#1989lyrics http://t.co/dUC6hcMdin",16/10/2014 05:15,5.22617E+17,en,12797,8834,2014-10-16 05:15:00,2014-10-16,2014-10,2014,5,Thursday,Track 3 #1989lyrics http://t.co/dUC6hcMdin,t00675
cnnbrk,"Italy quake death toll rises to 73, including 53 in Amatrice, civil protection agency says. https://t.co/qRQXHkkXq3 https://t.co/5hsErwaKA2",24/08/2016 15:02,7.68464E+17,en,328,496,2016-08-24 15:02:00,2016-08-24,2016-08,2016,15,Wednesday,"Italy quake death toll rises to 73, including 53 in Amatrice, civil protection agency says. https://t.co/qRQXHkkXq3 https://t.co/5hsErwaKA2",t00676
jtimberlake,One down! Congrats joeybuzz! Next up....Any guesses where?! #Finderskeepers #JT2020Tour 9 more to go. http://t.co/2eNeyr43Ex,20/11/2014 15:51,5.3546E+17,en,926,315,2014-11-20 15:51:00,2014-11-20,2014-11,2014,15,Thursday,One down! Congrats joeybuzz! Next up....Any guesses where?! #Finderskeepers #JT2020Tour 9 more to go. http://t.co/2eNeyr43Ex,t00677
arianagrande,omg.......... this queen just walked right in ten minutes after my last post to surprise me. my… https://t.co/Wk51CoL658,20/11/2016 22:51,8.00472E+17,en,28887,8198,2016-11-20 22:51:00,2016-11-20,2016-11,2016,22,Sunday,omg.......... this queen just walked right in ten minutes after my last post to surprise me. my… https://t.co/Wk51CoL658,t00678
katyperry,I noticed that. I guess I was too excited.  Sorry mom. RT @izzyduval: @katyperry the grammar in that tweet is appalling Katy,12/05/2013 10:06,3.33524E+17,en,2067,2803,2013-05-12 10:06:00,2013-05-12,2013-05,2013,10,Sunday,I noticed that. I guess I was too excited. Sorry mom. RT @izzyduval: @katyperry the grammar in that tweet is appalling Katy,t00679
kimkardashian,to donate to this charity Soles For Souls! They helped her during Hurricane Katrina. I think I know the designer of Shoe of the Year Award!,10/12/2015 08:21,6.74867E+17,en,6838,1256,2015-12-10 08:21:00,2015-12-10,2015-12,2015,8,Thursday,to donate to this charity Soles For Souls! They helped her during Hurricane Katrina. I think I know the designer of Shoe of the Year Award!,t00680
selenagomez,#2 on Yahoo homepage!!!! Crazy!!!  My new fragrance is out at Macy's at the end of May.  You guys are the best.... http://t.co/OqoLlxuo,01/05/2012 04:15,1.97177E+17,en,1475,3915,2012-05-01 04:15:00,2012-05-01,2012-05,2012,4,Tuesday,#2 on Yahoo homepage!!!! Crazy!!! My new fragrance is out at Macy's at the end of May. You guys are the best.... http://t.co/OqoLlxuo,t00681
rihanna,“@__tatijxo: Bout to watch the LHHATL from last night though 🔥” ditto! Apple TV make love to me!,24/06/2014 16:03,4.81468E+17,en,2896,1119,2014-06-24 16:03:00,2014-06-24,2014-06,2014,16,Tuesday,“@__tatijxo: Bout to watch the LHHATL from last night though 🔥” ditto! Apple TV make love to me!,t00682
ddlovato,You know I’ll be rocking my @HillaryClinton x @TanyaTaylorNYC campaign tee this election #ImWithHER #MadeForHistory https://t.co/O3DlFzpjGe,21/07/2016 16:42,7.56167E+17,en,25721,7778,2016-07-21 16:42:00,2016-07-21,2016-07,2016,16,Thursday,You know I’ll be rocking my @HillaryClinton x @TanyaTaylorNYC campaign tee this election #ImWithHER #MadeForHistory https://t.co/O3DlFzpjGe,t00683
ddlovato,Women empowerment is using your voice to help the voiceless women be heard.,21/02/2016 10:24,7.01352E+17,en,34769,23525,2016-02-21 10:24:00,2016-02-21,2016-02,2016,10,Sunday,Women empowerment is using your voice to help the voiceless women be heard.,t00684
cristiano,Less than 48 hours to go! Registrations for @GAMEbyRonaldo will open this Tuesday @ 12:00 London time. Find out more: http://t.co/HYlXbMhaL4,03/11/2013 15:55,3.97029E+17,en,1192,1282,2013-11-03 15:55:00,2013-11-03,2013-11,2013,15,Sunday,Less than 48 hours to go! Registrations for @GAMEbyRonaldo will open this Tuesday @ 12:00 London time. Find out more: http://t.co/HYlXbMhaL4,t00685
jtimberlake,"@beauchamp24 Hi Taylor. You are brave. You are strong. Everything that makes you different makes you cool to me. Bullies are weak. Love, JT",07/08/2012 10:24,2.32784E+17,en,97,104,2012-08-07 10:24:00,2012-08-07,2012-08,2012,10,Tuesday,"@beauchamp24 Hi Taylor. You are brave. You are strong. Everything that makes you different makes you cool to me. Bullies are weak. Love, JT",t00686
youtube,@MannyMua733 Absolutely 👏 sickening. 👏 #YouTubeRewind,07/12/2016 19:34,8.06583E+17,en,131,4,2016-12-07 19:34:00,2016-12-07,2016-12,2016,19,Wednesday,@MannyMua733 Absolutely 👏 sickening. 👏 #YouTubeRewind,t00687
shakira,Love the #CantRememberToForgetYou video so much you want to own it? Then download it from iTunes now! http://t.co/zvA459xfh7 ShakiraHQ,05/02/2014 18:17,4.31129E+17,en,825,523,2014-02-05 18:17:00,2014-02-05,2014-02,2014,18,Wednesday,Love the #CantRememberToForgetYou video so much you want to own it? Then download it from iTunes now! http://t.co/zvA459xfh7 ShakiraHQ,t00688
katyperry,Meow out to all the kittens and all the voting they did with their precious paws to win me Best Female last night @MTVEMA 😻😽😻😽 ILY ILY!,11/11/2013 14:19,3.99904E+17,en,11284,8617,2013-11-11 14:19:00,2013-11-11,2013-11,2013,14,Monday,Meow out to all the kittens and all the voting they did with their precious paws to win me Best Female last night @MTVEMA 😻😽😻😽 ILY ILY!,t00689
cristiano,Thank you for reaching 15M followers on twitter. It's now time to #Celebrate15M during the Christmas holidays.,21/12/2012 15:37,2.82148E+17,en,856,2130,2012-12-21 15:37:00,2012-12-21,2012-12,2012,15,Friday,Thank you for reaching 15M followers on twitter. It's now time to #Celebrate15M during the Christmas holidays.,t00690
jimmyfallon,"Tonight on the show: @michaelstrahan, @ZacharyQuinto, @JimCameron, and music from @vincestaples! #FallonTonight",07/09/2016 13:02,7.73507E+17,en,1549,205,2016-09-07 13:02:00,2016-09-07,2016-09,2016,13,Wednesday,"Tonight on the show: @michaelstrahan, @ZacharyQuinto, @JimCameron, and music from @vincestaples! #FallonTonight",t00691
jimmyfallon,"Fun show tonight: @Renner4Real, Fran Lebowitz stops by &amp; music from @Grimezsz! #FallonTonight",04/05/2016 13:22,7.27851E+17,en,1827,331,2016-05-04 13:22:00,2016-05-04,2016-05,2016,13,Wednesday,"Fun show tonight: @Renner4Real, Fran Lebowitz stops by & music from @Grimezsz! #FallonTonight",t00692
instagram,Another one of our favorite submissions to #WHPresolutions2016: https://t.co/Rrh16fn5CI,07/01/2016 01:17,6.84907E+17,en,1707,274,2016-01-07 01:17:00,2016-01-07,2016-01,2016,1,Thursday,Another one of our favorite submissions to #WHPresolutions2016: https://t.co/Rrh16fn5CI,t00693
katyperry,. @emelisande I am ready to lose it and then recover!!! Bring the truth! ❤️,10/09/2016 17:20,7.74659E+17,en,9315,2342,2016-09-10 17:20:00,2016-09-10,2016-09,2016,17,Saturday,. @emelisande I am ready to lose it and then recover!!! Bring the truth! ❤️,t00694
taylorswift13,@TheRyanAdams. Just saw what you tweeted about my song last week and it's caused this constant perma-smile. You're the absolute coolest.,09/09/2012 21:19,2.44908E+17,en,976,1452,2012-09-09 21:19:00,2012-09-09,2012-09,2012,21,Sunday,@TheRyanAdams. Just saw what you tweeted about my song last week and it's caused this constant perma-smile. You're the absolute coolest.,t00695
ladygaga,"Til It Happens To You my original score with @Diane_Warren for ""The Hunting Ground"" was nominated for an OSCAR 🎹 https://t.co/S7kJZAY6u5",14/01/2016 14:28,6.87642E+17,en,17087,10951,2016-01-14 14:28:00,2016-01-14,2016-01,2016,14,Thursday,"Til It Happens To You my original score with @Diane_Warren for ""The Hunting Ground"" was nominated for an OSCAR 🎹 https://t.co/S7kJZAY6u5",t00696
theellenshow,"Damn, Daniel and Josh! Back at it again on my show today. https://t.co/DgJylOZUF4 https://t.co/WyGl1XsSZP",24/02/2016 17:40,7.02549E+17,en,18901,6105,2016-02-24 17:40:00,2016-02-24,2016-02,2016,17,Wednesday,"Damn, Daniel and Josh! Back at it again on my show today. https://t.co/DgJylOZUF4 https://t.co/WyGl1XsSZP",t00697
ladygaga,"🙌Ladies and gentlemen..(drum roll) little monsters...let's welcome in The Joanne Crew...🙌 #JoanneCrew 
#JOANNE https://t.co/BwD456bU7k",28/10/2016 20:21,7.92099E+17,en,8484,2452,2016-10-28 20:21:00,2016-10-28,2016-10,2016,20,Friday,🙌Ladies and gentlemen..(drum roll) little monsters...let's welcome in The Joanne Crew...🙌 #JoanneCrew #JOANNE https://t.co/BwD456bU7k,t00698
shakira,"""Did you know it is actually easier to teach a baby to read than a five-year-old""? Glenn Doman http://t.co/QzWU9kUSf7",21/04/2015 14:27,5.90522E+17,en,1766,669,2015-04-21 14:27:00,2015-04-21,2015-04,2015,14,Tuesday,"""Did you know it is actually easier to teach a baby to read than a five-year-old""? Glenn Doman http://t.co/QzWU9kUSf7",t00699
rihanna,"Settling is not an option! Nothing less than 100% loyalty, honesty, and respect!! Love ain't for kidz #butimsleeptho",07/05/2013 08:52,3.31693E+17,en,9636,17734,2013-05-07 08:52:00,2013-05-07,2013-05,2013,8,Tuesday,"Settling is not an option! Nothing less than 100% loyalty, honesty, and respect!! Love ain't for kidz #butimsleeptho",t00700
jimmyfallon,Ha!!!! It's all Bill. Go see Trainwreck!  https://t.co/hUMMaLIyu9,17/07/2015 04:18,6.21897E+17,en,1655,247,2015-07-17 04:18:00,2015-07-17,2015-07,2015,4,Friday,Ha!!!! It's all Bill. Go see Trainwreck! https://t.co/hUMMaLIyu9,t00701
cristiano,I'm excited for the El Classico match tonight - get my Freestyle game for 99 cents today only! http://t.co/OvxAbJzt,10/12/2011 07:59,1.45412E+17,en,430,1579,2011-12-10 07:59:00,2011-12-10,2011-12,2011,7,Saturday,I'm excited for the El Classico match tonight - get my Freestyle game for 99 cents today only! http://t.co/OvxAbJzt,t00702
instagram,"A miniature world of brilliant ""balloons"" #myinstagramlogo🎈 https://t.co/jP0Jb0w60m",19/05/2016 20:30,7.33394E+17,en,770,142,2016-05-19 20:30:00,2016-05-19,2016-05,2016,20,Thursday,"A miniature world of brilliant ""balloons"" #myinstagramlogo🎈 https://t.co/jP0Jb0w60m",t00703
taylorswift13,I'm heartsick about the senseless tragedy in CT and praying for the families of the children and teachers who lost their lives. Unthinkable.,15/12/2012 12:52,2.79932E+17,en,20190,32874,2012-12-15 12:52:00,2012-12-15,2012-12,2012,12,Saturday,I'm heartsick about the senseless tragedy in CT and praying for the families of the children and teachers who lost their lives. Unthinkable.,t00704
theellenshow,"My friend @CaroleBSager has a new autobiography. Even better, she wrote it about her life. https://t.co/LwnZOuGagN",18/10/2016 20:55,7.88484E+17,en,1068,106,2016-10-18 20:55:00,2016-10-18,2016-10,2016,20,Tuesday,"My friend @CaroleBSager has a new autobiography. Even better, she wrote it about her life. https://t.co/LwnZOuGagN",t00705
jimmyfallon,"Hashtag game! Tweet out something dumb, weird, or embarrassing you've done or thought and tag with #ImDumb. Could be on our show!",11/05/2016 19:08,7.30475E+17,en,2726,513,2016-05-11 19:08:00,2016-05-11,2016-05,2016,19,Wednesday,"Hashtag game! Tweet out something dumb, weird, or embarrassing you've done or thought and tag with #ImDumb. Could be on our show!",t00706
jimmyfallon,Stay up late. Get up early. Prove everyone wrong. It's easy. #fallontonight #5sos #jeter #R2SPECT,03/10/2014 03:41,5.17882E+17,en,4303,1577,2014-10-03 03:41:00,2014-10-03,2014-10,2014,3,Friday,Stay up late. Get up early. Prove everyone wrong. It's easy. #fallontonight #5sos #jeter #R2SPECT,t00707
theellenshow,There’s nothing sweeter than a little kitten http://t.co/umJlHx0pvn,31/07/2015 17:47,6.27174E+17,en,7628,2553,2015-07-31 17:47:00,2015-07-31,2015-07,2015,17,Friday,There’s nothing sweeter than a little kitten http://t.co/umJlHx0pvn,t00708
selenagomez,Only a day and a half left in the charitybuzz auction.  You can help the victims of the devastating tornadoes and... http://fb.me/10QKaePNO,20/07/2011 13:52,9.36797E+16,en,452,1315,2011-07-20 13:52:00,2011-07-20,2011-07,2011,13,Wednesday,Only a day and a half left in the charitybuzz auction. You can help the victims of the devastating tornadoes and... http://fb.me/10QKaePNO,t00709
ladygaga,@Doogi_ because I want to write my new album! I gave it so much attention in the creation of it. The product is pure luxury!,03/02/2015 07:28,5.62513E+17,en,2956,1780,2015-02-03 07:28:00,2015-02-03,2015-02,2015,7,Tuesday,@Doogi_ because I want to write my new album! I gave it so much attention in the creation of it. The product is pure luxury!,t00710
instagram,“That’s what #cosplay has done for me — I start to see the hero in myself.” —@Strawburry17,30/10/2015 15:21,6.60114E+17,en,1767,397,2015-10-30 15:21:00,2015-10-30,2015-10,2015,15,Friday,“That’s what #cosplay has done for me — I start to see the hero in myself.” —@Strawburry17,t00711
ddlovato,Thank you @JoJoWright!!,23/11/2015 21:15,6.68901E+17,en,7407,3930,2015-11-23 21:15:00,2015-11-23,2015-11,2015,21,Monday,Thank you @JoJoWright!!,t00712
theellenshow,.@BlakeShelton told me about the beautiful music he’s making with @GwenStefani. They’re also writing songs. https://t.co/ZjS3BWisL2,23/05/2016 23:36,7.34891E+17,en,2839,338,2016-05-23 23:36:00,2016-05-23,2016-05,2016,23,Monday,.@BlakeShelton told me about the beautiful music he’s making with @GwenStefani. They’re also writing songs. https://t.co/ZjS3BWisL2,t00713
rihanna,Bout dat #CENSORED life!! #ratedr http://t.co/YYGRXILhNJ,24/06/2013 14:39,3.49175E+17,en,922,1177,2013-06-24 14:39:00,2013-06-24,2013-06,2013,14,Monday,Bout dat #CENSORED life!! #ratedr http://t.co/YYGRXILhNJ,t00714
britneyspears,.@ParisHilton @NickyHilton Lovely seeing you both in the audience tonight! Miss you girls!!,31/12/2013 07:08,4.17915E+17,en,3178,2040,2013-12-31 07:08:00,2013-12-31,2013-12,2013,7,Tuesday,.@ParisHilton @NickyHilton Lovely seeing you both in the audience tonight! Miss you girls!!,t00715
cnnbrk,"NJ and NY bombings suspect charged with attempted murder after shootout with police, prosecutor's office says… https://t.co/RelGljcs3G",19/09/2016 22:56,7.78005E+17,en,415,336,2016-09-19 22:56:00,2016-09-19,2016-09,2016,22,Monday,"NJ and NY bombings suspect charged with attempted murder after shootout with police, prosecutor's office says… https://t.co/RelGljcs3G",t00716
jtimberlake,"Uh... This looks like it's gonna be HILARIOUS. Can't wait @OrvilleIV 

http://t.co/TTuySFEZtc",28/02/2015 17:54,5.7173E+17,en,2125,724,2015-02-28 17:54:00,2015-02-28,2015-02,2015,17,Saturday,Uh... This looks like it's gonna be HILARIOUS. Can't wait @OrvilleIV http://t.co/TTuySFEZtc,t00717
jtimberlake,Let the games begin. Ask away... #AskJT #TroubleWithTheCurve http://t.co/dqaaFV9Q,19/09/2012 00:45,2.48221E+17,en,4708,2082,2012-09-19 00:45:00,2012-09-19,2012-09,2012,0,Wednesday,Let the games begin. Ask away... #AskJT #TroubleWithTheCurve http://t.co/dqaaFV9Q,t00718
ddlovato,😂😂😂🙌🏼🙌🏼👏🏼👏🏼 this is incredible https://t.co/Pg7KuSzjVU,20/10/2015 02:17,6.56293E+17,en,7578,4554,2015-10-20 02:17:00,2015-10-20,2015-10,2015,2,Tuesday,😂😂😂🙌🏼🙌🏼👏🏼👏🏼 this is incredible https://t.co/Pg7KuSzjVU,t00719
arianagrande,album tonight #dangerouswomantonight !!!!!!!! ♡ 🐰 https://t.co/ECTANipru7,19/05/2016 17:30,7.33349E+17,en,20402,10397,2016-05-19 17:30:00,2016-05-19,2016-05,2016,17,Thursday,album tonight #dangerouswomantonight !!!!!!!! ♡ 🐰 https://t.co/ECTANipru7,t00720
arianagrande,I wanna savor... save it for later... the taste the flavorr,22/03/2016 20:59,7.12383E+17,en,39452,18159,2016-03-22 20:59:00,2016-03-22,2016-03,2016,20,Tuesday,I wanna savor... save it for later... the taste the flavorr,t00721
youtube,"“What goes through your mind when you’re running?”
“When will it be over!”

An 85-year-old marathoner →… https://t.co/UoQJ7N4wzT",14/01/2017 00:00,8.20058E+17,en,1098,199,2017-01-14 00:00:00,2017-01-14,2017-01,2017,0,Saturday,“What goes through your mind when you’re running?” “When will it be over!” An 85-year-old marathoner →… https://t.co/UoQJ7N4wzT,t00722
youtube,@GloZell Ooooo our favorite videos are when DeOnzell shows up!,16/09/2016 01:07,7.76588E+17,en,89,14,2016-09-16 01:07:00,2016-09-16,2016-09,2016,1,Friday,@GloZell Ooooo our favorite videos are when DeOnzell shows up!,t00723
twitter,Reason #4132 for Changing Your Password: http://bit.ly/cRTg8v,02/02/2010 23:49,8563800110,en,133,448,2010-02-02 23:49:00,2010-02-02,2010-02,2010,23,Tuesday,Reason #4132 for Changing Your Password: http://bit.ly/cRTg8v,t00724
cristiano,I like. @youshidean how do u like this pic. I really like u & Ozi play together. You both are talented players.  - http://say.ly/uAy6AR,14/01/2011 20:00,2.60057E+16,en,68,99,2011-01-14 20:00:00,2011-01-14,2011-01,2011,20,Friday,I like. @youshidean how do u like this pic. I really like u & Ozi play together. You both are talented players. - http://say.ly/uAy6AR,t00725
selenagomez,"Sometimes Pearls are a girl's bestfriend, LOL.  Happy Valentines Day everyone!! http://t.co/x7HZ3Vli",14/02/2013 20:42,3.02156E+17,en,19281,20576,2013-02-14 20:42:00,2013-02-14,2013-02,2013,20,Thursday,"Sometimes Pearls are a girl's bestfriend, LOL. Happy Valentines Day everyone!! http://t.co/x7HZ3Vli",t00726
cristiano,Here it is! Exclusive behind the scenes from my new #CR7underwear campaign launching next week. Stay tuned! http://t.co/IHyD303vMv,27/07/2014 17:58,4.93455E+17,en,9905,5328,2014-07-27 17:58:00,2014-07-27,2014-07,2014,17,Sunday,Here it is! Exclusive behind the scenes from my new #CR7underwear campaign launching next week. Stay tuned! http://t.co/IHyD303vMv,t00727
jimmyfallon,Honored to be part of the show tonight. Hello Boston! http://t.co/NLRvx2DKiK,16/11/2013 21:38,4.01827E+17,en,323,117,2013-11-16 21:38:00,2013-11-16,2013-11,2013,21,Saturday,Honored to be part of the show tonight. Hello Boston! http://t.co/NLRvx2DKiK,t00728
twitter,"Brace yourself, #TravelTuesday has come to Dubrovnik. https://t.co/xlvTRhSjU5",29/03/2016 19:15,7.14894E+17,en,990,294,2016-03-29 19:15:00,2016-03-29,2016-03,2016,19,Tuesday,"Brace yourself, #TravelTuesday has come to Dubrovnik. https://t.co/xlvTRhSjU5",t00729
katyperry,You know the 90's are back when you're voluntarily putting record scratches in your songs a la Portishead's Dummy.,19/04/2013 04:46,3.25108E+17,en,2641,3862,2013-04-19 04:46:00,2013-04-19,2013-04,2013,4,Friday,You know the 90's are back when you're voluntarily putting record scratches in your songs a la Portishead's Dummy.,t00730
katyperry,@zennnnaaa it's like someone falling in love with a witch! Influenced by the movie The Craft!,22/10/2013 04:52,3.92514E+17,en,755,599,2013-10-22 04:52:00,2013-10-22,2013-10,2013,4,Tuesday,@zennnnaaa it's like someone falling in love with a witch! Influenced by the movie The Craft!,t00731
ddlovato,Posting my #NoMakeupMonday selfie for mommy even though I don't wear makeup... Cause I'm a boy.... And… http://t.co/V3SWtOaBMz,27/01/2015 00:53,5.59877E+17,en,18264,11489,2015-01-27 00:53:00,2015-01-27,2015-01,2015,0,Tuesday,Posting my #NoMakeupMonday selfie for mommy even though I don't wear makeup... Cause I'm a boy.... And… http://t.co/V3SWtOaBMz,t00732
selenagomez,@lizgannes Thanks for a great write up!!!,17/11/2011 18:29,1.37236E+17,en,319,842,2011-11-17 18:29:00,2011-11-17,2011-11,2011,18,Thursday,@lizgannes Thanks for a great write up!!!,t00733
barackobama,"In the weekly address, President Obama talks about his efforts to improve our criminal justice system. https://t.co/7jF32GGJ3c #FixTheSystem",23/04/2016 18:07,7.23936E+17,en,2098,560,2016-04-23 18:07:00,2016-04-23,2016-04,2016,18,Saturday,"In the weekly address, President Obama talks about his efforts to improve our criminal justice system. https://t.co/7jF32GGJ3c #FixTheSystem",t00734
rihanna,Mr. Prez http://t.co/KawNYXsU,21/01/2013 17:38,2.93412E+17,en,1121,2610,2013-01-21 17:38:00,2013-01-21,2013-01,2013,17,Monday,Mr. Prez http://t.co/KawNYXsU,t00735
instagram,For @sweetandhome1 no baked treat is complete without a touch of home https://t.co/w28y0NkN4P,16/12/2016 18:30,8.09828E+17,en,577,113,2016-12-16 18:30:00,2016-12-16,2016-12,2016,18,Friday,For @sweetandhome1 no baked treat is complete without a touch of home https://t.co/w28y0NkN4P,t00736
arianagrande,@alexaluria I miss you........... so much,24/07/2015 07:00,6.24474E+17,en,10475,5577,2015-07-24 07:00:00,2015-07-24,2015-07,2015,7,Friday,@alexaluria I miss you........... so much,t00737
taylorswift13,"I mean... @josheells and I talked about alllll kinds of stuff.
#RollingStone
http://t.co/kDe4Apmzx1",08/09/2014 19:36,5.09063E+17,en,11777,7370,2014-09-08 19:36:00,2014-09-08,2014-09,2014,19,Monday,I mean... @josheells and I talked about alllll kinds of stuff. #RollingStone http://t.co/kDe4Apmzx1,t00738
ddlovato,"Path to Fame is quick paced, fun and exciting!!  You are constantly making decisions that affect your career! https://t.co/Rgc9XwDd6B",13/11/2015 22:13,6.65291E+17,en,8787,4985,2015-11-13 22:13:00,2015-11-13,2015-11,2015,22,Friday,"Path to Fame is quick paced, fun and exciting!! You are constantly making decisions that affect your career! https://t.co/Rgc9XwDd6B",t00739
cristiano,"Hey guys, #FF @vivaronaldo @gamebyronaldo @cr7underwear @savethechildren @jacobandco",20/12/2013 12:31,4.1401E+17,en,1259,1060,2013-12-20 12:31:00,2013-12-20,2013-12,2013,12,Friday,"Hey guys, #FF @vivaronaldo @gamebyronaldo @cr7underwear @savethechildren @jacobandco",t00740
instagram,Creativity meets consistency in this fun round-up (via @bustle @MvpJess) https://t.co/QuqRsIxI1r,18/05/2016 21:56,7.33054E+17,en,640,127,2016-05-18 21:56:00,2016-05-18,2016-05,2016,21,Wednesday,Creativity meets consistency in this fun round-up (via @bustle @MvpJess) https://t.co/QuqRsIxI1r,t00741
twitter,"When you win tonight's Powerball jackpot, what will you do with $1.5 billion? 

💵 https://t.co/5wHdpuVUvB 💵",14/01/2016 01:00,6.87439E+17,en,1022,411,2016-01-14 01:00:00,2016-01-14,2016-01,2016,1,Thursday,"When you win tonight's Powerball jackpot, what will you do with $1.5 billion? 💵 https://t.co/5wHdpuVUvB 💵",t00742
taylorswift13,"Real talk:

http://t.co/MLIbdFBJ8C",11/09/2014 00:33,5.09862E+17,en,12705,7920,2014-09-11 00:33:00,2014-09-11,2014-09,2014,0,Thursday,Real talk: http://t.co/MLIbdFBJ8C,t00743
jimmyfallon,@JennaWolfe orrrrrr you guys could watch the Best Of Late Night instead... #teamNBC,05/01/2014 14:25,4.19837E+17,en,74,9,2014-01-05 14:25:00,2014-01-05,2014-01,2014,14,Sunday,@JennaWolfe orrrrrr you guys could watch the Best Of Late Night instead... #teamNBC,t00744
barackobama,"""For the first time, more than 90% of Americans are covered."" —President Obama https://t.co/oEk3RYamsm #GetCovered",07/11/2015 18:29,6.63061E+17,en,2912,1140,2015-11-07 18:29:00,2015-11-07,2015-11,2015,18,Saturday,"""For the first time, more than 90% of Americans are covered."" —President Obama https://t.co/oEk3RYamsm #GetCovered",t00745
arianagrande,wow ♡ thank you so much @miyuki_ohashi https://t.co/BJauf0fbmS,24/11/2015 21:27,6.69266E+17,en,21548,9424,2015-11-24 21:27:00,2015-11-24,2015-11,2015,21,Tuesday,wow ♡ thank you so much @miyuki_ohashi https://t.co/BJauf0fbmS,t00746
twitter,We released an update for #TwitterforMac: http://t.co/0JG5Mcq,12/05/2011 13:06,6.86634E+16,en,148,390,2011-05-12 13:06:00,2011-05-12,2011-05,2011,13,Thursday,We released an update for #TwitterforMac: http://t.co/0JG5Mcq,t00747
arianagrande,literally heading home with tears in my eyes!! thank you babes for making today so beautiful. u have no idea just how seriously loved u are!,16/09/2015 23:25,6.44291E+17,en,25356,13251,2015-09-16 23:25:00,2015-09-16,2015-09,2015,23,Wednesday,literally heading home with tears in my eyes!! thank you babes for making today so beautiful. u have no idea just how seriously loved u are!,t00748
jimmyfallon,"Tonight: @tylerperry, @billyeichner, music from @juanes and our first Tonight Show #DoNotRead list!! #FallonTonight",11/03/2014 19:03,4.43462E+17,en,827,275,2014-03-11 19:03:00,2014-03-11,2014-03,2014,19,Tuesday,"Tonight: @tylerperry, @billyeichner, music from @juanes and our first Tonight Show #DoNotRead list!! #FallonTonight",t00749
rihanna,Niggaz in Paris,17/11/2012 23:53,2.69951E+17,en,2790,7548,2012-11-17 23:53:00,2012-11-17,2012-11,2012,23,Saturday,Niggaz in Paris,t00750
twitter,"Now, everyone can use #Stickers on photos! Celebrate with us tomorrow as we #StickTogether . https://t.co/LOh2jygRno",27/07/2016 22:38,7.58431E+17,en,4644,1313,2016-07-27 22:38:00,2016-07-27,2016-07,2016,22,Wednesday,"Now, everyone can use #Stickers on photos! Celebrate with us tomorrow as we #StickTogether . https://t.co/LOh2jygRno",t00751
jimmyfallon,"Pope Francis is bringing a rabbi and a Muslim leader to the Holy Land this week. Bartenders said, ""We've been expecting you!"" #fallonmono",22/05/2014 00:12,4.6927E+17,en,3610,2340,2014-05-22 00:12:00,2014-05-22,2014-05,2014,0,Thursday,"Pope Francis is bringing a rabbi and a Muslim leader to the Holy Land this week. Bartenders said, ""We've been expecting you!"" #fallonmono",t00752
rihanna,New #ANTIWorldTour dates; presale NOW @TIDALHiFi &amp; @AmericanExpress Card Members can get tix https://t.co/ehfoEsytpo https://t.co/ZijQfVVYSb,09/12/2015 20:02,6.7468E+17,en,8508,3743,2015-12-09 20:02:00,2015-12-09,2015-12,2015,20,Wednesday,New #ANTIWorldTour dates; presale NOW @TIDALHiFi & @AmericanExpress Card Members can get tix https://t.co/ehfoEsytpo https://t.co/ZijQfVVYSb,t00753
ladygaga,And the brilliant pastry chef made cakes of my ARTPOP looks. http://t.co/CYOOm2xCS6,22/10/2014 16:51,5.24966E+17,en,2753,1749,2014-10-22 16:51:00,2014-10-22,2014-10,2014,16,Wednesday,And the brilliant pastry chef made cakes of my ARTPOP looks. http://t.co/CYOOm2xCS6,t00754
ladygaga,Paris are you ready to take your seat? #BalenciagaFW15 https://t.co/1lJBMqsqIN,06/03/2015 18:10,5.73909E+17,en,4469,2576,2015-03-06 18:10:00,2015-03-06,2015-03,2015,18,Friday,Paris are you ready to take your seat? #BalenciagaFW15 https://t.co/1lJBMqsqIN,t00755
katyperry,Joined a traditional Thai band last night #whatsgoodBangkok @ LAST NIGHT IN BANGKOK https://t.co/i1lCKN71xk,14/05/2015 09:02,5.98775E+17,en,10799,6021,2015-05-14 09:02:00,2015-05-14,2015-05,2015,9,Thursday,Joined a traditional Thai band last night #whatsgoodBangkok @ LAST NIGHT IN BANGKOK https://t.co/i1lCKN71xk,t00756
jtimberlake,"Say hi to @ErinStevenson, background singer for much of #JT2020Tour #MeetTheTNKids http://t.co/MlvhUFEbJF -teamJT http://t.co/pMCW080gbe",10/12/2014 18:21,5.42746E+17,en,1505,1651,2014-12-10 18:21:00,2014-12-10,2014-12,2014,18,Wednesday,"Say hi to @ErinStevenson, background singer for much of #JT2020Tour #MeetTheTNKids http://t.co/MlvhUFEbJF -teamJT http://t.co/pMCW080gbe",t00757
arianagrande,u already kno my love!!!!!  https://t.co/J77KuTW3is,21/06/2015 20:46,6.12723E+17,en,15142,6824,2015-06-21 20:46:00,2015-06-21,2015-06,2015,20,Sunday,u already kno my love!!!!! https://t.co/J77KuTW3is,t00758
youtube,@TheRock @IISuperwomanII Hope you enjoyed our secret volcano headquarters!,19/07/2016 22:29,7.5553E+17,en,159,35,2016-07-19 22:29:00,2016-07-19,2016-07,2016,22,Tuesday,@TheRock @IISuperwomanII Hope you enjoyed our secret volcano headquarters!,t00759
kimkardashian,Back in Miami #OldSchool #GrootWedding https://t.co/fUFbv7KViO,23/04/2016 05:01,7.23739E+17,en,10828,1605,2016-04-23 05:01:00,2016-04-23,2016-04,2016,5,Saturday,Back in Miami #OldSchool #GrootWedding https://t.co/fUFbv7KViO,t00760
ddlovato,@warrior92demi too much hair!! But I'm changing it again real soon....,03/10/2016 23:15,7.83083E+17,en,4319,1763,2016-10-03 23:15:00,2016-10-03,2016-10,2016,23,Monday,@warrior92demi too much hair!! But I'm changing it again real soon....,t00761
theellenshow,Sending one now. What's your home address? https://t.co/ZNHzhIdd71,05/05/2016 03:18,7.28061E+17,en,3199,427,2016-05-05 03:18:00,2016-05-05,2016-05,2016,3,Thursday,Sending one now. What's your home address? https://t.co/ZNHzhIdd71,t00762
selenagomez,"@SelenaLikeABoss That's so sweet! Thank you so much, that's a good way to start my day.",07/06/2012 14:49,2.10745E+17,en,714,1682,2012-06-07 14:49:00,2012-06-07,2012-06,2012,14,Thursday,"@SelenaLikeABoss That's so sweet! Thank you so much, that's a good way to start my day.",t00763
ddlovato,@cftsbitty I love this song 💗Niall did an awesome job,03/10/2016 22:52,7.83077E+17,en,9972,6857,2016-10-03 22:52:00,2016-10-03,2016-10,2016,22,Monday,@cftsbitty I love this song 💗Niall did an awesome job,t00764
youtube,Keep on truckin! https://t.co/TrC1iJNbNE https://t.co/oBguVw65g4,10/01/2016 19:00,6.86261E+17,en,1567,267,2016-01-10 19:00:00,2016-01-10,2016-01,2016,19,Sunday,Keep on truckin! https://t.co/TrC1iJNbNE https://t.co/oBguVw65g4,t00765
theellenshow,I’m about to go live on @QVC with my ED On Air holiday collection! Tune in. I’ll QVC you soon.  http://t.co/zZkfkovzaE,16/10/2015 23:47,6.55168E+17,en,1378,226,2015-10-16 23:47:00,2015-10-16,2015-10,2015,23,Friday,I’m about to go live on @QVC with my ED On Air holiday collection! Tune in. I’ll QVC you soon. http://t.co/zZkfkovzaE,t00766
katyperry,@heavymetaIovers sorry I went too far. Love ya,10/09/2016 21:19,7.74719E+17,en,2597,691,2016-09-10 21:19:00,2016-09-10,2016-09,2016,21,Saturday,@heavymetaIovers sorry I went too far. Love ya,t00767
theellenshow,I feel the same way about my kitty kitty kitty cats. https://t.co/VZdW17BMmN,24/02/2016 22:34,7.02623E+17,en,11453,1917,2016-02-24 22:34:00,2016-02-24,2016-02,2016,22,Wednesday,I feel the same way about my kitty kitty kitty cats. https://t.co/VZdW17BMmN,t00768
barackobama,"""People who love their country can change it ... That is the promise of AmeriCorps."" —President Obama #AmeriCorps20",12/09/2014 16:19,5.10463E+17,en,1231,803,2014-09-12 16:19:00,2014-09-12,2014-09,2014,16,Friday,"""People who love their country can change it ... That is the promise of AmeriCorps."" —President Obama #AmeriCorps20",t00769
ladygaga,@Lexiesus truth,28/08/2014 09:25,5.04923E+17,en,1777,891,2014-08-28 09:25:00,2014-08-28,2014-08,2014,9,Thursday,@Lexiesus truth,t00770
arianagrande,"""full out!"" @jammyprod ♡ ♡ ♡ I love my #hairspraylive family with all my damn heart. what an… https://t.co/E7ehTFHqpo",06/12/2016 21:27,8.06249E+17,en,18302,5468,2016-12-06 21:27:00,2016-12-06,2016-12,2016,21,Tuesday,"""full out!"" @jammyprod ♡ ♡ ♡ I love my #hairspraylive family with all my damn heart. what an… https://t.co/E7ehTFHqpo",t00771
theellenshow,"Did you see what my audience won today? I saved one of everything for someone on Twitter! https://t.co/2kFgIp44rr
https://t.co/Rszqno0eWe",01/12/2015 19:21,6.71771E+17,en,6520,1438,2015-12-01 19:21:00,2015-12-01,2015-12,2015,19,Tuesday,Did you see what my audience won today? I saved one of everything for someone on Twitter! https://t.co/2kFgIp44rr https://t.co/Rszqno0eWe,t00772
justinbieber,Good morning http://t.co/guDqrRG3My,01/09/2015 15:59,6.38743E+17,en,45584,39000,2015-09-01 15:59:00,2015-09-01,2015-09,2015,15,Tuesday,Good morning http://t.co/guDqrRG3My,t00773
theellenshow,I had a very special guest drop by with big news about #TheTylerOakleyShow! You’ll never guess who it was. https://t.co/3YXHslo1zX,21/09/2016 16:35,7.78634E+17,en,13404,2884,2016-09-21 16:35:00,2016-09-21,2016-09,2016,16,Wednesday,I had a very special guest drop by with big news about #TheTylerOakleyShow! You’ll never guess who it was. https://t.co/3YXHslo1zX,t00774
youtube,We’re in LA with some of your favorite YouTubers! Follow our Snapchat story to see who pops up! Username = youtube https://t.co/Da7f6F2oYE,31/03/2016 17:20,7.1559E+17,en,2177,288,2016-03-31 17:20:00,2016-03-31,2016-03,2016,17,Thursday,We’re in LA with some of your favorite YouTubers! Follow our Snapchat story to see who pops up! Username = youtube https://t.co/Da7f6F2oYE,t00775
britneyspears,So ready for this night ✨💃🏼#VMAs https://t.co/Py2IOB2YxT,28/08/2016 23:45,7.70045E+17,en,38164,12509,2016-08-28 23:45:00,2016-08-28,2016-08,2016,23,Sunday,So ready for this night ✨💃🏼#VMAs https://t.co/Py2IOB2YxT,t00776
jimmyfallon,"Jason Sudeikis, @KChenoweth, @JoeJonas and I try a new game called Tandem Sculptionary https://t.co/Gxr5FjP0go #FallonTonight",22/11/2016 13:07,8.01049E+17,en,1170,209,2016-11-22 13:07:00,2016-11-22,2016-11,2016,13,Tuesday,"Jason Sudeikis, @KChenoweth, @JoeJonas and I try a new game called Tandem Sculptionary https://t.co/Gxr5FjP0go #FallonTonight",t00777
kimkardashian,@Aussie_Kardash hi doll! #bff,01/11/2015 22:06,6.60941E+17,en,205,67,2015-11-01 22:06:00,2015-11-01,2015-11,2015,22,Sunday,@Aussie_Kardash hi doll! #bff,t00778
selenagomez,Happy Friday everyone.  I hope you all enjoy the weekend.  What are your plans?,16/09/2011 22:36,1.1483E+17,en,1132,3557,2011-09-16 22:36:00,2011-09-16,2011-09,2011,22,Friday,Happy Friday everyone. I hope you all enjoy the weekend. What are your plans?,t00779
cristiano,Christmas time has arrived. http://t.co/gJUbosLaDw,21/11/2014 13:58,5.35794E+17,en,26058,13044,2014-11-21 13:58:00,2014-11-21,2014-11,2014,13,Friday,Christmas time has arrived. http://t.co/gJUbosLaDw,t00780
rihanna,Me and my #RASTAwoman balloons http://t.co/TpzlejyPw9,21/02/2013 17:39,3.04647E+17,en,991,1459,2013-02-21 17:39:00,2013-02-21,2013-02,2013,17,Thursday,Me and my #RASTAwoman balloons http://t.co/TpzlejyPw9,t00781
twitter,"#DayOne of the Trump presidency begins this Friday with the #Inauguration, streaming LIVE on Twitter.

https://t.co/cXqjEOQqZn",18/01/2017 20:02,8.2181E+17,en,1062,332,2017-01-18 20:02:00,2017-01-18,2017-01,2017,20,Wednesday,"#DayOne of the Trump presidency begins this Friday with the #Inauguration, streaming LIVE on Twitter. https://t.co/cXqjEOQqZn",t00782
ddlovato,Here we goooo! @nickjonas &amp; I are ready to take the stage in one hour at @irvingplaza!😜😜You can livestream at https://t.co/ircn3OPacR,26/10/2015 22:06,6.58767E+17,en,11182,7599,2015-10-26 22:06:00,2015-10-26,2015-10,2015,22,Monday,Here we goooo! @nickjonas & I are ready to take the stage in one hour at @irvingplaza!😜😜You can livestream at https://t.co/ircn3OPacR,t00783
britneyspears,Cute Charly! Xo RT @charly_bradshaw #MyBritneyJeanCover so sweet thanks @britneyspears http://t.co/KAsQprQnU1 http://t.co/2cp7cyGUwv,12/11/2013 20:58,4.00367E+17,en,1004,484,2013-11-12 20:58:00,2013-11-12,2013-11,2013,20,Tuesday,Cute Charly! Xo RT @charly_bradshaw #MyBritneyJeanCover so sweet thanks @britneyspears http://t.co/KAsQprQnU1 http://t.co/2cp7cyGUwv,t00784
selenagomez,@daintyselly noooo you have no idea how much I love YOU,13/07/2012 03:07,2.23615E+17,en,857,1817,2012-07-13 03:07:00,2012-07-13,2012-07,2012,3,Friday,@daintyselly noooo you have no idea how much I love YOU,t00785
shakira,Welcome to the team guys! @The_Mark_Andrew @KrisThomasMusik. So excited to work with you both. #TeamShakira @NBCTheVoice. Shak,26/03/2013 13:43,3.16546E+17,en,442,504,2013-03-26 13:43:00,2013-03-26,2013-03,2013,13,Tuesday,Welcome to the team guys! @The_Mark_Andrew @KrisThomasMusik. So excited to work with you both. #TeamShakira @NBCTheVoice. Shak,t00786
rihanna,Oh shit! #PourItUp #RIHmix is about to drop!!!! #jeezy #ross #juicyj #tip #rih,20/03/2013 18:31,3.14444E+17,en,1560,3226,2013-03-20 18:31:00,2013-03-20,2013-03,2013,18,Wednesday,Oh shit! #PourItUp #RIHmix is about to drop!!!! #jeezy #ross #juicyj #tip #rih,t00787
twitter,"With hours to go until polls close in Britain, see how people are talking about the historic #EURef. https://t.co/lNiOayOV4y",23/06/2016 15:46,7.46007E+17,en,650,189,2016-06-23 15:46:00,2016-06-23,2016-06,2016,15,Thursday,"With hours to go until polls close in Britain, see how people are talking about the historic #EURef. https://t.co/lNiOayOV4y",t00788
cristiano,"Photoshoot with @AngelAlessandra for a special project. Great meeting her, a lot of fun. http://t.co/wzv2kBB4Zz http://t.co/pyWUUZvbVS",16/10/2015 13:37,6.55015E+17,en,10845,3157,2015-10-16 13:37:00,2015-10-16,2015-10,2015,13,Friday,"Photoshoot with @AngelAlessandra for a special project. Great meeting her, a lot of fun. http://t.co/wzv2kBB4Zz http://t.co/pyWUUZvbVS",t00789
ladygaga,"A very humbling review of my Oscar performance http://t.co/n8PrXelFvy I love this piece of music so much, thank you.",24/02/2015 02:05,5.70042E+17,en,12954,6996,2015-02-24 02:05:00,2015-02-24,2015-02,2015,2,Tuesday,"A very humbling review of my Oscar performance http://t.co/n8PrXelFvy I love this piece of music so much, thank you.",t00790
twitter,Twitter blog post: Twitter now available in Russian and Turkish http://t.co/YnGIst3,26/04/2011 19:13,6.29576E+16,en,151,449,2011-04-26 19:13:00,2011-04-26,2011-04,2011,19,Tuesday,Twitter blog post: Twitter now available in Russian and Turkish http://t.co/YnGIst3,t00791
katyperry,RT @lenadunham: Twerkin hard or hardly twerkin?,29/04/2013 03:18,3.2871E+17,en,1853,2749,2013-04-29 03:18:00,2013-04-29,2013-04,2013,3,Monday,RT @lenadunham: Twerkin hard or hardly twerkin?,t00792
youtube,Getting homework done like → https://t.co/6AZ9CSNHM8 https://t.co/8ti4ddlelI,02/11/2016 23:00,7.93951E+17,en,853,179,2016-11-02 23:00:00,2016-11-02,2016-11,2016,23,Wednesday,Getting homework done like → https://t.co/6AZ9CSNHM8 https://t.co/8ti4ddlelI,t00793
jimmyfallon,@russwest44 @nbc I am LOVING my shoes!! Hoodie next time. Thanks.,09/09/2016 02:17,7.74069E+17,en,311,42,2016-09-09 02:17:00,2016-09-09,2016-09,2016,2,Friday,@russwest44 @nbc I am LOVING my shoes!! Hoodie next time. Thanks.,t00794
selenagomez,There are more important things to talk about... Why can't people use their voice for something that fucking matters?,18/07/2016 04:31,7.54896E+17,en,231452,111671,2016-07-18 04:31:00,2016-07-18,2016-07,2016,4,Monday,There are more important things to talk about... Why can't people use their voice for something that fucking matters?,t00795
twitter,"Hey #WWC fans, your Tweets of support inspired Team #USA to go out and win! http://t.co/WEzVAz3 Good luck in the finals @hopesolo and team!",14/07/2011 00:15,9.12997E+16,en,68,121,2011-07-14 00:15:00,2011-07-14,2011-07,2011,0,Thursday,"Hey #WWC fans, your Tweets of support inspired Team #USA to go out and win! http://t.co/WEzVAz3 Good luck in the finals @hopesolo and team!",t00796
barackobama,You've got this: http://t.co/l8zQYngoOn http://t.co/Iue5qqR3Lu,28/03/2015 16:44,5.81859E+17,en,2188,722,2015-03-28 16:44:00,2015-03-28,2015-03,2015,16,Saturday,You've got this: http://t.co/l8zQYngoOn http://t.co/Iue5qqR3Lu,t00797
britneyspears,You're a day late @SimonCowell. Clearly your senility is to blame. I forgive you :),03/12/2012 20:37,2.757E+17,en,1296,1752,2012-12-03 20:37:00,2012-12-03,2012-12,2012,20,Monday,You're a day late @SimonCowell. Clearly your senility is to blame. I forgive you :),t00798
katyperry,...💃BARCELONA💃w/ @charli_xcx tonight! R U COMING?! #PrismaticBarcelona,16/02/2015 10:38,5.67272E+17,en,16040,8468,2015-02-16 10:38:00,2015-02-16,2015-02,2015,10,Monday,...💃BARCELONA💃w/ @charli_xcx tonight! R U COMING?! #PrismaticBarcelona,t00799
arianagrande,literal angel on earth gracing us with her presence https://t.co/LNHattwLUE,11/01/2017 10:05,8.19123E+17,en,16828,4212,2017-01-11 10:05:00,2017-01-11,2017-01,2017,10,Wednesday,literal angel on earth gracing us with her presence https://t.co/LNHattwLUE,t00800
justinbieber,"Congrats on 48-0 @floydmayweather. Go see both of our shots from last night http://t.co/6G6daH6DdI 

#moneymayweather",03/05/2015 19:41,5.9495E+17,en,72961,57166,2015-05-03 19:41:00,2015-05-03,2015-05,2015,19,Sunday,Congrats on 48-0 @floydmayweather. Go see both of our shots from last night http://t.co/6G6daH6DdI #moneymayweather,t00801
katyperry,Yesterday at 6am I started climbing that huge mountain you see in all the Machu Picchu pictures… https://t.co/O3yQWyJszp,25/09/2015 21:00,6.47516E+17,en,9947,4944,2015-09-25 21:00:00,2015-09-25,2015-09,2015,21,Friday,Yesterday at 6am I started climbing that huge mountain you see in all the Machu Picchu pictures… https://t.co/O3yQWyJszp,t00802
instagram,We’re popping up for this week’s #WeeklyFluff 😻 https://t.co/O5ZfTEnVIm,06/09/2016 16:35,7.73198E+17,en,780,141,2016-09-06 16:35:00,2016-09-06,2016-09,2016,16,Tuesday,We’re popping up for this week’s #WeeklyFluff 😻 https://t.co/O5ZfTEnVIm,t00803
selenagomez,"Did a fun twitter contest last week for Dream Out Loud at Kmart The Grove, take a peek at the video.   Hope... http://t.co/bf5ymGY1",02/05/2012 21:41,1.97803E+17,en,1543,3547,2012-05-02 21:41:00,2012-05-02,2012-05,2012,21,Wednesday,"Did a fun twitter contest last week for Dream Out Loud at Kmart The Grove, take a peek at the video. Hope... http://t.co/bf5ymGY1",t00804
britneyspears,@thuutu @juneconey Vegasney?? LOL #PieceOfMeTickets,20/09/2013 17:20,3.81106E+17,en,573,1218,2013-09-20 17:20:00,2013-09-20,2013-09,2013,17,Friday,@thuutu @juneconey Vegasney?? LOL #PieceOfMeTickets,t00805
barackobama,Add your name if you support the President's historic agreement with China on climate change: http://t.co/BI931suA5b #ActOnClimate,12/11/2014 18:07,5.32595E+17,en,1091,598,2014-11-12 18:07:00,2014-11-12,2014-11,2014,18,Wednesday,Add your name if you support the President's historic agreement with China on climate change: http://t.co/BI931suA5b #ActOnClimate,t00806
arianagrande,wooooooow. I love y'all thank you. it's coming! ☁️ https://t.co/mjxpoel2cy,20/02/2016 21:07,7.01151E+17,en,24073,9753,2016-02-20 21:07:00,2016-02-20,2016-02,2016,21,Saturday,wooooooow. I love y'all thank you. it's coming! ☁️ https://t.co/mjxpoel2cy,t00807
selenagomez,My heart is absolutely broken. I miss you Christina https://t.co/KWGwZZlj4t,11/06/2016 16:57,7.41676E+17,en,429159,163071,2016-06-11 16:57:00,2016-06-11,2016-06,2016,16,Saturday,My heart is absolutely broken. I miss you Christina https://t.co/KWGwZZlj4t,t00808
katyperry,👀 “@anapurry: @katyperry i 👀 you. can you 👀 me? love u bb”,20/08/2013 20:21,3.69917E+17,en,1204,1243,2013-08-20 20:21:00,2013-08-20,2013-08,2013,20,Tuesday,👀 “@anapurry: @katyperry i 👀 you. can you 👀 me? love u bb”,t00809
justinbieber,#PurposeTourPortland was fun tonight,14/03/2016 08:55,7.09302E+17,en,112692,61152,2016-03-14 08:55:00,2016-03-14,2016-03,2016,8,Monday,#PurposeTourPortland was fun tonight,t00810
ddlovato,"@elvisduran had so much fun, thanks for bringing the entertainment elvis 😚",13/07/2016 23:47,7.53375E+17,en,4462,2133,2016-07-13 23:47:00,2016-07-13,2016-07,2016,23,Wednesday,"@elvisduran had so much fun, thanks for bringing the entertainment elvis 😚",t00811
katyperry,Be weary of watching The Truman Show if there is a possibility your life could be the Truman Show 😳,07/11/2014 00:21,5.30515E+17,en,8472,4374,2014-11-07 00:21:00,2014-11-07,2014-11,2014,0,Friday,Be weary of watching The Truman Show if there is a possibility your life could be the Truman Show 😳,t00812
ladygaga,"#artRAVESheffield you we lovely, had us sweatin and spittinup hard! Only two shows left. A bittersweet ending to a new beginning.💗",20/11/2014 23:11,5.35571E+17,en,4022,2716,2014-11-20 23:11:00,2014-11-20,2014-11,2014,23,Thursday,"#artRAVESheffield you we lovely, had us sweatin and spittinup hard! Only two shows left. A bittersweet ending to a new beginning.💗",t00813
katyperry,TBH I'm getting slightly worried about butters. https://t.co/iYQShhzgW3,28/03/2015 19:01,5.81894E+17,en,8897,4290,2015-03-28 19:01:00,2015-03-28,2015-03,2015,19,Saturday,TBH I'm getting slightly worried about butters. https://t.co/iYQShhzgW3,t00814
jtimberlake,Carole King and James Taylor(the FIRST JT!)on PBS Live at the Troubadour is giving me life right now. #MasterMusicians,03/06/2013 03:07,3.41391E+17,en,1013,701,2013-06-03 03:07:00,2013-06-03,2013-06,2013,3,Monday,Carole King and James Taylor(the FIRST JT!)on PBS Live at the Troubadour is giving me life right now. #MasterMusicians,t00815
jtimberlake,"Congrats JT! 2 #ASCAP Pop Music Awards for ""Mirrors"" &amp; ""Not A Bad Thing""!! http://t.co/G08rGiWaOh -teamJT http://t.co/IvTX0J0RBq",30/04/2015 18:43,5.93848E+17,en,5491,2204,2015-04-30 18:43:00,2015-04-30,2015-04,2015,18,Thursday,"Congrats JT! 2 #ASCAP Pop Music Awards for ""Mirrors"" & ""Not A Bad Thing""!! http://t.co/G08rGiWaOh -teamJT http://t.co/IvTX0J0RBq",t00816
selenagomez,Whoa.. I was just picking some flowers with this chick. Smile everyone http://t.co/7FXcPoN8,03/02/2012 01:30,1.65246E+17,en,1505,3810,2012-02-03 01:30:00,2012-02-03,2012-02,2012,1,Friday,Whoa.. I was just picking some flowers with this chick. Smile everyone http://t.co/7FXcPoN8,t00817
ladygaga,#HILLARY2016 VOTE for the 1st female US president in history. This country could use a little rock n' roll. 🇺🇸🙏🏽🤘🏽 https://t.co/3kYJsvclc0,07/06/2016 19:03,7.40258E+17,en,40223,12554,2016-06-07 19:03:00,2016-06-07,2016-06,2016,19,Tuesday,#HILLARY2016 VOTE for the 1st female US president in history. This country could use a little rock n' roll. 🇺🇸🙏🏽🤘🏽 https://t.co/3kYJsvclc0,t00818
kimkardashian,My experience eating my placenta is up on my app! https://t.co/0aC3YXxIgv https://t.co/xcCEtVCvzb,14/12/2015 19:45,6.76488E+17,en,5969,2606,2015-12-14 19:45:00,2015-12-14,2015-12,2015,19,Monday,My experience eating my placenta is up on my app! https://t.co/0aC3YXxIgv https://t.co/xcCEtVCvzb,t00819
jimmyfallon,“@jlalich: @jimmyfallon you're nearing show number 100….how're you feeling?” Lucky.,30/07/2014 14:32,4.94491E+17,en,908,109,2014-07-30 14:32:00,2014-07-30,2014-07,2014,14,Wednesday,“@jlalich: @jimmyfallon you're nearing show number 100….how're you feeling?” Lucky.,t00820
theellenshow,Happy #ThrowbackThursday! http://t.co/lv7LRJdNkh,01/10/2015 17:26,6.49637E+17,en,5942,1482,2015-10-01 17:26:00,2015-10-01,2015-10,2015,17,Thursday,Happy #ThrowbackThursday! http://t.co/lv7LRJdNkh,t00821
barackobama,"""The last seven years—shoot, the last seven days—should remind us there's nothing America cannot do."" —President Obama",02/07/2015 19:17,6.16687E+17,en,3332,1342,2015-07-02 19:17:00,2015-07-02,2015-07,2015,19,Thursday,"""The last seven years—shoot, the last seven days—should remind us there's nothing America cannot do."" —President Obama",t00822
theellenshow,"Just watched @MLauer's generous offer at the #DaytimeEmmys. Come on, everyone! Let’s thank him!",27/04/2015 00:00,5.92478E+17,en,1921,350,2015-04-27 00:00:00,2015-04-27,2015-04,2015,0,Monday,"Just watched @MLauer's generous offer at the #DaytimeEmmys. Come on, everyone! Let’s thank him!",t00823
selenagomez,#Shazam my @Pantene commercial tonight during the #VMAs for a chance to come to the #REVIVALevent in LA :) @Shazam,30/08/2015 22:41,6.38119E+17,en,17933,10946,2015-08-30 22:41:00,2015-08-30,2015-08,2015,22,Sunday,#Shazam my @Pantene commercial tonight during the #VMAs for a chance to come to the #REVIVALevent in LA :) @Shazam,t00824
rihanna,@zac_posen thank you again for having your beautiful art be a part of the #DiamondBall #oneLoveAlways http://t.co/trLZvCwbT6,13/12/2014 19:10,5.43846E+17,en,1735,911,2014-12-13 19:10:00,2014-12-13,2014-12,2014,19,Saturday,@zac_posen thank you again for having your beautiful art be a part of the #DiamondBall #oneLoveAlways http://t.co/trLZvCwbT6,t00825
youtube,"🎶 Haᵃˡˡelᵤⱼaaaaah 

Let @PTXOfficial sing you something soothing →https://t.co/DFXC9gFPMQ https://t.co/QMZ9jQd15u",22/10/2016 16:00,7.89859E+17,en,1135,279,2016-10-22 16:00:00,2016-10-22,2016-10,2016,16,Saturday,🎶 Haᵃˡˡelᵤⱼaaaaah Let @PTXOfficial sing you something soothing →https://t.co/DFXC9gFPMQ https://t.co/QMZ9jQd15u,t00826
theellenshow,"Louisiana, I love you. Text LAFLOODS to 90999 to make a $10 donation through the American @RedCross. #LouisianaFlood",16/08/2016 17:20,7.65599E+17,en,4535,1990,2016-08-16 17:20:00,2016-08-16,2016-08,2016,17,Tuesday,"Louisiana, I love you. Text LAFLOODS to 90999 to make a $10 donation through the American @RedCross. #LouisianaFlood",t00827
cristiano,Check out my amazing Castrol EDGE #TestedToTheLimit Blackout Challenge teaser [via@castrolfootball] ... http://t.co/1egYi3dv,27/10/2011 12:07,1.2953E+17,en,136,254,2011-10-27 12:07:00,2011-10-27,2011-10,2011,12,Thursday,Check out my amazing Castrol EDGE #TestedToTheLimit Blackout Challenge teaser [via@castrolfootball] ... http://t.co/1egYi3dv,t00828
jimmyfallon,We couldn't have done it if the original wasn't fantastic. Thank you. https://t.co/uISJ6anEpN,27/05/2016 15:53,7.36224E+17,en,2575,472,2016-05-27 15:53:00,2016-05-27,2016-05,2016,15,Friday,We couldn't have done it if the original wasn't fantastic. Thank you. https://t.co/uISJ6anEpN,t00829
arianagrande,@ddlovato and by lit we mean everyone shat themselves,20/02/2016 20:01,7.01135E+17,en,25970,15340,2016-02-20 20:01:00,2016-02-20,2016-02,2016,20,Saturday,@ddlovato and by lit we mean everyone shat themselves,t00830
cnnbrk,Trump team asks State Department for info on gender programs. https://t.co/aW2qJdZEtt https://t.co/4X3fdkOkiP,22/12/2016 22:28,8.12062E+17,en,213,176,2016-12-22 22:28:00,2016-12-22,2016-12,2016,22,Thursday,Trump team asks State Department for info on gender programs. https://t.co/aW2qJdZEtt https://t.co/4X3fdkOkiP,t00831
arianagrande,"not today satan !!!!!! gtg finish this music &amp; live my cute, drama free life !!",20/01/2016 23:40,6.89956E+17,en,77121,48863,2016-01-20 23:40:00,2016-01-20,2016-01,2016,23,Wednesday,"not today satan !!!!!! gtg finish this music & live my cute, drama free life !!",t00832
shakira,Oooh! Gracias por este collage! Shak RT @ShakirasSmile  @shakira @3gerardpique  say Happy Birthday To Milan!! :) http://t.co/jShMrqeLbI,22/01/2014 21:42,4.26108E+17,en,1791,938,2014-01-22 21:42:00,2014-01-22,2014-01,2014,21,Wednesday,Oooh! Gracias por este collage! Shak RT @ShakirasSmile @shakira @3gerardpique say Happy Birthday To Milan!! :) http://t.co/jShMrqeLbI,t00833
selenagomez,What I wish I could tell everyone when they feel knocked down.  https://t.co/ASNVuibO2p,09/10/2015 16:23,6.5252E+17,en,9039,6188,2015-10-09 16:23:00,2015-10-09,2015-10,2015,16,Friday,What I wish I could tell everyone when they feel knocked down. https://t.co/ASNVuibO2p,t00834
katyperry,And Cooper High School! http://t.co/CKWV3WMGjQ #ROAR #GMA,10/10/2013 21:08,3.88411E+17,en,2443,2802,2013-10-10 21:08:00,2013-10-10,2013-10,2013,21,Thursday,And Cooper High School! http://t.co/CKWV3WMGjQ #ROAR #GMA,t00835
jimmyfallon,“@izzygeraci: @jimmyfallon what about hashtags jim jim???” Yes.,11/02/2014 23:10,4.33378E+17,en,452,78,2014-02-11 23:10:00,2014-02-11,2014-02,2014,23,Tuesday,“@izzygeraci: @jimmyfallon what about hashtags jim jim???” Yes.,t00836
shakira,"Thanks to all of you for your good wishes! Much love, Shak http://t.co/Syw9csg0 #ShakiFans",02/02/2013 23:32,2.9785E+17,en,1017,968,2013-02-02 23:32:00,2013-02-02,2013-02,2013,23,Saturday,"Thanks to all of you for your good wishes! Much love, Shak http://t.co/Syw9csg0 #ShakiFans",t00837
arianagrande,tea &amp; signed album postcards up now: https://t.co/vpJNVa2Hzt  ☕️,24/05/2016 01:04,7.34913E+17,en,18696,7351,2016-05-24 01:04:00,2016-05-24,2016-05,2016,1,Tuesday,tea & signed album postcards up now: https://t.co/vpJNVa2Hzt ☕️,t00838
kimkardashian,#BTS KENDALL’S BIRTHDAY PARTY https://t.co/dUlHF4Pkpb https://t.co/dkKCJLfGKq,05/11/2015 00:29,6.62064E+17,en,6130,1296,2015-11-05 00:29:00,2015-11-05,2015-11,2015,0,Thursday,#BTS KENDALL’S BIRTHDAY PARTY https://t.co/dUlHF4Pkpb https://t.co/dkKCJLfGKq,t00839
cristiano,Great team result this wknd. Check out these photos. Hala Madrid! http://t.co/iDpqRcjg,16/04/2012 15:36,1.91913E+17,en,770,1367,2012-04-16 15:36:00,2012-04-16,2012-04,2012,15,Monday,Great team result this wknd. Check out these photos. Hala Madrid! http://t.co/iDpqRcjg,t00840
katyperry,@devhynes you better preach.,15/07/2013 02:25,3.566E+17,en,808,1212,2013-07-15 02:25:00,2013-07-15,2013-07,2013,2,Monday,@devhynes you better preach.,t00841
barackobama,Read from @NYTopinion about why filling the Supreme Court vacancy is crucial for our democracy: https://t.co/zuSWzxSaqW #DoYourJob,05/10/2016 15:50,7.83696E+17,en,2235,718,2016-10-05 15:50:00,2016-10-05,2016-10,2016,15,Wednesday,Read from @NYTopinion about why filling the Supreme Court vacancy is crucial for our democracy: https://t.co/zuSWzxSaqW #DoYourJob,t00842
cnnbrk,"Twin suicide attacks on busy Baghdad street leaves at least 19 dead, scores wounded, local officials say. https://t.co/yNi12ok1j3",31/12/2016 07:21,8.15096E+17,en,453,668,2016-12-31 07:21:00,2016-12-31,2016-12,2016,7,Saturday,"Twin suicide attacks on busy Baghdad street leaves at least 19 dead, scores wounded, local officials say. https://t.co/yNi12ok1j3",t00843
jimmyfallon,Our director Dave Diomedi shot all of these live - no pretapes - in front of our audiences. He's the best. #Emmy,06/01/2014 02:42,4.20023E+17,en,845,124,2014-01-06 02:42:00,2014-01-06,2014-01,2014,2,Monday,Our director Dave Diomedi shot all of these live - no pretapes - in front of our audiences. He's the best. #Emmy,t00844
arianagrande,why y'all so fuckin funny 😭 I love you forever and ever goodbye,14/08/2016 23:28,7.64967E+17,en,48336,17885,2016-08-14 23:28:00,2016-08-14,2016-08,2016,23,Sunday,why y'all so fuckin funny 😭 I love you forever and ever goodbye,t00845
ladygaga,@GagaSons splits queen! 🐷👑,14/09/2014 12:56,5.11136E+17,en,1642,825,2014-09-14 12:56:00,2014-09-14,2014-09,2014,12,Sunday,@GagaSons splits queen! 🐷👑,t00846
jimmyfallon,.@edsheeran has a side gig covering heavy metal and rap https://t.co/3aiXyBKRLW #FallonTonight,02/06/2015 14:11,6.05739E+17,en,2131,747,2015-06-02 14:11:00,2015-06-02,2015-06,2015,14,Tuesday,.@edsheeran has a side gig covering heavy metal and rap https://t.co/3aiXyBKRLW #FallonTonight,t00847
theellenshow,"Brielle just turned 4 &amp; celebrated by naming the new elements. When I was 4, I thought my shadow was another person. https://t.co/RX9BBF917g",18/01/2016 18:43,6.89156E+17,en,3836,545,2016-01-18 18:43:00,2016-01-18,2016-01,2016,18,Monday,"Brielle just turned 4 & celebrated by naming the new elements. When I was 4, I thought my shadow was another person. https://t.co/RX9BBF917g",t00848
jtimberlake,"My grandpa also told me, ""don't lose your head over a little piece of tail!"" #askjt",19/07/2011 22:52,9.34533E+16,en,163,655,2011-07-19 22:52:00,2011-07-19,2011-07,2011,22,Tuesday,"My grandpa also told me, ""don't lose your head over a little piece of tail!"" #askjt",t00849
cristiano,Come support Portugal vs Ireland on June 10 at @MLStadium. It’s Portugal National Day. http://t.co/IrVnQPZNmg http://t.co/Sa8V91zO7o,31/03/2014 17:00,4.50679E+17,en,4547,3414,2014-03-31 17:00:00,2014-03-31,2014-03,2014,17,Monday,Come support Portugal vs Ireland on June 10 at @MLStadium. It’s Portugal National Day. http://t.co/IrVnQPZNmg http://t.co/Sa8V91zO7o,t00850
youtube,Nobody steals a bike on Froggy Fresh’s watch. https://t.co/HTJbMdkCXP https://t.co/cg0WRzdbOI,14/04/2016 23:00,7.20748E+17,en,915,108,2016-04-14 23:00:00,2016-04-14,2016-04,2016,23,Thursday,Nobody steals a bike on Froggy Fresh’s watch. https://t.co/HTJbMdkCXP https://t.co/cg0WRzdbOI,t00851
theellenshow,Happy #YoureWelcomeWednesday!  https://t.co/r81QnyvwmI,09/03/2016 23:15,7.07706E+17,en,1560,206,2016-03-09 23:15:00,2016-03-09,2016-03,2016,23,Wednesday,Happy #YoureWelcomeWednesday! https://t.co/r81QnyvwmI,t00852
selenagomez,"I am having such an amazing time on the road meeting everyone, the crowds have been so energized and it makes for... http://fb.me/YNDILKIt",01/08/2011 18:01,9.8091E+16,en,927,2192,2011-08-01 18:01:00,2011-08-01,2011-08,2011,18,Monday,"I am having such an amazing time on the road meeting everyone, the crowds have been so energized and it makes for... http://fb.me/YNDILKIt",t00853
kimkardashian,Being calm is my thing. No other choice  https://t.co/IJIiwMkJG2,04/07/2016 01:21,7.49775E+17,en,1953,306,2016-07-04 01:21:00,2016-07-04,2016-07,2016,1,Monday,Being calm is my thing. No other choice https://t.co/IJIiwMkJG2,t00854
theellenshow,Saint West is adorable. https://t.co/YTmVmPGYqa,22/02/2016 21:26,7.01881E+17,en,15648,2409,2016-02-22 21:26:00,2016-02-22,2016-02,2016,21,Monday,Saint West is adorable. https://t.co/YTmVmPGYqa,t00855
barackobama,Stand up today for a fair Supreme Court nomination process: https://t.co/ZNdQVurk9h #DoYourJob,19/04/2016 15:43,7.2245E+17,en,1981,673,2016-04-19 15:43:00,2016-04-19,2016-04,2016,15,Tuesday,Stand up today for a fair Supreme Court nomination process: https://t.co/ZNdQVurk9h #DoYourJob,t00856
katyperry,Mmmmm my baby's got a secret... @vmagazine http://t.co/WrP2gEyALI,19/05/2014 16:19,4.68426E+17,en,5930,3782,2014-05-19 16:19:00,2014-05-19,2014-05,2014,16,Monday,Mmmmm my baby's got a secret... @vmagazine http://t.co/WrP2gEyALI,t00857
rihanna,The originals are back!!! #THECREEPER returns on September 29th in the original color ways! https://t.co/n8l0zeKJFV,15/09/2016 18:46,7.76492E+17,en,44783,12589,2016-09-15 18:46:00,2016-09-15,2016-09,2016,18,Thursday,The originals are back!!! #THECREEPER returns on September 29th in the original color ways! https://t.co/n8l0zeKJFV,t00858
cristiano,Tomorrow is decisive and your support is essential for the triumph! Hala Madrid!  ... http://t.co/MEcbXouEza,21/04/2015 22:08,5.90638E+17,en,10571,5584,2015-04-21 22:08:00,2015-04-21,2015-04,2015,22,Tuesday,Tomorrow is decisive and your support is essential for the triumph! Hala Madrid! ... http://t.co/MEcbXouEza,t00859
katyperry,Mr. Keef! I'm sorry if I offended you. I heard a lot of people guesting on the song &amp; didn't even know it was you in particular. Actually...,24/05/2013 02:05,3.37751E+17,en,5243,14081,2013-05-24 02:05:00,2013-05-24,2013-05,2013,2,Friday,Mr. Keef! I'm sorry if I offended you. I heard a lot of people guesting on the song & didn't even know it was you in particular. Actually...,t00860
ladygaga,PREVIEW #AYO a new song from my upcoming album #JOANNE OUT FRIDAY! https://t.co/avd1NMWFJt,16/10/2016 22:25,7.87781E+17,en,8522,4104,2016-10-16 22:25:00,2016-10-16,2016-10,2016,22,Sunday,PREVIEW #AYO a new song from my upcoming album #JOANNE OUT FRIDAY! https://t.co/avd1NMWFJt,t00861
youtube,"@twerkforringo If you don't have a kazoo, what do you do all day? #NationalKazooDay",28/01/2016 22:52,6.92843E+17,en,13,5,2016-01-28 22:52:00,2016-01-28,2016-01,2016,22,Thursday,"@twerkforringo If you don't have a kazoo, what do you do all day? #NationalKazooDay",t00862
shakira,With Ginnifer Goodwin and @batemanjason! #Zootopia https://t.co/f6QBKbArRf,18/02/2016 17:34,7.00373E+17,en,3463,825,2016-02-18 17:34:00,2016-02-18,2016-02,2016,17,Thursday,With Ginnifer Goodwin and @batemanjason! #Zootopia https://t.co/f6QBKbArRf,t00863
arianagrande,clearly,31/07/2016 21:09,7.59858E+17,en,42351,16763,2016-07-31 21:09:00,2016-07-31,2016-07,2016,21,Sunday,clearly,t00864
katyperry,"If I could, I would be there laying in those streets of NYC, peacefully protesting. WE HAVE TO CHANGE. ALL LIVES MATTER #WeCantBreathe",04/12/2014 13:39,5.40501E+17,en,13758,7616,2014-12-04 13:39:00,2014-12-04,2014-12,2014,13,Thursday,"If I could, I would be there laying in those streets of NYC, peacefully protesting. WE HAVE TO CHANGE. ALL LIVES MATTER #WeCantBreathe",t00865
taylorswift13,"Doing interviews w/ a song stuck in my head=""Focus. Answer the question. BABY YOU A SONG, YOU MAKE ME WANNA ROLL MY WINDOWS DOWN AND CRUISE""",27/09/2012 00:05,2.5111E+17,en,7323,9435,2012-09-27 00:05:00,2012-09-27,2012-09,2012,0,Thursday,"Doing interviews w/ a song stuck in my head=""Focus. Answer the question. BABY YOU A SONG, YOU MAKE ME WANNA ROLL MY WINDOWS DOWN AND CRUISE""",t00866
kimkardashian,SQUAD http://t.co/bj4mQPn0EP,18/07/2015 16:08,6.22438E+17,en,8251,1544,2015-07-18 16:08:00,2015-07-18,2015-07,2015,16,Saturday,SQUAD http://t.co/bj4mQPn0EP,t00867
selenagomez,Thanks for letting us launch early! “@iTunesMusic: Saturday night special à la @SelenaGomez. #ComeAndGetItNow http://t.co/Wpg2VhmwKX”,07/04/2013 04:36,3.20757E+17,en,2987,4835,2013-04-07 04:36:00,2013-04-07,2013-04,2013,4,Sunday,Thanks for letting us launch early! “@iTunesMusic: Saturday night special à la @SelenaGomez. #ComeAndGetItNow http://t.co/Wpg2VhmwKX”,t00868
ladygaga,@Zedd don't worry buddy my ears get messed up too sometimes from touring. just lower those in-ears volume and rest 'em! ill pray too!,19/08/2014 22:16,5.01855E+17,en,3719,2226,2014-08-19 22:16:00,2014-08-19,2014-08,2014,22,Tuesday,@Zedd don't worry buddy my ears get messed up too sometimes from touring. just lower those in-ears volume and rest 'em! ill pray too!,t00869
jtimberlake,“@samanthaarends: Doing Memorial Day right. @Sauza901 @jtimberlake #901 #budlight #ProudToBeAnAmerican http://t.co/IaguW8y32f” ENJOY!! #901,26/05/2014 21:08,4.71035E+17,en,1595,452,2014-05-26 21:08:00,2014-05-26,2014-05,2014,21,Monday,“@samanthaarends: Doing Memorial Day right. @Sauza901 @jtimberlake #901 #budlight #ProudToBeAnAmerican http://t.co/IaguW8y32f” ENJOY!! #901,t00870
twitter,Getting messages w/ links leading to pics of you? They go to a phishing site. Don't enter your login info. More info: http://t.co/g0d6umq,22/08/2011 02:00,1.05459E+17,en,235,3198,2011-08-22 02:00:00,2011-08-22,2011-08,2011,2,Monday,Getting messages w/ links leading to pics of you? They go to a phishing site. Don't enter your login info. More info: http://t.co/g0d6umq,t00871
katyperry,Twins 😳 http://t.co/ASUkxGc2HF,21/07/2014 00:03,4.9101E+17,en,6497,3614,2014-07-21 00:03:00,2014-07-21,2014-07,2014,0,Monday,Twins 😳 http://t.co/ASUkxGc2HF,t00872
twitter,"Tonight, #ATLvsTB is on the @nflnetwork.

It’s another bye for us but we'll be back Nov. 17th. https://t.co/JgzfZhA8yB",03/11/2016 22:03,7.94299E+17,en,839,198,2016-11-03 22:03:00,2016-11-03,2016-11,2016,22,Thursday,"Tonight, #ATLvsTB is on the @nflnetwork. It’s another bye for us but we'll be back Nov. 17th. https://t.co/JgzfZhA8yB",t00873
theellenshow,".@MsSarahPaulson, you look wonderful, your performance was wonderful, you are wonderful.",19/09/2016 01:31,7.77681E+17,en,7286,1689,2016-09-19 01:31:00,2016-09-19,2016-09,2016,1,Monday,".@MsSarahPaulson, you look wonderful, your performance was wonderful, you are wonderful.",t00874
jtimberlake,"I did. I played second, shortstop and third. #AskJT #TroubleWithTheCurve",19/09/2012 00:58,2.48225E+17,en,62,60,2012-09-19 00:58:00,2012-09-19,2012-09,2012,0,Wednesday,"I did. I played second, shortstop and third. #AskJT #TroubleWithTheCurve",t00875
shakira,"It’s back-to-school time again, but 59 million children are still being left out. Sign our petition and get #upforschool.",02/09/2015 19:20,6.39156E+17,en,2270,862,2015-09-02 19:20:00,2015-09-02,2015-09,2015,19,Wednesday,"It’s back-to-school time again, but 59 million children are still being left out. Sign our petition and get #upforschool.",t00876
jimmyfallon,".@rickygervais was so funny last night. Here he is answering questions from his ""twonks"". http://t.co/9kPb6Sivm8",12/09/2013 15:28,3.78178E+17,en,425,245,2013-09-12 15:28:00,2013-09-12,2013-09,2013,15,Thursday,".@rickygervais was so funny last night. Here he is answering questions from his ""twonks"". http://t.co/9kPb6Sivm8",t00877
theellenshow,Congratulations @LewisKentMiler on breaking your own world record for the Beer Mile! 4:47! Your parents must be so proud.,03/12/2015 01:27,6.72226E+17,en,2401,337,2015-12-03 01:27:00,2015-12-03,2015-12,2015,1,Thursday,Congratulations @LewisKentMiler on breaking your own world record for the Beer Mile! 4:47! Your parents must be so proud.,t00878
twitter,Which team is winning Twitter right now? @Packers or @Steelers? http://t.co/GmsMEJY #SB45,05/02/2011 00:03,3.3677E+16,en,104,207,2011-02-05 00:03:00,2011-02-05,2011-02,2011,0,Saturday,Which team is winning Twitter right now? @Packers or @Steelers? http://t.co/GmsMEJY #SB45,t00879
cristiano,See who the winner is in half an hour. Good luck. #Celebrate15M,29/12/2012 19:00,2.85098E+17,en,395,863,2012-12-29 19:00:00,2012-12-29,2012-12,2012,19,Saturday,See who the winner is in half an hour. Good luck. #Celebrate15M,t00880
britneyspears,@itsdavidbish I see you David ❤️,31/08/2016 23:05,7.71122E+17,en,479,123,2016-08-31 23:05:00,2016-08-31,2016-08,2016,23,Wednesday,@itsdavidbish I see you David ❤️,t00881
kimkardashian,So happy you like it!!!! https://t.co/kiEwk4C6cJ,20/09/2016 16:46,7.78274E+17,en,2155,257,2016-09-20 16:46:00,2016-09-20,2016-09,2016,16,Tuesday,So happy you like it!!!! https://t.co/kiEwk4C6cJ,t00882
ladygaga,The new @AHSFX episode has started! I'll take some questions about the show during the commercial breaks. Enjoy! #AHSHotel #MonsterHotel,05/11/2015 03:05,6.62104E+17,en,6345,2719,2015-11-05 03:05:00,2015-11-05,2015-11,2015,3,Thursday,The new @AHSFX episode has started! I'll take some questions about the show during the commercial breaks. Enjoy! #AHSHotel #MonsterHotel,t00883
ladygaga,"Today, do something you wouldn't usually do, and take surveys of how it makes you feel. It may surprise you! 📷 http://t.co/by7L39XSas",05/08/2015 19:40,6.29014E+17,en,14435,7850,2015-08-05 19:40:00,2015-08-05,2015-08,2015,19,Wednesday,"Today, do something you wouldn't usually do, and take surveys of how it makes you feel. It may surprise you! 📷 http://t.co/by7L39XSas",t00884
barackobama,"""What I’m describing is accountability—a common-sense, middle-ground approach."" —President Obama #ImmigrationAction",21/11/2014 01:13,5.35602E+17,en,2172,3551,2014-11-21 01:13:00,2014-11-21,2014-11,2014,1,Friday,"""What I’m describing is accountability—a common-sense, middle-ground approach."" —President Obama #ImmigrationAction",t00885
theellenshow,One of the secrets to my success is to always ask questions. Look what it did for this audience.… https://t.co/nPwLFujwVi,25/10/2016 19:11,7.90994E+17,en,1837,195,2016-10-25 19:11:00,2016-10-25,2016-10,2016,19,Tuesday,One of the secrets to my success is to always ask questions. Look what it did for this audience.… https://t.co/nPwLFujwVi,t00886
arianagrande,one month til dangerous woman tour 🌌,02/01/2017 23:33,8.16065E+17,en,61223,20737,2017-01-02 23:33:00,2017-01-02,2017-01,2017,23,Monday,one month til dangerous woman tour 🌌,t00887
justinbieber,@grettelgalindo happy we met too,28/05/2015 03:54,6.03771E+17,en,37812,26792,2015-05-28 03:54:00,2015-05-28,2015-05,2015,3,Thursday,@grettelgalindo happy we met too,t00888
theellenshow,It’s not every day I get to do this. Sending love to Spain Elementary and Detroit. Thank you @Lowes. https://t.co/n5yWFDtI30,11/02/2016 20:14,6.97876E+17,en,2599,654,2016-02-11 20:14:00,2016-02-11,2016-02,2016,20,Thursday,It’s not every day I get to do this. Sending love to Spain Elementary and Detroit. Thank you @Lowes. https://t.co/n5yWFDtI30,t00889
katyperry,Thank GOD for the light of the #PRISM @mattG4L: @katyperry i sold my soul to the devil to pay for PRISM. please tweet http://t.co/cH3LokLH0D,25/08/2013 05:22,3.71503E+17,en,2068,1422,2013-08-25 05:22:00,2013-08-25,2013-08,2013,5,Sunday,Thank GOD for the light of the #PRISM @mattG4L: @katyperry i sold my soul to the devil to pay for PRISM. please tweet http://t.co/cH3LokLH0D,t00890
selenagomez,#KillEmWithKindness Coming Monday!!💋 https://t.co/qWTPwCruV9,05/06/2016 00:10,7.39248E+17,en,69751,32877,2016-06-05 00:10:00,2016-06-05,2016-06,2016,0,Sunday,#KillEmWithKindness Coming Monday!!💋 https://t.co/qWTPwCruV9,t00891
theellenshow,"For #NationalPuppyDay, here are my pups. They make each other so happy. https://t.co/1x25O7AkK5",23/03/2016 21:42,7.12756E+17,en,12969,1402,2016-03-23 21:42:00,2016-03-23,2016-03,2016,21,Wednesday,"For #NationalPuppyDay, here are my pups. They make each other so happy. https://t.co/1x25O7AkK5",t00892
rihanna,:) thank you lover!!! Which one? #UNAPOLOGETIC “@Fearnecotton: I LOVE this Rihanna song soooooooo much! Its PASSIONATE man!”,14/12/2012 10:54,2.7954E+17,en,760,1061,2012-12-14 10:54:00,2012-12-14,2012-12,2012,10,Friday,:) thank you lover!!! Which one? #UNAPOLOGETIC “@Fearnecotton: I LOVE this Rihanna song soooooooo much! Its PASSIONATE man!”,t00893
theellenshow,"Tonight, @KerryWashington stars in ""Confirmation"" on HBO! I don't know much about Catholicism, but I'm excited.",16/04/2016 19:42,7.21424E+17,en,3864,530,2016-04-16 19:42:00,2016-04-16,2016-04,2016,19,Saturday,"Tonight, @KerryWashington stars in ""Confirmation"" on HBO! I don't know much about Catholicism, but I'm excited.",t00894
youtube,"Relax and listen to the sound of a dog barking 376,572,715,308 times. https://t.co/CKGg8Ro6CX https://t.co/8UT7oQnQR7",04/04/2016 21:00,7.17094E+17,en,1601,384,2016-04-04 21:00:00,2016-04-04,2016-04,2016,21,Monday,"Relax and listen to the sound of a dog barking 376,572,715,308 times. https://t.co/CKGg8Ro6CX https://t.co/8UT7oQnQR7",t00895
arianagrande,thank you amsterdam! i love you..... see you again tomorrow 💜💜,28/05/2015 20:38,6.04024E+17,en,29751,14875,2015-05-28 20:38:00,2015-05-28,2015-05,2015,20,Thursday,thank you amsterdam! i love you..... see you again tomorrow 💜💜,t00896
jimmyfallon,#HamiltonMixtape tonight on #Tonight!,06/12/2016 04:20,8.0599E+17,en,3238,367,2016-12-06 04:20:00,2016-12-06,2016-12,2016,4,Tuesday,#HamiltonMixtape tonight on #Tonight!,t00897
theellenshow,#TBT to that time you invited me to be in Ghostbusters.  https://t.co/g6CjKceOmO,25/06/2015 21:20,6.14181E+17,en,1755,287,2015-06-25 21:20:00,2015-06-25,2015-06,2015,21,Thursday,#TBT to that time you invited me to be in Ghostbusters. https://t.co/g6CjKceOmO,t00898
kimkardashian,After party vibes http://t.co/ZrMOhKYRU8,28/06/2015 11:12,6.15116E+17,en,5820,1284,2015-06-28 11:12:00,2015-06-28,2015-06,2015,11,Sunday,After party vibes http://t.co/ZrMOhKYRU8,t00899
kimkardashian,Who is watching my live stream????,06/06/2016 02:03,7.39639E+17,en,2687,397,2016-06-06 02:03:00,2016-06-06,2016-06,2016,2,Monday,Who is watching my live stream????,t00900
katyperry,. @shannonwoodward You're like my... best friend. http://t.co/88jP2ZNR,01/11/2012 06:28,2.6389E+17,en,11013,8963,2012-11-01 06:28:00,2012-11-01,2012-11,2012,6,Thursday,. @shannonwoodward You're like my... best friend. http://t.co/88jP2ZNR,t00901
barackobama,Judge Garland was confirmed with bipartisan support in the past. He deserves a fair hearing. #DoYourJob https://t.co/TTcIByTScg,25/05/2016 18:07,7.35533E+17,en,7500,2966,2016-05-25 18:07:00,2016-05-25,2016-05,2016,18,Wednesday,Judge Garland was confirmed with bipartisan support in the past. He deserves a fair hearing. #DoYourJob https://t.co/TTcIByTScg,t00902
selenagomez,Action http://t.co/mQEilPXlLA,22/07/2013 00:22,3.59106E+17,en,6333,9296,2013-07-22 00:22:00,2013-07-22,2013-07,2013,0,Monday,Action http://t.co/mQEilPXlLA,t00903
kimkardashian,@MolestMeKardash you are so smart! How did you know? YES! we took the best craziest pics. I hope they release more!,05/07/2015 22:50,6.17828E+17,en,571,125,2015-07-05 22:50:00,2015-07-05,2015-07,2015,22,Sunday,@MolestMeKardash you are so smart! How did you know? YES! we took the best craziest pics. I hope they release more!,t00904
ladygaga,"I love my monsters, gypsy travel day. Hope you are enjoying every moment of the tour as much as I am. #artRAVEBrisbane",26/08/2014 03:08,5.04103E+17,en,5912,3726,2014-08-26 03:08:00,2014-08-26,2014-08,2014,3,Tuesday,"I love my monsters, gypsy travel day. Hope you are enjoying every moment of the tour as much as I am. #artRAVEBrisbane",t00905
jtimberlake,"CONGRATS JT! 3 @Peopleschoice Award Nominations! Vote for JT, every day till Dec 15th! VOTE:… https://t.co/FgzEp1ptPu",15/11/2016 20:46,7.98628E+17,en,7035,1383,2016-11-15 20:46:00,2016-11-15,2016-11,2016,20,Tuesday,"CONGRATS JT! 3 @Peopleschoice Award Nominations! Vote for JT, every day till Dec 15th! VOTE:… https://t.co/FgzEp1ptPu",t00906
kimkardashian,"I am obsessed with my husband, but its not him #VMAs",28/08/2016 16:21,7.69933E+17,en,15711,2396,2016-08-28 16:21:00,2016-08-28,2016-08,2016,16,Sunday,"I am obsessed with my husband, but its not him #VMAs",t00907
kimkardashian,I love Cuba! One of our best trips! We felt like we stepped back into a different time period.Can't wait to go back. https://t.co/BKGaMtPlJk,07/05/2016 19:36,7.29032E+17,en,18367,2590,2016-05-07 19:36:00,2016-05-07,2016-05,2016,19,Saturday,I love Cuba! One of our best trips! We felt like we stepped back into a different time period.Can't wait to go back. https://t.co/BKGaMtPlJk,t00908
shakira,@ShakirasSmile I will show Milan how much affection he's getting today from all of you!! Shak,22/01/2014 21:40,4.26107E+17,en,205,172,2014-01-22 21:40:00,2014-01-22,2014-01,2014,21,Wednesday,@ShakirasSmile I will show Milan how much affection he's getting today from all of you!! Shak,t00909
cristiano,"I love @SacoorBrosME suits, the quality of materials, tailor-made service and amazing experience in stores. Try it! http://t.co/36DlCOmR9m",01/04/2015 11:20,5.83227E+17,en,15566,6371,2015-04-01 11:20:00,2015-04-01,2015-04,2015,11,Wednesday,"I love @SacoorBrosME suits, the quality of materials, tailor-made service and amazing experience in stores. Try it! http://t.co/36DlCOmR9m",t00910
kimkardashian,Just walked 3 miles and did 100 squats! Happy Monday,13/07/2015 18:47,6.20666E+17,en,9596,1268,2015-07-13 18:47:00,2015-07-13,2015-07,2015,18,Monday,Just walked 3 miles and did 100 squats! Happy Monday,t00911
youtube,There are three YouTubers left. Can you guess who has the evil inside? 💀 #EscapeTheNight #Cluesday https://t.co/dAk7n5l7j4,16/08/2016 19:54,7.65638E+17,en,4879,736,2016-08-16 19:54:00,2016-08-16,2016-08,2016,19,Tuesday,There are three YouTubers left. Can you guess who has the evil inside? 💀 #EscapeTheNight #Cluesday https://t.co/dAk7n5l7j4,t00912
jtimberlake,"""@JessicaBiel: I wanna make a bush joke.  #tuesdayswithtina http://t.co/2xOuopLJ"" Hahahahaha!",03/07/2012 15:07,2.20172E+17,en,100,111,2012-07-03 15:07:00,2012-07-03,2012-07,2012,15,Tuesday,"""@JessicaBiel: I wanna make a bush joke. #tuesdayswithtina http://t.co/2xOuopLJ"" Hahahahaha!",t00913
shakira,I just love when someone comes back after not getting on the show and gets a 4 chair turn! #Inspiration #4Chairs #VoicePremiere Shak,26/02/2014 01:06,4.3848E+17,en,1683,574,2014-02-26 01:06:00,2014-02-26,2014-02,2014,1,Wednesday,I just love when someone comes back after not getting on the show and gets a 4 chair turn! #Inspiration #4Chairs #VoicePremiere Shak,t00914
selenagomez,"Morning everyone, hope you all have a great day.",31/03/2011 14:44,5.34678E+16,en,1037,3141,2011-03-31 14:44:00,2011-03-31,2011-03,2011,14,Thursday,"Morning everyone, hope you all have a great day.",t00915
selenagomez,"Selena is @postcarding.  ""Courtney (director) talking to our ""villain"" http://t.co/1z0U4LQu",27/05/2012 01:31,2.06558E+17,en,1417,3062,2012-05-27 01:31:00,2012-05-27,2012-05,2012,1,Sunday,"Selena is @postcarding. ""Courtney (director) talking to our ""villain"" http://t.co/1z0U4LQu",t00916
instagram,"Eating your way through Italy, by way of New York, with @Eataly pasta maker Luca Donofrio https://t.co/vd2jTtBY2Q https://t.co/xajcPF6hdH",10/02/2016 00:07,6.9721E+17,en,1632,362,2016-02-10 00:07:00,2016-02-10,2016-02,2016,0,Wednesday,"Eating your way through Italy, by way of New York, with @Eataly pasta maker Luca Donofrio https://t.co/vd2jTtBY2Q https://t.co/xajcPF6hdH",t00917
rihanna,Like #diamonds in the sky http://t.co/XezgPNHEYE,21/02/2013 15:23,3.04612E+17,en,2397,4236,2013-02-21 15:23:00,2013-02-21,2013-02,2013,15,Thursday,Like #diamonds in the sky http://t.co/XezgPNHEYE,t00918
ladygaga,@GagaObsession24 wanna cry every time I sing that,06/10/2016 00:22,7.83825E+17,en,2046,635,2016-10-06 00:22:00,2016-10-06,2016-10,2016,0,Thursday,@GagaObsession24 wanna cry every time I sing that,t00919
kimkardashian,Full BTS of my Jam video on my app! #HypeWilliams #TheDream https://t.co/B6m5fr8d4b https://t.co/TdABcCucNM,04/03/2016 01:14,7.05562E+17,en,4224,846,2016-03-04 01:14:00,2016-03-04,2016-03,2016,1,Friday,Full BTS of my Jam video on my app! #HypeWilliams #TheDream https://t.co/B6m5fr8d4b https://t.co/TdABcCucNM,t00920
instagram,Photographer @simona_ghizzoni’s #uncutproject aims to help victims of FGM feel seen https://t.co/sxp7X1Qz1K https://t.co/pcg5eN904L,25/11/2015 16:13,6.69549E+17,en,2764,555,2015-11-25 16:13:00,2015-11-25,2015-11,2015,16,Wednesday,Photographer @simona_ghizzoni’s #uncutproject aims to help victims of FGM feel seen https://t.co/sxp7X1Qz1K https://t.co/pcg5eN904L,t00921
kimkardashian,EXCLUSIVE PICS: THE VOGUE 100 GALA https://t.co/lqZd5Ehy4i,09/09/2016 15:04,7.74262E+17,en,2887,460,2016-09-09 15:04:00,2016-09-09,2016-09,2016,15,Friday,EXCLUSIVE PICS: THE VOGUE 100 GALA https://t.co/lqZd5Ehy4i,t00922
jimmyfallon,".@StephenAtHome forced to sing ""Friday"" cause he donated 40,000 to a Donors Choose in my name. (without telling me) #truth #BestOfFallon",06/01/2014 03:14,4.20031E+17,en,773,185,2014-01-06 03:14:00,2014-01-06,2014-01,2014,3,Monday,".@StephenAtHome forced to sing ""Friday"" cause he donated 40,000 to a Donors Choose in my name. (without telling me) #truth #BestOfFallon",t00923
selenagomez,"Haha my bad.. RT @nick_winch: @selenagomez sweetie, my name is Nick not Romeo. please get it right lol",08/12/2010 07:04,1.24022E+16,en,468,1119,2010-12-08 07:04:00,2010-12-08,2010-12,2010,7,Wednesday,"Haha my bad.. RT @nick_winch: @selenagomez sweetie, my name is Nick not Romeo. please get it right lol",t00924
barackobama,Tell the Senate: Stop playing games with our Supreme Court. https://t.co/2vkSnL2KWC #DoYourJob,26/02/2016 16:47,7.0326E+17,en,2332,1057,2016-02-26 16:47:00,2016-02-26,2016-02,2016,16,Friday,Tell the Senate: Stop playing games with our Supreme Court. https://t.co/2vkSnL2KWC #DoYourJob,t00925
barackobama,Find out what Judge Merrick Garland's former clerks have to say about his record as a public servant: https://t.co/wT6t9YmV0S,13/05/2016 15:31,7.31145E+17,en,2321,590,2016-05-13 15:31:00,2016-05-13,2016-05,2016,15,Friday,Find out what Judge Merrick Garland's former clerks have to say about his record as a public servant: https://t.co/wT6t9YmV0S,t00926
twitter,Today we're introducing bigger photos to make browsing profiles on Twitter for iPhone even more fun. http://t.co/iXrKT2p7JK,11/03/2015 20:00,5.75748E+17,en,1096,814,2015-03-11 20:00:00,2015-03-11,2015-03,2015,20,Wednesday,Today we're introducing bigger photos to make browsing profiles on Twitter for iPhone even more fun. http://t.co/iXrKT2p7JK,t00927
arianagrande,@ColleenB123 it's........ so.......... funny.,12/09/2015 07:43,6.42604E+17,en,13379,5525,2015-09-12 07:43:00,2015-09-12,2015-09,2015,7,Saturday,@ColleenB123 it's........ so.......... funny.,t00928
shakira,The eliminations are the most difficult part of this competition. #brandon was phenomenal tonight. Keep it up! #WatchingBattles,24/04/2013 00:13,3.26851E+17,en,654,959,2013-04-24 00:13:00,2013-04-24,2013-04,2013,0,Wednesday,The eliminations are the most difficult part of this competition. #brandon was phenomenal tonight. Keep it up! #WatchingBattles,t00929
jtimberlake,Check out Justin in Berlin talking about his film #RunnerRunner! -teamJT http://t.co/gVoinOjJ2d,02/09/2013 17:47,3.74589E+17,en,532,456,2013-09-02 17:47:00,2013-09-02,2013-09,2013,17,Monday,Check out Justin in Berlin talking about his film #RunnerRunner! -teamJT http://t.co/gVoinOjJ2d,t00930
barackobama,Watch President Obama deliver remarks at the #DallasMemorial service yesterday. https://t.co/BHIQTdnIDr,13/07/2016 16:17,7.53262E+17,en,5725,1595,2016-07-13 16:17:00,2016-07-13,2016-07,2016,16,Wednesday,Watch President Obama deliver remarks at the #DallasMemorial service yesterday. https://t.co/BHIQTdnIDr,t00931
cnnbrk,Trump again refused to say whether he believes Obama was born in the US; says he’ll answer ‘at the right time’. https://t.co/VTe1AaJhXS,16/09/2016 01:48,7.76599E+17,en,563,446,2016-09-16 01:48:00,2016-09-16,2016-09,2016,1,Friday,Trump again refused to say whether he believes Obama was born in the US; says he’ll answer ‘at the right time’. https://t.co/VTe1AaJhXS,t00932
theellenshow,What if Dory met Woody? @TomHanks https://t.co/GbPWSo0d1P https://t.co/zCgMaaZDx7,09/09/2016 17:47,7.74303E+17,en,4404,975,2016-09-09 17:47:00,2016-09-09,2016-09,2016,17,Friday,What if Dory met Woody? @TomHanks https://t.co/GbPWSo0d1P https://t.co/zCgMaaZDx7,t00933
youtube,"Cube is lyfe. 

Feliks Zemdegs Breaks A World Record → https://t.co/dgB8JFhCNB https://t.co/bdAQ0ZR9lG",13/12/2016 23:00,8.08809E+17,en,1778,485,2016-12-13 23:00:00,2016-12-13,2016-12,2016,23,Tuesday,Cube is lyfe. Feliks Zemdegs Breaks A World Record → https://t.co/dgB8JFhCNB https://t.co/bdAQ0ZR9lG,t00934
ladygaga,"THE LIVESTREAM: BreedLove w/ Chew Fu, Lady Starlight &amp; Surgeon, Portraits of Lady Gaga By Bob Wilson as seen in the Louvre + #artRaveParis",22/11/2014 10:30,5.36105E+17,en,3868,2667,2014-11-22 10:30:00,2014-11-22,2014-11,2014,10,Saturday,"THE LIVESTREAM: BreedLove w/ Chew Fu, Lady Starlight & Surgeon, Portraits of Lady Gaga By Bob Wilson as seen in the Louvre + #artRaveParis",t00935
selenagomez,Well paps blocked me in so might as well have them help me figure out my new car lol #imissmyford #firstrcar 😔,18/06/2013 21:11,3.47099E+17,en,12259,17175,2013-06-18 21:11:00,2013-06-18,2013-06,2013,21,Tuesday,Well paps blocked me in so might as well have them help me figure out my new car lol #imissmyford #firstrcar 😔,t00936
barackobama,"""If we're going to deal with this problem, and the inequities involved, we're going to have to speak honestly."" —President Obama",14/07/2015 21:21,6.21067E+17,en,1326,801,2015-07-14 21:21:00,2015-07-14,2015-07,2015,21,Tuesday,"""If we're going to deal with this problem, and the inequities involved, we're going to have to speak honestly."" —President Obama",t00937
theellenshow,Don’t forget you can win it all from home. Enter here for your chance to win. https://t.co/xK9bCtpgjd,02/12/2016 18:39,8.04757E+17,en,2130,354,2016-12-02 18:39:00,2016-12-02,2016-12,2016,18,Friday,Don’t forget you can win it all from home. Enter here for your chance to win. https://t.co/xK9bCtpgjd,t00938
jimmyfallon,Tweeting with one hand. http://t.co/1Yyp8Nl5eR,26/06/2015 22:29,6.14561E+17,en,15604,2743,2015-06-26 22:29:00,2015-06-26,2015-06,2015,22,Friday,Tweeting with one hand. http://t.co/1Yyp8Nl5eR,t00939
kimkardashian,"Come on @ForeverMalika you really didn't think it was Canada, did you???",01/08/2016 01:19,7.59921E+17,en,1985,277,2016-08-01 01:19:00,2016-08-01,2016-08,2016,1,Monday,"Come on @ForeverMalika you really didn't think it was Canada, did you???",t00940
barackobama,"This 9-year-old girl stood up for what she believes in, and then got a letter back from the President: http://t.co/PmeH355GJu",02/04/2015 15:14,5.83649E+17,en,2269,1226,2015-04-02 15:14:00,2015-04-02,2015-04,2015,15,Thursday,"This 9-year-old girl stood up for what she believes in, and then got a letter back from the President: http://t.co/PmeH355GJu",t00941
arianagrande,(days duhhhhh) 🙊,23/09/2015 17:51,6.46744E+17,en,21220,11476,2015-09-23 17:51:00,2015-09-23,2015-09,2015,17,Wednesday,(days duhhhhh) 🙊,t00942
barackobama,Global climate action became a reality this year—keep the progress going in 2016: https://t.co/LoFVusJz5p https://t.co/0Xqt4gJM3G,30/12/2015 22:08,6.82323E+17,en,2401,822,2015-12-30 22:08:00,2015-12-30,2015-12,2015,22,Wednesday,Global climate action became a reality this year—keep the progress going in 2016: https://t.co/LoFVusJz5p https://t.co/0Xqt4gJM3G,t00943
shakira,"""And if I mess up everything someday 
I won't hide my head in shame 
cause you are the one thing that I got right"" 
#TheOneThing #3WeeksToGo",04/03/2014 15:16,4.40868E+17,en,1607,1123,2014-03-04 15:16:00,2014-03-04,2014-03,2014,15,Tuesday,"""And if I mess up everything someday I won't hide my head in shame cause you are the one thing that I got right"" #TheOneThing #3WeeksToGo",t00944
ladygaga,"""I never thought I'd say this, but isn't it time to take off the corsets? As someone who loves them, I think it's t… https://t.co/shGhkwYrCQ",15/11/2016 01:34,7.98338E+17,en,14011,4761,2016-11-15 01:34:00,2016-11-15,2016-11,2016,1,Tuesday,"""I never thought I'd say this, but isn't it time to take off the corsets? As someone who loves them, I think it's t… https://t.co/shGhkwYrCQ",t00945
jimmyfallon,"Wow. That was fun. Neil Young singing ""Crazy"" on our show tonight!!! http://t.co/DVR2LyGy2b",12/05/2014 22:46,4.65986E+17,en,1773,577,2014-05-12 22:46:00,2014-05-12,2014-05,2014,22,Monday,"Wow. That was fun. Neil Young singing ""Crazy"" on our show tonight!!! http://t.co/DVR2LyGy2b",t00946
jimmyfallon,"Oh - and @justinbieber crushes ""Sorry"" tonight! https://t.co/Q4kSttK0KM https://t.co/xRNKExgbhK",17/11/2015 23:52,6.66766E+17,en,24458,16318,2015-11-17 23:52:00,2015-11-17,2015-11,2015,23,Tuesday,"Oh - and @justinbieber crushes ""Sorry"" tonight! https://t.co/Q4kSttK0KM https://t.co/xRNKExgbhK",t00947
youtube,Finally slipping into bed at the end of the day like … https://t.co/86oeOHMR1O https://t.co/5Jvp45fzg1,05/04/2016 20:15,7.17446E+17,en,1951,389,2016-04-05 20:15:00,2016-04-05,2016-04,2016,20,Tuesday,Finally slipping into bed at the end of the day like … https://t.co/86oeOHMR1O https://t.co/5Jvp45fzg1,t00948
kimkardashian,SAINT WEST https://t.co/SzLYRjhHfK,22/02/2016 16:59,7.01814E+17,en,241150,108098,2016-02-22 16:59:00,2016-02-22,2016-02,2016,16,Monday,SAINT WEST https://t.co/SzLYRjhHfK,t00949
taylorswift13,"Just saw a screening of The Giver. Honestly, I can't believe I got to be a part of something so poignant and beautiful. My head is spinning.",11/07/2014 16:41,4.87638E+17,en,20535,11651,2014-07-11 16:41:00,2014-07-11,2014-07,2014,16,Friday,"Just saw a screening of The Giver. Honestly, I can't believe I got to be a part of something so poignant and beautiful. My head is spinning.",t00950
twitter,Hey music lovers - here's an inside look at @foofighters' soundcheck for their show in less than 1 hour http://t.co/5WBPekU #iTunesFestival,11/07/2011 19:18,9.05002E+16,en,105,228,2011-07-11 19:18:00,2011-07-11,2011-07,2011,19,Monday,Hey music lovers - here's an inside look at @foofighters' soundcheck for their show in less than 1 hour http://t.co/5WBPekU #iTunesFestival,t00951
britneyspears,@sarahmweyand Oh no! I did love that tour,31/07/2013 02:57,3.62407E+17,en,191,202,2013-07-31 02:57:00,2013-07-31,2013-07,2013,2,Wednesday,@sarahmweyand Oh no! I did love that tour,t00952
rihanna,Sailed up to an active volcano for dinner #bucketlistshit http://t.co/gOspa8ZQ40,27/08/2014 09:03,5.04555E+17,en,25044,11179,2014-08-27 09:03:00,2014-08-27,2014-08,2014,9,Wednesday,Sailed up to an active volcano for dinner #bucketlistshit http://t.co/gOspa8ZQ40,t00953
shakira,Watch @DancingABC tonight 8/7c on ABC in the US to see @JodieSweetin &amp; @keodancer dance to Try Everything from @DisneyZootopia #DWTS ShakHQ,11/04/2016 21:34,7.1964E+17,en,2054,462,2016-04-11 21:34:00,2016-04-11,2016-04,2016,21,Monday,Watch @DancingABC tonight 8/7c on ABC in the US to see @JodieSweetin & @keodancer dance to Try Everything from @DisneyZootopia #DWTS ShakHQ,t00954
arianagrande,"don't need permission
made my decision 
to test my limits 
💭",22/02/2016 22:41,7.019E+17,en,53401,31695,2016-02-22 22:41:00,2016-02-22,2016-02,2016,22,Monday,don't need permission made my decision to test my limits 💭,t00955
kimkardashian,Set life @kyliejenner @kourtneykardash http://t.co/R0AhCjfJf1,25/07/2015 00:05,6.24732E+17,en,15097,3563,2015-07-25 00:05:00,2015-07-25,2015-07,2015,0,Saturday,Set life @kyliejenner @kourtneykardash http://t.co/R0AhCjfJf1,t00956
barackobama,"""I'm only standing here because of scholarships and loans and work study."" —President Obama #CollegeOpportunity",10/03/2015 18:08,5.75357E+17,en,2291,1155,2015-03-10 18:08:00,2015-03-10,2015-03,2015,18,Tuesday,"""I'm only standing here because of scholarships and loans and work study."" —President Obama #CollegeOpportunity",t00957
twitter,"In the coming months, we're introducing new ways for you to express even more with a Tweet: https://t.co/l1sWRvXWqr https://t.co/zzhWpRcABs",24/05/2016 14:00,7.35108E+17,en,5857,6726,2016-05-24 14:00:00,2016-05-24,2016-05,2016,14,Tuesday,"In the coming months, we're introducing new ways for you to express even more with a Tweet: https://t.co/l1sWRvXWqr https://t.co/zzhWpRcABs",t00958
britneyspears,@Biebersgomezing Luv you!,31/12/2013 16:04,4.1805E+17,en,243,124,2013-12-31 16:04:00,2013-12-31,2013-12,2013,16,Tuesday,@Biebersgomezing Luv you!,t00959
arianagrande,@mygrandepurpose i definitely want to slowly introduce y'all to the new stuff live,20/09/2016 22:37,7.78362E+17,en,7682,2236,2016-09-20 22:37:00,2016-09-20,2016-09,2016,22,Tuesday,@mygrandepurpose i definitely want to slowly introduce y'all to the new stuff live,t00960
kimkardashian,#TBT HALLOWEEN https://t.co/YGBpXewl1g https://t.co/VXWgdgaqYr,29/10/2015 18:01,6.59792E+17,en,6289,1112,2015-10-29 18:01:00,2015-10-29,2015-10,2015,18,Thursday,#TBT HALLOWEEN https://t.co/YGBpXewl1g https://t.co/VXWgdgaqYr,t00961
taylorswift13,"This is a story about coming into your own and as a result, coming alive. 
#TS1989 
#taylurking http://t.co/qY4Iayzf8D",30/10/2014 16:49,5.27865E+17,en,8456,3598,2014-10-30 16:49:00,2014-10-30,2014-10,2014,16,Thursday,"This is a story about coming into your own and as a result, coming alive. #TS1989 #taylurking http://t.co/qY4Iayzf8D",t00962
instagram,Go behind the scenes of Fuji Rock https://t.co/Q7OzFzzwTv,23/07/2016 00:30,7.56648E+17,en,670,142,2016-07-23 00:30:00,2016-07-23,2016-07,2016,0,Saturday,Go behind the scenes of Fuji Rock https://t.co/Q7OzFzzwTv,t00963
instagram,Reinterpreting beauty at Paris Fashion Week with @patmcgrathreal #PFW https://t.co/Y0zzxdWE9m https://t.co/0DCTXxkiiO,07/03/2016 22:31,7.06971E+17,en,1072,230,2016-03-07 22:31:00,2016-03-07,2016-03,2016,22,Monday,Reinterpreting beauty at Paris Fashion Week with @patmcgrathreal #PFW https://t.co/Y0zzxdWE9m https://t.co/0DCTXxkiiO,t00964
instagram,“My husband and I came up with the idea to make a series about this weird couple from the ‘50s.” https://t.co/2iK2d2NKYg #WHPidentity,10/03/2016 16:00,7.07959E+17,en,1201,237,2016-03-10 16:00:00,2016-03-10,2016-03,2016,16,Thursday,“My husband and I came up with the idea to make a series about this weird couple from the ‘50s.” https://t.co/2iK2d2NKYg #WHPidentity,t00965
kimkardashian,https://t.co/xZbfoxo3Vh for tickets Oct 14! Our 1st sponsor is KYLIE COSMETICS! So everyone will get a free lip kit! https://t.co/jOkb3I4YuV,23/08/2016 12:18,7.6806E+17,en,5177,568,2016-08-23 12:18:00,2016-08-23,2016-08,2016,12,Tuesday,https://t.co/xZbfoxo3Vh for tickets Oct 14! Our 1st sponsor is KYLIE COSMETICS! So everyone will get a free lip kit! https://t.co/jOkb3I4YuV,t00966
shakira,US folks have until 11.59pm ET to enter to win a signed @ELLEmagazine + Elixir set - http://t.co/qbojavzpeT ShakHQ http://t.co/pNjTBDu4AH,10/07/2013 19:08,3.55041E+17,en,645,493,2013-07-10 19:08:00,2013-07-10,2013-07,2013,19,Wednesday,US folks have until 11.59pm ET to enter to win a signed @ELLEmagazine + Elixir set - http://t.co/qbojavzpeT ShakHQ http://t.co/pNjTBDu4AH,t00967
rihanna,Super impressive!!! Thank you to my Westwood family!! #VivienneWestwoodLondon http://t.co/3l8DLKdBp0,11/09/2013 16:42,3.77835E+17,en,900,993,2013-09-11 16:42:00,2013-09-11,2013-09,2013,16,Wednesday,Super impressive!!! Thank you to my Westwood family!! #VivienneWestwoodLondon http://t.co/3l8DLKdBp0,t00968
britneyspears,@Linds3yJennings Good choice! #MakeMePlaylist,19/07/2016 00:04,7.55192E+17,en,556,160,2016-07-19 00:04:00,2016-07-19,2016-07,2016,0,Tuesday,@Linds3yJennings Good choice! #MakeMePlaylist,t00969
kimkardashian,HBD 2 the hardest working girl I know! Our world travels will always b some of my best memories!Luv u @jenatkinhair https://t.co/iAABydOECk,11/03/2016 01:22,7.08101E+17,en,8501,802,2016-03-11 01:22:00,2016-03-11,2016-03,2016,1,Friday,HBD 2 the hardest working girl I know! Our world travels will always b some of my best memories!Luv u @jenatkinhair https://t.co/iAABydOECk,t00970
arianagrande,"""WOW guys"".... jones LOVES fields of flowers https://t.co/5GDOYxB0IL",20/05/2015 05:09,6.00891E+17,en,22200,10717,2015-05-20 05:09:00,2015-05-20,2015-05,2015,5,Wednesday,"""WOW guys"".... jones LOVES fields of flowers https://t.co/5GDOYxB0IL",t00971
twitter,See how the world is Tweeting about #RefugeesWelcome: https://t.co/1LDwuN6pwT http://t.co/1GOhSufmeJ,03/09/2015 18:07,6.395E+17,en,1531,1978,2015-09-03 18:07:00,2015-09-03,2015-09,2015,18,Thursday,See how the world is Tweeting about #RefugeesWelcome: https://t.co/1LDwuN6pwT http://t.co/1GOhSufmeJ,t00972
twitter,Gearing up for the 1st TeaTime of 2010. Special guest DJ @al3x is manning the beats!,08/01/2010 23:56,7537595509,en,40,39,2010-01-08 23:56:00,2010-01-08,2010-01,2010,23,Friday,Gearing up for the 1st TeaTime of 2010. Special guest DJ @al3x is manning the beats!,t00973
britneyspears,Thank u!!! Xo! &lt;3 RT @hausofbliss you were amazing!,29/12/2013 05:14,4.17162E+17,en,886,367,2013-12-29 05:14:00,2013-12-29,2013-12,2013,5,Sunday,Thank u!!! Xo! <3 RT @hausofbliss you were amazing!,t00974
barackobama,Take a look at some of the most important recent stories on gun violence prevention: http://t.co/02cXehbVvi #DoSomething,07/10/2015 20:28,6.51857E+17,en,904,471,2015-10-07 20:28:00,2015-10-07,2015-10,2015,20,Wednesday,Take a look at some of the most important recent stories on gun violence prevention: http://t.co/02cXehbVvi #DoSomething,t00975
jimmyfallon,I love Christmas music! Here's a new collection from @PattySmyth. https://t.co/q0Z2dhnTRn #anynewChristmasjamsoutthereyoulike,09/12/2015 17:42,6.74645E+17,en,879,199,2015-12-09 17:42:00,2015-12-09,2015-12,2015,17,Wednesday,I love Christmas music! Here's a new collection from @PattySmyth. https://t.co/q0Z2dhnTRn #anynewChristmasjamsoutthereyoulike,t00976
cristiano,Press conference is done. Can’t wait for the ceremony! #ballondor2014 http://t.co/ljNXxymPiJ,12/01/2015 16:39,5.54679E+17,en,22919,14774,2015-01-12 16:39:00,2015-01-12,2015-01,2015,16,Monday,Press conference is done. Can’t wait for the ceremony! #ballondor2014 http://t.co/ljNXxymPiJ,t00977
selenagomez,Link to everything about Unity http://t.co/uEzQ5YazzO -this should have an impact. 💙,12/08/2015 09:08,6.31392E+17,en,19235,11685,2015-08-12 09:08:00,2015-08-12,2015-08,2015,9,Wednesday,Link to everything about Unity http://t.co/uEzQ5YazzO -this should have an impact. 💙,t00978
justinbieber,#PURPOSETOUR STARTS TODAY :) https://t.co/VPdxdOQ1xw,09/03/2016 16:22,7.07602E+17,en,191283,144036,2016-03-09 16:22:00,2016-03-09,2016-03,2016,16,Wednesday,#PURPOSETOUR STARTS TODAY :) https://t.co/VPdxdOQ1xw,t00979
jimmyfallon,"“@CanadiensMTL: Bet? @NYRangers win series, your face = our Twitter avatar for a day. We win = you wear our jersey for a monologue."" Hmm",16/05/2014 20:27,4.67401E+17,en,1510,1029,2014-05-16 20:27:00,2014-05-16,2014-05,2014,20,Friday,"“@CanadiensMTL: Bet? @NYRangers win series, your face = our Twitter avatar for a day. We win = you wear our jersey for a monologue."" Hmm",t00980
kimkardashian,The Givenchy show &amp; Yeezy show on KUWTK. Soooooo LIT! This is one of my fave episodes! NYC was so much fun being out there w all my sisters!,11/01/2016 02:36,6.86376E+17,en,5083,797,2016-01-11 02:36:00,2016-01-11,2016-01,2016,2,Monday,The Givenchy show & Yeezy show on KUWTK. Soooooo LIT! This is one of my fave episodes! NYC was so much fun being out there w all my sisters!,t00981
shakira,"Watch Shak chatting about the new album, The Voice and Milan's soccer skills on @FallonTonight - http://t.co/SsiT7zePNp ShakHQ",27/03/2014 17:59,4.49244E+17,en,796,402,2014-03-27 17:59:00,2014-03-27,2014-03,2014,17,Thursday,"Watch Shak chatting about the new album, The Voice and Milan's soccer skills on @FallonTonight - http://t.co/SsiT7zePNp ShakHQ",t00982
cnnbrk,"Attack on American University of Afghanistan in Kabul ends in death of two gunman, police tell AFP. https://t.co/4i5bBE1Frz",25/08/2016 02:09,7.68631E+17,en,239,199,2016-08-25 02:09:00,2016-08-25,2016-08,2016,2,Thursday,"Attack on American University of Afghanistan in Kabul ends in death of two gunman, police tell AFP. https://t.co/4i5bBE1Frz",t00983
ladygaga,Conserve nature's resources so we can all live our best lives. W is for WE CAN HELP 🌎 #WorldWaterDay @drop4drop https://t.co/V6MhdaPCp4,22/03/2016 22:00,7.12399E+17,en,37028,12796,2016-03-22 22:00:00,2016-03-22,2016-03,2016,22,Tuesday,Conserve nature's resources so we can all live our best lives. W is for WE CAN HELP 🌎 #WorldWaterDay @drop4drop https://t.co/V6MhdaPCp4,t00984
jtimberlake,"Watch Justin Stand Up To Cancer this Friday, 9/7 and support a great cause! -teamJT http://t.co/pF0nPVyb #istandupfor @SU2C",05/09/2012 20:02,2.43439E+17,en,151,355,2012-09-05 20:02:00,2012-09-05,2012-09,2012,20,Wednesday,"Watch Justin Stand Up To Cancer this Friday, 9/7 and support a great cause! -teamJT http://t.co/pF0nPVyb #istandupfor @SU2C",t00985
youtube,"@EvanEdinger That's the shiniest quarter we've ever seen. You go Evan, congrats!",08/02/2016 23:15,6.96835E+17,en,296,22,2016-02-08 23:15:00,2016-02-08,2016-02,2016,23,Monday,"@EvanEdinger That's the shiniest quarter we've ever seen. You go Evan, congrats!",t00986
ddlovato,@WValderrama I'm here today because of YOU my love. Thank you for helping me find my confidence... I love you Wilmer.,17/10/2015 05:26,6.55253E+17,en,9410,7585,2015-10-17 05:26:00,2015-10-17,2015-10,2015,5,Saturday,@WValderrama I'm here today because of YOU my love. Thank you for helping me find my confidence... I love you Wilmer.,t00987
britneyspears,The signed setlists for my Piece Of Me Charity Ride fundraiser are officially SOLD OUT! Thank you to everyone who donated 💋 💋 💋,23/09/2016 21:13,7.79428E+17,en,4380,1023,2016-09-23 21:13:00,2016-09-23,2016-09,2016,21,Friday,The signed setlists for my Piece Of Me Charity Ride fundraiser are officially SOLD OUT! Thank you to everyone who donated 💋 💋 💋,t00988
barackobama,2015 will likely be the hottest year ever recorded. https://t.co/3riSWz8Aag #ActOnClimate,21/12/2015 17:09,6.78986E+17,en,1535,925,2015-12-21 17:09:00,2015-12-21,2015-12,2015,17,Monday,2015 will likely be the hottest year ever recorded. https://t.co/3riSWz8Aag #ActOnClimate,t00989
cristiano,Have you tried the Sportlobster app? Download it now. I’ll follow back some of you http://t.co/MArNHqWZ8S http://t.co/ZqbJCV6oWu,16/02/2015 16:45,5.67364E+17,en,6355,2940,2015-02-16 16:45:00,2015-02-16,2015-02,2015,16,Monday,Have you tried the Sportlobster app? Download it now. I’ll follow back some of you http://t.co/MArNHqWZ8S http://t.co/ZqbJCV6oWu,t00990
cnnbrk,President Obama declares a state of emergency for South Carolina due to Hurricane Matthew https://t.co/Rkt6V44CqA https://t.co/CTvqcgIjMD,06/10/2016 23:25,7.84173E+17,en,651,595,2016-10-06 23:25:00,2016-10-06,2016-10,2016,23,Thursday,President Obama declares a state of emergency for South Carolina due to Hurricane Matthew https://t.co/Rkt6V44CqA https://t.co/CTvqcgIjMD,t00991
justinbieber,See u soon  https://t.co/Iduz2E4Vf0,25/12/2015 18:19,6.80453E+17,en,69345,36228,2015-12-25 18:19:00,2015-12-25,2015-12,2015,18,Friday,See u soon https://t.co/Iduz2E4Vf0,t00992
theellenshow,Happy birthday to the hilarious @rickygervais. I hope it’s as golden as your underwear. https://t.co/cHuecqw8Ce,25/06/2016 21:11,7.46813E+17,en,16652,1465,2016-06-25 21:11:00,2016-06-25,2016-06,2016,21,Saturday,Happy birthday to the hilarious @rickygervais. I hope it’s as golden as your underwear. https://t.co/cHuecqw8Ce,t00993
cristiano,Hey guys! Merry Christmas everyone! Hope all your wishes come true.,23/12/2013 15:56,4.15149E+17,en,13673,17454,2013-12-23 15:56:00,2013-12-23,2013-12,2013,15,Monday,Hey guys! Merry Christmas everyone! Hope all your wishes come true.,t00994
jimmyfallon,. @jtimberlake has the timing. #Hashtag #BestOfFallon,06/01/2014 03:58,4.20042E+17,en,3000,980,2014-01-06 03:58:00,2014-01-06,2014-01,2014,3,Monday,. @jtimberlake has the timing. #Hashtag #BestOfFallon,t00995
twitter,We want to share your compelling questions at the @goldenglobes with @smrtgrls! Tweet now using #SmartGirlsAsk. https://t.co/VeEnjRsHpo,07/01/2016 23:45,6.85246E+17,en,925,270,2016-01-07 23:45:00,2016-01-07,2016-01,2016,23,Thursday,We want to share your compelling questions at the @goldenglobes with @smrtgrls! Tweet now using #SmartGirlsAsk. https://t.co/VeEnjRsHpo,t00996
ladygaga,@MommyMonsterof2 it's really just very precious,24/08/2014 01:24,5.03352E+17,en,1644,862,2014-08-24 01:24:00,2014-08-24,2014-08,2014,1,Sunday,@MommyMonsterof2 it's really just very precious,t00997
twitter,Which global moment in our #YearOnTwitter GIF is most memorable to you? Discover more at http://t.co/VoaTy2cENI http://t.co/zV2hQBhDh0,13/12/2014 22:41,5.43898E+17,en,678,447,2014-12-13 22:41:00,2014-12-13,2014-12,2014,22,Saturday,Which global moment in our #YearOnTwitter GIF is most memorable to you? Discover more at http://t.co/VoaTy2cENI http://t.co/zV2hQBhDh0,t00998
britneyspears,"#Bonding :) RT @iamwill I had a good vibe session during lunch with .@britneyspears today...talking about music, dreams, and life...#bonding",02/04/2013 22:18,3.19212E+17,en,1175,1663,2013-04-02 22:18:00,2013-04-02,2013-04,2013,22,Tuesday,"#Bonding :) RT @iamwill I had a good vibe session during lunch with .@britneyspears today...talking about music, dreams, and life...#bonding",t00999
kimkardashian,Kanye is performing for President Obama @barackobama in San Fran on 10/10. Come hang out with us! Tix here http://t.co/WlywXJQy6j,03/10/2015 22:26,6.50437E+17,en,2874,904,2015-10-03 22:26:00,2015-10-03,2015-10,2015,22,Saturday,Kanye is performing for President Obama @barackobama in San Fran on 10/10. Come hang out with us! Tix here http://t.co/WlywXJQy6j,t01000
taylorswift13,"So excited to play here AGAIN tonight!
#1989TourSantaClara 
Night 2!! http://t.co/7njlIRIhv2",15/08/2015 20:46,6.32655E+17,en,38770,13125,2015-08-15 20:46:00,2015-08-15,2015-08,2015,20,Saturday,So excited to play here AGAIN tonight! #1989TourSantaClara Night 2!! http://t.co/7njlIRIhv2,t01001
jimmyfallon,@Thezog @80miles @nickthune @jimmyfallon @JoshLieb9 wait - what order did we go in?,23/07/2014 14:53,4.91959E+17,en,110,24,2014-07-23 14:53:00,2014-07-23,2014-07,2014,14,Wednesday,@Thezog @80miles @nickthune @jimmyfallon @JoshLieb9 wait - what order did we go in?,t01002
youtube,Have a nice refreshing slice of The Night King from #GameOfThrones. https://t.co/XHSeZMRpHw https://t.co/z7qYyqbDRq,22/06/2016 23:00,7.45753E+17,en,1360,256,2016-06-22 23:00:00,2016-06-22,2016-06,2016,23,Wednesday,Have a nice refreshing slice of The Night King from #GameOfThrones. https://t.co/XHSeZMRpHw https://t.co/z7qYyqbDRq,t01003
britneyspears,@megspptc @KepisMuBx You should come come come to the show! ;),31/12/2013 06:54,4.17912E+17,en,252,118,2013-12-31 06:54:00,2013-12-31,2013-12,2013,6,Tuesday,@megspptc @KepisMuBx You should come come come to the show! ;),t01004
instagram,A never-ending B-Boy spin takes looping to a whole new level #BoomerangOfTheWeek  https://t.co/xGWMs2hmpc,07/05/2016 18:21,7.29013E+17,en,730,158,2016-05-07 18:21:00,2016-05-07,2016-05,2016,18,Saturday,A never-ending B-Boy spin takes looping to a whole new level #BoomerangOfTheWeek https://t.co/xGWMs2hmpc,t01005
jtimberlake,".@mizzbren WOW, Bren... HAHA! I just laughed out loud. ""Yeah, can I get $20 on no. 7, a six pack, and these tracks...?""",19/03/2012 14:46,1.81754E+17,en,19,16,2012-03-19 14:46:00,2012-03-19,2012-03,2012,14,Monday,".@mizzbren WOW, Bren... HAHA! I just laughed out loud. ""Yeah, can I get $20 on no. 7, a six pack, and these tracks...?""",t01006
kimkardashian,Came home early from the fashion festivities to watch the Netflix Amanda Knox doc. Cannot wait to see this! Anyone see it yet? Thoughts?,30/09/2016 21:46,7.81973E+17,en,12143,1177,2016-09-30 21:46:00,2016-09-30,2016-09,2016,21,Friday,Came home early from the fashion festivities to watch the Netflix Amanda Knox doc. Cannot wait to see this! Anyone see it yet? Thoughts?,t01007
ddlovato,"@cherryVATO I wake up in 7.5 hours, then I have a pre workout protein shake w/ cold brew coffee and watch the news",02/03/2016 08:24,7.04945E+17,en,3402,1754,2016-03-02 08:24:00,2016-03-02,2016-03,2016,8,Wednesday,"@cherryVATO I wake up in 7.5 hours, then I have a pre workout protein shake w/ cold brew coffee and watch the news",t01008
twitter,"An attitude of gratitude brings great things.

Today, we thank each and every one of you. https://t.co/I5KaE0xVAn",24/11/2016 18:24,8.01854E+17,en,1998,630,2016-11-24 18:24:00,2016-11-24,2016-11,2016,18,Thursday,"An attitude of gratitude brings great things. Today, we thank each and every one of you. https://t.co/I5KaE0xVAn",t01009
instagram,“It is a great feeling to know that I can run faster than everyone else in the world.” —@usainbolt https://t.co/NkDZAvc5bT,27/06/2016 18:15,7.47493E+17,en,1106,225,2016-06-27 18:15:00,2016-06-27,2016-06,2016,18,Monday,“It is a great feeling to know that I can run faster than everyone else in the world.” —@usainbolt https://t.co/NkDZAvc5bT,t01010
cnnbrk,"Images of Britain’s royal family reportedly stolen in hack of Pippa Middleton’s iCloud account, British media say.… https://t.co/ztsAgrMEX1",24/09/2016 09:07,7.79608E+17,en,340,221,2016-09-24 09:07:00,2016-09-24,2016-09,2016,9,Saturday,"Images of Britain’s royal family reportedly stolen in hack of Pippa Middleton’s iCloud account, British media say.… https://t.co/ztsAgrMEX1",t01011
katyperry,"I'm giving everyone a ""literally"" punch card. 10 uses and then you go in the pool. #coachella",12/04/2014 23:11,4.55121E+17,en,9780,4870,2014-04-12 23:11:00,2014-04-12,2014-04,2014,23,Saturday,"I'm giving everyone a ""literally"" punch card. 10 uses and then you go in the pool. #coachella",t01012
twitter,"@jamesnix40 Well done, James. Well done.👏 https://t.co/q4aOo2Lg5f",09/12/2016 22:34,8.07353E+17,en,109,31,2016-12-09 22:34:00,2016-12-09,2016-12,2016,22,Friday,"@jamesnix40 Well done, James. Well done.👏 https://t.co/q4aOo2Lg5f",t01013
jimmyfallon,.@thezog keeping it classy for the Clean Cut Comedy Tour. http://t.co/BN6jSbU2RP Instagram removes the @ from twitter handles. I forgot.,18/10/2013 18:08,3.91265E+17,en,85,49,2013-10-18 18:08:00,2013-10-18,2013-10,2013,18,Friday,.@thezog keeping it classy for the Clean Cut Comedy Tour. http://t.co/BN6jSbU2RP Instagram removes the @ from twitter handles. I forgot.,t01014
theellenshow,Happy #MeMeMonday https://t.co/7zYVEjLYvD,01/12/2015 01:15,6.71498E+17,en,1895,318,2015-12-01 01:15:00,2015-12-01,2015-12,2015,1,Tuesday,Happy #MeMeMonday https://t.co/7zYVEjLYvD,t01015
katyperry,Nice one! “@KatysRing: @katyperry here you go :) http://t.co/j4ddcWCooa”,30/07/2013 00:35,3.62009E+17,en,2057,2268,2013-07-30 00:35:00,2013-07-30,2013-07,2013,0,Tuesday,Nice one! “@KatysRing: @katyperry here you go :) http://t.co/j4ddcWCooa”,t01016
barackobama,Add your name if you agree—cutting carbon pollution is just common sense: http://t.co/sRiQiN4HuN #ActOnClimate,30/09/2014 16:21,5.16986E+17,en,1282,805,2014-09-30 16:21:00,2014-09-30,2014-09,2014,16,Tuesday,Add your name if you agree—cutting carbon pollution is just common sense: http://t.co/sRiQiN4HuN #ActOnClimate,t01017
jimmyfallon,This Jack White Performance of Lazaretto coming up - will rock the top off!c #FallonTonight,10/06/2014 04:24,4.76218E+17,en,1240,253,2014-06-10 04:24:00,2014-06-10,2014-06,2014,4,Tuesday,This Jack White Performance of Lazaretto coming up - will rock the top off!c #FallonTonight,t01018
arianagrande,thank you babes for the well wishes 💘 you're a buncha angels. 👼👼 love you &amp; I'll be better soon. can't wait to see you at tomorrow's show.,07/09/2015 18:16,6.40952E+17,en,32468,17123,2015-09-07 18:16:00,2015-09-07,2015-09,2015,18,Monday,thank you babes for the well wishes 💘 you're a buncha angels. 👼👼 love you & I'll be better soon. can't wait to see you at tomorrow's show.,t01019
katyperry,My friend Cleo told me yesterday that Octopus mate for life and when they find their mate they hold hands in the ocean always! 😩🐙🌊😩🐙🌊😩🐙🌊😩,30/05/2014 11:35,4.7234E+17,en,16740,9167,2014-05-30 11:35:00,2014-05-30,2014-05,2014,11,Friday,My friend Cleo told me yesterday that Octopus mate for life and when they find their mate they hold hands in the ocean always! 😩🐙🌊😩🐙🌊😩🐙🌊😩,t01020
taylorswift13,Remembering his beautiful words on #MLKDay http://t.co/gUpUsV073a,19/01/2015 22:36,5.57306E+17,en,18442,9293,2015-01-19 22:36:00,2015-01-19,2015-01,2015,22,Monday,Remembering his beautiful words on #MLKDay http://t.co/gUpUsV073a,t01021
cristiano,@ApoyoCR7 loved what you did by giving away your tickets to a girl in Israel. That was really nice.,23/03/2013 14:08,3.15465E+17,en,300,395,2013-03-23 14:08:00,2013-03-23,2013-03,2013,14,Saturday,@ApoyoCR7 loved what you did by giving away your tickets to a girl in Israel. That was really nice.,t01022
ladygaga,@ComeOn2MamaGaga @tix4cause true,19/10/2016 19:35,7.88826E+17,en,2532,782,2016-10-19 19:35:00,2016-10-19,2016-10,2016,19,Wednesday,@ComeOn2MamaGaga @tix4cause true,t01023
youtube,It’s a winter’s rap battle between Freya and Ravenna. Who won? https://t.co/tZTRubhPm4,08/04/2016 18:37,7.18508E+17,en,835,149,2016-04-08 18:37:00,2016-04-08,2016-04,2016,18,Friday,It’s a winter’s rap battle between Freya and Ravenna. Who won? https://t.co/tZTRubhPm4,t01024
selenagomez,Can't wait for y'all to hear the Spanish record ;) it's sounding so cool,18/01/2011 01:59,2.71833E+16,en,1046,3559,2011-01-18 01:59:00,2011-01-18,2011-01,2011,1,Tuesday,Can't wait for y'all to hear the Spanish record ;) it's sounding so cool,t01025
katyperry,THE #ROAR MUSIC VIDEO IS COMING TO YOU IN JUNGLESCOPE SEPT 5TH! http://t.co/Y3jQ92oJXj,30/08/2013 19:46,3.73532E+17,en,13009,13919,2013-08-30 19:46:00,2013-08-30,2013-08,2013,19,Friday,THE #ROAR MUSIC VIDEO IS COMING TO YOU IN JUNGLESCOPE SEPT 5TH! http://t.co/Y3jQ92oJXj,t01026
theellenshow,The world needs more therapists like Ashlyn. She deserves this and so much more. https://t.co/EhF3uNcVAe,11/01/2016 23:34,6.86693E+17,en,2294,376,2016-01-11 23:34:00,2016-01-11,2016-01,2016,23,Monday,The world needs more therapists like Ashlyn. She deserves this and so much more. https://t.co/EhF3uNcVAe,t01027
cristiano,"Congratulations Fazil Tarriche.You won 2 tickets to the Final, Brazil!Be the next, last chance http://t.co/sJfQpcsnOA http://t.co/u1g6YwUbB5",25/06/2014 19:22,4.8188E+17,en,4840,2201,2014-06-25 19:22:00,2014-06-25,2014-06,2014,19,Wednesday,"Congratulations Fazil Tarriche.You won 2 tickets to the Final, Brazil!Be the next, last chance http://t.co/sJfQpcsnOA http://t.co/u1g6YwUbB5",t01028
kimkardashian,I've been saving up so many pieces from my closet for my eBay auctions! It's all live now! https://t.co/jVqidjDULE https://t.co/0flnA8Kmr2,10/12/2015 19:34,6.75036E+17,en,4730,723,2015-12-10 19:34:00,2015-12-10,2015-12,2015,19,Thursday,I've been saving up so many pieces from my closet for my eBay auctions! It's all live now! https://t.co/jVqidjDULE https://t.co/0flnA8Kmr2,t01029
jimmyfallon,Forward this to someone who has great headphones and tell them to go for it. https://t.co/xEQWshJpAE #starwarsfallon,16/12/2015 15:43,6.77152E+17,en,2726,1646,2015-12-16 15:43:00,2015-12-16,2015-12,2015,15,Wednesday,Forward this to someone who has great headphones and tell them to go for it. https://t.co/xEQWshJpAE #starwarsfallon,t01030
selenagomez,"Looking to Him with every choice I make. No matter how loud the enemy speaks, my work will outshine, always. http://t.co/xK3eGuOK3Y",10/07/2015 03:50,6.19353E+17,en,42827,21215,2015-07-10 03:50:00,2015-07-10,2015-07,2015,3,Friday,"Looking to Him with every choice I make. No matter how loud the enemy speaks, my work will outshine, always. http://t.co/xK3eGuOK3Y",t01031
rihanna,RAW!!! #givenchy thanks Riccardo! Ok Ok I'll marry you!! #1Love http://t.co/8oZ2p8uB1h,24/03/2013 17:42,3.15881E+17,en,817,1170,2013-03-24 17:42:00,2013-03-24,2013-03,2013,17,Sunday,RAW!!! #givenchy thanks Riccardo! Ok Ok I'll marry you!! #1Love http://t.co/8oZ2p8uB1h,t01032
jimmyfallon,"I might cameo in tonight's episode of Seinfeld. And by Seinfeld I mean ""The Spoils Before Dying"". And by might I mean definitely. #IFC",10/07/2015 21:03,6.19613E+17,en,2477,380,2015-07-10 21:03:00,2015-07-10,2015-07,2015,21,Friday,"I might cameo in tonight's episode of Seinfeld. And by Seinfeld I mean ""The Spoils Before Dying"". And by might I mean definitely. #IFC",t01033
kimkardashian,"❤️ my 🇬🇧 glam team @lisaeldridgemakeup @dayaruci Wearing a vintage t,Chloe skirt, Manolo heels&amp; some of Kanye's belts http://t.co/WiCKtemc29",28/06/2015 16:21,6.15193E+17,en,6613,1354,2015-06-28 16:21:00,2015-06-28,2015-06,2015,16,Sunday,"❤️ my 🇬🇧 glam team @lisaeldridgemakeup @dayaruci Wearing a vintage t,Chloe skirt, Manolo heels& some of Kanye's belts http://t.co/WiCKtemc29",t01034
britneyspears,And our songbird is at it again! Cannot get enough of her hilarious renditions lol http://t.co/qwGUd6jdKw,27/04/2015 22:29,5.92818E+17,en,3672,1505,2015-04-27 22:29:00,2015-04-27,2015-04,2015,22,Monday,And our songbird is at it again! Cannot get enough of her hilarious renditions lol http://t.co/qwGUd6jdKw,t01035
cnnbrk,Syrian government troops now control most of Aleppo's neighborhoods after days of fierce fighting with rebel forces. https://t.co/dVl25IEv9D,07/12/2016 09:43,8.06434E+17,en,383,221,2016-12-07 09:43:00,2016-12-07,2016-12,2016,9,Wednesday,Syrian government troops now control most of Aleppo's neighborhoods after days of fierce fighting with rebel forces. https://t.co/dVl25IEv9D,t01036
justinbieber,Hey @zanelowe u think we should world premiere another song off #purpose tomorrow?? #beats1 #LoveYourself @edsheeran,09/11/2015 09:00,6.63642E+17,en,44949,33638,2015-11-09 09:00:00,2015-11-09,2015-11,2015,9,Monday,Hey @zanelowe u think we should world premiere another song off #purpose tomorrow?? #beats1 #LoveYourself @edsheeran,t01037
taylorswift13,"""WHAT?!""

@Nelly_Mo @HAIMtheband 
#1989TourStLouis http://t.co/lZYDlJNmsS",30/09/2015 06:09,6.49104E+17,en,22304,8911,2015-09-30 06:09:00,2015-09-30,2015-09,2015,6,Wednesday,"""WHAT?!"" @Nelly_Mo @HAIMtheband #1989TourStLouis http://t.co/lZYDlJNmsS",t01038
instagram,"Too cute: a pug that channels Harry Potter, Totoro and Pikachu (via @designtaxi) https://t.co/RH8xeXfYR0",19/06/2016 22:30,7.44659E+17,en,820,180,2016-06-19 22:30:00,2016-06-19,2016-06,2016,22,Sunday,"Too cute: a pug that channels Harry Potter, Totoro and Pikachu (via @designtaxi) https://t.co/RH8xeXfYR0",t01039
youtube,70 people tell you their goals in life. What’s yours? https://t.co/4oIDfNvWz4 https://t.co/FYt3kwVrEx,07/01/2017 21:00,8.17838E+17,en,1286,189,2017-01-07 21:00:00,2017-01-07,2017-01,2017,21,Saturday,70 people tell you their goals in life. What’s yours? https://t.co/4oIDfNvWz4 https://t.co/FYt3kwVrEx,t01040
cristiano,Last days of Round One guys but this amazing championship has more to come! Stay tuned join at http://t.co/HRFXiaMed1 http://t.co/StYyWrSCCL,24/04/2014 16:01,4.59361E+17,en,7360,4784,2014-04-24 16:01:00,2014-04-24,2014-04,2014,16,Thursday,Last days of Round One guys but this amazing championship has more to come! Stay tuned join at http://t.co/HRFXiaMed1 http://t.co/StYyWrSCCL,t01041
cnnbrk,Top Trump surrogate admits to falsifying some of his professional accomplishments. https://t.co/1fCvDfskia https://t.co/pnxKcVKpeW,03/09/2016 10:27,7.72018E+17,en,683,602,2016-09-03 10:27:00,2016-09-03,2016-09,2016,10,Saturday,Top Trump surrogate admits to falsifying some of his professional accomplishments. https://t.co/1fCvDfskia https://t.co/pnxKcVKpeW,t01042
katyperry,"Well you know, 🌻“@Terri_KatyCat: @katyperry drop that motherfucking beeeaaatttt”",17/09/2013 05:57,3.79847E+17,en,1080,1295,2013-09-17 05:57:00,2013-09-17,2013-09,2013,5,Tuesday,"Well you know, 🌻“@Terri_KatyCat: @katyperry drop that motherfucking beeeaaatttt”",t01043
taylorswift13,"""The Wonderful Fans Outside My Hotel In Rio"" http://t.co/7pqatSyY",15/09/2012 11:08,2.46928E+17,en,3971,6253,2012-09-15 11:08:00,2012-09-15,2012-09,2012,11,Saturday,"""The Wonderful Fans Outside My Hotel In Rio"" http://t.co/7pqatSyY",t01044
jimmyfallon,I don't know what I was thinking challenging @GerardButler to play Slapjack https://t.co/fSbJ1uYp0a #FallonTonight,26/02/2016 13:13,7.03206E+17,en,2006,351,2016-02-26 13:13:00,2016-02-26,2016-02,2016,13,Friday,I don't know what I was thinking challenging @GerardButler to play Slapjack https://t.co/fSbJ1uYp0a #FallonTonight,t01045
twitter,"Something wild: #Sharknado on Twitter. What happens when you mix a killer tornado, sharks, and many, many Tweets: https://t.co/WHnznVkVWw",13/07/2013 00:51,3.55852E+17,en,268,584,2013-07-13 00:51:00,2013-07-13,2013-07,2013,0,Saturday,"Something wild: #Sharknado on Twitter. What happens when you mix a killer tornado, sharks, and many, many Tweets: https://t.co/WHnznVkVWw",t01046
rihanna,Just posted a photo http://t.co/BOmUNu6ZKH,28/11/2014 02:50,5.38163E+17,en,11888,5187,2014-11-28 02:50:00,2014-11-28,2014-11,2014,2,Friday,Just posted a photo http://t.co/BOmUNu6ZKH,t01047
theellenshow,.@IamWandaSykes' special is tonight on EPIX. You don’t Wanda miss it.,22/10/2016 00:04,7.89618E+17,en,1542,184,2016-10-22 00:04:00,2016-10-22,2016-10,2016,0,Saturday,.@IamWandaSykes' special is tonight on EPIX. You don’t Wanda miss it.,t01048
ddlovato,"Lovatics @falloutboy and I are up for a VMA and need your votes!! You can vote once per day

☑️ https://t.co/QS4PPN6xAi #voteirresistable",01/08/2016 00:28,7.59909E+17,en,20283,8721,2016-08-01 00:28:00,2016-08-01,2016-08,2016,0,Monday,Lovatics @falloutboy and I are up for a VMA and need your votes!! You can vote once per day ☑️ https://t.co/QS4PPN6xAi #voteirresistable,t01049
theellenshow,"For everyone wanting to know, Tayt made it through the surgery. I’m sending a lot of love to the family of his donor. #TaytsWish",24/06/2015 17:34,6.13762E+17,en,7242,1120,2015-06-24 17:34:00,2015-06-24,2015-06,2015,17,Wednesday,"For everyone wanting to know, Tayt made it through the surgery. I’m sending a lot of love to the family of his donor. #TaytsWish",t01050
rihanna,Merry Christmas and Happy Holidays http://t.co/mehabttjXu,25/12/2014 15:05,5.48132E+17,en,5243,2823,2014-12-25 15:05:00,2014-12-25,2014-12,2014,15,Thursday,Merry Christmas and Happy Holidays http://t.co/mehabttjXu,t01051
instagram,Couture meets conga for @CHANEL's first show in Cuba (via @harpersbazaarus)  https://t.co/lojxVbmGFW,04/05/2016 20:57,7.27965E+17,en,673,170,2016-05-04 20:57:00,2016-05-04,2016-05,2016,20,Wednesday,Couture meets conga for @CHANEL's first show in Cuba (via @harpersbazaarus) https://t.co/lojxVbmGFW,t01052
ladygaga,Massive congratulations to my friends the brilliant @MsKathyBates &amp; @MsSarahPaulson for well deserved Emmy nominations! I'm SO happy 4 u!❤️,16/07/2016 18:07,7.54377E+17,en,11623,3925,2016-07-16 18:07:00,2016-07-16,2016-07,2016,18,Saturday,Massive congratulations to my friends the brilliant @MsKathyBates & @MsSarahPaulson for well deserved Emmy nominations! I'm SO happy 4 u!❤️,t01053
taylorswift13,Today my friend @RichardWilkins made the astute observation that 'Meredith' contains 'Red'. 😸 I was astounded. And the fans were amazing.,26/11/2012 01:13,2.72871E+17,en,5709,6177,2012-11-26 01:13:00,2012-11-26,2012-11,2012,1,Monday,Today my friend @RichardWilkins made the astute observation that 'Meredith' contains 'Red'. 😸 I was astounded. And the fans were amazing.,t01054
theellenshow,"There’s a new car just for women. I’m completely serious. Well, as serious as a woman can be. https://t.co/HBbiGfceLx",27/09/2016 21:12,7.80878E+17,en,12766,4972,2016-09-27 21:12:00,2016-09-27,2016-09,2016,21,Tuesday,"There’s a new car just for women. I’m completely serious. Well, as serious as a woman can be. https://t.co/HBbiGfceLx",t01055
arianagrande,*goes 5 min without tweeting*.... I laughed so hard  https://t.co/OPcCZcdHY5,12/01/2016 03:41,6.86755E+17,en,19290,6599,2016-01-12 03:41:00,2016-01-12,2016-01,2016,3,Tuesday,*goes 5 min without tweeting*.... I laughed so hard https://t.co/OPcCZcdHY5,t01056
kimkardashian,"About to live stream on my app! Sacha Baron Cohen is about to show us a crazy clip from his new movie ""The Brothers Grimsby""",01/03/2016 04:54,7.0453E+17,en,3208,459,2016-03-01 04:54:00,2016-03-01,2016-03,2016,4,Tuesday,"About to live stream on my app! Sacha Baron Cohen is about to show us a crazy clip from his new movie ""The Brothers Grimsby""",t01057
jtimberlake,.@JTimberlake radio is live now on @Myspace: http://t.co/kW0ecffaJK Check it. #NewMyspace -teamJT,02/07/2013 19:23,3.52146E+17,en,409,736,2013-07-02 19:23:00,2013-07-02,2013-07,2013,19,Tuesday,.@JTimberlake radio is live now on @Myspace: http://t.co/kW0ecffaJK Check it. #NewMyspace -teamJT,t01058
cristiano,Hey @Tuurryy impressive play with the @Nikefootball App! These are on their way to you! 😎👍 https://t.co/tXAjIBbTCZ https://t.co/jrYaqKFzlm,11/11/2015 18:56,6.64517E+17,en,12481,3346,2015-11-11 18:56:00,2015-11-11,2015-11,2015,18,Wednesday,Hey @Tuurryy impressive play with the @Nikefootball App! These are on their way to you! 😎👍 https://t.co/tXAjIBbTCZ https://t.co/jrYaqKFzlm,t01059
instagram,"“Bricks, knocked down structures, tree roots, streets without destination. You can feel a mix of nostalgia and sadness.” —@cremetoursBA",12/11/2015 22:56,6.6494E+17,en,2410,508,2015-11-12 22:56:00,2015-11-12,2015-11,2015,22,Thursday,"“Bricks, knocked down structures, tree roots, streets without destination. You can feel a mix of nostalgia and sadness.” —@cremetoursBA",t01060
instagram,Will the real @heidiklum please stand up? ICYMI: There's still time to watch last night's #HeidiHalloween on our In… https://t.co/cYgXi5Sm4F,01/11/2016 20:45,7.93555E+17,en,1290,231,2016-11-01 20:45:00,2016-11-01,2016-11,2016,20,Tuesday,Will the real @heidiklum please stand up? ICYMI: There's still time to watch last night's #HeidiHalloween on our In… https://t.co/cYgXi5Sm4F,t01061
ddlovato,The sass is real... #Demi2Idol @TV4Idol 💙💁🏻💙 https://t.co/tdzjxVrzOS,09/11/2015 05:47,6.63594E+17,en,14655,7820,2015-11-09 05:47:00,2015-11-09,2015-11,2015,5,Monday,The sass is real... #Demi2Idol @TV4Idol 💙💁🏻💙 https://t.co/tdzjxVrzOS,t01062
cristiano,You asked: Can you say hey to your fans in New Orleans ?? http://t.co/i1n85b3ENg,31/07/2014 14:34,4.94854E+17,en,1908,949,2014-07-31 14:34:00,2014-07-31,2014-07,2014,14,Thursday,You asked: Can you say hey to your fans in New Orleans ?? http://t.co/i1n85b3ENg,t01063
selenagomez,@lorenzaizzo and I eating. She's hysterical  http://t.co/BrEwx15x,01/02/2012 01:07,1.64515E+17,en,1076,2901,2012-02-01 01:07:00,2012-02-01,2012-02,2012,1,Wednesday,@lorenzaizzo and I eating. She's hysterical http://t.co/BrEwx15x,t01064
rihanna,"Fuck wit her, my designer drip to the fucking flo'",07/11/2012 20:04,2.6627E+17,en,636,1444,2012-11-07 20:04:00,2012-11-07,2012-11,2012,20,Wednesday,"Fuck wit her, my designer drip to the fucking flo'",t01065
justinbieber,Good times http://t.co/LdTYUlIuyS,22/07/2015 22:53,6.23989E+17,en,95770,73325,2015-07-22 22:53:00,2015-07-22,2015-07,2015,22,Wednesday,Good times http://t.co/LdTYUlIuyS,t01066
twitter,"Science says your dog hates hugs, but what do you say? 🐶 

https://t.co/d6nlx29dsv",27/04/2016 18:50,7.25397E+17,en,722,222,2016-04-27 18:50:00,2016-04-27,2016-04,2016,18,Wednesday,"Science says your dog hates hugs, but what do you say? 🐶 https://t.co/d6nlx29dsv",t01067
theellenshow,.@JoshDuhamel got a Fergalicioius scare on my show. #HappyHalloween! https://t.co/ADMagAB9dW,31/10/2015 18:00,6.60517E+17,en,1382,252,2015-10-31 18:00:00,2015-10-31,2015-10,2015,18,Saturday,.@JoshDuhamel got a Fergalicioius scare on my show. #HappyHalloween! https://t.co/ADMagAB9dW,t01068
jtimberlake,Memphis to the @Big12Conference... let's make this happen! https://t.co/MZyRPTAm8M,27/07/2016 22:21,7.58427E+17,en,4382,1804,2016-07-27 22:21:00,2016-07-27,2016-07,2016,22,Wednesday,Memphis to the @Big12Conference... let's make this happen! https://t.co/MZyRPTAm8M,t01069
britneyspears,Vegas. #PieceOfMe. Tonight. Let's go! 👯,28/08/2014 01:18,5.048E+17,en,4672,2465,2014-08-28 01:18:00,2014-08-28,2014-08,2014,1,Thursday,Vegas. #PieceOfMe. Tonight. Let's go! 👯,t01070
youtube,@GloZell 💚🖌🐵 LOVE 🐵🖌💚,15/12/2016 21:51,8.09516E+17,en,42,2,2016-12-15 21:51:00,2016-12-15,2016-12,2016,21,Thursday,@GloZell 💚🖌🐵 LOVE 🐵🖌💚,t01071
selenagomez,Almost @gwenysloco ... Almost. 😒 http://t.co/28Cb74HMfu,01/08/2014 17:25,4.95259E+17,en,9180,6131,2014-08-01 17:25:00,2014-08-01,2014-08,2014,17,Friday,Almost @gwenysloco ... Almost. 😒 http://t.co/28Cb74HMfu,t01072
ladygaga,@denisohare  wouldn't have rather been in that scene with anyone but you!,05/11/2015 03:54,6.62116E+17,en,3523,1535,2015-11-05 03:54:00,2015-11-05,2015-11,2015,3,Thursday,@denisohare wouldn't have rather been in that scene with anyone but you!,t01073
jimmyfallon,I'm loving @benschilibowl and because I'm in DC I had to get my exercise in for @FLOTUS. #LetsMove http://t.co/IZQsM7EAQH,25/10/2013 21:21,3.9385E+17,en,198,169,2013-10-25 21:21:00,2013-10-25,2013-10,2013,21,Friday,I'm loving @benschilibowl and because I'm in DC I had to get my exercise in for @FLOTUS. #LetsMove http://t.co/IZQsM7EAQH,t01074
arianagrande,i love @brilovelife @iamskot @youngastronaut,29/01/2016 03:12,6.92908E+17,en,21639,8061,2016-01-29 03:12:00,2016-01-29,2016-01,2016,3,Friday,i love @brilovelife @iamskot @youngastronaut,t01075
theellenshow,3 more days! Premiere Week kicks off in LA and NYC. I hope you’re ready. #EllenInNYC http://t.co/RNLWlFqoXF,05/09/2015 21:19,6.40273E+17,en,4441,631,2015-09-05 21:19:00,2015-09-05,2015-09,2015,21,Saturday,3 more days! Premiere Week kicks off in LA and NYC. I hope you’re ready. #EllenInNYC http://t.co/RNLWlFqoXF,t01076
taylorswift13,Played Houston! Then rehearsed in Vegas for Billboards! Then cleaned my closet and concluded that roughly 79% of my shirts are striped.,18/05/2013 07:19,3.35656E+17,en,10089,8679,2013-05-18 07:19:00,2013-05-18,2013-05,2013,7,Saturday,Played Houston! Then rehearsed in Vegas for Billboards! Then cleaned my closet and concluded that roughly 79% of my shirts are striped.,t01077
theellenshow,".@justinbieber, you never disappoint. #GRAMMYs",16/02/2016 03:42,6.99439E+17,en,15943,9378,2016-02-16 03:42:00,2016-02-16,2016-02,2016,3,Tuesday,".@justinbieber, you never disappoint. #GRAMMYs",t01078
ddlovato,#CoolForTheSummer 4 DAYS 😎 http://t.co/FfoZoScipy,27/06/2015 21:41,6.14912E+17,en,25868,19551,2015-06-27 21:41:00,2015-06-27,2015-06,2015,21,Saturday,#CoolForTheSummer 4 DAYS 😎 http://t.co/FfoZoScipy,t01079
selenagomez,Believe in ZERO discrimination against kids w/disabilities? Please RTthis UNICEF report: http://t.co/6HvMZkUBvU #thisability via @unicefusa,30/05/2013 15:58,3.40135E+17,en,5368,10549,2013-05-30 15:58:00,2013-05-30,2013-05,2013,15,Thursday,Believe in ZERO discrimination against kids w/disabilities? Please RTthis UNICEF report: http://t.co/6HvMZkUBvU #thisability via @unicefusa,t01080
rihanna,"Also wrote a treatment for #WhatNow video, so yea we gonna be shooting dat supa dupa soon!! #NavyShit",11/09/2013 19:47,3.77881E+17,en,2749,3829,2013-09-11 19:47:00,2013-09-11,2013-09,2013,19,Wednesday,"Also wrote a treatment for #WhatNow video, so yea we gonna be shooting dat supa dupa soon!! #NavyShit",t01081
ladygaga,"So happy for Tim, Jimmy and everyone at @AppleMusic + Beats1. I'm excited to be a part of it. ❤️💋 http://t.co/SGFhWLeVTF",09/06/2015 15:39,6.08297E+17,en,14526,7941,2015-06-09 15:39:00,2015-06-09,2015-06,2015,15,Tuesday,"So happy for Tim, Jimmy and everyone at @AppleMusic + Beats1. I'm excited to be a part of it. ❤️💋 http://t.co/SGFhWLeVTF",t01082
barackobama,"""This deal shuts off the type of covert program Iran has pursued in the past.” —President Obama #IranDeal",05/08/2015 16:29,6.28966E+17,en,610,244,2015-08-05 16:29:00,2015-08-05,2015-08,2015,16,Wednesday,"""This deal shuts off the type of covert program Iran has pursued in the past.” —President Obama #IranDeal",t01083
instagram,Tips for taking the perfect dog photos (via @WSJ and @thedogist) 🐶 https://t.co/onJABf7mNN,07/04/2016 23:00,7.18212E+17,en,912,210,2016-04-07 23:00:00,2016-04-07,2016-04,2016,23,Thursday,Tips for taking the perfect dog photos (via @WSJ and @thedogist) 🐶 https://t.co/onJABf7mNN,t01084
youtube,"International relations have never been so complicated.

Model UN changes everything in the latest #FoursomeShow →… https://t.co/Lt3PS3r9RJ",28/12/2016 19:44,8.14195E+17,en,1047,140,2016-12-28 19:44:00,2016-12-28,2016-12,2016,19,Wednesday,International relations have never been so complicated. Model UN changes everything in the latest #FoursomeShow →… https://t.co/Lt3PS3r9RJ,t01085
katyperry,"Correcto. @NoxIsAnAsshole: Look what we found in Kingman, Arizona. On the way to Phoenix I assume. @katyperry #PRISM http://t.co/JmpQEnF5OE""",02/08/2013 05:33,3.63171E+17,en,2581,2736,2013-08-02 05:33:00,2013-08-02,2013-08,2013,5,Friday,"Correcto. @NoxIsAnAsshole: Look what we found in Kingman, Arizona. On the way to Phoenix I assume. @katyperry #PRISM http://t.co/JmpQEnF5OE""",t01086
arianagrande,I honestly want an oil painting of this in my home https://t.co/Uvtf4mZz82,20/02/2016 21:12,7.01153E+17,en,48727,18807,2016-02-20 21:12:00,2016-02-20,2016-02,2016,21,Saturday,I honestly want an oil painting of this in my home https://t.co/Uvtf4mZz82,t01087
theellenshow,.@JacobTremblay is adorable on every level. https://t.co/76zhPOyYRw,02/02/2016 18:55,6.94595E+17,en,1928,425,2016-02-02 18:55:00,2016-02-02,2016-02,2016,18,Tuesday,.@JacobTremblay is adorable on every level. https://t.co/76zhPOyYRw,t01088
selenagomez,Thank You to all who came out to the show last night at House of Blues on Sunset.  That is one of the shows I look... http://t.co/HWmTQNdf,21/01/2012 17:21,1.60774E+17,en,1283,3302,2012-01-21 17:21:00,2012-01-21,2012-01,2012,17,Saturday,Thank You to all who came out to the show last night at House of Blues on Sunset. That is one of the shows I look... http://t.co/HWmTQNdf,t01089
taylorswift13,@elizabethhuett missing your little baby talk voice and the way you slur your words on purpose and how I used to give you haircuts!!!,15/10/2014 01:11,5.22193E+17,en,6486,4063,2014-10-15 01:11:00,2014-10-15,2014-10,2014,1,Wednesday,@elizabethhuett missing your little baby talk voice and the way you slur your words on purpose and how I used to give you haircuts!!!,t01090
kimkardashian,SOLES 4 SOULS https://t.co/rY97GwpRpW https://t.co/0cIhJRBK2L,26/12/2015 00:00,6.80539E+17,en,5965,901,2015-12-26 00:00:00,2015-12-26,2015-12,2015,0,Saturday,SOLES 4 SOULS https://t.co/rY97GwpRpW https://t.co/0cIhJRBK2L,t01091
cristiano,Congrats to @IFC_FIVES from London for winning Round One of @GAMEbyRonaldo!It was great meeting all of you in #Lisbon http://t.co/Omj7yY2K88,03/06/2014 17:53,4.73885E+17,en,4767,2077,2014-06-03 17:53:00,2014-06-03,2014-06,2014,17,Tuesday,Congrats to @IFC_FIVES from London for winning Round One of @GAMEbyRonaldo!It was great meeting all of you in #Lisbon http://t.co/Omj7yY2K88,t01092
ladygaga,"Basically I can't sleep without every single song I'm writing repeating endlessly, but I'm loving it… http://t.co/spXH02Nd4X",15/01/2015 17:19,5.55776E+17,en,5498,3731,2015-01-15 17:19:00,2015-01-15,2015-01,2015,17,Thursday,"Basically I can't sleep without every single song I'm writing repeating endlessly, but I'm loving it… http://t.co/spXH02Nd4X",t01093
selenagomez,Just posted a photo http://t.co/dP0bg47P32,17/12/2013 13:14,4.12934E+17,en,7955,7765,2013-12-17 13:14:00,2013-12-17,2013-12,2013,13,Tuesday,Just posted a photo http://t.co/dP0bg47P32,t01094
jtimberlake,“@btrfan43va: EVERYBODY GO VOTE FOR @jtimberlake for the #AMAS GO DOO IT!!! CLICK HERE http://t.co/v1Hwo5ziOU” I'm not gonna argue with you.,16/11/2013 07:13,4.01609E+17,en,556,269,2013-11-16 07:13:00,2013-11-16,2013-11,2013,7,Saturday,“@btrfan43va: EVERYBODY GO VOTE FOR @jtimberlake for the #AMAS GO DOO IT!!! CLICK HERE http://t.co/v1Hwo5ziOU” I'm not gonna argue with you.,t01095
instagram,"Featured submissions from this weekend’s hashtag project: #WHPboomerangoftheyear
https://t.co/6GXs5V26Yd https://t.co/i3PU4EqUHz",20/12/2016 01:30,8.11021E+17,en,537,123,2016-12-20 01:30:00,2016-12-20,2016-12,2016,1,Tuesday,Featured submissions from this weekend’s hashtag project: #WHPboomerangoftheyear https://t.co/6GXs5V26Yd https://t.co/i3PU4EqUHz,t01096
cnnbrk,"2 foreigners were abducted in Kabul on Sunday evening local time, city's police chief says. https://t.co/9t0Z8H84JF",08/08/2016 05:00,7.62514E+17,en,143,124,2016-08-08 05:00:00,2016-08-08,2016-08,2016,5,Monday,"2 foreigners were abducted in Kabul on Sunday evening local time, city's police chief says. https://t.co/9t0Z8H84JF",t01097
instagram,“I try to find a balance between being radical and progressive and smooth and graceful.” —professional surfer @rissmoore10,22/11/2015 22:17,6.68554E+17,en,3163,761,2015-11-22 22:17:00,2015-11-22,2015-11,2015,22,Sunday,“I try to find a balance between being radical and progressive and smooth and graceful.” —professional surfer @rissmoore10,t01098
selenagomez,"Speaking to 20,000 students weday was inspiring – now you can watch the whole show on @MTVCanada! Tune… http://t.co/E4f3gXXTm4",11/11/2014 19:12,5.3225E+17,en,12010,8060,2014-11-11 19:12:00,2014-11-11,2014-11,2014,19,Tuesday,"Speaking to 20,000 students weday was inspiring – now you can watch the whole show on @MTVCanada! Tune… http://t.co/E4f3gXXTm4",t01099
katyperry,CUSTOM 🐶PUPPY🐶 PJ GAME STRONG (by @johnnywujek) https://t.co/lbIbX5UkST,07/04/2015 07:55,5.8535E+17,en,10727,5089,2015-04-07 07:55:00,2015-04-07,2015-04,2015,7,Tuesday,CUSTOM 🐶PUPPY🐶 PJ GAME STRONG (by @johnnywujek) https://t.co/lbIbX5UkST,t01100
instagram,Follow the yellow fabric road at Christo’s “Floating Piers” https://t.co/r7MwpRCXDQ,25/06/2016 22:30,7.46833E+17,en,919,171,2016-06-25 22:30:00,2016-06-25,2016-06,2016,22,Saturday,Follow the yellow fabric road at Christo’s “Floating Piers” https://t.co/r7MwpRCXDQ,t01101
ladygaga,A music night. I will smile for days and days with piggy writing songs http://t.co/AGJN5cCKdt,14/01/2015 05:40,5.55238E+17,en,5193,3173,2015-01-14 05:40:00,2015-01-14,2015-01,2015,5,Wednesday,A music night. I will smile for days and days with piggy writing songs http://t.co/AGJN5cCKdt,t01102
barackobama,Because a hard day's work deserves a fair day's pay. http://t.co/IOLCpSls0e,06/07/2015 15:02,6.18072E+17,en,2587,1154,2015-07-06 15:02:00,2015-07-06,2015-07,2015,15,Monday,Because a hard day's work deserves a fair day's pay. http://t.co/IOLCpSls0e,t01103
rihanna,Baby how you gon' be a King when you acting like a Queen?!,03/06/2013 15:52,3.41583E+17,en,6516,15836,2013-06-03 15:52:00,2013-06-03,2013-06,2013,15,Monday,Baby how you gon' be a King when you acting like a Queen?!,t01104
cristiano,"Your football gear is soon getting an upgrade! Track your stats, matches and player career in a global competition. Follow @GAMEbyRonaldo.",07/10/2013 14:40,3.87226E+17,en,1072,1551,2013-10-07 14:40:00,2013-10-07,2013-10,2013,14,Monday,"Your football gear is soon getting an upgrade! Track your stats, matches and player career in a global competition. Follow @GAMEbyRonaldo.",t01105
instagram,A farm-fresh take on #WHPgetclose 🐄 https://t.co/FeqPaQpmcH,16/06/2016 02:30,7.43269E+17,en,702,131,2016-06-16 02:30:00,2016-06-16,2016-06,2016,2,Thursday,A farm-fresh take on #WHPgetclose 🐄 https://t.co/FeqPaQpmcH,t01106
cristiano,"Thank you. I do have great teammates. @Alsammahi @Cristiano great performace, great team work! Hala Madrid !",04/01/2011 20:00,2.23818E+16,en,33,87,2011-01-04 20:00:00,2011-01-04,2011-01,2011,20,Tuesday,"Thank you. I do have great teammates. @Alsammahi @Cristiano great performace, great team work! Hala Madrid !",t01107
britneyspears,I don't think the world is ready for the #ScreamandShoutRemix @iamwill @Hit_Boy @iamdiddy @WakaFlockaBSM @LilTunechi Let's GO!!!!,25/01/2013 07:03,2.94702E+17,en,1753,3832,2013-01-25 07:03:00,2013-01-25,2013-01,2013,7,Friday,I don't think the world is ready for the #ScreamandShoutRemix @iamwill @Hit_Boy @iamdiddy @WakaFlockaBSM @LilTunechi Let's GO!!!!,t01108
jimmyfallon,"Martin Short, @SteveMartinToGo &amp; I share some clips from our TV show where things got a little tense https://t.co/fxpKNCmE2k #FallonTonight",06/11/2015 14:04,6.62632E+17,en,1181,233,2015-11-06 14:04:00,2015-11-06,2015-11,2015,14,Friday,"Martin Short, @SteveMartinToGo & I share some clips from our TV show where things got a little tense https://t.co/fxpKNCmE2k #FallonTonight",t01109
taylorswift13,"The 22 video premieres AND the Red Tour starts on Wednesday! Yes, that's the 13th. Yes, that's on purpose.",11/03/2013 19:33,3.11198E+17,en,16756,22384,2013-03-11 19:33:00,2013-03-11,2013-03,2013,19,Monday,"The 22 video premieres AND the Red Tour starts on Wednesday! Yes, that's the 13th. Yes, that's on purpose.",t01110
justinbieber,Nyc @billboard with @Skrillex,23/08/2015 11:43,6.35417E+17,en,39071,32477,2015-08-23 11:43:00,2015-08-23,2015-08,2015,11,Sunday,Nyc @billboard with @Skrillex,t01111
barackobama,LIVE: President Obama is speaking at the Edmund Pettus Bridge on the 50th anniversary of the Selma marches. http://t.co/8JypQTMQFo #Selma50,07/03/2015 20:18,5.74303E+17,en,1223,937,2015-03-07 20:18:00,2015-03-07,2015-03,2015,20,Saturday,LIVE: President Obama is speaking at the Edmund Pettus Bridge on the 50th anniversary of the Selma marches. http://t.co/8JypQTMQFo #Selma50,t01112
shakira,Dancing with Milan all morning to the Red Hot Chili Peppers! Shak,06/08/2013 23:07,3.64885E+17,en,1458,1300,2013-08-06 23:07:00,2013-08-06,2013-08,2013,23,Tuesday,Dancing with Milan all morning to the Red Hot Chili Peppers! Shak,t01113
ddlovato,#1 trending topic worldwide! Thank you guys so much!! #AskDemi 😜 That was awesome! https://t.co/mIf7MW3TKh,09/11/2015 12:31,6.63695E+17,en,15773,10223,2015-11-09 12:31:00,2015-11-09,2015-11,2015,12,Monday,#1 trending topic worldwide! Thank you guys so much!! #AskDemi 😜 That was awesome! https://t.co/mIf7MW3TKh,t01114
katyperry,"🇧🇷SUPER MOON PEAKS AT 11:47, I GO ON AT 12:15. DONT BLOW YOUR LOAD #ROCKINRIO, IM COMING🇧🇷",27/09/2015 22:27,6.48263E+17,en,21099,14982,2015-09-27 22:27:00,2015-09-27,2015-09,2015,22,Sunday,"🇧🇷SUPER MOON PEAKS AT 11:47, I GO ON AT 12:15. DONT BLOW YOUR LOAD #ROCKINRIO, IM COMING🇧🇷",t01115
arianagrande,"love and thank you. always an honor, my friend.  https://t.co/PVrlpB6dgb",19/09/2016 18:23,7.77936E+17,en,21202,6557,2016-09-19 18:23:00,2016-09-19,2016-09,2016,18,Monday,"love and thank you. always an honor, my friend. https://t.co/PVrlpB6dgb",t01116
justinbieber,#WhereAreUNowMusicVideo TOMORROW!! http://t.co/uaAIJ62q7Q,28/06/2015 15:36,6.15182E+17,en,99999,89805,2015-06-28 15:36:00,2015-06-28,2015-06,2015,15,Sunday,#WhereAreUNowMusicVideo TOMORROW!! http://t.co/uaAIJ62q7Q,t01117
ladygaga,@GagaChapel it will last forever :-*),18/08/2014 18:46,5.0144E+17,en,1925,1043,2014-08-18 18:46:00,2014-08-18,2014-08,2014,18,Monday,@GagaChapel it will last forever :-*),t01118
selenagomez,"#1 Most Added for 2nd week in a row at radio!!! Thank you for requesting ""Come and Get it"" N Thanks to all the stations for playing it.",17/04/2013 01:17,3.24331E+17,en,5843,8769,2013-04-17 01:17:00,2013-04-17,2013-04,2013,1,Wednesday,"#1 Most Added for 2nd week in a row at radio!!! Thank you for requesting ""Come and Get it"" N Thanks to all the stations for playing it.",t01119
theellenshow,Today we played Spacey vs. Macey. This may have been a bit unfair. My apologies to @KevinSpacey. http://t.co/RIpn4aFUNq,28/04/2015 19:01,5.93128E+17,en,3658,629,2015-04-28 19:01:00,2015-04-28,2015-04,2015,19,Tuesday,Today we played Spacey vs. Macey. This may have been a bit unfair. My apologies to @KevinSpacey. http://t.co/RIpn4aFUNq,t01120
rihanna,"@Jeremy_Brossard happy birthday to u &amp; ur twin bro @JordanBrossard. We're all so inspired by ur strength, we adore the way ur bro supports u",25/03/2014 18:56,4.48534E+17,en,1644,1228,2014-03-25 18:56:00,2014-03-25,2014-03,2014,18,Tuesday,"@Jeremy_Brossard happy birthday to u & ur twin bro @JordanBrossard. We're all so inspired by ur strength, we adore the way ur bro supports u",t01121
jtimberlake,@SaraBareilles on @FallonTonight though... #Songbird,28/02/2014 17:22,4.39451E+17,en,781,315,2014-02-28 17:22:00,2014-02-28,2014-02,2014,17,Friday,@SaraBareilles on @FallonTonight though... #Songbird,t01122
britneyspears,Couple #Perfume sneak peaks coming your way tonight people :) Add me on @Snapchat to see how the story unfolds... 'britneyspears',01/11/2013 23:42,3.96422E+17,en,2070,2349,2013-11-01 23:42:00,2013-11-01,2013-11,2013,23,Friday,Couple #Perfume sneak peaks coming your way tonight people :) Add me on @Snapchat to see how the story unfolds... 'britneyspears',t01123
katyperry,"@UltimateBeyHive I don't think, I listen. 🙏🏼",10/09/2016 21:57,7.74728E+17,en,5516,1994,2016-09-10 21:57:00,2016-09-10,2016-09,2016,21,Saturday,"@UltimateBeyHive I don't think, I listen. 🙏🏼",t01124
selenagomez,@turnzain thank you! xoxo,08/05/2013 01:22,3.31942E+17,en,809,834,2013-05-08 01:22:00,2013-05-08,2013-05,2013,1,Wednesday,@turnzain thank you! xoxo,t01125
kimkardashian,Jenke &amp; I met w 1of my favorite designers in Paris! Thank u @AlexandreVauthier for the fun day! Can't wait!!! 💃🏽🇫🇷❤️ http://t.co/qtnHidSWCT,22/07/2015 06:35,6.23743E+17,en,4290,742,2015-07-22 06:35:00,2015-07-22,2015-07,2015,6,Wednesday,Jenke & I met w 1of my favorite designers in Paris! Thank u @AlexandreVauthier for the fun day! Can't wait!!! 💃🏽🇫🇷❤️ http://t.co/qtnHidSWCT,t01126
selenagomez,"Just landed in NY.  Performing ""Love You Like A Love Song"" tomorrow on GMA!!!",17/06/2011 06:02,8.16026E+16,en,623,2017,2011-06-17 06:02:00,2011-06-17,2011-06,2011,6,Friday,"Just landed in NY. Performing ""Love You Like A Love Song"" tomorrow on GMA!!!",t01127
selenagomez,@yv_792 @AG_392 I got your note Thank you very much.  Excited for the show tonight in Panama!!!,24/01/2012 21:10,1.61919E+17,en,374,988,2012-01-24 21:10:00,2012-01-24,2012-01,2012,21,Tuesday,@yv_792 @AG_392 I got your note Thank you very much. Excited for the show tonight in Panama!!!,t01128
britneyspears,@kenhertz Congrats on putting together #TEDxHollywood2013! I know it's going to be amazing! http://t.co/0mRTaTijlk,27/03/2013 03:09,3.16749E+17,en,206,329,2013-03-27 03:09:00,2013-03-27,2013-03,2013,3,Wednesday,@kenhertz Congrats on putting together #TEDxHollywood2013! I know it's going to be amazing! http://t.co/0mRTaTijlk,t01129
britneyspears,@AllanZahawi followed u just now! xo #6DaysTillBritneyJean,27/11/2013 18:38,4.05768E+17,en,111,69,2013-11-27 18:38:00,2013-11-27,2013-11,2013,18,Wednesday,@AllanZahawi followed u just now! xo #6DaysTillBritneyJean,t01130
kimkardashian,SISTER Sunday: http://t.co/gZ0AdLuFC4 http://t.co/q27sqmLckz,27/09/2015 16:06,6.48167E+17,en,2805,848,2015-09-27 16:06:00,2015-09-27,2015-09,2015,16,Sunday,SISTER Sunday: http://t.co/gZ0AdLuFC4 http://t.co/q27sqmLckz,t01131
theellenshow,Vincent makes a great babysitter. So long as he doesn’t actually sit on the baby. http://t.co/fjZJseBrCg,31/08/2015 18:47,6.38423E+17,en,7616,1247,2015-08-31 18:47:00,2015-08-31,2015-08,2015,18,Monday,Vincent makes a great babysitter. So long as he doesn’t actually sit on the baby. http://t.co/fjZJseBrCg,t01132
ddlovato,Today I wrote and recorded a song all within a few hours. 👍🏼,10/05/2016 04:09,7.29886E+17,en,27352,10609,2016-05-10 04:09:00,2016-05-10,2016-05,2016,4,Tuesday,Today I wrote and recorded a song all within a few hours. 👍🏼,t01133
britneyspears,Next Up: #NowThatIFoundYou! This song just sounds like love doesn't it? :) LOVE the music on this track! #BritneyJeanListeningParty,05/12/2013 20:53,4.08701E+17,en,951,856,2013-12-05 20:53:00,2013-12-05,2013-12,2013,20,Thursday,Next Up: #NowThatIFoundYou! This song just sounds like love doesn't it? :) LOVE the music on this track! #BritneyJeanListeningParty,t01134
katyperry,Read your note @adrsd You are adorbie and I owe you ANOTHER selfie. Until next time... 😘,16/07/2014 06:57,4.89303E+17,en,6426,3086,2014-07-16 06:57:00,2014-07-16,2014-07,2014,6,Wednesday,Read your note @adrsd You are adorbie and I owe you ANOTHER selfie. Until next time... 😘,t01135
katyperry,"Don't put all your eggs in one basket... Unless it's Easter, bb! (from @sofifii but she's on shaBBat so no 📲)",29/03/2014 04:25,4.49764E+17,en,7318,4076,2014-03-29 04:25:00,2014-03-29,2014-03,2014,4,Saturday,"Don't put all your eggs in one basket... Unless it's Easter, bb! (from @sofifii but she's on shaBBat so no 📲)",t01136
selenagomez,SO wish I was there!!! Amazing! RT @Zacsteele: Having a @selenagomez dance party while folding laundry at PKRC. Awesome. http://t.co/SXhiX5E,15/03/2011 15:56,4.76875E+16,en,371,788,2011-03-15 15:56:00,2011-03-15,2011-03,2011,15,Tuesday,SO wish I was there!!! Amazing! RT @Zacsteele: Having a @selenagomez dance party while folding laundry at PKRC. Awesome. http://t.co/SXhiX5E,t01137
barackobama,HAPPENING NOW: President Obama is announcing his nominee to fill the #SCOTUS vacancy. https://t.co/ZDrkhxZpTB,16/03/2016 15:04,7.1012E+17,en,2268,694,2016-03-16 15:04:00,2016-03-16,2016-03,2016,15,Wednesday,HAPPENING NOW: President Obama is announcing his nominee to fill the #SCOTUS vacancy. https://t.co/ZDrkhxZpTB,t01138
jimmyfallon,"Tonight: Larry David &amp; @ijasonalexander, @natashaleggero, Triple Crown jockey Victor Espinoza, &amp; music from @alabama_shakes! #FallonTonight",08/06/2015 15:55,6.07939E+17,en,1077,284,2015-06-08 15:55:00,2015-06-08,2015-06,2015,15,Monday,"Tonight: Larry David & @ijasonalexander, @natashaleggero, Triple Crown jockey Victor Espinoza, & music from @alabama_shakes! #FallonTonight",t01139
youtube,A simple reminder that anything is possible → https://t.co/lZndWipr11 https://t.co/sd3VlJ15bG,14/12/2015 23:00,6.76537E+17,en,1604,377,2015-12-14 23:00:00,2015-12-14,2015-12,2015,23,Monday,A simple reminder that anything is possible → https://t.co/lZndWipr11 https://t.co/sd3VlJ15bG,t01140
britneyspears,Heard today is #NationalSiblingDay :) Missing u always @JamieLynnSpears &amp; #TwitterlessBryan! Love u all #TBT http://t.co/HWbZ5K0A8n,11/04/2014 01:10,4.54426E+17,en,7150,3205,2014-04-11 01:10:00,2014-04-11,2014-04,2014,1,Friday,Heard today is #NationalSiblingDay :) Missing u always @JamieLynnSpears & #TwitterlessBryan! Love u all #TBT http://t.co/HWbZ5K0A8n,t01141
britneyspears,@britneyspeais Aww thank u sweetie!,08/11/2012 19:57,2.66631E+17,en,41,83,2012-11-08 19:57:00,2012-11-08,2012-11,2012,19,Thursday,@britneyspeais Aww thank u sweetie!,t01142
barackobama,LIVE: President Obama is speaking at the U.S. Conference of Mayors. Watch here: http://t.co/1VYEZxI1sE,23/01/2015 21:54,5.58745E+17,en,1283,532,2015-01-23 21:54:00,2015-01-23,2015-01,2015,21,Friday,LIVE: President Obama is speaking at the U.S. Conference of Mayors. Watch here: http://t.co/1VYEZxI1sE,t01143
selenagomez,Heyyyy! Love you too. RT @lady_selah: I &lt;3 @selenagomez!! Even though I am almost 21 and in college!!,24/11/2010 02:20,7.25713E+15,en,133,369,2010-11-24 02:20:00,2010-11-24,2010-11,2010,2,Wednesday,Heyyyy! Love you too. RT @lady_selah: I <3 @selenagomez!! Even though I am almost 21 and in college!!,t01144
instagram,“I’m a staunch proponent of genuine maple syrup.” —@saipancakes,17/12/2015 16:40,6.77529E+17,en,1601,308,2015-12-17 16:40:00,2015-12-17,2015-12,2015,16,Thursday,“I’m a staunch proponent of genuine maple syrup.” —@saipancakes,t01145
cnnbrk,"7-year-old girl who gained notice by tweeting from Aleppo has been evacuated with her family, medical charity says.… https://t.co/w4DfTd8tZG",19/12/2016 09:17,8.10776E+17,en,2595,996,2016-12-19 09:17:00,2016-12-19,2016-12,2016,9,Monday,"7-year-old girl who gained notice by tweeting from Aleppo has been evacuated with her family, medical charity says.… https://t.co/w4DfTd8tZG",t01146
cnnbrk,Mylan agrees to pay $465M in settlement over accusations of overcharging for Epipen. https://t.co/rn9ylhBg46,07/10/2016 23:53,7.84542E+17,en,1127,639,2016-10-07 23:53:00,2016-10-07,2016-10,2016,23,Friday,Mylan agrees to pay $465M in settlement over accusations of overcharging for Epipen. https://t.co/rn9ylhBg46,t01147
shakira,Check out how they decorate for Halloween here in LA it's crazy! Shak http://t.co/cc4a3jWXvH,29/10/2013 20:14,3.95283E+17,en,1117,932,2013-10-29 20:14:00,2013-10-29,2013-10,2013,20,Tuesday,Check out how they decorate for Halloween here in LA it's crazy! Shak http://t.co/cc4a3jWXvH,t01148
justinbieber,The championship :) https://t.co/9IQ78JaBZy,10/07/2016 21:09,7.52248E+17,en,120324,53731,2016-07-10 21:09:00,2016-07-10,2016-07,2016,21,Sunday,The championship :) https://t.co/9IQ78JaBZy,t01149
kimkardashian,https://t.co/ZZEY6Xnl2g or my app https://t.co/IIVU8TaWXB,02/06/2016 00:29,7.38166E+17,en,1447,207,2016-06-02 00:29:00,2016-06-02,2016-06,2016,0,Thursday,https://t.co/ZZEY6Xnl2g or my app https://t.co/IIVU8TaWXB,t01150
cnnbrk,Suicide bombing kills at least 21 people in northern Baghdad. ISIS claims responsibility. https://t.co/6cjKBfgnPe,24/07/2016 11:35,7.57177E+17,en,854,1735,2016-07-24 11:35:00,2016-07-24,2016-07,2016,11,Sunday,Suicide bombing kills at least 21 people in northern Baghdad. ISIS claims responsibility. https://t.co/6cjKBfgnPe,t01151
britneyspears,There's a glorious mixtape on @pandora_radio 😉 https://t.co/aL6kCIKqW8,31/08/2016 03:08,7.70821E+17,en,3629,1172,2016-08-31 03:08:00,2016-08-31,2016-08,2016,3,Wednesday,There's a glorious mixtape on @pandora_radio 😉 https://t.co/aL6kCIKqW8,t01152
kimkardashian,Have you guys used the new presidential Kimojis? They are free! Just update! https://t.co/CQ39T4IXp4,14/09/2016 03:25,7.75898E+17,en,9301,1480,2016-09-14 03:25:00,2016-09-14,2016-09,2016,3,Wednesday,Have you guys used the new presidential Kimojis? They are free! Just update! https://t.co/CQ39T4IXp4,t01153
ladygaga,Happy Birthday @MarkRonson love making music with you and so happy I got to jam with you on your b-day! 🎂🍰🍻🍾 https://t.co/63ER0AUM1t,04/09/2016 08:10,7.72346E+17,en,38253,9228,2016-09-04 08:10:00,2016-09-04,2016-09,2016,8,Sunday,Happy Birthday @MarkRonson love making music with you and so happy I got to jam with you on your b-day! 🎂🍰🍻🍾 https://t.co/63ER0AUM1t,t01154
britneyspears,Today I'm spending the day with my beautiful boys &amp; family. Heaven :) Happy Easter everybody! xo,21/04/2014 01:07,4.58049E+17,en,6118,2867,2014-04-21 01:07:00,2014-04-21,2014-04,2014,1,Monday,Today I'm spending the day with my beautiful boys & family. Heaven :) Happy Easter everybody! xo,t01155
instagram,“I’m proud to be my authentic self.” —@JazzJennings__ 🌈 #PridePortraits https://t.co/5S1NssZvCB,16/06/2016 00:30,7.43239E+17,en,894,176,2016-06-16 00:30:00,2016-06-16,2016-06,2016,0,Thursday,“I’m proud to be my authentic self.” —@JazzJennings__ 🌈 #PridePortraits https://t.co/5S1NssZvCB,t01156
taylorswift13,"Just smiled so big as I watched this girl joyously dance-bomb a Whole Foods like a champion. https://t.co/1WaYBQPZNK
#ShakeItOff",07/10/2014 02:58,5.19321E+17,en,17742,9317,2014-10-07 02:58:00,2014-10-07,2014-10,2014,2,Tuesday,Just smiled so big as I watched this girl joyously dance-bomb a Whole Foods like a champion. https://t.co/1WaYBQPZNK #ShakeItOff,t01157
twitter,Our COO @dickc at AdAge talking right now about Promoted Tweets! Follow the conversation #AAdigital & read the article: http://bit.ly/9eHYI9,13/04/2010 17:53,12116281991,en,47,109,2010-04-13 17:53:00,2010-04-13,2010-04,2010,17,Tuesday,Our COO @dickc at AdAge talking right now about Promoted Tweets! Follow the conversation #AAdigital & read the article: http://bit.ly/9eHYI9,t01158
twitter,What’s your go-to Thanksgiving Day tradition?,24/11/2016 20:00,8.01878E+17,en,1099,320,2016-11-24 20:00:00,2016-11-24,2016-11,2016,20,Thursday,What’s your go-to Thanksgiving Day tradition?,t01159
jimmyfallon,Hashtag game! Tweet out something funny or embarrassing that happened at an office party &amp; tag with #OfficePartyFail. Could be on our show!,30/11/2016 19:49,8.0405E+17,en,2184,310,2016-11-30 19:49:00,2016-11-30,2016-11,2016,19,Wednesday,Hashtag game! Tweet out something funny or embarrassing that happened at an office party & tag with #OfficePartyFail. Could be on our show!,t01160
taylorswift13,"""I want to thank my wife Evie for being so cruel and sexy"" - Stephen Colbert #Emmys 
favorite quote of the night.",23/09/2013 02:13,3.81965E+17,en,11216,9978,2013-09-23 02:13:00,2013-09-23,2013-09,2013,2,Monday,"""I want to thank my wife Evie for being so cruel and sexy"" - Stephen Colbert #Emmys favorite quote of the night.",t01161
cnnbrk,"There are no indications that gunman in deadly #Munich mall shooting had a connection to ISIS, police say. https://t.co/JPnfyUqQER",23/07/2016 10:20,7.56796E+17,en,246,237,2016-07-23 10:20:00,2016-07-23,2016-07,2016,10,Saturday,"There are no indications that gunman in deadly #Munich mall shooting had a connection to ISIS, police say. https://t.co/JPnfyUqQER",t01162
theellenshow,People always ask me if I will run for office. My answer? https://t.co/bx57ta4JVj https://t.co/XPrWxdrYYJ,13/04/2016 21:57,7.2037E+17,en,2467,399,2016-04-13 21:57:00,2016-04-13,2016-04,2016,21,Wednesday,People always ask me if I will run for office. My answer? https://t.co/bx57ta4JVj https://t.co/XPrWxdrYYJ,t01163
ddlovato,#MinorityReport IS ON and LIVES ARE AT STAKE!!!!! @FOXTV,01/12/2015 02:11,6.71512E+17,en,9079,4745,2015-12-01 02:11:00,2015-12-01,2015-12,2015,2,Tuesday,#MinorityReport IS ON and LIVES ARE AT STAKE!!!!! @FOXTV,t01164
jtimberlake,"And, we're back at it... #Mondays",13/08/2012 10:37,2.34962E+17,en,228,1806,2012-08-13 10:37:00,2012-08-13,2012-08,2012,10,Monday,"And, we're back at it... #Mondays",t01165
ladygaga,"I love you daddy. Happy Father's Day.  Can't imagine life without you, you're the ace on the river of a royal flush.",20/06/2016 02:11,7.44714E+17,en,17149,4645,2016-06-20 02:11:00,2016-06-20,2016-06,2016,2,Monday,"I love you daddy. Happy Father's Day. Can't imagine life without you, you're the ace on the river of a royal flush.",t01166
jtimberlake,“@Rodennie: @jtimberlake And the Grizzlies won today....” Yes!!!,19/11/2013 08:42,4.02718E+17,en,739,326,2013-11-19 08:42:00,2013-11-19,2013-11,2013,8,Tuesday,“@Rodennie: @jtimberlake And the Grizzlies won today....” Yes!!!,t01167
rihanna,Happy Highladayz http://t.co/Hzt0Ztmx,19/12/2012 23:39,2.81544E+17,en,1029,2068,2012-12-19 23:39:00,2012-12-19,2012-12,2012,23,Wednesday,Happy Highladayz http://t.co/Hzt0Ztmx,t01168
youtube,Lots of familiar faces at the #Webbys this year. Clap for ‘em! 👏👏👏 https://t.co/dDdYdnU9Xm https://t.co/hzrudjYffY,17/05/2016 16:07,7.32604E+17,en,3457,471,2016-05-17 16:07:00,2016-05-17,2016-05,2016,16,Tuesday,Lots of familiar faces at the #Webbys this year. Clap for ‘em! 👏👏👏 https://t.co/dDdYdnU9Xm https://t.co/hzrudjYffY,t01169
ladygaga,On hour sixteen of traveling from Europe to US with 3-4 more hours to go #gypsy #nofilter #unretouched https://t.co/RgmPuPZToH,18/07/2015 22:35,6.22535E+17,en,4180,2177,2015-07-18 22:35:00,2015-07-18,2015-07,2015,22,Saturday,On hour sixteen of traveling from Europe to US with 3-4 more hours to go #gypsy #nofilter #unretouched https://t.co/RgmPuPZToH,t01170
justinbieber,Go get #illuminate @ShawnMendes,05/10/2016 11:21,7.83628E+17,en,126802,67972,2016-10-05 11:21:00,2016-10-05,2016-10,2016,11,Wednesday,Go get #illuminate @ShawnMendes,t01171
jtimberlake,#Eurovision... Here we go!,14/05/2016 17:56,7.31544E+17,en,8527,3178,2016-05-14 17:56:00,2016-05-14,2016-05,2016,17,Saturday,#Eurovision... Here we go!,t01172
cristiano,What a game yesterday. Thanks again for all your support. Let’s work hard for the next game. http://t.co/eXDxQjRD,28/01/2013 15:01,2.95909E+17,en,3822,5323,2013-01-28 15:01:00,2013-01-28,2013-01,2013,15,Monday,What a game yesterday. Thanks again for all your support. Let’s work hard for the next game. http://t.co/eXDxQjRD,t01173
rihanna,“@_Vaun: hey 😉😘 @rihanna.” My boo,22/12/2013 00:41,4.14556E+17,en,1901,1197,2013-12-22 00:41:00,2013-12-22,2013-12,2013,0,Sunday,“@_Vaun: hey 😉😘 @rihanna.” My boo,t01174
instagram,Tackling the Indianapolis 500 with @maxchilton https://t.co/DFScwZsCPu https://t.co/wU7IPUI2Wx,28/05/2016 22:30,7.36686E+17,en,1082,236,2016-05-28 22:30:00,2016-05-28,2016-05,2016,22,Saturday,Tackling the Indianapolis 500 with @maxchilton https://t.co/DFScwZsCPu https://t.co/wU7IPUI2Wx,t01175
youtube,"@IISuperwomanII Can't wait for the #Streamys to take a Trip to Unicorn Island tonight. Congrats on the nomination,… https://t.co/Tgn71ngynL",04/10/2016 21:46,7.83423E+17,en,597,161,2016-10-04 21:46:00,2016-10-04,2016-10,2016,21,Tuesday,"@IISuperwomanII Can't wait for the #Streamys to take a Trip to Unicorn Island tonight. Congrats on the nomination,… https://t.co/Tgn71ngynL",t01176
instagram,"“I’m just the courier, photographer, tour guide and Sherpa for Mr. Monkey.” —@smallpaul",08/02/2016 16:16,6.96729E+17,en,1355,264,2016-02-08 16:16:00,2016-02-08,2016-02,2016,16,Monday,"“I’m just the courier, photographer, tour guide and Sherpa for Mr. Monkey.” —@smallpaul",t01177
kimkardashian,SISTER SUNDAY https://t.co/0ztQSCPS1Z https://t.co/Fa7hhIbbav,21/12/2015 00:40,6.78737E+17,en,2648,638,2015-12-21 00:40:00,2015-12-21,2015-12,2015,0,Monday,SISTER SUNDAY https://t.co/0ztQSCPS1Z https://t.co/Fa7hhIbbav,t01178
jimmyfallon,"We're back!! We've got a new Brian Williams rap &amp; talk with @bwilliams himself. Plus, Christina Hendricks &amp; Chef @ilanhall. #FallonTonight",21/04/2014 19:07,4.58321E+17,en,1285,327,2014-04-21 19:07:00,2014-04-21,2014-04,2014,19,Monday,"We're back!! We've got a new Brian Williams rap & talk with @bwilliams himself. Plus, Christina Hendricks & Chef @ilanhall. #FallonTonight",t01179
arianagrande,the worst wigs ever (we love them.... so much) http://t.co/3q6fEzdafl,24/06/2015 05:44,6.13583E+17,en,36204,18941,2015-06-24 05:44:00,2015-06-24,2015-06,2015,5,Wednesday,the worst wigs ever (we love them.... so much) http://t.co/3q6fEzdafl,t01180
youtube,Let's be honest: most of us probably only brush our teeth for one minute and thirty-four seconds.… https://t.co/OOwnQL2V0I,28/09/2016 02:39,7.8096E+17,en,692,126,2016-09-28 02:39:00,2016-09-28,2016-09,2016,2,Wednesday,Let's be honest: most of us probably only brush our teeth for one minute and thirty-four seconds.… https://t.co/OOwnQL2V0I,t01181
theellenshow,"Veronica was caught playing hooky in my audience, so I had to school her myself. http://t.co/uWqXLp2phE",02/10/2015 20:24,6.50044E+17,en,1353,253,2015-10-02 20:24:00,2015-10-02,2015-10,2015,20,Friday,"Veronica was caught playing hooky in my audience, so I had to school her myself. http://t.co/uWqXLp2phE",t01182
instagram,Warm-weather flora in the middle of winter: @BRRCHFloral at #NYFW https://t.co/iuLNp0pu2I https://t.co/37CVD0ZsIR,16/02/2016 23:51,6.99743E+17,en,1243,256,2016-02-16 23:51:00,2016-02-16,2016-02,2016,23,Tuesday,Warm-weather flora in the middle of winter: @BRRCHFloral at #NYFW https://t.co/iuLNp0pu2I https://t.co/37CVD0ZsIR,t01183
ddlovato,Learn to lurrrrvvveee yerrrr currrvveeees 💁🏻💅🏼💖 #squats #COOLFORTHESUMMER https://t.co/tgHpoFO3oS,12/07/2015 03:41,6.20076E+17,en,12620,8443,2015-07-12 03:41:00,2015-07-12,2015-07,2015,3,Sunday,Learn to lurrrrvvveee yerrrr currrvveeees 💁🏻💅🏼💖 #squats #COOLFORTHESUMMER https://t.co/tgHpoFO3oS,t01184
arianagrande,@bocabieber thank you my love,05/08/2016 22:56,7.61697E+17,en,9059,2599,2016-08-05 22:56:00,2016-08-05,2016-08,2016,22,Friday,@bocabieber thank you my love,t01185
instagram,Celebrating #NationalMapleSyrupDay with breakfast artist @saipancakes https://t.co/Ko2qb27jVy https://t.co/bWkb7Hzvel,17/12/2015 16:18,6.77523E+17,en,2110,488,2015-12-17 16:18:00,2015-12-17,2015-12,2015,16,Thursday,Celebrating #NationalMapleSyrupDay with breakfast artist @saipancakes https://t.co/Ko2qb27jVy https://t.co/bWkb7Hzvel,t01186
kimkardashian,Well doll I can't wait either!  https://t.co/xvaj6FzkL0,02/05/2016 05:51,7.27013E+17,en,1630,234,2016-05-02 05:51:00,2016-05-02,2016-05,2016,5,Monday,Well doll I can't wait either! https://t.co/xvaj6FzkL0,t01187
jtimberlake,Almost 10 pm on a Friday... I hope you guys are doing it big or on your way there right now!!! #Itstheweekend!,11/08/2012 01:53,2.34105E+17,en,238,570,2012-08-11 01:53:00,2012-08-11,2012-08,2012,1,Saturday,Almost 10 pm on a Friday... I hope you guys are doing it big or on your way there right now!!! #Itstheweekend!,t01188
jtimberlake,You guys go check out 100 celebs portraits and quotes in Kate Winslet's new book for the @GoldenHatFoundation! We have big heads. #GoldenHat,27/03/2012 20:55,1.84746E+17,en,87,220,2012-03-27 20:55:00,2012-03-27,2012-03,2012,20,Tuesday,You guys go check out 100 celebs portraits and quotes in Kate Winslet's new book for the @GoldenHatFoundation! We have big heads. #GoldenHat,t01189
katyperry,"@sofifii there you are, welcome to the party bb",27/09/2016 02:13,7.80591E+17,en,1756,580,2016-09-27 02:13:00,2016-09-27,2016-09,2016,2,Tuesday,"@sofifii there you are, welcome to the party bb",t01190
cristiano,"Welcome @Pansita34, new to Twitter, just in time to win for @Twitchange. Thanks for supporting!",21/02/2011 21:46,3.98032E+16,en,70,83,2011-02-21 21:46:00,2011-02-21,2011-02,2011,21,Monday,"Welcome @Pansita34, new to Twitter, just in time to win for @Twitchange. Thanks for supporting!",t01191
jtimberlake,Be a teenager. #AskJT #TroubleWithTheCurve,19/09/2012 01:11,2.48228E+17,en,153,202,2012-09-19 01:11:00,2012-09-19,2012-09,2012,1,Wednesday,Be a teenager. #AskJT #TroubleWithTheCurve,t01192
britneyspears,You are now now rockin wit @iamwill and Britney Bitch! ;) #GetScreamAndShoutNOW,21/11/2012 20:06,2.71344E+17,en,847,2324,2012-11-21 20:06:00,2012-11-21,2012-11,2012,20,Wednesday,You are now now rockin wit @iamwill and Britney Bitch! ;) #GetScreamAndShoutNOW,t01193
selenagomez,"""Blessed"" http://t.co/PTwBzr2H",02/01/2013 01:14,2.86279E+17,en,12076,13199,2013-01-02 01:14:00,2013-01-02,2013-01,2013,1,Wednesday,"""Blessed"" http://t.co/PTwBzr2H",t01194
cnnbrk,EPA: Fiat Chrysler allegedly installed devices on Jeep Grand Cherokee and Dodge Ram trucks to cheat on emissions.… https://t.co/a13RrkRmn8,12/01/2017 16:59,8.1959E+17,en,328,417,2017-01-12 16:59:00,2017-01-12,2017-01,2017,16,Thursday,EPA: Fiat Chrysler allegedly installed devices on Jeep Grand Cherokee and Dodge Ram trucks to cheat on emissions.… https://t.co/a13RrkRmn8,t01195
cnnbrk,Defense files a motion for a mistrial in Bridgegate. https://t.co/oclXOQmRl2,03/11/2016 15:05,7.94194E+17,en,165,68,2016-11-03 15:05:00,2016-11-03,2016-11,2016,15,Thursday,Defense files a motion for a mistrial in Bridgegate. https://t.co/oclXOQmRl2,t01196
theellenshow,America loved Alan Thicke. I'm so sad he's gone. Sending so much love to his family.,14/12/2016 02:18,8.08859E+17,en,24154,5140,2016-12-14 02:18:00,2016-12-14,2016-12,2016,2,Wednesday,America loved Alan Thicke. I'm so sad he's gone. Sending so much love to his family.,t01197
theellenshow,".@RyanHoward is a great guy. Happy to help! http://t.co/lQVpRkYfMn
https://t.co/9m2dQLqdVF",18/09/2015 19:36,6.44958E+17,en,1669,469,2015-09-18 19:36:00,2015-09-18,2015-09,2015,19,Friday,.@RyanHoward is a great guy. Happy to help! http://t.co/lQVpRkYfMn https://t.co/9m2dQLqdVF,t01198
theellenshow,Thanks to Hawaiian Airlines and Mauna Kea Beach Hotel for doing something very special for these two amazing people… https://t.co/L3GXdFTmCO,17/01/2017 23:01,8.21493E+17,en,2116,214,2017-01-17 23:01:00,2017-01-17,2017-01,2017,23,Tuesday,Thanks to Hawaiian Airlines and Mauna Kea Beach Hotel for doing something very special for these two amazing people… https://t.co/L3GXdFTmCO,t01199
ddlovato,So fucking excited.... We did it @nickjonas @philymack!!!!!! https://t.co/hQ0YwWMM8X,27/05/2015 02:29,6.03388E+17,en,13457,9400,2015-05-27 02:29:00,2015-05-27,2015-05,2015,2,Wednesday,So fucking excited.... We did it @nickjonas @philymack!!!!!! https://t.co/hQ0YwWMM8X,t01200
rihanna,#BHS #facts they partnered up with Gigi's Playhouse a Down syndrome awareness center and created a video for their banquet and raised 245K,22/03/2013 22:05,3.15223E+17,en,646,857,2013-03-22 22:05:00,2013-03-22,2013-03,2013,22,Friday,#BHS #facts they partnered up with Gigi's Playhouse a Down syndrome awareness center and created a video for their banquet and raised 245K,t01201
cristiano,Some pictures from training today. Getting ready for a very difficult game against Sevilla tomorrow. Hala Madrid!  http://t.co/n21JW8fG,16/12/2011 19:54,1.47766E+17,en,228,575,2011-12-16 19:54:00,2011-12-16,2011-12,2011,19,Friday,Some pictures from training today. Getting ready for a very difficult game against Sevilla tomorrow. Hala Madrid! http://t.co/n21JW8fG,t01202
theellenshow,Congratulations to Peyton Manning and the Denver @Broncos on a great win. Keep your heads up @Panthers. You did good. #SB50,08/02/2016 03:32,6.96537E+17,en,14329,2521,2016-02-08 03:32:00,2016-02-08,2016-02,2016,3,Monday,Congratulations to Peyton Manning and the Denver @Broncos on a great win. Keep your heads up @Panthers. You did good. #SB50,t01203
katyperry,"Just a little over a month away, and even Mrs. Claus can't find anything to wear to the holiday… https://t.co/cp6Gsaagyt",16/11/2015 20:12,6.66348E+17,en,12903,5383,2015-11-16 20:12:00,2015-11-16,2015-11,2015,20,Monday,"Just a little over a month away, and even Mrs. Claus can't find anything to wear to the holiday… https://t.co/cp6Gsaagyt",t01204
taylorswift13,Just tried reading a hotel shampoo bottle an arms length away from my face to check if I still need contacts-Turns out I do. Eventful night.,26/11/2012 06:49,2.72955E+17,en,11039,11140,2012-11-26 06:49:00,2012-11-26,2012-11,2012,6,Monday,Just tried reading a hotel shampoo bottle an arms length away from my face to check if I still need contacts-Turns out I do. Eventful night.,t01205
selenagomez,My favorite... Ms. McAdams  http://t.co/7h8pUv1F05,21/03/2013 18:05,3.148E+17,en,7844,8490,2013-03-21 18:05:00,2013-03-21,2013-03,2013,18,Thursday,My favorite... Ms. McAdams http://t.co/7h8pUv1F05,t01206
kimkardashian,In honor of @carineroitfeld's birthday today I'm going to post a few throwbacks of her birthday party last year! http://t.co/bz16n9vBLa,19/09/2015 17:10,6.45284E+17,en,3030,660,2015-09-19 17:10:00,2015-09-19,2015-09,2015,17,Saturday,In honor of @carineroitfeld's birthday today I'm going to post a few throwbacks of her birthday party last year! http://t.co/bz16n9vBLa,t01207
taylorswift13,Oh my God. Just got home. http://t.co/1xV1WPvc,19/03/2012 18:07,1.81804E+17,en,4270,6749,2012-03-19 18:07:00,2012-03-19,2012-03,2012,18,Monday,Oh my God. Just got home. http://t.co/1xV1WPvc,t01208
instagram,"The Week on Instagram | 221 
https://t.co/wqCbTQlnS7 https://t.co/BVCYLwv5LO",07/02/2016 16:04,6.96364E+17,en,1675,383,2016-02-07 16:04:00,2016-02-07,2016-02,2016,16,Sunday,The Week on Instagram | 221 https://t.co/wqCbTQlnS7 https://t.co/BVCYLwv5LO,t01209
theellenshow,I love New York. I also love my new New York items in the Ellen Shop. http://t.co/fTWMVDk325,10/09/2015 20:25,6.42071E+17,en,2084,325,2015-09-10 20:25:00,2015-09-10,2015-09,2015,20,Thursday,I love New York. I also love my new New York items in the Ellen Shop. http://t.co/fTWMVDk325,t01210
taylorswift13,"@TheGRAMMYs @kendricklamar IM NOT CRYING IM NOT CRYING IM NOT CRYING 
*cries*",08/02/2015 23:25,5.64566E+17,en,16107,9146,2015-02-08 23:25:00,2015-02-08,2015-02,2015,23,Sunday,@TheGRAMMYs @kendricklamar IM NOT CRYING IM NOT CRYING IM NOT CRYING *cries*,t01211
justinbieber,@allen_stone meant every word buddy,16/06/2015 02:42,6.10639E+17,en,27269,19112,2015-06-16 02:42:00,2015-06-16,2015-06,2015,2,Tuesday,@allen_stone meant every word buddy,t01212
rihanna,"HAPPY BIRTHDAY TO THE LOVE OF MY LIFE, THE ADVIL TO MY HANGOVER, THE BLACK IN MY BLACKOUTS, THE… http://t.co/JmVzbQnIfu",12/08/2013 01:35,3.66735E+17,en,1059,1139,2013-08-12 01:35:00,2013-08-12,2013-08,2013,1,Monday,"HAPPY BIRTHDAY TO THE LOVE OF MY LIFE, THE ADVIL TO MY HANGOVER, THE BLACK IN MY BLACKOUTS, THE… http://t.co/JmVzbQnIfu",t01213
twitter,"@J4CKMULL Rain drop, camp rock.",18/01/2017 23:59,8.2187E+17,en,46,5,2017-01-18 23:59:00,2017-01-18,2017-01,2017,23,Wednesday,"@J4CKMULL Rain drop, camp rock.",t01214
ladygaga,RT for Prince. #SupportTheArtist,25/08/2014 21:15,5.04014E+17,en,4024,4092,2014-08-25 21:15:00,2014-08-25,2014-08,2014,21,Monday,RT for Prince. #SupportTheArtist,t01215
jimmyfallon,"Hashtag game! Tweet about a time you got caught doing something funny, weird or embarrassing and tag with #IGotBusted. Could be on the show!",20/07/2016 20:37,7.55864E+17,en,2787,483,2016-07-20 20:37:00,2016-07-20,2016-07,2016,20,Wednesday,"Hashtag game! Tweet about a time you got caught doing something funny, weird or embarrassing and tag with #IGotBusted. Could be on the show!",t01216
ddlovato,I’m going to #color2015 with health and love 💪❤️ How about you? (cc: @mysecretcolor),10/01/2015 01:19,5.53723E+17,en,17092,10401,2015-01-10 01:19:00,2015-01-10,2015-01,2015,1,Saturday,I’m going to #color2015 with health and love 💪❤️ How about you? (cc: @mysecretcolor),t01217
youtube,Step into the '80s with @thestrokes. https://t.co/y2KlkaPt10 https://t.co/DQCKrLDc8f,06/06/2016 22:00,7.3994E+17,en,978,189,2016-06-06 22:00:00,2016-06-06,2016-06,2016,22,Monday,Step into the '80s with @thestrokes. https://t.co/y2KlkaPt10 https://t.co/DQCKrLDc8f,t01218
rihanna,“@PieceOfRia: @TonneyG4L @rihanna yeah she nailed every single performance. It was beyond epic!” #NoWordsJustDiamonds #DiamondsWorldTour,29/09/2013 01:48,3.84133E+17,en,695,644,2013-09-29 01:48:00,2013-09-29,2013-09,2013,1,Sunday,“@PieceOfRia: @TonneyG4L @rihanna yeah she nailed every single performance. It was beyond epic!” #NoWordsJustDiamonds #DiamondsWorldTour,t01219
britneyspears,Just ran into this guy 😎 @IamStevenT #SuperBowl #reunited #2001halftimeshow http://t.co/KWfgatPJlg,02/02/2015 02:01,5.62068E+17,en,14496,6325,2015-02-02 02:01:00,2015-02-02,2015-02,2015,2,Monday,Just ran into this guy 😎 @IamStevenT #SuperBowl #reunited #2001halftimeshow http://t.co/KWfgatPJlg,t01220
jtimberlake,.@Mz908 I know! Somebody jumped on that one...,21/06/2012 14:47,2.15818E+17,en,22,31,2012-06-21 14:47:00,2012-06-21,2012-06,2012,14,Thursday,.@Mz908 I know! Somebody jumped on that one...,t01221
cnnbrk,"US economy added 156,000 jobs in December and unemployment rate inched up to 4.7% in last jobs report under Obama. https://t.co/CM6ejlivYx",06/01/2017 13:40,8.17365E+17,en,1272,631,2017-01-06 13:40:00,2017-01-06,2017-01,2017,13,Friday,"US economy added 156,000 jobs in December and unemployment rate inched up to 4.7% in last jobs report under Obama. https://t.co/CM6ejlivYx",t01222
selenagomez,@WonderwallMSN tell my family how much I love them and then go skydiving,20/07/2010 19:54,19018409723,en,99,200,2010-07-20 19:54:00,2010-07-20,2010-07,2010,19,Tuesday,@WonderwallMSN tell my family how much I love them and then go skydiving,t01223
theellenshow,Such an incredible basketball game! Congrats @KingJames and congrats to the whole city of Cleveland. @cavs #nbafinals,20/06/2016 03:19,7.44731E+17,en,9612,1858,2016-06-20 03:19:00,2016-06-20,2016-06,2016,3,Monday,Such an incredible basketball game! Congrats @KingJames and congrats to the whole city of Cleveland. @cavs #nbafinals,t01224
cnnbrk,"The Chicago Cubs beat the Cleveland Indians 3-2 in Game 5 of the World Series, which the Indians lead 3 games to 2.… https://t.co/DwJuNo7ZQr",31/10/2016 03:47,7.92936E+17,en,1731,621,2016-10-31 03:47:00,2016-10-31,2016-10,2016,3,Monday,"The Chicago Cubs beat the Cleveland Indians 3-2 in Game 5 of the World Series, which the Indians lead 3 games to 2.… https://t.co/DwJuNo7ZQr",t01225
katyperry,"MEXICO CITY! I'm adding another show for you on October 18th! Pre-sale begins Monday, May 5th! http://t.co/MbdWNYm6jx #PrismaticWorldTour",28/04/2014 20:27,4.60878E+17,en,6196,3728,2014-04-28 20:27:00,2014-04-28,2014-04,2014,20,Monday,"MEXICO CITY! I'm adding another show for you on October 18th! Pre-sale begins Monday, May 5th! http://t.co/MbdWNYm6jx #PrismaticWorldTour",t01226
cnnbrk,"US swimmers Bentz,Conger ordered not to leave Brazil until they give statement on reported robbery, attorney says. https://t.co/TMiqFzeT3a",18/08/2016 05:53,7.66151E+17,en,317,251,2016-08-18 05:53:00,2016-08-18,2016-08,2016,5,Thursday,"US swimmers Bentz,Conger ordered not to leave Brazil until they give statement on reported robbery, attorney says. https://t.co/TMiqFzeT3a",t01227
instagram,"We're blown away! 2,500 people came together for an epic InstaMeet in Indonesia #WWIM13JAKARTA #LifeOnEarthWWIM13 https://t.co/Z67K5haz7M",24/04/2016 19:00,7.24312E+17,en,874,210,2016-04-24 19:00:00,2016-04-24,2016-04,2016,19,Sunday,"We're blown away! 2,500 people came together for an epic InstaMeet in Indonesia #WWIM13JAKARTA #LifeOnEarthWWIM13 https://t.co/Z67K5haz7M",t01228
jtimberlake,"“@NBAonTNT: .@jtimberlake has a second job?"" I'll work the camera every Grizz game if you start putting them on TNT more... #GreaterMemphis",08/12/2014 04:40,5.41814E+17,en,3214,3204,2014-12-08 04:40:00,2014-12-08,2014-12,2014,4,Monday,"“@NBAonTNT: .@jtimberlake has a second job?"" I'll work the camera every Grizz game if you start putting them on TNT more... #GreaterMemphis",t01229
cnnbrk,Nick Gordon found legally responsible for death of Bobbi Kristina Brown in civil hearing. https://t.co/PdW6i4Mdho,16/09/2016 19:16,7.76862E+17,en,597,525,2016-09-16 19:16:00,2016-09-16,2016-09,2016,19,Friday,Nick Gordon found legally responsible for death of Bobbi Kristina Brown in civil hearing. https://t.co/PdW6i4Mdho,t01230
kimkardashian,Lost files from Mexico https://t.co/qW3lHr1sRt,24/08/2016 17:09,7.68496E+17,en,23599,6706,2016-08-24 17:09:00,2016-08-24,2016-08,2016,17,Wednesday,Lost files from Mexico https://t.co/qW3lHr1sRt,t01231
cristiano,Working out to recover for the next challenge! 💪🏽✌🏽️🇵🇹 https://t.co/5xXHrhHoX1,26/03/2016 13:44,7.13723E+17,en,19160,4278,2016-03-26 13:44:00,2016-03-26,2016-03,2016,13,Saturday,Working out to recover for the next challenge! 💪🏽✌🏽️🇵🇹 https://t.co/5xXHrhHoX1,t01232
twitter,"Arg, broken link in previous Tweet. Here it is in full to see the conversation on this satire: http://t.co/3CJ2Fsz",29/03/2011 18:38,5.28018E+16,en,101,89,2011-03-29 18:38:00,2011-03-29,2011-03,2011,18,Tuesday,"Arg, broken link in previous Tweet. Here it is in full to see the conversation on this satire: http://t.co/3CJ2Fsz",t01233
cristiano,You asked: it was so fantastic to see you in Denmark  http://t.co/AtOsN4tq0N,20/10/2014 14:22,5.24204E+17,en,2266,683,2014-10-20 14:22:00,2014-10-20,2014-10,2014,14,Monday,You asked: it was so fantastic to see you in Denmark http://t.co/AtOsN4tq0N,t01234
ddlovato,So excited!!!! Let's do this @BombaTUF!!! #Bellator157 👊🏼,24/06/2016 21:28,7.46455E+17,en,12609,4977,2016-06-24 21:28:00,2016-06-24,2016-06,2016,21,Friday,So excited!!!! Let's do this @BombaTUF!!! #Bellator157 👊🏼,t01235
theellenshow,I love the Olympics #OpeningCeremony. It reminds me of that time I had to run to the creek when my sleeve caught on fire.,06/08/2016 04:13,7.61777E+17,en,13908,1801,2016-08-06 04:13:00,2016-08-06,2016-08,2016,4,Saturday,I love the Olympics #OpeningCeremony. It reminds me of that time I had to run to the creek when my sleeve caught on fire.,t01236
arianagrande,k good that's doable 🙈 gettin ready for you https://t.co/vIp6XxNddv,14/01/2017 18:29,8.20337E+17,en,15679,3620,2017-01-14 18:29:00,2017-01-14,2017-01,2017,18,Saturday,k good that's doable 🙈 gettin ready for you https://t.co/vIp6XxNddv,t01237
selenagomez,@D_DELUISE @JakeTAustin @comeagainjen @DavidHenrie @Maria_CB I love you guys,12/10/2014 22:33,5.21429E+17,en,8380,7405,2014-10-12 22:33:00,2014-10-12,2014-10,2014,22,Sunday,@D_DELUISE @JakeTAustin @comeagainjen @DavidHenrie @Maria_CB I love you guys,t01238
cristiano,Classical match today. Wish us luck.,23/11/2010 10:00,7.01053E+15,en,66,253,2010-11-23 10:00:00,2010-11-23,2010-11,2010,10,Tuesday,Classical match today. Wish us luck.,t01239
ladygaga,"Digital printed plaid mink cocoon coat. An heirloom to be passed down, elegance and sentiment… https://t.co/vDzL2s2BqB",06/03/2015 18:32,5.73914E+17,en,4085,2316,2015-03-06 18:32:00,2015-03-06,2015-03,2015,18,Friday,"Digital printed plaid mink cocoon coat. An heirloom to be passed down, elegance and sentiment… https://t.co/vDzL2s2BqB",t01240
barackobama,We can't wait any longer to restore our Supreme Court to full capacity. Tell Senate leaders: It's time for a vote. https://t.co/INKhdtm2rn,22/08/2016 22:12,7.67847E+17,en,4568,1293,2016-08-22 22:12:00,2016-08-22,2016-08,2016,22,Monday,We can't wait any longer to restore our Supreme Court to full capacity. Tell Senate leaders: It's time for a vote. https://t.co/INKhdtm2rn,t01241
ladygaga,"The chaos in USA is the result of Trump's irresponsible campaigning. He is not a role model, look at this mess he created. #LoveTrumpsHate",10/11/2016 01:27,7.96525E+17,en,27943,12863,2016-11-10 01:27:00,2016-11-10,2016-11,2016,1,Thursday,"The chaos in USA is the result of Trump's irresponsible campaigning. He is not a role model, look at this mess he created. #LoveTrumpsHate",t01242
rihanna,"Welcome to your BIRTHDAY evan_erogers  Happy birthday, my phuckin awesome brother and camera killa… http://t.co/FDhHTdDT4i",01/07/2013 21:51,3.5182E+17,en,774,901,2013-07-01 21:51:00,2013-07-01,2013-07,2013,21,Monday,"Welcome to your BIRTHDAY evan_erogers Happy birthday, my phuckin awesome brother and camera killa… http://t.co/FDhHTdDT4i",t01243
katyperry,🇯🇵❤️✌🏻🏰✌🏻❤️🇯🇵 @ The happiest place in...TOKYO! https://t.co/FpirzZVjU1,27/04/2015 10:57,5.92644E+17,en,12443,5977,2015-04-27 10:57:00,2015-04-27,2015-04,2015,10,Monday,🇯🇵❤️✌🏻🏰✌🏻❤️🇯🇵 @ The happiest place in...TOKYO! https://t.co/FpirzZVjU1,t01244
rihanna,Gone and never forgotten! The American Heroes http://t.co/2vAXvxBN,12/11/2012 09:44,2.67926E+17,en,761,1060,2012-11-12 09:44:00,2012-11-12,2012-11,2012,9,Monday,Gone and never forgotten! The American Heroes http://t.co/2vAXvxBN,t01245
ddlovato,I admire the heart you show when you're in the ring!! Congrats!! 👏🏼👍🏼 @ufc @Ruthless_RL,03/01/2016 06:14,6.83532E+17,en,10570,4629,2016-01-03 06:14:00,2016-01-03,2016-01,2016,6,Sunday,I admire the heart you show when you're in the ring!! Congrats!! 👏🏼👍🏼 @ufc @Ruthless_RL,t01246
youtube,Don’t do this. https://t.co/E2bYuW24vY #WednesdayWisdom https://t.co/rR2McLTLv7,27/04/2016 16:00,7.25354E+17,en,1232,222,2016-04-27 16:00:00,2016-04-27,2016-04,2016,16,Wednesday,Don’t do this. https://t.co/E2bYuW24vY #WednesdayWisdom https://t.co/rR2McLTLv7,t01247
justinbieber,Pre-order an autographed album from my store… up at Def Jam signing stuff today! http://t.co/6GtMjefkto http://t.co/Br9CTAk7d9,10/09/2015 21:11,6.42083E+17,en,64814,51147,2015-09-10 21:11:00,2015-09-10,2015-09,2015,21,Thursday,Pre-order an autographed album from my store… up at Def Jam signing stuff today! http://t.co/6GtMjefkto http://t.co/Br9CTAk7d9,t01248
jimmyfallon,Fun stuff on our show tonight. https://t.co/ibtCPoqE3M #FallonTonight,07/11/2015 03:02,6.62827E+17,en,1197,232,2015-11-07 03:02:00,2015-11-07,2015-11,2015,3,Saturday,Fun stuff on our show tonight. https://t.co/ibtCPoqE3M #FallonTonight,t01249
kimkardashian,Nope he's up working on the tour design  https://t.co/kV8QQugdAn,14/06/2016 02:35,7.42546E+17,en,2688,756,2016-06-14 02:35:00,2016-06-14,2016-06,2016,2,Tuesday,Nope he's up working on the tour design https://t.co/kV8QQugdAn,t01250
youtube,@IISuperwomanII @HereIsGina More like get you a flawless collab.,05/12/2016 21:29,8.05887E+17,en,157,15,2016-12-05 21:29:00,2016-12-05,2016-12,2016,21,Monday,@IISuperwomanII @HereIsGina More like get you a flawless collab.,t01251
katyperry,"Here's a sneak peek: http://t.co/2AE8fPTRlX. Stay tuned, 🌍🌎🌏!",24/02/2015 00:21,5.70016E+17,en,10755,7389,2015-02-24 00:21:00,2015-02-24,2015-02,2015,0,Tuesday,"Here's a sneak peek: http://t.co/2AE8fPTRlX. Stay tuned, 🌍🌎🌏!",t01252
britneyspears,Happy New Years! https://t.co/e9RznsYcWi,31/12/2015 23:24,6.82704E+17,en,16140,7488,2015-12-31 23:24:00,2015-12-31,2015-12,2015,23,Thursday,Happy New Years! https://t.co/e9RznsYcWi,t01253
kimkardashian,Balmain Army https://t.co/j9O2yvcqlG,03/05/2016 19:59,7.27589E+17,en,44799,21070,2016-05-03 19:59:00,2016-05-03,2016-05,2016,19,Tuesday,Balmain Army https://t.co/j9O2yvcqlG,t01254
theellenshow,What do you call a head with no body and no nose? Nobody knows. #ClassicJokeFriday,29/05/2015 22:43,6.04418E+17,en,6501,3374,2015-05-29 22:43:00,2015-05-29,2015-05,2015,22,Friday,What do you call a head with no body and no nose? Nobody knows. #ClassicJokeFriday,t01255
theellenshow,.@GoFundMe started a campaign to help the victims of today’s terror attack in Brussels. Every little bit helps. https://t.co/QnPx8TOLGC,23/03/2016 00:54,7.12442E+17,en,4681,1472,2016-03-23 00:54:00,2016-03-23,2016-03,2016,0,Wednesday,.@GoFundMe started a campaign to help the victims of today’s terror attack in Brussels. Every little bit helps. https://t.co/QnPx8TOLGC,t01256
cristiano,First title of the season. #FinalCopa #champions http://t.co/iMg6HEJSfW,16/04/2014 22:38,4.56562E+17,en,29245,34306,2014-04-16 22:38:00,2014-04-16,2014-04,2014,22,Wednesday,First title of the season. #FinalCopa #champions http://t.co/iMg6HEJSfW,t01257
arianagrande,@HarveyFierstein i love you so much forever,11/01/2017 19:43,8.19268E+17,en,7952,2232,2017-01-11 19:43:00,2017-01-11,2017-01,2017,19,Wednesday,@HarveyFierstein i love you so much forever,t01258
jimmyfallon,“@ss_24: @jimmyfallon Does everything count? #BestOfFallon” thank you. But no. Be specific. Jk,02/02/2014 01:33,4.2979E+17,en,337,45,2014-02-02 01:33:00,2014-02-02,2014-02,2014,1,Sunday,“@ss_24: @jimmyfallon Does everything count? #BestOfFallon” thank you. But no. Be specific. Jk,t01259
ladygaga,Fashion by BAHA EAST https://t.co/G36XSWoqOL,06/11/2015 20:37,6.62731E+17,en,18154,8740,2015-11-06 20:37:00,2015-11-06,2015-11,2015,20,Friday,Fashion by BAHA EAST https://t.co/G36XSWoqOL,t01260
theellenshow,"It's the last day to win a 12 Days tkt from @SpinMaster! Run, don’t walk to get @HeadsUp the board game! https://t.co/j6c93z1jC3",30/10/2015 20:27,6.60191E+17,en,954,174,2015-10-30 20:27:00,2015-10-30,2015-10,2015,20,Friday,"It's the last day to win a 12 Days tkt from @SpinMaster! Run, don’t walk to get @HeadsUp the board game! https://t.co/j6c93z1jC3",t01261
justinbieber,Let's Push play on #Purpose at 9AM PT. Let's listen to OUR album together :) https://t.co/ZWMJvhasht,13/11/2015 15:42,6.65193E+17,en,44365,35561,2015-11-13 15:42:00,2015-11-13,2015-11,2015,15,Friday,Let's Push play on #Purpose at 9AM PT. Let's listen to OUR album together :) https://t.co/ZWMJvhasht,t01262
barackobama,"You have the power to make real, lasting change, but you're not in it alone. Join the movement: http://t.co/vkXN6UouDJ #OFAction",11/11/2014 18:10,5.32234E+17,en,863,454,2014-11-11 18:10:00,2014-11-11,2014-11,2014,18,Tuesday,"You have the power to make real, lasting change, but you're not in it alone. Join the movement: http://t.co/vkXN6UouDJ #OFAction",t01263
youtube,"Jolene.
Jolene.
Jolene.
*belts*
J O L E N E!!

@DollyParton + @MileyCyrus + @PTXofficial update a classic →… https://t.co/biIiiDIZlh",01/12/2016 21:00,8.0443E+17,en,2769,632,2016-12-01 21:00:00,2016-12-01,2016-12,2016,21,Thursday,Jolene. Jolene. Jolene. *belts* J O L E N E!! @DollyParton + @MileyCyrus + @PTXofficial update a classic →… https://t.co/biIiiDIZlh,t01264
barackobama,"The uninsured rate is the lowest it's been in decades, thanks to #Obamacare. Spread the word.… https://t.co/ZkN8HVbn3E",07/10/2016 22:03,7.84514E+17,en,6296,1785,2016-10-07 22:03:00,2016-10-07,2016-10,2016,22,Friday,"The uninsured rate is the lowest it's been in decades, thanks to #Obamacare. Spread the word.… https://t.co/ZkN8HVbn3E",t01265
britneyspears,Had so much fun in this lovely dress 💜📸 David Roemer https://t.co/IkkV1vc7Zn,07/01/2017 04:27,8.17588E+17,en,16113,3617,2017-01-07 04:27:00,2017-01-07,2017-01,2017,4,Saturday,Had so much fun in this lovely dress 💜📸 David Roemer https://t.co/IkkV1vc7Zn,t01266
kimkardashian,Major side eye 👀 https://t.co/djA2NQP6V8,20/09/2016 04:18,7.78086E+17,en,50486,15059,2016-09-20 04:18:00,2016-09-20,2016-09,2016,4,Tuesday,Major side eye 👀 https://t.co/djA2NQP6V8,t01267
instagram,Creating beautiful portraits of the stars at the #GoldenGlobes with @inezandvinoodh https://t.co/8UWcAhwM5s,11/01/2016 03:54,6.86396E+17,en,1290,231,2016-01-11 03:54:00,2016-01-11,2016-01,2016,3,Monday,Creating beautiful portraits of the stars at the #GoldenGlobes with @inezandvinoodh https://t.co/8UWcAhwM5s,t01268
jimmyfallon,"Tonight on the show: @MichaelKeaton, @Nick_Offerman, and music from @janson_chris! #FallonTonight",09/11/2015 16:30,6.63755E+17,en,1217,254,2015-11-09 16:30:00,2015-11-09,2015-11,2015,16,Monday,"Tonight on the show: @MichaelKeaton, @Nick_Offerman, and music from @janson_chris! #FallonTonight",t01269
rihanna,Fashion party 🤗 https://t.co/Cil0vYStAX,28/09/2016 16:51,7.81175E+17,en,8512,2861,2016-09-28 16:51:00,2016-09-28,2016-09,2016,16,Wednesday,Fashion party 🤗 https://t.co/Cil0vYStAX,t01270
theellenshow,.@VanHalen can still JUMP! This was incredible. #VanHellen http://t.co/5BkjBJjQOR,02/04/2015 19:36,5.83715E+17,en,1831,574,2015-04-02 19:36:00,2015-04-02,2015-04,2015,19,Thursday,.@VanHalen can still JUMP! This was incredible. #VanHellen http://t.co/5BkjBJjQOR,t01271
jtimberlake,“@shehryartheduck: @jtimberlake 😬😬 can't wait for 9:01pm today #youneverknow #TakeBackTheNight” You won't have to wait for 9:01 PM...,12/07/2013 14:26,3.55695E+17,en,269,196,2013-07-12 14:26:00,2013-07-12,2013-07,2013,14,Friday,“@shehryartheduck: @jtimberlake 😬😬 can't wait for 9:01pm today #youneverknow #TakeBackTheNight” You won't have to wait for 9:01 PM...,t01272
kimkardashian,🍼 Milf $ 🍼 https://t.co/Ayvi0DeZjp,01/07/2016 23:38,7.49025E+17,en,24800,8478,2016-07-01 23:38:00,2016-07-01,2016-07,2016,23,Friday,🍼 Milf $ 🍼 https://t.co/Ayvi0DeZjp,t01273
barackobama,#ClimateChangeIsReal. So is President Obama's 3-point game. http://t.co/M27bxCqJSG,22/04/2015 22:24,5.91005E+17,en,61045,62496,2015-04-22 22:24:00,2015-04-22,2015-04,2015,22,Wednesday,#ClimateChangeIsReal. So is President Obama's 3-point game. http://t.co/M27bxCqJSG,t01274
ddlovato,Listen to #CONFIDENT on @GooglePlayMusic's Today's Pop Hits Radio!! https://t.co/FcCh7epSnp,21/10/2015 22:37,6.56963E+17,en,7715,5285,2015-10-21 22:37:00,2015-10-21,2015-10,2015,22,Wednesday,Listen to #CONFIDENT on @GooglePlayMusic's Today's Pop Hits Radio!! https://t.co/FcCh7epSnp,t01275
jimmyfallon,“@youngb3: @jimmyfallon martin kippenberger !!! you're welcome!! http://t.co/7XR0atcvld” you did it!! That's it!!!! Thank you!! Wow!!,17/01/2015 19:25,5.56533E+17,en,1808,415,2015-01-17 19:25:00,2015-01-17,2015-01,2015,19,Saturday,“@youngb3: @jimmyfallon martin kippenberger !!! you're welcome!! http://t.co/7XR0atcvld” you did it!! That's it!!!! Thank you!! Wow!!,t01276
theellenshow,LIVE on #Periscope: Periscoping @KatieQLowes Periscope #Scandal https://t.co/6JUV4XjKBa,22/04/2015 21:45,5.90995E+17,en,1102,234,2015-04-22 21:45:00,2015-04-22,2015-04,2015,21,Wednesday,LIVE on #Periscope: Periscoping @KatieQLowes Periscope #Scandal https://t.co/6JUV4XjKBa,t01277
twitter,Watch Obama's State of the Union with tweets from the Left & Right: @CBSnews http://bit.ly/7TcKGm or @HuffingtonPost http://bit.ly/kld6.,28/01/2010 01:17,8303083997,en,47,84,2010-01-28 01:17:00,2010-01-28,2010-01,2010,1,Thursday,Watch Obama's State of the Union with tweets from the Left & Right: @CBSnews http://bit.ly/7TcKGm or @HuffingtonPost http://bit.ly/kld6.,t01278
cnnbrk,"200 nations reach deal to cut use of HFCs, potent greenhouse gases used in refrigeration and air conditioning.… https://t.co/jm5km9N3rm",15/10/2016 08:25,7.87208E+17,en,594,305,2016-10-15 08:25:00,2016-10-15,2016-10,2016,8,Saturday,"200 nations reach deal to cut use of HFCs, potent greenhouse gases used in refrigeration and air conditioning.… https://t.co/jm5km9N3rm",t01279
instagram,Pop Art: Juliana Vido’s illustrated feminism https://t.co/2ZtjaMhvHc,30/07/2016 00:30,7.59184E+17,en,880,145,2016-07-30 00:30:00,2016-07-30,2016-07,2016,0,Saturday,Pop Art: Juliana Vido’s illustrated feminism https://t.co/2ZtjaMhvHc,t01280
britneyspears,@NicoSlaysYou thank you so much!!!,18/11/2016 08:16,7.99527E+17,en,615,156,2016-11-18 08:16:00,2016-11-18,2016-11,2016,8,Friday,@NicoSlaysYou thank you so much!!!,t01281
instagram,Louis Mendes stands out in NYC’s streets #WHPlocallegends https://t.co/omwQvmxesi,05/10/2016 18:30,7.83736E+17,en,546,86,2016-10-05 18:30:00,2016-10-05,2016-10,2016,18,Wednesday,Louis Mendes stands out in NYC’s streets #WHPlocallegends https://t.co/omwQvmxesi,t01282
jimmyfallon,Watching my pal @IAMQUEENLATIFAH right now. So fun. Congrats La!!! #queenlatifah,16/09/2013 13:11,3.79593E+17,en,202,88,2013-09-16 13:11:00,2013-09-16,2013-09,2013,13,Monday,Watching my pal @IAMQUEENLATIFAH right now. So fun. Congrats La!!! #queenlatifah,t01283
jimmyfallon,ppplay this pppodcast ppproudly https://t.co/vL86xPKsYj,15/12/2015 16:53,6.76807E+17,en,1465,290,2015-12-15 16:53:00,2015-12-15,2015-12,2015,16,Tuesday,ppplay this pppodcast ppproudly https://t.co/vL86xPKsYj,t01284
kimkardashian,he always has my back 😜 https://t.co/CRYbvvt7cz,11/01/2017 06:37,8.19071E+17,en,76105,19350,2017-01-11 06:37:00,2017-01-11,2017-01,2017,6,Wednesday,he always has my back 😜 https://t.co/CRYbvvt7cz,t01285
instagram,Worldwide InstaMeet is coming up next month! Look back at a past event: https://t.co/eA0PeeeTvP. And find a #WWIM13: https://t.co/envxP6brmK,25/03/2016 23:00,7.13501E+17,en,1096,224,2016-03-25 23:00:00,2016-03-25,2016-03,2016,23,Friday,Worldwide InstaMeet is coming up next month! Look back at a past event: https://t.co/eA0PeeeTvP. And find a #WWIM13: https://t.co/envxP6brmK,t01286
cristiano,Soon 👍🏼 https://t.co/w6Q4JitA1B,02/09/2016 11:39,7.71674E+17,en,30516,6975,2016-09-02 11:39:00,2016-09-02,2016-09,2016,11,Friday,Soon 👍🏼 https://t.co/w6Q4JitA1B,t01287
shakira,It's here! Watch the official video for #Chantaje ft @Maluma now! https://t.co/XQyeBgfqKR ShakHQ,18/11/2016 14:02,7.99614E+17,en,11244,3605,2016-11-18 14:02:00,2016-11-18,2016-11,2016,14,Friday,It's here! Watch the official video for #Chantaje ft @Maluma now! https://t.co/XQyeBgfqKR ShakHQ,t01288
cnnbrk,3 missing after small plane vanishes from radar off Hawaiian coast. https://t.co/b5bzbKjfMJ,31/12/2016 12:01,8.15166E+17,en,278,323,2016-12-31 12:01:00,2016-12-31,2016-12,2016,12,Saturday,3 missing after small plane vanishes from radar off Hawaiian coast. https://t.co/b5bzbKjfMJ,t01289
ladygaga,This is and will always be who I truly am in my heart. http://t.co/y95swwl353,22/06/2015 22:46,6.13116E+17,en,17762,8972,2015-06-22 22:46:00,2015-06-22,2015-06,2015,22,Monday,This is and will always be who I truly am in my heart. http://t.co/y95swwl353,t01290
twitter,"Today is for you too, @KatyPerry! Thanks for bringing your ""Teenage Dream"" and Left Shark to the world. #LoveTwitter
https://t.co/2pniEmGCtX",21/03/2016 12:15,7.11889E+17,en,5919,3514,2016-03-21 12:15:00,2016-03-21,2016-03,2016,12,Monday,"Today is for you too, @KatyPerry! Thanks for bringing your ""Teenage Dream"" and Left Shark to the world. #LoveTwitter https://t.co/2pniEmGCtX",t01291
jimmyfallon,Chicago Polar Plungers: I got my ticket. I'm coming. I'm wearing a suit. Wear a necktie (any color) to show solidarity. #PolarPlunge,01/03/2014 15:29,4.39785E+17,en,2060,666,2014-03-01 15:29:00,2014-03-01,2014-03,2014,15,Saturday,Chicago Polar Plungers: I got my ticket. I'm coming. I'm wearing a suit. Wear a necktie (any color) to show solidarity. #PolarPlunge,t01292
shakira,Came to surprise some friends tonight! Vine a sorprender a unos amigos esta noche! Shak http://t.co/3teL6Hf2Yy,06/09/2015 20:35,6.40624E+17,en,7556,2096,2015-09-06 20:35:00,2015-09-06,2015-09,2015,20,Sunday,Came to surprise some friends tonight! Vine a sorprender a unos amigos esta noche! Shak http://t.co/3teL6Hf2Yy,t01293
rihanna,Smart work pays off!!! #workhardballhard http://t.co/i8M72WtBz1,26/05/2013 12:57,3.3864E+17,en,905,1294,2013-05-26 12:57:00,2013-05-26,2013-05,2013,12,Sunday,Smart work pays off!!! #workhardballhard http://t.co/i8M72WtBz1,t01294
selenagomez,Come and Get it Dance Covers.... http://t.co/KWqTaOiOlN,19/05/2013 00:13,3.35911E+17,en,4720,6185,2013-05-19 00:13:00,2013-05-19,2013-05,2013,0,Sunday,Come and Get it Dance Covers.... http://t.co/KWqTaOiOlN,t01295
taylorswift13,Today at rehearsals for grammys. I'm trying to remember.. What was the song a lot of you were saying… http://t.co/W8JffEbwq0,24/01/2014 06:04,4.26596E+17,en,15421,14885,2014-01-24 06:04:00,2014-01-24,2014-01,2014,6,Friday,Today at rehearsals for grammys. I'm trying to remember.. What was the song a lot of you were saying… http://t.co/W8JffEbwq0,t01296
ladygaga,Can't wait to work with Sarah Paulson on @AHSFX !! 💋 http://t.co/qcz4FZC2UW,13/04/2015 22:50,5.8775E+17,en,31626,20557,2015-04-13 22:50:00,2015-04-13,2015-04,2015,22,Monday,Can't wait to work with Sarah Paulson on @AHSFX !! 💋 http://t.co/qcz4FZC2UW,t01297
taylorswift13,Cat lady. http://t.co/cvdtuAw3,04/11/2011 23:25,1.32599E+17,en,2348,4591,2011-11-04 23:25:00,2011-11-04,2011-11,2011,23,Friday,Cat lady. http://t.co/cvdtuAw3,t01298
instagram,A foggy encounter in the Siahkal forest of northern Iran https://t.co/Nna3sXuTO7,09/03/2016 03:00,7.07401E+17,en,1008,177,2016-03-09 03:00:00,2016-03-09,2016-03,2016,3,Wednesday,A foggy encounter in the Siahkal forest of northern Iran https://t.co/Nna3sXuTO7,t01299
jimmyfallon,Have a great night!! @BWilliams &amp; @theroots bring back the slow jam http://t.co/win6EHSSMO #BW10 #FallonTonight,03/12/2014 04:09,5.39995E+17,en,1298,355,2014-12-03 04:09:00,2014-12-03,2014-12,2014,4,Wednesday,Have a great night!! @BWilliams & @theroots bring back the slow jam http://t.co/win6EHSSMO #BW10 #FallonTonight,t01300
jimmyfallon,"Tonight: Trying something new with Mila Kunis, @birbigs stops by, and music from @ASAPMOB! #FallonTonight",20/07/2016 12:59,7.55749E+17,en,1730,255,2016-07-20 12:59:00,2016-07-20,2016-07,2016,12,Wednesday,"Tonight: Trying something new with Mila Kunis, @birbigs stops by, and music from @ASAPMOB! #FallonTonight",t01301
twitter,Check out our one-stop-shop for everything Emmys + Twitter! http://t.co/uBhqiP2j,21/09/2012 20:37,2.49246E+17,en,99,116,2012-09-21 20:37:00,2012-09-21,2012-09,2012,20,Friday,Check out our one-stop-shop for everything Emmys + Twitter! http://t.co/uBhqiP2j,t01302
justinbieber,@kanyewest 👏🏻👏🏻👏🏻 @fucktyler the goat,01/04/2016 05:15,7.1577E+17,en,55323,32984,2016-04-01 05:15:00,2016-04-01,2016-04,2016,5,Friday,@kanyewest 👏🏻👏🏻👏🏻 @fucktyler the goat,t01303
barackobama,David Letterman and President Obama discussed retirement plans last night. Take a look: http://t.co/ZfMIDfd92e,05/05/2015 17:48,5.95646E+17,en,1454,724,2015-05-05 17:48:00,2015-05-05,2015-05,2015,17,Tuesday,David Letterman and President Obama discussed retirement plans last night. Take a look: http://t.co/ZfMIDfd92e,t01304
jimmyfallon,.@BigSean and I team up against @llcoolj and Rose Byrne in a game of Pictionary https://t.co/1W7SjQPOYA #FallonTonight,21/04/2015 14:00,5.90516E+17,en,1247,274,2015-04-21 14:00:00,2015-04-21,2015-04,2015,14,Tuesday,.@BigSean and I team up against @llcoolj and Rose Byrne in a game of Pictionary https://t.co/1W7SjQPOYA #FallonTonight,t01305
kimkardashian,OMG!!!!! YESSSSSS SHE IS SEARCHING Ebay NOW! #FACT!  https://t.co/Qr3tOJOZVI,21/05/2016 00:15,7.33814E+17,en,5174,803,2016-05-21 00:15:00,2016-05-21,2016-05,2016,0,Saturday,OMG!!!!! YESSSSSS SHE IS SEARCHING Ebay NOW! #FACT! https://t.co/Qr3tOJOZVI,t01306
barackobama,"""I’ve seen something like gay marriage go from a wedge issue used to drive us apart to a story of freedom."" —President Obama #SOTU",21/01/2015 03:07,5.57736E+17,en,6373,4238,2015-01-21 03:07:00,2015-01-21,2015-01,2015,3,Wednesday,"""I’ve seen something like gay marriage go from a wedge issue used to drive us apart to a story of freedom."" —President Obama #SOTU",t01307
britneyspears,@TroyMeaz Thank u! Xoxo!,31/12/2013 16:06,4.18051E+17,en,283,122,2013-12-31 16:06:00,2013-12-31,2013-12,2013,16,Tuesday,@TroyMeaz Thank u! Xoxo!,t01308
barackobama,Parents shouldn't have to choose between a paycheck and taking care of a sick child at home. #LeadOnLeave https://t.co/FF4hTkgOZy,30/09/2016 21:32,7.8197E+17,en,8532,2210,2016-09-30 21:32:00,2016-09-30,2016-09,2016,21,Friday,Parents shouldn't have to choose between a paycheck and taking care of a sick child at home. #LeadOnLeave https://t.co/FF4hTkgOZy,t01309
ddlovato,Wrote a song today that's stuck in my head and I wish I had it to listen to but it's not fully recorded 😭,18/05/2016 06:13,7.32816E+17,en,26501,9612,2016-05-18 06:13:00,2016-05-18,2016-05,2016,6,Wednesday,Wrote a song today that's stuck in my head and I wish I had it to listen to but it's not fully recorded 😭,t01310
selenagomez,So happy! My Fall #adidasneo collection is finally out! Follow @adidasneolabel to find out where to get it. http://t.co/xhPIbrE6Kh,23/07/2015 14:00,6.24217E+17,en,34243,16524,2015-07-23 14:00:00,2015-07-23,2015-07,2015,14,Thursday,So happy! My Fall #adidasneo collection is finally out! Follow @adidasneolabel to find out where to get it. http://t.co/xhPIbrE6Kh,t01311
twitter,#Goldenglobe moments w/ the most Twitter buzz: 1) @downtonabbey win 2) Tina Fey photobomb w/ Amy Poehler 3) The Artist wins Best Score (2/3),16/01/2012 21:25,1.59024E+17,en,69,155,2012-01-16 21:25:00,2012-01-16,2012-01,2012,21,Monday,#Goldenglobe moments w/ the most Twitter buzz: 1) @downtonabbey win 2) Tina Fey photobomb w/ Amy Poehler 3) The Artist wins Best Score (2/3),t01312
britneyspears,Let me hear u #ScreamingAndShouting with tweets if u downloaded the song on iTunes... feeling it people?? http://t.co/kaRLNR2W,21/11/2012 22:15,2.71376E+17,en,486,1138,2012-11-21 22:15:00,2012-11-21,2012-11,2012,22,Wednesday,Let me hear u #ScreamingAndShouting with tweets if u downloaded the song on iTunes... feeling it people?? http://t.co/kaRLNR2W,t01313
katyperry,My friend just said her preferred workout method was gardening 😍,12/05/2014 15:18,4.65874E+17,en,9145,4658,2014-05-12 15:18:00,2014-05-12,2014-05,2014,15,Monday,My friend just said her preferred workout method was gardening 😍,t01314
instagram,A re-sparked passion for pottery goes global https://t.co/i3UKWDUC9j https://t.co/k6iRi7NcBW,18/05/2016 17:30,7.32987E+17,en,980,207,2016-05-18 17:30:00,2016-05-18,2016-05,2016,17,Wednesday,A re-sparked passion for pottery goes global https://t.co/i3UKWDUC9j https://t.co/k6iRi7NcBW,t01315
cnnbrk,"Donald Trump refuses to say he would accept the result of the election: ""I will look at it at the time.""  https://t.co/eC46jKyPmz",20/10/2016 02:13,7.88926E+17,en,941,714,2016-10-20 02:13:00,2016-10-20,2016-10,2016,2,Thursday,"Donald Trump refuses to say he would accept the result of the election: ""I will look at it at the time."" https://t.co/eC46jKyPmz",t01316
barackobama,MIDNIGHT DEADLINE: Chip in now to keep pushing this movement forward. http://t.co/4WrpJWXTYH,01/01/2015 01:19,5.50461E+17,en,1075,462,2015-01-01 01:19:00,2015-01-01,2015-01,2015,1,Thursday,MIDNIGHT DEADLINE: Chip in now to keep pushing this movement forward. http://t.co/4WrpJWXTYH,t01317
ddlovato,Congrats @TheEllenShow on your @PeoplesChoice Favorite Humanitarian Award for @StJude!!! ❤️ #PCAs,07/01/2016 06:01,6.84978E+17,en,17739,8035,2016-01-07 06:01:00,2016-01-07,2016-01,2016,6,Thursday,Congrats @TheEllenShow on your @PeoplesChoice Favorite Humanitarian Award for @StJude!!! ❤️ #PCAs,t01318
justinbieber,Be kind to each other,12/11/2016 14:54,7.97453E+17,en,202136,128729,2016-11-12 14:54:00,2016-11-12,2016-11,2016,14,Saturday,Be kind to each other,t01319
jimmyfallon,Tonight: Meryl Streep is here! Plus Jerrod Carmichael (@NotoriousROD) stops by and music from @alberthammondjr. #FallonTonight,03/08/2015 14:56,6.28218E+17,en,1320,267,2015-08-03 14:56:00,2015-08-03,2015-08,2015,14,Monday,Tonight: Meryl Streep is here! Plus Jerrod Carmichael (@NotoriousROD) stops by and music from @alberthammondjr. #FallonTonight,t01320
instagram,“They gave me hope — to keep fighting to save our planet.” —@NyimasLaula https://t.co/rHaBiSXf9x,30/11/2016 21:30,8.04075E+17,en,555,139,2016-11-30 21:30:00,2016-11-30,2016-11,2016,21,Wednesday,“They gave me hope — to keep fighting to save our planet.” —@NyimasLaula https://t.co/rHaBiSXf9x,t01321
ddlovato,@NICKIMINAJ 😘😘😘 you were killin it as always girl!!!,31/08/2015 20:36,6.3845E+17,en,13112,10398,2015-08-31 20:36:00,2015-08-31,2015-08,2015,20,Monday,@NICKIMINAJ 😘😘😘 you were killin it as always girl!!!,t01322
theellenshow,Look at @FLOTUS crushin' a game of @HeadsUp! https://t.co/wYmea3FQwQ https://t.co/8B3aQSYzVm,02/10/2016 03:47,7.82427E+17,en,7440,1261,2016-10-02 03:47:00,2016-10-02,2016-10,2016,3,Sunday,Look at @FLOTUS crushin' a game of @HeadsUp! https://t.co/wYmea3FQwQ https://t.co/8B3aQSYzVm,t01323
selenagomez,Btw I love you allllll so much! An awkward kiss for ya  http://t.co/arnGdHNs,27/03/2012 17:50,1.84699E+17,en,3333,7184,2012-03-27 17:50:00,2012-03-27,2012-03,2012,17,Tuesday,Btw I love you allllll so much! An awkward kiss for ya http://t.co/arnGdHNs,t01324
ddlovato,I'm also ready for self-proclaimed feminists to start speaking out or taking action for women's rights.,21/02/2016 10:03,7.01346E+17,en,60376,40088,2016-02-21 10:03:00,2016-02-21,2016-02,2016,10,Sunday,I'm also ready for self-proclaimed feminists to start speaking out or taking action for women's rights.,t01325
taylorswift13,"LITTLE MIX!! Love these girls!! 
They smashed it tonight in front of 50,000 screaming fans. Amazing.
@LittleMix http://t.co/QuOb9zLLv8",16/08/2015 07:46,6.32821E+17,en,59352,35212,2015-08-16 07:46:00,2015-08-16,2015-08,2015,7,Sunday,"LITTLE MIX!! Love these girls!! They smashed it tonight in front of 50,000 screaming fans. Amazing. @LittleMix http://t.co/QuOb9zLLv8",t01326
instagram,Creating playful art can be a labor of love https://t.co/UXwoknVzYx https://t.co/fUDvHNy5gY,21/10/2015 15:19,6.56852E+17,en,1723,458,2015-10-21 15:19:00,2015-10-21,2015-10,2015,15,Wednesday,Creating playful art can be a labor of love https://t.co/UXwoknVzYx https://t.co/fUDvHNy5gY,t01327
katyperry,Um...Woke up to my first Emmy nomination for the Halftime show!!! V proud of everyone involved especially #leftshark http://t.co/DhD4rRlEFO,16/07/2015 19:07,6.21758E+17,en,26932,12213,2015-07-16 19:07:00,2015-07-16,2015-07,2015,19,Thursday,Um...Woke up to my first Emmy nomination for the Halftime show!!! V proud of everyone involved especially #leftshark http://t.co/DhD4rRlEFO,t01328
rihanna,“@KontomitrosNick: Guys keep posting your Rihanna pics on IG  with #iHeartRihanna cuz Ma homies are catching up”,01/05/2014 17:22,4.61919E+17,en,2553,1489,2014-05-01 17:22:00,2014-05-01,2014-05,2014,17,Thursday,“@KontomitrosNick: Guys keep posting your Rihanna pics on IG with #iHeartRihanna cuz Ma homies are catching up”,t01329
ddlovato,One day I wanna go to Coachella dressed super boring and normal.,20/02/2015 01:32,5.68584E+17,en,24453,14763,2015-02-20 01:32:00,2015-02-20,2015-02,2015,1,Friday,One day I wanna go to Coachella dressed super boring and normal.,t01330
youtube,Diamonds ARE NOT forever. https://t.co/NsF3KklW1L https://t.co/nwgSbJ3LZd,16/05/2016 21:00,7.32315E+17,en,1105,207,2016-05-16 21:00:00,2016-05-16,2016-05,2016,21,Monday,Diamonds ARE NOT forever. https://t.co/NsF3KklW1L https://t.co/nwgSbJ3LZd,t01331
kimkardashian,#TBT to my blonde hair &amp; my @premadonna87 waist trainer @waistgangsociety! I don't know what I miss more! LOL http://t.co/7OYmu32zQG,30/07/2015 17:24,6.26806E+17,en,7442,1573,2015-07-30 17:24:00,2015-07-30,2015-07,2015,17,Thursday,#TBT to my blonde hair & my @premadonna87 waist trainer @waistgangsociety! I don't know what I miss more! LOL http://t.co/7OYmu32zQG,t01332
twitter,"It's coming.

A Q&amp;A with the cast of @starwars #RogueOne streaming LIVE on Twitter this Friday at 1pm ET. https://t.co/Cp1O7zyemu",29/11/2016 14:15,8.03603E+17,en,1417,732,2016-11-29 14:15:00,2016-11-29,2016-11,2016,14,Tuesday,It's coming. A Q&A with the cast of @starwars #RogueOne streaming LIVE on Twitter this Friday at 1pm ET. https://t.co/Cp1O7zyemu,t01333
ladygaga,"Me performing ""Million Reasons"" from Japan in a golden lotus flower piano. With my sweeties... https://t.co/sHRysew7gX",12/12/2016 15:10,8.08328E+17,en,15118,6660,2016-12-12 15:10:00,2016-12-12,2016-12,2016,15,Monday,"Me performing ""Million Reasons"" from Japan in a golden lotus flower piano. With my sweeties... https://t.co/sHRysew7gX",t01334
jtimberlake,"“@claujt13: I love you I'm voting for @jtimberlake for #AMAs Artist of the Year, you can too here: http://t.co/GsBR0AQb0A” Thank you!!",15/11/2013 21:19,4.01459E+17,en,436,240,2013-11-15 21:19:00,2013-11-15,2013-11,2013,21,Friday,"“@claujt13: I love you I'm voting for @jtimberlake for #AMAs Artist of the Year, you can too here: http://t.co/GsBR0AQb0A” Thank you!!",t01335
theellenshow,Did you hear about the guy who invented the door knocker? He won the no-bell prize. #ClassicJokeFriday,21/08/2015 21:07,6.34834E+17,en,6638,2744,2015-08-21 21:07:00,2015-08-21,2015-08,2015,21,Friday,Did you hear about the guy who invented the door knocker? He won the no-bell prize. #ClassicJokeFriday,t01336
cnnbrk,"US-backed forces in Syria say they're launching an operation to seize Raqqa, ISIS' de facto capital. https://t.co/KdfJKuIshr",06/11/2016 12:09,7.95237E+17,en,775,440,2016-11-06 12:09:00,2016-11-06,2016-11,2016,12,Sunday,"US-backed forces in Syria say they're launching an operation to seize Raqqa, ISIS' de facto capital. https://t.co/KdfJKuIshr",t01337
twitter,We’ve agreed to acquire @tellapart to accelerate direct response advertising. https://t.co/GygvXRnKpj,28/04/2015 19:41,5.93138E+17,en,593,407,2015-04-28 19:41:00,2015-04-28,2015-04,2015,19,Tuesday,We’ve agreed to acquire @tellapart to accelerate direct response advertising. https://t.co/GygvXRnKpj,t01338
kimkardashian,Let the transformation begin.... #BazaarIcons https://t.co/Cabei7ZTMj,13/06/2016 16:19,7.42391E+17,en,7162,961,2016-06-13 16:19:00,2016-06-13,2016-06,2016,16,Monday,Let the transformation begin.... #BazaarIcons https://t.co/Cabei7ZTMj,t01339
theellenshow,I can't imagine what Carrie Fisher and Debbie Reynolds' family are going through this week. I send all of my love.,29/12/2016 02:04,8.14291E+17,en,139034,36443,2016-12-29 02:04:00,2016-12-29,2016-12,2016,2,Thursday,I can't imagine what Carrie Fisher and Debbie Reynolds' family are going through this week. I send all of my love.,t01340
cnnbrk,Hillary and Bill Clinton to attend Trump inauguration. https://t.co/LcWSWGpSro https://t.co/cqM7ihdWvt,03/01/2017 19:24,8.16365E+17,en,1268,616,2017-01-03 19:24:00,2017-01-03,2017-01,2017,19,Tuesday,Hillary and Bill Clinton to attend Trump inauguration. https://t.co/LcWSWGpSro https://t.co/cqM7ihdWvt,t01341
theellenshow,"Wishing you all a Merry Christmas filled with laughter, light and love. Be kind to one another.",25/12/2015 16:14,6.80421E+17,en,14888,3847,2015-12-25 16:14:00,2015-12-25,2015-12,2015,16,Friday,"Wishing you all a Merry Christmas filled with laughter, light and love. Be kind to one another.",t01342
kimkardashian,DOUBLE BODY SHAPERS https://t.co/T2Qw03yAD2 https://t.co/t7MuUCdwr5,18/04/2016 18:45,7.22134E+17,en,9742,1896,2016-04-18 18:45:00,2016-04-18,2016-04,2016,18,Monday,DOUBLE BODY SHAPERS https://t.co/T2Qw03yAD2 https://t.co/t7MuUCdwr5,t01343
katyperry,🍰FOR HIRE🍰 http://t.co/w4rwQAdFfr,23/04/2014 21:13,4.59078E+17,en,13399,8421,2014-04-23 21:13:00,2014-04-23,2014-04,2014,21,Wednesday,🍰FOR HIRE🍰 http://t.co/w4rwQAdFfr,t01344
shakira,• Today's #throwbackthursday pic - great memories of the FIFA World Cup 2010 opening concert... ShakHQ… http://t.co/Z4mw2m9fpX,09/08/2013 00:03,3.65624E+17,en,414,475,2013-08-09 00:03:00,2013-08-09,2013-08,2013,0,Friday,• Today's #throwbackthursday pic - great memories of the FIFA World Cup 2010 opening concert... ShakHQ… http://t.co/Z4mw2m9fpX,t01345
kimkardashian,#TBT Iceland https://t.co/5WYdGL69S9,13/05/2016 06:12,7.31004E+17,en,6555,806,2016-05-13 06:12:00,2016-05-13,2016-05,2016,6,Friday,#TBT Iceland https://t.co/5WYdGL69S9,t01346
jtimberlake,Congrats to Rafael Nadal! He threw it down tonight! #USOPEN2013,10/09/2013 00:49,3.77232E+17,en,3153,4702,2013-09-10 00:49:00,2013-09-10,2013-09,2013,0,Tuesday,Congrats to Rafael Nadal! He threw it down tonight! #USOPEN2013,t01347
youtube,[LIVE] Take your seats. The #VPDebate starts now → https://t.co/E8A17ZNLSg https://t.co/K5RVsxxuSV,05/10/2016 01:00,7.83472E+17,en,508,104,2016-10-05 01:00:00,2016-10-05,2016-10,2016,1,Wednesday,[LIVE] Take your seats. The #VPDebate starts now → https://t.co/E8A17ZNLSg https://t.co/K5RVsxxuSV,t01348
selenagomez,Just posted a photo http://t.co/QSOazMeIQR,23/01/2014 09:04,4.26279E+17,en,11217,10335,2014-01-23 09:04:00,2014-01-23,2014-01,2014,9,Thursday,Just posted a photo http://t.co/QSOazMeIQR,t01349
justinbieber,I see u @GiGiHadid thanks #WhatDoYouMean #7days http://t.co/0cVRMqdQAF,21/08/2015 17:22,6.34778E+17,en,48085,41683,2015-08-21 17:22:00,2015-08-21,2015-08,2015,17,Friday,I see u @GiGiHadid thanks #WhatDoYouMean #7days http://t.co/0cVRMqdQAF,t01350
taylorswift13,"FREAKING OUT RIGHT NOW
YOU BROKE THE VEVO WORLD RECORD 

THANK YOU 

http://t.co/XTwKCWR4x9

#24hrVevoRecord 
#BadBloodMusicVideo",21/05/2015 16:43,6.01428E+17,en,50310,28232,2015-05-21 16:43:00,2015-05-21,2015-05,2015,16,Thursday,FREAKING OUT RIGHT NOW YOU BROKE THE VEVO WORLD RECORD THANK YOU http://t.co/XTwKCWR4x9 #24hrVevoRecord #BadBloodMusicVideo,t01351
arianagrande,deep breath. gratitude.,26/10/2015 00:32,6.58441E+17,en,33453,22614,2015-10-26 00:32:00,2015-10-26,2015-10,2015,0,Monday,deep breath. gratitude.,t01352
youtube,@emodilhowlter Goals. #YouTubeRewind,07/12/2016 18:23,8.06565E+17,en,27,2,2016-12-07 18:23:00,2016-12-07,2016-12,2016,18,Wednesday,@emodilhowlter Goals. #YouTubeRewind,t01353
britneyspears,@MartijnPOP LOVE IT! #YouBettaWorkB,10/09/2013 23:16,3.77571E+17,en,179,151,2013-09-10 23:16:00,2013-09-10,2013-09,2013,23,Tuesday,@MartijnPOP LOVE IT! #YouBettaWorkB,t01354
cnnbrk,"A suspect in the shooting of a US consulate official in Mexico on Friday has been arrested, authorities said.… https://t.co/fTPTIck9ck",09/01/2017 01:41,8.18271E+17,en,360,216,2017-01-09 01:41:00,2017-01-09,2017-01,2017,1,Monday,"A suspect in the shooting of a US consulate official in Mexico on Friday has been arrested, authorities said.… https://t.co/fTPTIck9ck",t01355
instagram,An “exTREEme” moment in London’s Hyde Park #TheWeekOnInstagram https://t.co/JhxUF9FHHA,02/07/2016 23:45,7.49388E+17,en,980,213,2016-07-02 23:45:00,2016-07-02,2016-07,2016,23,Saturday,An “exTREEme” moment in London’s Hyde Park #TheWeekOnInstagram https://t.co/JhxUF9FHHA,t01356
jtimberlake,"“@freestylesteve: Fla State Fans On Pin's Right Now.. LoL” This game is SO GOOD, bruh!! #NDvsFSU",19/10/2014 03:48,5.23682E+17,en,1812,603,2014-10-19 03:48:00,2014-10-19,2014-10,2014,3,Sunday,"“@freestylesteve: Fla State Fans On Pin's Right Now.. LoL” This game is SO GOOD, bruh!! #NDvsFSU",t01357
jtimberlake,“@ElvisPresley: THIS IS BY FAR THE COOLEST THING ON TWITTER EVER. Period. The KING!!!! Wow. What an honor! JT,18/11/2013 17:16,4.02485E+17,en,1332,628,2013-11-18 17:16:00,2013-11-18,2013-11,2013,17,Monday,“@ElvisPresley: THIS IS BY FAR THE COOLEST THING ON TWITTER EVER. Period. The KING!!!! Wow. What an honor! JT,t01358
instagram,All hail Helen Mirren's selfie game 👑 (via @USATODAY) https://t.co/VS7XENUbQi,19/12/2016 01:41,8.10661E+17,en,763,154,2016-12-19 01:41:00,2016-12-19,2016-12,2016,1,Monday,All hail Helen Mirren's selfie game 👑 (via @USATODAY) https://t.co/VS7XENUbQi,t01359
britneyspears,You guys and your #MeanTweets... 😏 Thanks for the laughs @jimmykimmel! http://t.co/5MEbYSUncH,21/11/2014 20:15,5.35889E+17,en,4399,2440,2014-11-21 20:15:00,2014-11-21,2014-11,2014,20,Friday,You guys and your #MeanTweets... 😏 Thanks for the laughs @jimmykimmel! http://t.co/5MEbYSUncH,t01360
theellenshow,"Hapb birthday, @HodaKotb!",09/08/2016 21:35,7.63127E+17,en,2574,214,2016-08-09 21:35:00,2016-08-09,2016-08,2016,21,Tuesday,"Hapb birthday, @HodaKotb!",t01361
cnnbrk,"Typhoon gaining strength as it draws closer to Philippines, where it's expected to make landfall on Christmas Day.  https://t.co/uP2e1SpMg5",24/12/2016 07:51,8.12566E+17,en,355,413,2016-12-24 07:51:00,2016-12-24,2016-12,2016,7,Saturday,"Typhoon gaining strength as it draws closer to Philippines, where it's expected to make landfall on Christmas Day. https://t.co/uP2e1SpMg5",t01362
cristiano,They did. @laulapland @Cristiano @LadyGaga I was there too!! In 1st line! It was the best concert ever. sure your family had the best time,11/12/2010 14:49,1.36062E+16,en,45,115,2010-12-11 14:49:00,2010-12-11,2010-12,2010,14,Saturday,They did. @laulapland @Cristiano @LadyGaga I was there too!! In 1st line! It was the best concert ever. sure your family had the best time,t01363
youtube,Peter and Joanna party like college kids in the latest episode of #SingleBy30. https://t.co/Fnp8pXLoFK 💃💃💃 https://t.co/vqeMsuqGat,31/08/2016 19:58,7.71075E+17,en,1254,256,2016-08-31 19:58:00,2016-08-31,2016-08,2016,19,Wednesday,Peter and Joanna party like college kids in the latest episode of #SingleBy30. https://t.co/Fnp8pXLoFK 💃💃💃 https://t.co/vqeMsuqGat,t01364
kimkardashian,Good night baby http://t.co/ctMmtz6hNY,28/07/2015 04:50,6.25891E+17,en,93052,33939,2015-07-28 04:50:00,2015-07-28,2015-07,2015,4,Tuesday,Good night baby http://t.co/ctMmtz6hNY,t01365
taylorswift13,Pretty obsessed with sarabareilles's video http://t.co/HP9VEjoJSy,14/01/2015 01:48,5.5518E+17,en,19728,8526,2015-01-14 01:48:00,2015-01-14,2015-01,2015,1,Wednesday,Pretty obsessed with sarabareilles's video http://t.co/HP9VEjoJSy,t01366
jimmyfallon,"Rick Perry says he's spent 20 months preparing to run for president. Hillary said, “Call me when you’ve spent 66 YEARS.” #fallonmono",16/09/2014 00:40,5.11676E+17,en,3257,1088,2014-09-16 00:40:00,2014-09-16,2014-09,2014,0,Tuesday,"Rick Perry says he's spent 20 months preparing to run for president. Hillary said, “Call me when you’ve spent 66 YEARS.” #fallonmono",t01367
youtube,@PhillyChic5 You're welcome! Orange you glad about #PrankAcademy?,07/04/2016 21:40,7.18192E+17,en,144,15,2016-04-07 21:40:00,2016-04-07,2016-04,2016,21,Thursday,@PhillyChic5 You're welcome! Orange you glad about #PrankAcademy?,t01368
shakira,"Watch highlights from Shak's album launch event on Thursday in BCN, including a special performance of ""23"": http://t.co/htxEwWzsLN ShakHQ",23/03/2014 19:22,4.47816E+17,en,720,418,2014-03-23 19:22:00,2014-03-23,2014-03,2014,19,Sunday,"Watch highlights from Shak's album launch event on Thursday in BCN, including a special performance of ""23"": http://t.co/htxEwWzsLN ShakHQ",t01369
taylorswift13,Ahhh!!! Atlanta night 2: My backstage guests: T.I. Nelly and Young Jeezy!! @tip @Nelly_Mo @officialTM103 http://t.co/NOYnQdom,03/10/2011 03:18,1.20699E+17,en,951,2483,2011-10-03 03:18:00,2011-10-03,2011-10,2011,3,Monday,Ahhh!!! Atlanta night 2: My backstage guests: T.I. Nelly and Young Jeezy!! @tip @Nelly_Mo @officialTM103 http://t.co/NOYnQdom,t01370
jtimberlake,“@BrianFrasierM: Congrats to my other boss @jtimberlake on winning the @iheartradio Innovator Award tonight!!!… https://t.co/TrZfZH1OxT” 🙏,30/03/2015 06:46,5.82434E+17,en,2067,580,2015-03-30 06:46:00,2015-03-30,2015-03,2015,6,Monday,“@BrianFrasierM: Congrats to my other boss @jtimberlake on winning the @iheartradio Innovator Award tonight!!!… https://t.co/TrZfZH1OxT” 🙏,t01371
taylorswift13,"The highlight of our friendship thus far @HAIMtheband 

PS WE LOVE YOU @Nelly_Mo 
#1989TourStLouis http://t.co/3USBBookRg",30/09/2015 04:47,6.49083E+17,en,28269,11117,2015-09-30 04:47:00,2015-09-30,2015-09,2015,4,Wednesday,The highlight of our friendship thus far @HAIMtheband PS WE LOVE YOU @Nelly_Mo #1989TourStLouis http://t.co/3USBBookRg,t01372
arianagrande,sweet dreams https://t.co/A8jf5tMCmt,06/06/2015 02:54,6.07018E+17,en,20221,10044,2015-06-06 02:54:00,2015-06-06,2015-06,2015,2,Saturday,sweet dreams https://t.co/A8jf5tMCmt,t01373
katyperry,Get a dad that can do it all❗️https://t.co/wgjEROle5M,20/06/2016 18:36,7.44962E+17,en,10699,3223,2016-06-20 18:36:00,2016-06-20,2016-06,2016,18,Monday,Get a dad that can do it all❗️https://t.co/wgjEROle5M,t01374
cristiano,Happy to win the Globe Soccer Award for Best Player of the Year. Thanks for voting in me. http://t.co/R5dawIRIn5,28/12/2013 18:06,4.16994E+17,en,13759,15363,2013-12-28 18:06:00,2013-12-28,2013-12,2013,18,Saturday,Happy to win the Globe Soccer Award for Best Player of the Year. Thanks for voting in me. http://t.co/R5dawIRIn5,t01375
twitter,"#TNF is back this Thursday with #OAKvsKC LIVE on Twitter!

Who's going to win, #RaiderNation or #ChiefsKingdom?
https://t.co/UObnRuqQ0Q",05/12/2016 23:25,8.05916E+17,en,334,128,2016-12-05 23:25:00,2016-12-05,2016-12,2016,23,Monday,"#TNF is back this Thursday with #OAKvsKC LIVE on Twitter! Who's going to win, #RaiderNation or #ChiefsKingdom? https://t.co/UObnRuqQ0Q",t01376
barackobama,"""America is better poised to lead and succeed in the 21st century than any other nation on Earth."" —President Obama #AmericaLeads",02/10/2014 18:51,5.17749E+17,en,706,381,2014-10-02 18:51:00,2014-10-02,2014-10,2014,18,Thursday,"""America is better poised to lead and succeed in the 21st century than any other nation on Earth."" —President Obama #AmericaLeads",t01377
youtube,"Who needs money with friends like these?
 
Get ready for #BrokeShow, a new #YTRedOriginals series starting 9/28.… https://t.co/NrKiuCO9k3",22/09/2016 16:25,7.78994E+17,en,739,121,2016-09-22 16:25:00,2016-09-22,2016-09,2016,16,Thursday,"Who needs money with friends like these? Get ready for #BrokeShow, a new #YTRedOriginals series starting 9/28.… https://t.co/NrKiuCO9k3",t01378
selenagomez,"""I'm sitting pretty on the throne, there's nothing more I want, expect to be alone."" -Lorde http://t.co/xlRgmbSqP8",01/08/2013 18:45,3.63008E+17,en,6708,8990,2013-08-01 18:45:00,2013-08-01,2013-08,2013,18,Thursday,"""I'm sitting pretty on the throne, there's nothing more I want, expect to be alone."" -Lorde http://t.co/xlRgmbSqP8",t01379
kimkardashian,"Feeling so very comfortable eating churros with a bunch of pregnant women! Just what I needed, the perfect chill yummy food birthday!!!!",22/10/2015 04:04,6.57045E+17,en,12461,2177,2015-10-22 04:04:00,2015-10-22,2015-10,2015,4,Thursday,"Feeling so very comfortable eating churros with a bunch of pregnant women! Just what I needed, the perfect chill yummy food birthday!!!!",t01380
barackobama,These fellows are fighting for progress by building new digital organizing skills. Read more: http://t.co/mVjs9ly9wE,25/08/2015 17:27,6.36229E+17,en,854,353,2015-08-25 17:27:00,2015-08-25,2015-08,2015,17,Tuesday,These fellows are fighting for progress by building new digital organizing skills. Read more: http://t.co/mVjs9ly9wE,t01381
kimkardashian,We will restock the savage &amp; turbo thot bike shorts &amp; body suits soon! Xoxoxoxo #KimojiMerch,05/09/2016 14:29,7.72804E+17,en,3708,422,2016-09-05 14:29:00,2016-09-05,2016-09,2016,14,Monday,We will restock the savage & turbo thot bike shorts & body suits soon! Xoxoxoxo #KimojiMerch,t01382
theellenshow,"Happy birthday, @BarackObama! Sending love to you, Michelle, Sasha, Malia, Bo, Sunny and VP Jazzy Joe.",04/08/2015 22:43,6.28698E+17,en,5608,1150,2015-08-04 22:43:00,2015-08-04,2015-08,2015,22,Tuesday,"Happy birthday, @BarackObama! Sending love to you, Michelle, Sasha, Malia, Bo, Sunny and VP Jazzy Joe.",t01383
arianagrande,@bangbangbutera i agree. she will have a moment. for sure.,20/09/2016 22:35,7.78362E+17,en,8018,2343,2016-09-20 22:35:00,2016-09-20,2016-09,2016,22,Tuesday,@bangbangbutera i agree. she will have a moment. for sure.,t01384
arianagrande,@toulousesdiary goodnight my sweet,01/03/2016 04:18,7.04521E+17,en,9543,3123,2016-03-01 04:18:00,2016-03-01,2016-03,2016,4,Tuesday,@toulousesdiary goodnight my sweet,t01385
taylorswift13,"Took a break from the studio to visit the label, where they gave me this! http://t.co/hJnopi5Q",13/12/2011 19:30,1.46673E+17,en,1965,4602,2011-12-13 19:30:00,2011-12-13,2011-12,2011,19,Tuesday,"Took a break from the studio to visit the label, where they gave me this! http://t.co/hJnopi5Q",t01386
shakira,And it was all yellow https://t.co/plSW7eb2YP,11/04/2016 11:15,7.19484E+17,en,9282,1946,2016-04-11 11:15:00,2016-04-11,2016-04,2016,11,Monday,And it was all yellow https://t.co/plSW7eb2YP,t01387
barackobama,"As the #UNGA meets, take a look at the progress we've made thanks to American leadership in the world. https://t.co/b4T0zGccLH",20/09/2016 19:31,7.78316E+17,en,3586,838,2016-09-20 19:31:00,2016-09-20,2016-09,2016,19,Tuesday,"As the #UNGA meets, take a look at the progress we've made thanks to American leadership in the world. https://t.co/b4T0zGccLH",t01388
jtimberlake,Showtime! #InTime,28/10/2011 23:31,1.30064E+17,en,36,149,2011-10-28 23:31:00,2011-10-28,2011-10,2011,23,Friday,Showtime! #InTime,t01389
instagram,"“Often I’ll be somewhere and I’ll see a pile of stuff and think, ‘Should I stick that on my face?’” —prop master Michael Gump",09/12/2015 16:14,6.74623E+17,en,1960,382,2015-12-09 16:14:00,2015-12-09,2015-12,2015,16,Wednesday,"“Often I’ll be somewhere and I’ll see a pile of stuff and think, ‘Should I stick that on my face?’” —prop master Michael Gump",t01390
kimkardashian,GOING SOLO https://t.co/GYYuxZfuQ2 https://t.co/AaDMA7yMNQ,16/02/2016 22:36,6.99724E+17,en,2939,457,2016-02-16 22:36:00,2016-02-16,2016-02,2016,22,Tuesday,GOING SOLO https://t.co/GYYuxZfuQ2 https://t.co/AaDMA7yMNQ,t01391
ladygaga,CONGRATULATIONS CLEVELAND! A real win with a homegrown champion! 🍾💥💥💥🏀🎉#1 https://t.co/htp81DL5by,20/06/2016 02:55,7.44725E+17,en,12738,3859,2016-06-20 02:55:00,2016-06-20,2016-06,2016,2,Monday,CONGRATULATIONS CLEVELAND! A real win with a homegrown champion! 🍾💥💥💥🏀🎉#1 https://t.co/htp81DL5by,t01392
rihanna,"1 big room, full o bad bitches http://t.co/SOQNoHGL",08/11/2012 04:18,2.66394E+17,en,1370,1729,2012-11-08 04:18:00,2012-11-08,2012-11,2012,4,Thursday,"1 big room, full o bad bitches http://t.co/SOQNoHGL",t01393
kimkardashian,@NjCutie75 thank you!,06/08/2016 04:49,7.61786E+17,en,259,43,2016-08-06 04:49:00,2016-08-06,2016-08,2016,4,Saturday,@NjCutie75 thank you!,t01394
barackobama,Read why having nine Supreme Court justices is critical for our judicial system: https://t.co/2M6XYgYlK3 #DoYourJob,13/04/2016 15:46,7.20277E+17,en,2133,777,2016-04-13 15:46:00,2016-04-13,2016-04,2016,15,Wednesday,Read why having nine Supreme Court justices is critical for our judicial system: https://t.co/2M6XYgYlK3 #DoYourJob,t01395
instagram,Twenty surprise visitors arrive at dawn 🐐  https://t.co/mZqkjYrSia,16/05/2016 23:45,7.32356E+17,en,488,83,2016-05-16 23:45:00,2016-05-16,2016-05,2016,23,Monday,Twenty surprise visitors arrive at dawn 🐐 https://t.co/mZqkjYrSia,t01396
youtube,@DaRealWillPower Now that's a #FanFest. We're glad you enjoyed Toronto!,16/08/2016 19:17,7.65629E+17,en,54,4,2016-08-16 19:17:00,2016-08-16,2016-08,2016,19,Tuesday,@DaRealWillPower Now that's a #FanFest. We're glad you enjoyed Toronto!,t01397
ddlovato,Don't let your #CyberMonday end without ordering #DevonneByDemi!FREE SHIPPING &amp; 10% OFF (😜💜) https://t.co/PfGJMeuO0t https://t.co/8Nkj0bSaoa,01/12/2015 00:15,6.71483E+17,en,10864,5363,2015-12-01 00:15:00,2015-12-01,2015-12,2015,0,Tuesday,Don't let your #CyberMonday end without ordering #DevonneByDemi!FREE SHIPPING & 10% OFF (😜💜) https://t.co/PfGJMeuO0t https://t.co/8Nkj0bSaoa,t01398
taylorswift13,"When 'Worth It' comes on @1027KIISFM and you're in the car with @camilacabello97.... and all chill is lost.
http://t.co/zLeAeFcEag",31/03/2015 04:33,5.82763E+17,en,37589,24819,2015-03-31 04:33:00,2015-03-31,2015-03,2015,4,Tuesday,When 'Worth It' comes on @1027KIISFM and you're in the car with @camilacabello97.... and all chill is lost. http://t.co/zLeAeFcEag,t01399
kimkardashian,Thx everyone who came out to #TheMasterClass! I hope you learned some amazing make up tricks from @makeupbymario &amp; I http://t.co/cmn1uNvVMi,26/07/2015 19:26,6.25387E+17,en,5022,853,2015-07-26 19:26:00,2015-07-26,2015-07,2015,19,Sunday,Thx everyone who came out to #TheMasterClass! I hope you learned some amazing make up tricks from @makeupbymario & I http://t.co/cmn1uNvVMi,t01400
youtube,"Spin if you love Santa.

@SheAndHim sing “Winter Wonderland” → https://t.co/LYAXwxhcyc https://t.co/bkXpHfUXFA",10/12/2016 23:30,8.07729E+17,en,1983,431,2016-12-10 23:30:00,2016-12-10,2016-12,2016,23,Saturday,Spin if you love Santa. @SheAndHim sing “Winter Wonderland” → https://t.co/LYAXwxhcyc https://t.co/bkXpHfUXFA,t01401
cnnbrk,"Gunman who killed the Russian ambassador to Turkey in Ankara was off-duty police officer, a Turkish official says… https://t.co/Ox5UYhqQfZ",19/12/2016 19:31,8.10931E+17,en,1246,1869,2016-12-19 19:31:00,2016-12-19,2016-12,2016,19,Monday,"Gunman who killed the Russian ambassador to Turkey in Ankara was off-duty police officer, a Turkish official says… https://t.co/Ox5UYhqQfZ",t01402
instagram,Photographing nostalgia with @fotografe https://t.co/uKCAdeqB1J,20/10/2016 17:30,7.89157E+17,en,569,92,2016-10-20 17:30:00,2016-10-20,2016-10,2016,17,Thursday,Photographing nostalgia with @fotografe https://t.co/uKCAdeqB1J,t01403
jtimberlake,Hahahahahahahaha! That's the haircut and that's the jumper. #handdownmandown https://t.co/ZHQjiEjKFv,02/12/2015 20:51,6.72156E+17,en,3155,1154,2015-12-02 20:51:00,2015-12-02,2015-12,2015,20,Wednesday,Hahahahahahahaha! That's the haircut and that's the jumper. #handdownmandown https://t.co/ZHQjiEjKFv,t01404
youtube,@BailieInABottle Sorry Kermie! 😅,11/01/2017 23:14,8.19322E+17,en,12,1,2017-01-11 23:14:00,2017-01-11,2017-01,2017,23,Wednesday,@BailieInABottle Sorry Kermie! 😅,t01405
cnnbrk,Iran says it has executed nuclear scientist accused of spying for US. https://t.co/zW87S13HiF https://t.co/AkMU3RIsPi,07/08/2016 13:59,7.62287E+17,en,398,482,2016-08-07 13:59:00,2016-08-07,2016-08,2016,13,Sunday,Iran says it has executed nuclear scientist accused of spying for US. https://t.co/zW87S13HiF https://t.co/AkMU3RIsPi,t01406
cristiano,Breakfast time in my spot👍👍👍🇵🇹 https://t.co/UKNVZROzYn,22/12/2016 11:46,8.11901E+17,en,23118,4104,2016-12-22 11:46:00,2016-12-22,2016-12,2016,11,Thursday,Breakfast time in my spot👍👍👍🇵🇹 https://t.co/UKNVZROzYn,t01407
twitter,"Tweet for World Aids Day now, because by 2015 no child should be born with HIV http://t.co/VmMLScB #turnred",01/12/2010 18:50,1.0043E+16,en,106,1687,2010-12-01 18:50:00,2010-12-01,2010-12,2010,18,Wednesday,"Tweet for World Aids Day now, because by 2015 no child should be born with HIV http://t.co/VmMLScB #turnred",t01408
ddlovato,@brannan1995 not true at all. That shit doesn't bother me anymore,07/01/2016 01:44,6.84913E+17,en,3642,2167,2016-01-07 01:44:00,2016-01-07,2016-01,2016,1,Thursday,@brannan1995 not true at all. That shit doesn't bother me anymore,t01409
ddlovato,Just finished a killer workout while saaaaannnggin to the powerful and incredible @xtina 👏👏👏,06/02/2015 16:53,5.63742E+17,en,22557,13695,2015-02-06 16:53:00,2015-02-06,2015-02,2015,16,Friday,Just finished a killer workout while saaaaannnggin to the powerful and incredible @xtina 👏👏👏,t01410
instagram,Add this your reading list: the best hashtags and accounts for book lovers (via @TandCmag) https://t.co/sSr6sgFswr,14/04/2016 13:00,7.20598E+17,en,1072,260,2016-04-14 13:00:00,2016-04-14,2016-04,2016,13,Thursday,Add this your reading list: the best hashtags and accounts for book lovers (via @TandCmag) https://t.co/sSr6sgFswr,t01411
britneyspears,Malibu melts my heart http://t.co/jsDXAYXOHo,26/06/2015 22:34,6.14562E+17,en,6006,2155,2015-06-26 22:34:00,2015-06-26,2015-06,2015,22,Friday,Malibu melts my heart http://t.co/jsDXAYXOHo,t01412
cristiano,I really like this photo from Lilian and Enrique in Mexico! - http://t.co/rAbbTZuS,23/10/2012 21:48,2.6086E+17,en,564,1008,2012-10-23 21:48:00,2012-10-23,2012-10,2012,21,Tuesday,I really like this photo from Lilian and Enrique in Mexico! - http://t.co/rAbbTZuS,t01413
cristiano,History ❤️❤️ https://t.co/7FAK9kbWUC,11/07/2016 09:11,7.5243E+17,en,141065,69284,2016-07-11 09:11:00,2016-07-11,2016-07,2016,9,Monday,History ❤️❤️ https://t.co/7FAK9kbWUC,t01414
arianagrande,"personally...... I consider October ""nearby future"" 👼👼👼👼👼👼👼👼👼👼👼😈😈😈😈😈😈",02/09/2015 21:51,6.39194E+17,en,35301,20144,2015-09-02 21:51:00,2015-09-02,2015-09,2015,21,Wednesday,"personally...... I consider October ""nearby future"" 👼👼👼👼👼👼👼👼👼👼👼😈😈😈😈😈😈",t01415
twitter,"Lighting up the world, #LoveIsLove 
https://t.co/0HuPPPPoDf https://t.co/RdH6I8KNB0",02/06/2016 22:43,7.38501E+17,en,1881,997,2016-06-02 22:43:00,2016-06-02,2016-06,2016,22,Thursday,"Lighting up the world, #LoveIsLove https://t.co/0HuPPPPoDf https://t.co/RdH6I8KNB0",t01416
cnnbrk,Secretary of State John Kerry warns two-state solution to Israeli-Palestinian conflict is 'in serious jeopardy.'… https://t.co/KkgRH6qm1c,28/12/2016 16:43,8.1415E+17,en,672,459,2016-12-28 16:43:00,2016-12-28,2016-12,2016,16,Wednesday,Secretary of State John Kerry warns two-state solution to Israeli-Palestinian conflict is 'in serious jeopardy.'… https://t.co/KkgRH6qm1c,t01417
katyperry,Xmas treasure hunt is on! Clues all wk to make my Moschino dress from #KatyPerryPop yours! https://t.co/0PwrG313kr https://t.co/oUMsmHPAmz,25/12/2015 04:07,6.80238E+17,en,21415,6073,2015-12-25 04:07:00,2015-12-25,2015-12,2015,4,Friday,Xmas treasure hunt is on! Clues all wk to make my Moschino dress from #KatyPerryPop yours! https://t.co/0PwrG313kr https://t.co/oUMsmHPAmz,t01418
selenagomez,Just landed I'm the US after being gone for 4 months! YAY! I've missed my home but had such an amazing time!,09/07/2010 20:03,18144086350,en,246,695,2010-07-09 20:03:00,2010-07-09,2010-07,2010,20,Friday,Just landed I'm the US after being gone for 4 months! YAY! I've missed my home but had such an amazing time!,t01419
rihanna,Hung. Over.,06/01/2014 01:43,4.20008E+17,en,8219,4742,2014-01-06 01:43:00,2014-01-06,2014-01,2014,1,Monday,Hung. Over.,t01420
jtimberlake,"What's really good, Cooper?!?! #hatgamestrong https://t.co/DW602dFotM",22/02/2016 02:08,7.01589E+17,en,2917,528,2016-02-22 02:08:00,2016-02-22,2016-02,2016,2,Monday,"What's really good, Cooper?!?! #hatgamestrong https://t.co/DW602dFotM",t01421
kimkardashian,this moment was like unreal!!! https://t.co/7mfCZxrn45,18/01/2016 02:23,6.8891E+17,en,2240,412,2016-01-18 02:23:00,2016-01-18,2016-01,2016,2,Monday,this moment was like unreal!!! https://t.co/7mfCZxrn45,t01422
barackobama,"“We want to educate people, we want to listen to folks, we want to hear good ideas from all sources."" —President Obama #ACAWorks",01/07/2015 18:59,6.1632E+17,en,1864,815,2015-07-01 18:59:00,2015-07-01,2015-07,2015,18,Wednesday,"“We want to educate people, we want to listen to folks, we want to hear good ideas from all sources."" —President Obama #ACAWorks",t01423
jtimberlake,"""@BradLeahking: @jtimberlake is it true you were in New Hampshire... No. But that's a funny enough rumor that I don't care if you spread it.",06/05/2012 02:25,1.98962E+17,en,95,116,2012-05-06 02:25:00,2012-05-06,2012-05,2012,2,Sunday,"""@BradLeahking: @jtimberlake is it true you were in New Hampshire... No. But that's a funny enough rumor that I don't care if you spread it.",t01424
britneyspears,@arianafrankie3 Cool! That's a good one. xo,03/09/2014 21:54,5.07285E+17,en,402,248,2014-09-03 21:54:00,2014-09-03,2014-09,2014,21,Wednesday,@arianafrankie3 Cool! That's a good one. xo,t01425
britneyspears,"#ScreamingAndShouting! #1 on iTunes, this is amazing. Congrats @iamwill, so happy 2 share this moment w U! And thx 2 all our beautiful fans!",29/11/2012 20:10,2.74244E+17,en,1090,2476,2012-11-29 20:10:00,2012-11-29,2012-11,2012,20,Thursday,"#ScreamingAndShouting! #1 on iTunes, this is amazing. Congrats @iamwill, so happy 2 share this moment w U! And thx 2 all our beautiful fans!",t01426
ladygaga,@haley_davies thank u girl! 😎,25/09/2016 03:53,7.79892E+17,en,2351,693,2016-09-25 03:53:00,2016-09-25,2016-09,2016,3,Sunday,@haley_davies thank u girl! 😎,t01427
cristiano,Want to join me when Real Madrid plays El Clasico? ✈⚽ ENTER: http://t.co/beGMnoVLvB and you can help a great cause. http://t.co/P4CNuR0lI3,15/10/2015 11:30,6.5462E+17,en,11574,3480,2015-10-15 11:30:00,2015-10-15,2015-10,2015,11,Thursday,Want to join me when Real Madrid plays El Clasico? ✈⚽ ENTER: http://t.co/beGMnoVLvB and you can help a great cause. http://t.co/P4CNuR0lI3,t01428
theellenshow,Upload a sweet moment to ellentube with #MySweetStory &amp; you could win $10k from @MyMMscom! Sounds pretty sweet to me https://t.co/kcTzEcyLtX,16/11/2015 20:47,6.66357E+17,en,1531,319,2015-11-16 20:47:00,2015-11-16,2015-11,2015,20,Monday,Upload a sweet moment to ellentube with #MySweetStory & you could win $10k from @MyMMscom! Sounds pretty sweet to me https://t.co/kcTzEcyLtX,t01429
ladygaga,#CheekToCheek is also available @GooglePlay! DELUXE: http://t.co/bSDF5izsTg STANDARD: http://t.co/Wmjg50wjyi 🎺,01/10/2014 22:12,5.17437E+17,en,2535,1825,2014-10-01 22:12:00,2014-10-01,2014-10,2014,22,Wednesday,#CheekToCheek is also available @GooglePlay! DELUXE: http://t.co/bSDF5izsTg STANDARD: http://t.co/Wmjg50wjyi 🎺,t01430
instagram,.@InstagramMusic wants to see your best fan photos #MHPfanclub https://t.co/PSz8rNfIp1 https://t.co/IoHgSzoVDv,21/10/2015 02:49,6.56663E+17,en,2229,563,2015-10-21 02:49:00,2015-10-21,2015-10,2015,2,Wednesday,.@InstagramMusic wants to see your best fan photos #MHPfanclub https://t.co/PSz8rNfIp1 https://t.co/IoHgSzoVDv,t01431
barackobama,Repealing #Obamacare would leave 19 million Americans without the security of health care: http://t.co/7Rv61ie5L4,22/06/2015 18:52,6.13057E+17,en,1580,864,2015-06-22 18:52:00,2015-06-22,2015-06,2015,18,Monday,Repealing #Obamacare would leave 19 million Americans without the security of health care: http://t.co/7Rv61ie5L4,t01432
youtube,He’s the Son of Fire and he’s funky as hell. https://t.co/uBZZhM0MTy https://t.co/UuwpxReJ8T,03/04/2016 15:00,7.16641E+17,en,1596,237,2016-04-03 15:00:00,2016-04-03,2016-04,2016,15,Sunday,He’s the Son of Fire and he’s funky as hell. https://t.co/uBZZhM0MTy https://t.co/UuwpxReJ8T,t01433
cnnbrk,"A psychiatric team responded to the El Cajon incident but didn't arrive until after the shooting, police chief says… https://t.co/PD60z0tkQQ",30/09/2016 22:29,7.81984E+17,en,232,191,2016-09-30 22:29:00,2016-09-30,2016-09,2016,22,Friday,"A psychiatric team responded to the El Cajon incident but didn't arrive until after the shooting, police chief says… https://t.co/PD60z0tkQQ",t01434
ladygaga,"A self-portrait In a pant suit By SELF-PORTRAIT. This is my escape suit, when I gotta make a quick… https://t.co/o0h6vUQvY3",27/04/2015 16:13,5.92723E+17,en,5685,3114,2015-04-27 16:13:00,2015-04-27,2015-04,2015,16,Monday,"A self-portrait In a pant suit By SELF-PORTRAIT. This is my escape suit, when I gotta make a quick… https://t.co/o0h6vUQvY3",t01435
britneyspears,Can’t wait to see you all at #PieceOfMe tomorrow night 😘 https://t.co/YyQy9OkSVr,29/10/2016 06:32,7.92253E+17,en,3253,751,2016-10-29 06:32:00,2016-10-29,2016-10,2016,6,Saturday,Can’t wait to see you all at #PieceOfMe tomorrow night 😘 https://t.co/YyQy9OkSVr,t01436
selenagomez,"Dallas!!!!!!! Are you ready?  I am so excited to perform in front of my hometown. Don’t forget to take a picture,... http://t.co/75xNMMi",30/08/2011 23:48,1.08688E+17,en,827,2186,2011-08-30 23:48:00,2011-08-30,2011-08,2011,23,Tuesday,"Dallas!!!!!!! Are you ready? I am so excited to perform in front of my hometown. Don’t forget to take a picture,... http://t.co/75xNMMi",t01437
youtube,"Why you gotta do us like that, asparagus? https://t.co/vK7Xp0ynKN https://t.co/B3aisgsuIg",16/04/2016 00:30,7.21134E+17,en,1317,185,2016-04-16 00:30:00,2016-04-16,2016-04,2016,0,Saturday,"Why you gotta do us like that, asparagus? https://t.co/vK7Xp0ynKN https://t.co/B3aisgsuIg",t01438
shakira,I'm heading to the UK to perform #CantRememberToForgetYou on @BBCTheVoiceUK on March 29th. Can't wait to be back in London! Shak,16/02/2014 18:31,4.35119E+17,en,1805,1194,2014-02-16 18:31:00,2014-02-16,2014-02,2014,18,Sunday,I'm heading to the UK to perform #CantRememberToForgetYou on @BBCTheVoiceUK on March 29th. Can't wait to be back in London! Shak,t01439
theellenshow,"In honor of @CameronDiaz being on my show today, happy #TBT. https://t.co/1U8VpdRhPw",05/05/2016 17:56,7.28282E+17,en,7647,852,2016-05-05 17:56:00,2016-05-05,2016-05,2016,17,Thursday,"In honor of @CameronDiaz being on my show today, happy #TBT. https://t.co/1U8VpdRhPw",t01440
arianagrande,"ugh.. I love u my outspoken, feminist mama. #EveryonesInterests #MenReadCosmoAndVogue #WomenReadForbesAndRobbReport  https://t.co/DD2HPDtAWy",18/10/2015 18:37,6.55815E+17,en,23452,11910,2015-10-18 18:37:00,2015-10-18,2015-10,2015,18,Sunday,"ugh.. I love u my outspoken, feminist mama. #EveryonesInterests #MenReadCosmoAndVogue #WomenReadForbesAndRobbReport https://t.co/DD2HPDtAWy",t01441
britneyspears,@davidhanna happy birthday david!!!,28/07/2013 01:34,3.61299E+17,en,154,159,2013-07-28 01:34:00,2013-07-28,2013-07,2013,1,Sunday,@davidhanna happy birthday david!!!,t01442
britneyspears,It's been lovely chatting with u all! Gotta get back to the grind now. We'll talk more soon. Xo,03/08/2013 22:36,3.63791E+17,en,2215,2511,2013-08-03 22:36:00,2013-08-03,2013-08,2013,22,Saturday,It's been lovely chatting with u all! Gotta get back to the grind now. We'll talk more soon. Xo,t01443
jtimberlake,"""@Snoopy_Dancing: @jtimberlake @BrockStephenso1 JT, my man! It should be, 'How are... I'm from Memphis. That's how we talk. Haha!",06/12/2012 21:45,2.76805E+17,en,79,82,2012-12-06 21:45:00,2012-12-06,2012-12,2012,21,Thursday,"""@Snoopy_Dancing: @jtimberlake @BrockStephenso1 JT, my man! It should be, 'How are... I'm from Memphis. That's how we talk. Haha!",t01444
selenagomez,Ill be crashing on your couch when the silence gets too loud http://t.co/6j4n6cfe6J,20/07/2013 21:31,3.58701E+17,en,6286,8722,2013-07-20 21:31:00,2013-07-20,2013-07,2013,21,Saturday,Ill be crashing on your couch when the silence gets too loud http://t.co/6j4n6cfe6J,t01445
justinbieber,I got plans #WhatDoYouMean,30/07/2015 02:45,6.26584E+17,en,74995,71483,2015-07-30 02:45:00,2015-07-30,2015-07,2015,2,Thursday,I got plans #WhatDoYouMean,t01446
ladygaga,@AmyGrimesSuxx Anything Goes! 😍,21/09/2014 22:37,5.13819E+17,en,1568,816,2014-09-21 22:37:00,2014-09-21,2014-09,2014,22,Sunday,@AmyGrimesSuxx Anything Goes! 😍,t01447
britneyspears,"If I’m Dancing: “If I’m dancing, I know the music’s good”… Are you dancing?   #GloryStreamingParty",27/08/2016 18:52,7.69609E+17,en,5097,2000,2016-08-27 18:52:00,2016-08-27,2016-08,2016,18,Saturday,"If I’m Dancing: “If I’m dancing, I know the music’s good”… Are you dancing? #GloryStreamingParty",t01448
ddlovato,@PerezHilton relax.. I didn't shade anyone. If anything I shaded myself from how awkward I look 😂,04/05/2016 02:23,7.27685E+17,en,10514,5347,2016-05-04 02:23:00,2016-05-04,2016-05,2016,2,Wednesday,@PerezHilton relax.. I didn't shade anyone. If anything I shaded myself from how awkward I look 😂,t01449
ladygaga,Surprise B🔪tch. https://t.co/ChrfXXzeyU,19/10/2016 03:32,7.88584E+17,en,26297,13575,2016-10-19 03:32:00,2016-10-19,2016-10,2016,3,Wednesday,Surprise B🔪tch. https://t.co/ChrfXXzeyU,t01450
instagram,Featured submissions from this weekend’s hashtag project: #WHPsightsandsounds https://t.co/T1DSKjwhX4 https://t.co/rcfJDmobvG,01/03/2016 14:00,7.04668E+17,en,1169,216,2016-03-01 14:00:00,2016-03-01,2016-03,2016,14,Tuesday,Featured submissions from this weekend’s hashtag project: #WHPsightsandsounds https://t.co/T1DSKjwhX4 https://t.co/rcfJDmobvG,t01451
jtimberlake,RT @OriginOfGeorgia @jtimberlake What is it that interested you about #intime,28/10/2011 23:53,1.3007E+17,en,19,23,2011-10-28 23:53:00,2011-10-28,2011-10,2011,23,Friday,RT @OriginOfGeorgia @jtimberlake What is it that interested you about #intime,t01452
katyperry,This was one of my favorite parts of the night. ❤️ https://t.co/m7k6AvrFNl,16/10/2016 07:30,7.87556E+17,en,7579,1872,2016-10-16 07:30:00,2016-10-16,2016-10,2016,7,Sunday,This was one of my favorite parts of the night. ❤️ https://t.co/m7k6AvrFNl,t01453
selenagomez,So excited to share with you the official tracklist for #WhenTheSunGoesDown http://bit.ly/jt1TGh,01/06/2011 15:37,7.59491E+16,en,838,2856,2011-06-01 15:37:00,2011-06-01,2011-06,2011,15,Wednesday,So excited to share with you the official tracklist for #WhenTheSunGoesDown http://bit.ly/jt1TGh,t01454
ladygaga,"Excited to watch #ScreamQueens tonight at 9pm on FOX, when we show an exclusive preview scene from #AHSHotel! 💋",29/09/2015 20:47,6.48962E+17,en,10736,6496,2015-09-29 20:47:00,2015-09-29,2015-09,2015,20,Tuesday,"Excited to watch #ScreamQueens tonight at 9pm on FOX, when we show an exclusive preview scene from #AHSHotel! 💋",t01455
selenagomez,Had so much fun at Jay Leno last night.  What did you guys think? http://t.co/sfgYg8lC,20/09/2011 18:37,1.1622E+17,en,587,1528,2011-09-20 18:37:00,2011-09-20,2011-09,2011,18,Tuesday,Had so much fun at Jay Leno last night. What did you guys think? http://t.co/sfgYg8lC,t01456
katyperry,SISTERS ARE DOIN' IT FOR THEMSELVES! 🙌🏻💪🏻❤️ https://t.co/0shuUYUBEv,10/01/2017 05:22,8.18689E+17,en,17620,4655,2017-01-10 05:22:00,2017-01-10,2017-01,2017,5,Tuesday,SISTERS ARE DOIN' IT FOR THEMSELVES! 🙌🏻💪🏻❤️ https://t.co/0shuUYUBEv,t01457
jtimberlake,"“@GatorMom1983: Are we really talking about facts?? Or rumors? Where do you get your info? Blogs? C'mon, love!!! Don't assume.",23/07/2013 20:49,3.59777E+17,en,512,230,2013-07-23 20:49:00,2013-07-23,2013-07,2013,20,Tuesday,"“@GatorMom1983: Are we really talking about facts?? Or rumors? Where do you get your info? Blogs? C'mon, love!!! Don't assume.",t01458
selenagomez,Ahh I don't know. Maybe Body Heat  https://t.co/b5dYBJrI9q,09/10/2015 16:26,6.5252E+17,en,8863,5932,2015-10-09 16:26:00,2015-10-09,2015-10,2015,16,Friday,Ahh I don't know. Maybe Body Heat https://t.co/b5dYBJrI9q,t01459
instagram,Lady longboard power in Russia ❤️ #BoomerangOfTheWeek  https://t.co/yfxpfQBU81,30/07/2016 19:30,7.59471E+17,en,711,138,2016-07-30 19:30:00,2016-07-30,2016-07,2016,19,Saturday,Lady longboard power in Russia ❤️ #BoomerangOfTheWeek https://t.co/yfxpfQBU81,t01460
cristiano,"Thank you guys, your #support is #amazing. http://t.co/6qHVfedwEv",06/08/2013 21:04,3.64855E+17,en,1500,2245,2013-08-06 21:04:00,2013-08-06,2013-08,2013,21,Tuesday,"Thank you guys, your #support is #amazing. http://t.co/6qHVfedwEv",t01461
jimmyfallon,"Hashtag game! Tweet out something funny, weird, or embarrassing that
happened at a wedding and tag with #WeddingFail. Could be on our show!",23/03/2016 20:01,7.12731E+17,en,3668,531,2016-03-23 20:01:00,2016-03-23,2016-03,2016,20,Wednesday,"Hashtag game! Tweet out something funny, weird, or embarrassing that happened at a wedding and tag with #WeddingFail. Could be on our show!",t01462
jtimberlake,".@akelly728 Aaah!!! Finally... Somebody lets me know that they understood the fun of what I was doing..! Thank you, Alicia. Thank you.",21/06/2012 03:36,2.15649E+17,en,65,50,2012-06-21 03:36:00,2012-06-21,2012-06,2012,3,Thursday,".@akelly728 Aaah!!! Finally... Somebody lets me know that they understood the fun of what I was doing..! Thank you, Alicia. Thank you.",t01463
theellenshow,"Taking time to meet Young Dylan is reason 98,660,706 why I love you, @Drake. https://t.co/cyiARYbP6Z",17/11/2016 20:50,7.99354E+17,en,6503,1288,2016-11-17 20:50:00,2016-11-17,2016-11,2016,20,Thursday,"Taking time to meet Young Dylan is reason 98,660,706 why I love you, @Drake. https://t.co/cyiARYbP6Z",t01464
rihanna,Thank you @SuchAF__cKnLADY and @GnLstudios for collaborating on this with @HardRock and #TheClaraLionelFoundation http://t.co/KtTNYF3c6v,05/06/2014 13:48,4.74548E+17,en,8117,3896,2014-06-05 13:48:00,2014-06-05,2014-06,2014,13,Thursday,Thank you @SuchAF__cKnLADY and @GnLstudios for collaborating on this with @HardRock and #TheClaraLionelFoundation http://t.co/KtTNYF3c6v,t01465
barackobama,"""We're free and safe and secure over here because you're willing to serve over there."" —President Obama #JoiningForces",15/12/2014 20:08,5.44585E+17,en,1104,540,2014-12-15 20:08:00,2014-12-15,2014-12,2014,20,Monday,"""We're free and safe and secure over here because you're willing to serve over there."" —President Obama #JoiningForces",t01466
barackobama,Record-breaking temperatures in October keeps 2015 on track to be the hottest year ever: https://t.co/CplyuXjhDU,20/11/2015 19:34,6.67788E+17,en,1755,1203,2015-11-20 19:34:00,2015-11-20,2015-11,2015,19,Friday,Record-breaking temperatures in October keeps 2015 on track to be the hottest year ever: https://t.co/CplyuXjhDU,t01467
theellenshow,Happy #YoureWelcomeWednesday! http://t.co/PT5ynaz1qX,17/06/2015 22:39,6.11302E+17,en,3944,1147,2015-06-17 22:39:00,2015-06-17,2015-06,2015,22,Wednesday,Happy #YoureWelcomeWednesday! http://t.co/PT5ynaz1qX,t01468
jimmyfallon,We would LOVE to. https://t.co/nfov0MI0GT,08/04/2016 12:40,7.18418E+17,en,1807,221,2016-04-08 12:40:00,2016-04-08,2016-04,2016,12,Friday,We would LOVE to. https://t.co/nfov0MI0GT,t01469
katyperry,@yourperrydise *saves photo*,23/07/2016 07:47,7.56758E+17,en,2485,646,2016-07-23 07:47:00,2016-07-23,2016-07,2016,7,Saturday,@yourperrydise *saves photo*,t01470
jimmyfallon,Megan Fox and @NickCannon face off against @wizkhalifa and me in a game of Pictionary https://t.co/S7t8DsPgmu #FallonTonight,07/08/2014 14:08,4.97384E+17,en,973,279,2014-08-07 14:08:00,2014-08-07,2014-08,2014,14,Thursday,Megan Fox and @NickCannon face off against @wizkhalifa and me in a game of Pictionary https://t.co/S7t8DsPgmu #FallonTonight,t01471
arianagrande,"'tonight we say yes' @madonna raisingmalawi ♡ of all the reasons I live for / adore you, your… https://t.co/QZJJy7sXLi",03/12/2016 05:04,8.04914E+17,en,21312,5986,2016-12-03 05:04:00,2016-12-03,2016-12,2016,5,Saturday,"'tonight we say yes' @madonna raisingmalawi ♡ of all the reasons I live for / adore you, your… https://t.co/QZJJy7sXLi",t01472
theellenshow,"Ambrose Jones, you killed it tonight on #LastComic",23/07/2015 04:25,6.24073E+17,en,1751,263,2015-07-23 04:25:00,2015-07-23,2015-07,2015,4,Thursday,"Ambrose Jones, you killed it tonight on #LastComic",t01473
ladygaga,Mommy can u please play with me while you sign Cheek To Cheek. Treats? Badgers? http://t.co/8Et1Sbtm6p,15/11/2014 18:21,5.33686E+17,en,3794,2656,2014-11-15 18:21:00,2014-11-15,2014-11,2014,18,Saturday,Mommy can u please play with me while you sign Cheek To Cheek. Treats? Badgers? http://t.co/8Et1Sbtm6p,t01474
kimkardashian,Let’s go East Coast! Only 30 more min until a brand new #KUWTK,04/10/2015 23:27,6.50814E+17,en,1853,447,2015-10-04 23:27:00,2015-10-04,2015-10,2015,23,Sunday,Let’s go East Coast! Only 30 more min until a brand new #KUWTK,t01475
barackobama,"If you don't have health insurance, #GetCovered today: http://t.co/sNkyTfr9y5",08/01/2015 15:20,5.5321E+17,en,1042,681,2015-01-08 15:20:00,2015-01-08,2015-01,2015,15,Thursday,"If you don't have health insurance, #GetCovered today: http://t.co/sNkyTfr9y5",t01476
cnnbrk,"At least 35 people have been killed and 40 injured in a nightclub attack in Istanbul, the city's governor says. https://t.co/4pgwi1X8wq",01/01/2017 00:36,8.15356E+17,en,874,1548,2017-01-01 00:36:00,2017-01-01,2017-01,2017,0,Sunday,"At least 35 people have been killed and 40 injured in a nightclub attack in Istanbul, the city's governor says. https://t.co/4pgwi1X8wq",t01477
kimkardashian,Moms! http://t.co/N1DX5JS7rc,13/10/2015 19:52,6.54022E+17,en,9169,1783,2015-10-13 19:52:00,2015-10-13,2015-10,2015,19,Tuesday,Moms! http://t.co/N1DX5JS7rc,t01478
barackobama,"Watch: Immigration reform, raising the minimum wage, college affordability—it's time for economic #OpportunityForAll. http://t.co/sOOLCETseJ",26/08/2014 19:51,5.04355E+17,en,964,573,2014-08-26 19:51:00,2014-08-26,2014-08,2014,19,Tuesday,"Watch: Immigration reform, raising the minimum wage, college affordability—it's time for economic #OpportunityForAll. http://t.co/sOOLCETseJ",t01479
cnnbrk,"US Air Force grounds F-35 Joint Strike Fighters, just over a month after they were declared ""combat ready."" https://t.co/QsMmm8pD56",16/09/2016 23:57,7.76933E+17,en,460,360,2016-09-16 23:57:00,2016-09-16,2016-09,2016,23,Friday,"US Air Force grounds F-35 Joint Strike Fighters, just over a month after they were declared ""combat ready."" https://t.co/QsMmm8pD56",t01480
ddlovato,#IVotedNJVMA… have you?!? http://t.co/SbZr7mgvuE #VMAs @MTV,12/08/2015 22:37,6.31595E+17,en,10882,7594,2015-08-12 22:37:00,2015-08-12,2015-08,2015,22,Wednesday,#IVotedNJVMA… have you?!? http://t.co/SbZr7mgvuE #VMAs @MTV,t01481
jimmyfallon,Free scoops downstairs at 30 Rock!! @benandjerrys 50th and 6th. 12-1. #TheTonightDough new flavor!!! http://t.co/0SrXwQ5mvZ,18/02/2015 16:55,5.68091E+17,en,1582,444,2015-02-18 16:55:00,2015-02-18,2015-02,2015,16,Wednesday,Free scoops downstairs at 30 Rock!! @benandjerrys 50th and 6th. 12-1. #TheTonightDough new flavor!!! http://t.co/0SrXwQ5mvZ,t01482
twitter,A ton of Q's came in but @ev can't type fast enough to get to all of them. Let's do this again soon when you all have access to #newtwitter,17/09/2010 21:06,24791826507,en,53,72,2010-09-17 21:06:00,2010-09-17,2010-09,2010,21,Friday,A ton of Q's came in but @ev can't type fast enough to get to all of them. Let's do this again soon when you all have access to #newtwitter,t01483
youtube,"Eruption selfie! 

Close-Up View of Mount Semeru Volcano → https://t.co/ErCU7BU3zV https://t.co/s5UhOK6UyJ",10/09/2016 19:00,7.74684E+17,en,1852,361,2016-09-10 19:00:00,2016-09-10,2016-09,2016,19,Saturday,Eruption selfie! Close-Up View of Mount Semeru Volcano → https://t.co/ErCU7BU3zV https://t.co/s5UhOK6UyJ,t01484
jtimberlake,#OfficialVideo of #CantStopTheFeeling. Starts. Now!  https://t.co/5z6E12JO5R,17/05/2016 04:03,7.32421E+17,en,7202,3914,2016-05-17 04:03:00,2016-05-17,2016-05,2016,4,Tuesday,#OfficialVideo of #CantStopTheFeeling. Starts. Now! https://t.co/5z6E12JO5R,t01485
theellenshow,"My digital team won an Emmy! I’m not sure what it’s for exactly, but I think it has something to do with this tweet.",04/05/2016 23:31,7.28004E+17,en,7378,582,2016-05-04 23:31:00,2016-05-04,2016-05,2016,23,Wednesday,"My digital team won an Emmy! I’m not sure what it’s for exactly, but I think it has something to do with this tweet.",t01486
rihanna,I got the BEST PHUCKIN TEAM!!! #period #clique Each of you play such a crucial part in this whole movement! Thank you all #1Love,09/03/2013 08:40,3.10309E+17,en,1738,2679,2013-03-09 08:40:00,2013-03-09,2013-03,2013,8,Saturday,I got the BEST PHUCKIN TEAM!!! #period #clique Each of you play such a crucial part in this whole movement! Thank you all #1Love,t01487
jtimberlake,"I love you guys. But, this teasing is just too much fun! Tick, tock, tick, tock... #YouNeverKnow #JT2013 http://t.co/qdCDVTSR",11/01/2013 19:14,2.89812E+17,en,1776,3460,2013-01-11 19:14:00,2013-01-11,2013-01,2013,19,Friday,"I love you guys. But, this teasing is just too much fun! Tick, tock, tick, tock... #YouNeverKnow #JT2013 http://t.co/qdCDVTSR",t01488
katyperry,Over 72 million served! Thanks for the award RIAA! #THISISHOWWEDO💁 http://t.co/q71EYFIZv7,26/06/2014 18:37,4.82231E+17,en,7088,4542,2014-06-26 18:37:00,2014-06-26,2014-06,2014,18,Thursday,Over 72 million served! Thanks for the award RIAA! #THISISHOWWEDO💁 http://t.co/q71EYFIZv7,t01489
cristiano,"Ready to play fast! Thanks @nikefootball ⚽🏃🏽💨💥
Get the new #Mercurial first 📲: https://t.co/GzCcnReVsP https://t.co/RSXxPTTowp",17/05/2016 07:11,7.32469E+17,en,17677,4256,2016-05-17 07:11:00,2016-05-17,2016-05,2016,7,Tuesday,Ready to play fast! Thanks @nikefootball ⚽🏃🏽💨💥 Get the new #Mercurial first 📲: https://t.co/GzCcnReVsP https://t.co/RSXxPTTowp,t01490
youtube,@OliviaHas2Moms Now that is one patriotic painting. 🇺🇸 #voteIRL,23/09/2016 14:13,7.79323E+17,en,9,2,2016-09-23 14:13:00,2016-09-23,2016-09,2016,14,Friday,@OliviaHas2Moms Now that is one patriotic painting. 🇺🇸 #voteIRL,t01491
cnnbrk,"Britain's Metropolitan police commissioner: Risk of UK terror attack is a case of ""when, not if.""
https://t.co/NlYNkZx8Cw",01/08/2016 03:20,7.59952E+17,en,313,292,2016-08-01 03:20:00,2016-08-01,2016-08,2016,3,Monday,"Britain's Metropolitan police commissioner: Risk of UK terror attack is a case of ""when, not if."" https://t.co/NlYNkZx8Cw",t01492
youtube,Join @IISuperwomanII in her campaign to stop girl-on-girl hate. https://t.co/8pE4o9od40 #GirlLove https://t.co/j3xdVacJEm,29/12/2015 21:05,6.81944E+17,en,4260,1360,2015-12-29 21:05:00,2015-12-29,2015-12,2015,21,Tuesday,Join @IISuperwomanII in her campaign to stop girl-on-girl hate. https://t.co/8pE4o9od40 #GirlLove https://t.co/j3xdVacJEm,t01493
cristiano,Join me. @TwitChange See how to become a real part of our movement to help troops & their families w/ @tpolamalu - http://say.ly/AQJ6Q8,20/01/2011 09:06,2.80154E+16,en,44,95,2011-01-20 09:06:00,2011-01-20,2011-01,2011,9,Thursday,Join me. @TwitChange See how to become a real part of our movement to help troops & their families w/ @tpolamalu - http://say.ly/AQJ6Q8,t01494
cristiano,🆕🔝 Love my new Collection 😉 https://t.co/E2zLOUFGP6 https://t.co/l1WsRrCjyC,12/11/2016 18:04,7.975E+17,en,20362,3938,2016-11-12 18:04:00,2016-11-12,2016-11,2016,18,Saturday,🆕🔝 Love my new Collection 😉 https://t.co/E2zLOUFGP6 https://t.co/l1WsRrCjyC,t01495
barackobama,"The economy added 156,000 jobs in September—extending the longest streak of total job growth on record.",07/10/2016 13:59,7.84393E+17,en,7848,2155,2016-10-07 13:59:00,2016-10-07,2016-10,2016,13,Friday,"The economy added 156,000 jobs in September—extending the longest streak of total job growth on record.",t01496
taylorswift13,"So excited to be officially starting the 1989 World Tour US leg tonight in Bossier City, LA! @vancejoy is sound checking right now!!!",20/05/2015 22:34,6.01154E+17,en,38770,14461,2015-05-20 22:34:00,2015-05-20,2015-05,2015,22,Wednesday,"So excited to be officially starting the 1989 World Tour US leg tonight in Bossier City, LA! @vancejoy is sound checking right now!!!",t01497
jimmyfallon,"Tonight: @jessicaalba, @RobRiggle, &amp; @KingsOfLeon! Plus @ace_Frehley sits in w/@TheRoots and #HouseOfCueCards premieres #FallonTonight",12/08/2014 15:52,4.99222E+17,en,1058,288,2014-08-12 15:52:00,2014-08-12,2014-08,2014,15,Tuesday,"Tonight: @jessicaalba, @RobRiggle, & @KingsOfLeon! Plus @ace_Frehley sits in w/@TheRoots and #HouseOfCueCards premieres #FallonTonight",t01498
selenagomez,Have you seen the Big Short yet tho..... Just saying https://t.co/S2wz8AGKNL,08/01/2016 01:02,6.85265E+17,en,37891,14776,2016-01-08 01:02:00,2016-01-08,2016-01,2016,1,Friday,Have you seen the Big Short yet tho..... Just saying https://t.co/S2wz8AGKNL,t01499
britneyspears,Still dancing bitches!!! http://t.co/aYqlFSZ1,22/12/2012 04:46,2.82346E+17,en,2108,3910,2012-12-22 04:46:00,2012-12-22,2012-12,2012,4,Saturday,Still dancing bitches!!! http://t.co/aYqlFSZ1,t01500
theellenshow,"Today is the day they go back to in ""Back to the Future""! And look! We finally have hoverboards. #BackToTheFuture https://t.co/8gn5nOPL1r",21/10/2015 18:37,6.56902E+17,en,4417,1260,2015-10-21 18:37:00,2015-10-21,2015-10,2015,18,Wednesday,"Today is the day they go back to in ""Back to the Future""! And look! We finally have hoverboards. #BackToTheFuture https://t.co/8gn5nOPL1r",t01501
taylorswift13,"Just bought @bobatl's new album, including ""Both of Us"", the song we did. Do it!!!!!!!! (too many exclamation points? Sorry I'm not sorry)",01/05/2012 03:37,1.97168E+17,en,2270,4941,2012-05-01 03:37:00,2012-05-01,2012-05,2012,3,Tuesday,"Just bought @bobatl's new album, including ""Both of Us"", the song we did. Do it!!!!!!!! (too many exclamation points? Sorry I'm not sorry)",t01502
rihanna,#TORONTO it's me and you tonight!!!! #TdotLife #DiamondsWorldTour,18/03/2013 20:28,3.13749E+17,en,2325,3922,2013-03-18 20:28:00,2013-03-18,2013-03,2013,20,Monday,#TORONTO it's me and you tonight!!!! #TdotLife #DiamondsWorldTour,t01503
instagram,We’re introducing 2 new ways to keep Instagram welcoming and safe https://t.co/VKMionSFZq https://t.co/RfaSiBumQx,06/12/2016 15:01,8.06151E+17,en,1062,329,2016-12-06 15:01:00,2016-12-06,2016-12,2016,15,Tuesday,We’re introducing 2 new ways to keep Instagram welcoming and safe https://t.co/VKMionSFZq https://t.co/RfaSiBumQx,t01504
kimkardashian,Beach selfies of course! 🐚📷🐚 https://t.co/MqneRUVK7t,21/08/2016 14:21,7.67366E+17,en,38157,9043,2016-08-21 14:21:00,2016-08-21,2016-08,2016,14,Sunday,Beach selfies of course! 🐚📷🐚 https://t.co/MqneRUVK7t,t01505
shakira,Shak's performing at the Opening Ceremony of the United Nations​'s General Assembly in NYC. Watch live now: http://t.co/WkwunUFq2B ShakHQ,25/09/2015 14:58,6.47425E+17,en,1121,455,2015-09-25 14:58:00,2015-09-25,2015-09,2015,14,Friday,Shak's performing at the Opening Ceremony of the United Nations​'s General Assembly in NYC. Watch live now: http://t.co/WkwunUFq2B ShakHQ,t01506
selenagomez,Just posted a photo http://t.co/3eUfK9CGCo,05/07/2014 00:29,4.85219E+17,en,10278,6678,2014-07-05 00:29:00,2014-07-05,2014-07,2014,0,Saturday,Just posted a photo http://t.co/3eUfK9CGCo,t01507
shakira,@BBCR1 so are you going to give me sir dossa's number for that duet then?,20/01/2014 15:19,4.25286E+17,en,543,260,2014-01-20 15:19:00,2014-01-20,2014-01,2014,15,Monday,@BBCR1 so are you going to give me sir dossa's number for that duet then?,t01508
shakira,"Did you check out Shak in the official video for her new song, #TryEverything from the #Zootopia movie? https://t.co/TVVArw03nB ShakHQ",06/03/2016 21:01,7.06585E+17,en,1584,494,2016-03-06 21:01:00,2016-03-06,2016-03,2016,21,Sunday,"Did you check out Shak in the official video for her new song, #TryEverything from the #Zootopia movie? https://t.co/TVVArw03nB ShakHQ",t01509
britneyspears,@ddarianlee it's the Valentine's gift that keeps on giving :) Plus how cute is that bear??,11/02/2015 00:16,5.65303E+17,en,430,203,2015-02-11 00:16:00,2015-02-11,2015-02,2015,0,Wednesday,@ddarianlee it's the Valentine's gift that keeps on giving :) Plus how cute is that bear??,t01510
barackobama,"Watch: In the weekly address, President Obama highlights the country's economic progress. http://t.co/r7fV6DJL2p",07/02/2015 19:00,5.64137E+17,en,1288,580,2015-02-07 19:00:00,2015-02-07,2015-02,2015,19,Saturday,"Watch: In the weekly address, President Obama highlights the country's economic progress. http://t.co/r7fV6DJL2p",t01511
jimmyfallon,Donald Trump has a heart-to-heart with the cast of @fullerhouse https://t.co/3xmQgbYPLb #FallonTonightLA,17/02/2016 15:04,6.99973E+17,en,2637,950,2016-02-17 15:04:00,2016-02-17,2016-02,2016,15,Wednesday,Donald Trump has a heart-to-heart with the cast of @fullerhouse https://t.co/3xmQgbYPLb #FallonTonightLA,t01512
ladygaga,Thanku my inspiring show collaborators Alex Werz James Scully Steven Galloway Stephan Gan Inez&amp;Vinoodh Nicola Formichetti Samantha Garrett,16/09/2015 04:02,6.43998E+17,en,4395,2083,2015-09-16 04:02:00,2015-09-16,2015-09,2015,4,Wednesday,Thanku my inspiring show collaborators Alex Werz James Scully Steven Galloway Stephan Gan Inez&Vinoodh Nicola Formichetti Samantha Garrett,t01513
justinbieber,Download @bestfiends FOREVER for free and help to #endAIDS with @RED and @AppStoreGames https://t.co/6AZuIN0MC9… https://t.co/QBS9hUNQEr,04/12/2016 17:01,8.05457E+17,en,78883,37622,2016-12-04 17:01:00,2016-12-04,2016-12,2016,17,Sunday,Download @bestfiends FOREVER for free and help to #endAIDS with @RED and @AppStoreGames https://t.co/6AZuIN0MC9… https://t.co/QBS9hUNQEr,t01514
rihanna,.@BritishVogue’s April Issue @manoloblahnik #RihannaxManolo #DenimDesserts https://t.co/D48uMgJDfL,10/03/2016 23:08,7.08067E+17,en,20736,7626,2016-03-10 23:08:00,2016-03-10,2016-03,2016,23,Thursday,.@BritishVogue’s April Issue @manoloblahnik #RihannaxManolo #DenimDesserts https://t.co/D48uMgJDfL,t01515
katyperry,"#TBT to when I took my tour to DisneyWorld &amp; we had the best time of our lives, proof's up:… http://t.co/MjCnzwh2nI",10/07/2014 16:56,4.87279E+17,en,5465,2825,2014-07-10 16:56:00,2014-07-10,2014-07,2014,16,Thursday,"#TBT to when I took my tour to DisneyWorld & we had the best time of our lives, proof's up:… http://t.co/MjCnzwh2nI",t01516
kimkardashian,My lifestream is working again! I think I will go live today! But you guys have to update the app so it works on your phones!,02/12/2015 17:42,6.72109E+17,en,3437,529,2015-12-02 17:42:00,2015-12-02,2015-12,2015,17,Wednesday,My lifestream is working again! I think I will go live today! But you guys have to update the app so it works on your phones!,t01517
barackobama,"""The best scientists in the world know that climate change is happening."" —President Obama #ActOnClimate",20/05/2015 15:57,6.01054E+17,en,1919,982,2015-05-20 15:57:00,2015-05-20,2015-05,2015,15,Wednesday,"""The best scientists in the world know that climate change is happening."" —President Obama #ActOnClimate",t01518
taylorswift13,I eat BAD BLOOD for breakfast w/ Quentin Johnston  Taylor Swift (Vine by @caleb_natale) https://t.co/6mQbR69NFL,07/07/2015 03:12,6.18256E+17,en,53629,24010,2015-07-07 03:12:00,2015-07-07,2015-07,2015,3,Tuesday,I eat BAD BLOOD for breakfast w/ Quentin Johnston Taylor Swift (Vine by @caleb_natale) https://t.co/6mQbR69NFL,t01519
arianagrande,my babes,21/07/2015 06:47,6.23384E+17,en,31470,18808,2015-07-21 06:47:00,2015-07-21,2015-07,2015,6,Tuesday,my babes,t01520
youtube,"We got a fever and the only prescription is more #PPAP! 

Pen-Pineapple-Apple-Pen Long Version →… https://t.co/k9f6oVWCeL",28/10/2016 21:30,7.92116E+17,en,1037,252,2016-10-28 21:30:00,2016-10-28,2016-10,2016,21,Friday,We got a fever and the only prescription is more #PPAP! Pen-Pineapple-Apple-Pen Long Version →… https://t.co/k9f6oVWCeL,t01521
twitter,"More than a three-peat, @UsainBolt's 100m #gold is #Rio2016's most-Tweeted moment so far: https://t.co/fpPuiScarM https://t.co/nJ45hp5PlK",15/08/2016 18:45,7.65258E+17,en,1568,500,2016-08-15 18:45:00,2016-08-15,2016-08,2016,18,Monday,"More than a three-peat, @UsainBolt's 100m #gold is #Rio2016's most-Tweeted moment so far: https://t.co/fpPuiScarM https://t.co/nJ45hp5PlK",t01522
instagram,Workout tips from social stars @mankofit and Chrysten Crockett  💪 https://t.co/0BE2Rqomke via @TODAYshow,26/07/2016 18:30,7.58007E+17,en,838,166,2016-07-26 18:30:00,2016-07-26,2016-07,2016,18,Tuesday,Workout tips from social stars @mankofit and Chrysten Crockett 💪 https://t.co/0BE2Rqomke via @TODAYshow,t01523
britneyspears,@katytoxic Followed :) So am I!! Can't wait 4 u all to see....,29/11/2012 00:08,2.73941E+17,en,91,206,2012-11-29 00:08:00,2012-11-29,2012-11,2012,0,Thursday,@katytoxic Followed :) So am I!! Can't wait 4 u all to see....,t01524
shakira,"Incredible night!!! #TeamShakira give some love to my bad girl @SashaAllenMusic / Mi gente, voten por Sasha! http://t.co/sRNIUIvxiH ! Shak",11/06/2013 03:16,3.44292E+17,en,268,396,2013-06-11 03:16:00,2013-06-11,2013-06,2013,3,Tuesday,"Incredible night!!! #TeamShakira give some love to my bad girl @SashaAllenMusic / Mi gente, voten por Sasha! http://t.co/sRNIUIvxiH ! Shak",t01525
twitter,"Today we’re launching a new Twitter.com—a faster, easier, and richer way to discover what’s new in your world. #NewTwitter",14/09/2010 23:20,24518053966,en,197,3561,2010-09-14 23:20:00,2010-09-14,2010-09,2010,23,Tuesday,"Today we’re launching a new Twitter.com—a faster, easier, and richer way to discover what’s new in your world. #NewTwitter",t01526
barackobama,"""A climate for change: America should not wait while the world warms"" More from @washingtonpost: http://t.co/3v3lfyO1q8 #ActOnClimate",27/08/2014 15:10,5.04647E+17,en,1021,586,2014-08-27 15:10:00,2014-08-27,2014-08,2014,15,Wednesday,"""A climate for change: America should not wait while the world warms"" More from @washingtonpost: http://t.co/3v3lfyO1q8 #ActOnClimate",t01527
ladygaga,"Good morning have a beautiful day everyone☀️try &amp; do one kind thing, even small, for someone else.  You'll find it does something for u 2.🐣🌱",11/12/2016 14:47,8.0796E+17,en,29471,11549,2016-12-11 14:47:00,2016-12-11,2016-12,2016,14,Sunday,"Good morning have a beautiful day everyone☀️try & do one kind thing, even small, for someone else. You'll find it does something for u 2.🐣🌱",t01528
instagram,Altering French masterpieces with everyday goodies: https://t.co/JSLGABNlky https://t.co/VI8hEQs0K0,04/01/2016 16:01,6.84042E+17,en,1894,503,2016-01-04 16:01:00,2016-01-04,2016-01,2016,16,Monday,Altering French masterpieces with everyday goodies: https://t.co/JSLGABNlky https://t.co/VI8hEQs0K0,t01529
selenagomez,@Pantene ready?!? ❤️💜💙,15/06/2015 13:54,6.10445E+17,en,10653,8668,2015-06-15 13:54:00,2015-06-15,2015-06,2015,13,Monday,@Pantene ready?!? ❤️💜💙,t01530
instagram,"Featured submissions from this weekend’s hashtag project: #WHPfamilyfeast
https://t.co/04PW1WrPlW https://t.co/eooInmAjLO",22/11/2016 01:30,8.00874E+17,en,537,124,2016-11-22 01:30:00,2016-11-22,2016-11,2016,1,Tuesday,Featured submissions from this weekend’s hashtag project: #WHPfamilyfeast https://t.co/04PW1WrPlW https://t.co/eooInmAjLO,t01531
arianagrande,love you more  https://t.co/22NEQZyeCT,01/07/2015 19:43,6.16331E+17,en,17819,7402,2015-07-01 19:43:00,2015-07-01,2015-07,2015,19,Wednesday,love you more https://t.co/22NEQZyeCT,t01532
jtimberlake,"Now, THIS is cool... #RyderCup #I'makidinacandystore http://t.co/7WqAhYCT",26/09/2012 17:36,2.51012E+17,en,1700,991,2012-09-26 17:36:00,2012-09-26,2012-09,2012,17,Wednesday,"Now, THIS is cool... #RyderCup #I'makidinacandystore http://t.co/7WqAhYCT",t01533
ladygaga,"Love a day with Tony, I always leave smiling, or ya know. Working it. 👄 http://t.co/SShVXBlQFw",26/11/2014 21:56,5.37727E+17,en,4197,2796,2014-11-26 21:56:00,2014-11-26,2014-11,2014,21,Wednesday,"Love a day with Tony, I always leave smiling, or ya know. Working it. 👄 http://t.co/SShVXBlQFw",t01534
theellenshow,In case you missed @Bobmosesmusic on my show. I can’t stop listening. https://t.co/fMBYHVFMl9,30/01/2016 21:06,6.93541E+17,en,1856,242,2016-01-30 21:06:00,2016-01-30,2016-01,2016,21,Saturday,In case you missed @Bobmosesmusic on my show. I can’t stop listening. https://t.co/fMBYHVFMl9,t01535
britneyspears,Funny story about that! RT @EmreAkn I love the whistle in the beginning. It gives me chills. And the lyrics are soo emotional :(,05/12/2013 20:26,4.08694E+17,en,632,436,2013-12-05 20:26:00,2013-12-05,2013-12,2013,20,Thursday,Funny story about that! RT @EmreAkn I love the whistle in the beginning. It gives me chills. And the lyrics are soo emotional :(,t01536
twitter,2 million views of #NewTwitter video! You all deserve a free download of the song. Get it here http://t.co/6qQkuTe thx to @freelancewhales!,07/10/2010 18:37,26675253086,en,285,422,2010-10-07 18:37:00,2010-10-07,2010-10,2010,18,Thursday,2 million views of #NewTwitter video! You all deserve a free download of the song. Get it here http://t.co/6qQkuTe thx to @freelancewhales!,t01537
jtimberlake,Double UP! Happy Bday! @Sauza901  https://t.co/CZ0CPzuSkD,29/04/2015 16:11,5.93447E+17,en,1621,548,2015-04-29 16:11:00,2015-04-29,2015-04,2015,16,Wednesday,Double UP! Happy Bday! @Sauza901 https://t.co/CZ0CPzuSkD,t01538
kimkardashian,hi doll! https://t.co/zjMFluYxpo,18/07/2016 01:41,7.54854E+17,en,6687,473,2016-07-18 01:41:00,2016-07-18,2016-07,2016,1,Monday,hi doll! https://t.co/zjMFluYxpo,t01539
cristiano,Just finished watching Real Madrid beat Emporio Armani. Hala Madrid! http://t.co/0N4gimRI,27/10/2011 21:01,1.29664E+17,en,205,579,2011-10-27 21:01:00,2011-10-27,2011-10,2011,21,Thursday,Just finished watching Real Madrid beat Emporio Armani. Hala Madrid! http://t.co/0N4gimRI,t01540
taylorswift13,"I'm gonna be on the Tonight Show with Jay Leno, well, tonight.",21/02/2012 01:26,1.71768E+17,en,1497,3505,2012-02-21 01:26:00,2012-02-21,2012-02,2012,1,Tuesday,"I'm gonna be on the Tonight Show with Jay Leno, well, tonight.",t01541
kimkardashian,My thoughts and prayers go out to Kim Tripp's friends and family! Rest in peace beautiful soul.,21/03/2016 15:06,7.11932E+17,en,10500,1106,2016-03-21 15:06:00,2016-03-21,2016-03,2016,15,Monday,My thoughts and prayers go out to Kim Tripp's friends and family! Rest in peace beautiful soul.,t01542
arianagrande,"I can now cross ""tweet Rent lyrics"" off my list of campiest things I'll ever do",17/02/2016 20:32,7.00055E+17,en,22625,9506,2016-02-17 20:32:00,2016-02-17,2016-02,2016,20,Wednesday,"I can now cross ""tweet Rent lyrics"" off my list of campiest things I'll ever do",t01543
rihanna,"Jacksonville thank you so much for making my opening night an unforgettable one!!! 
#SoldOwt #ANTIWORLDTOUR 🎈🔫⚓️ https://t.co/ngLqZtlAGs",13/03/2016 11:40,7.08981E+17,en,31016,11521,2016-03-13 11:40:00,2016-03-13,2016-03,2016,11,Sunday,Jacksonville thank you so much for making my opening night an unforgettable one!!! #SoldOwt #ANTIWORLDTOUR 🎈🔫⚓️ https://t.co/ngLqZtlAGs,t01544
jimmyfallon,“@jwrkdg36: @jimmyfallon My kindergarten class made their own instruments and sang along with you! http://t.co/Q4ZQAewUrQ” that's awesome!!,07/04/2014 14:19,4.53175E+17,en,3468,653,2014-04-07 14:19:00,2014-04-07,2014-04,2014,14,Monday,“@jwrkdg36: @jimmyfallon My kindergarten class made their own instruments and sang along with you! http://t.co/Q4ZQAewUrQ” that's awesome!!,t01545
ladygaga,does this thing go to the moon? https://t.co/cEntXUpi2g,13/07/2015 15:22,6.20614E+17,en,4279,2441,2015-07-13 15:22:00,2015-07-13,2015-07,2015,15,Monday,does this thing go to the moon? https://t.co/cEntXUpi2g,t01546
jimmyfallon,“@davidagreco: @jimmyfallon What do you not like (besides mayonnaise)?” Mushrooms.,03/10/2013 01:19,3.85575E+17,en,213,70,2013-10-03 01:19:00,2013-10-03,2013-10,2013,1,Thursday,“@davidagreco: @jimmyfallon What do you not like (besides mayonnaise)?” Mushrooms.,t01547
kimkardashian,I'm so happy we met!!! Can't wait to see you soon!  https://t.co/rRHEWgUyjl,29/08/2016 16:11,7.70293E+17,en,23639,3050,2016-08-29 16:11:00,2016-08-29,2016-08,2016,16,Monday,I'm so happy we met!!! Can't wait to see you soon! https://t.co/rRHEWgUyjl,t01548
twitter,"The block. The shot. The rematch.

Tune into ABC and watch @Warriors and @Cavs exchange gifts on Christmas Day.… https://t.co/HkLRzxZApy",25/12/2016 18:45,8.13093E+17,en,1008,241,2016-12-25 18:45:00,2016-12-25,2016-12,2016,18,Sunday,The block. The shot. The rematch. Tune into ABC and watch @Warriors and @Cavs exchange gifts on Christmas Day.… https://t.co/HkLRzxZApy,t01549
rihanna,"Navy, get a chance at prizes from #FENTYXPUMA, Dior, and more when you donate to the @ClaraLionelFdn until tomorrow… https://t.co/jYvbcKpYiT",04/01/2017 00:33,8.16442E+17,en,19754,4520,2017-01-04 00:33:00,2017-01-04,2017-01,2017,0,Wednesday,"Navy, get a chance at prizes from #FENTYXPUMA, Dior, and more when you donate to the @ClaraLionelFdn until tomorrow… https://t.co/jYvbcKpYiT",t01550
barackobama,LIVE: President Obama is participating in a town hall at @BenedictEDU about youth opportunities. http://t.co/l1rEKQHzkY,06/03/2015 19:11,5.73924E+17,en,827,406,2015-03-06 19:11:00,2015-03-06,2015-03,2015,19,Friday,LIVE: President Obama is participating in a town hall at @BenedictEDU about youth opportunities. http://t.co/l1rEKQHzkY,t01551
kimkardashian,Me and my boys 😜 http://t.co/hIh3aO9OkY,19/09/2015 00:44,6.45036E+17,en,4421,752,2015-09-19 00:44:00,2015-09-19,2015-09,2015,0,Saturday,Me and my boys 😜 http://t.co/hIh3aO9OkY,t01552
barackobama,"""Wall Street reform, what we passed five years ago, is protecting working families and taxpayers."" —President Obama",26/03/2015 20:55,5.81198E+17,en,1111,391,2015-03-26 20:55:00,2015-03-26,2015-03,2015,20,Thursday,"""Wall Street reform, what we passed five years ago, is protecting working families and taxpayers."" —President Obama",t01553
britneyspears,Just two #PrettyGirls having the best time shooting a video… ❤ you @IGGYAZALEA!! http://t.co/2btYHasMBF,20/05/2015 02:40,6.00854E+17,en,6225,2964,2015-05-20 02:40:00,2015-05-20,2015-05,2015,2,Wednesday,Just two #PrettyGirls having the best time shooting a video… ❤ you @IGGYAZALEA!! http://t.co/2btYHasMBF,t01554
theellenshow,"Happy #ThrowbackThursday, @AndyLassner. I hope you’re ready for this year's Halloween. https://t.co/n5Px9ESs5a",22/10/2015 17:47,6.57252E+17,en,1577,392,2015-10-22 17:47:00,2015-10-22,2015-10,2015,17,Thursday,"Happy #ThrowbackThursday, @AndyLassner. I hope you’re ready for this year's Halloween. https://t.co/n5Px9ESs5a",t01555
shakira,Thank you so much for all these sweet videos you guys sent me for my birthday! I love u! Thanks for inspiring me! https://t.co/fyYxdoFiXB,04/02/2016 22:26,6.95373E+17,en,2339,595,2016-02-04 22:26:00,2016-02-04,2016-02,2016,22,Thursday,Thank you so much for all these sweet videos you guys sent me for my birthday! I love u! Thanks for inspiring me! https://t.co/fyYxdoFiXB,t01556
twitter,"We'll never hear ""avocado"" the same way again 😂

https://t.co/SO5oDcBmAI
https://t.co/6PhCzxwbeV",16/03/2016 22:11,7.10227E+17,en,2148,1010,2016-03-16 22:11:00,2016-03-16,2016-03,2016,22,Wednesday,"We'll never hear ""avocado"" the same way again 😂 https://t.co/SO5oDcBmAI https://t.co/6PhCzxwbeV",t01557
jimmyfallon,Tonight: @blakeshelton is here to talk and perform! Plus @timheidecker &amp; @ericwareheim are stopping by. #FallonTonight,03/09/2014 15:08,5.07183E+17,en,949,220,2014-09-03 15:08:00,2014-09-03,2014-09,2014,15,Wednesday,Tonight: @blakeshelton is here to talk and perform! Plus @timheidecker & @ericwareheim are stopping by. #FallonTonight,t01558
jimmyfallon,"Fun show tonight! Tina Fey, @danedehaan, music from @_KennyRogers and #12DaysOfChristmasSweaters continues! #FallonTonight",14/12/2015 15:39,6.76426E+17,en,1625,303,2015-12-14 15:39:00,2015-12-14,2015-12,2015,15,Monday,"Fun show tonight! Tina Fey, @danedehaan, music from @_KennyRogers and #12DaysOfChristmasSweaters continues! #FallonTonight",t01559
shakira,It didn't take us long before we started dancing! Shak http://t.co/vKgskyB9,29/02/2012 02:44,1.74686E+17,en,470,890,2012-02-29 02:44:00,2012-02-29,2012-02,2012,2,Wednesday,It didn't take us long before we started dancing! Shak http://t.co/vKgskyB9,t01560
katyperry,Michael Jackson always in deez Aussie streets http://t.co/xRi3VpmRZJ,06/11/2014 11:02,5.30314E+17,en,7335,3986,2014-11-06 11:02:00,2014-11-06,2014-11,2014,11,Thursday,Michael Jackson always in deez Aussie streets http://t.co/xRi3VpmRZJ,t01561
britneyspears,"Donate $250 and receive a limited edition V-Day tee, a teddy bear, and my Fantasy perfume ❤ Spread the love here: http://t.co/PnKubxP6iz",11/02/2015 00:04,5.653E+17,en,1843,1825,2015-02-11 00:04:00,2015-02-11,2015-02,2015,0,Wednesday,"Donate $250 and receive a limited edition V-Day tee, a teddy bear, and my Fantasy perfume ❤ Spread the love here: http://t.co/PnKubxP6iz",t01562
rihanna,Her Majesty http://t.co/pWb7zzvCXD,02/07/2014 21:39,4.84451E+17,en,21992,9163,2014-07-02 21:39:00,2014-07-02,2014-07,2014,21,Wednesday,Her Majesty http://t.co/pWb7zzvCXD,t01563
youtube,@scotthoying Please tell us what it’s like to be that close to perfection. 👑🐝,04/11/2016 14:41,7.9455E+17,en,414,47,2016-11-04 14:41:00,2016-11-04,2016-11,2016,14,Friday,@scotthoying Please tell us what it’s like to be that close to perfection. 👑🐝,t01564
barackobama,"In the weekly address, President Obama discusses the steps needed to fix our criminal justice system. http://t.co/TIkMUi58f5",17/10/2015 17:20,6.55433E+17,en,1477,628,2015-10-17 17:20:00,2015-10-17,2015-10,2015,17,Saturday,"In the weekly address, President Obama discusses the steps needed to fix our criminal justice system. http://t.co/TIkMUi58f5",t01565
theellenshow,Who knew living in a trashcan made you such a grouch? @SesameStreet https://t.co/lj1H1IJlnp,10/01/2017 23:16,8.1896E+17,en,2243,233,2017-01-10 23:16:00,2017-01-10,2017-01,2017,23,Tuesday,Who knew living in a trashcan made you such a grouch? @SesameStreet https://t.co/lj1H1IJlnp,t01566
barackobama,Who will take home the title of #ChampionDenier? Vote now: http://t.co/hFWKz1uKEf http://t.co/l8TGDshzIg,12/03/2015 19:37,5.76105E+17,en,1275,745,2015-03-12 19:37:00,2015-03-12,2015-03,2015,19,Thursday,Who will take home the title of #ChampionDenier? Vote now: http://t.co/hFWKz1uKEf http://t.co/l8TGDshzIg,t01567
ddlovato,@elisamaria103 see you in new york!!!,21/10/2015 01:28,6.56643E+17,en,2722,1559,2015-10-21 01:28:00,2015-10-21,2015-10,2015,1,Wednesday,@elisamaria103 see you in new york!!!,t01568
cristiano,I am proud to have so many great fans. Thank you to everyone that showed their support this season. I enjoy reading... http://say.ly/yMvmeE,26/05/2011 16:52,7.37937E+16,en,330,571,2011-05-26 16:52:00,2011-05-26,2011-05,2011,16,Thursday,I am proud to have so many great fans. Thank you to everyone that showed their support this season. I enjoy reading... http://say.ly/yMvmeE,t01569
theellenshow,"I was so moved by Jamie’s story, that the whole audience got a huge surprise. https://t.co/ASx6jlbJQc https://t.co/FkCqQAh6Je",07/10/2016 19:27,7.84475E+17,en,1915,217,2016-10-07 19:27:00,2016-10-07,2016-10,2016,19,Friday,"I was so moved by Jamie’s story, that the whole audience got a huge surprise. https://t.co/ASx6jlbJQc https://t.co/FkCqQAh6Je",t01570
youtube,Can you go from @jtimberlake’s “Can’t Stop the Feeling” to @Drake’s “Energy?” https://t.co/dZcGOlZtdm https://t.co/1CZOOTlYJ8,25/07/2016 21:12,7.57685E+17,en,597,83,2016-07-25 21:12:00,2016-07-25,2016-07,2016,21,Monday,Can you go from @jtimberlake’s “Can’t Stop the Feeling” to @Drake’s “Energy?” https://t.co/dZcGOlZtdm https://t.co/1CZOOTlYJ8,t01571
arianagrande,"#IntoYou top 10 on iTunes today!!! thank you, babies. I'm so happy you're enjoying this album &amp; single. ♡ https://t.co/JrWOuZL1Xj ♡",07/08/2016 20:07,7.6238E+17,en,36153,13434,2016-08-07 20:07:00,2016-08-07,2016-08,2016,20,Sunday,"#IntoYou top 10 on iTunes today!!! thank you, babies. I'm so happy you're enjoying this album & single. ♡ https://t.co/JrWOuZL1Xj ♡",t01572
rihanna,Let's play big bank take lil bank,09/01/2013 09:48,2.88945E+17,en,1119,3026,2013-01-09 09:48:00,2013-01-09,2013-01,2013,9,Wednesday,Let's play big bank take lil bank,t01573
twitter,"On #TakeYourDogToWorkDay, what's the best job for a 🐶 ?",24/06/2016 19:05,7.46419E+17,en,892,348,2016-06-24 19:05:00,2016-06-24,2016-06,2016,19,Friday,"On #TakeYourDogToWorkDay, what's the best job for a 🐶 ?",t01574
twitter,"New! Use Direct Messages to speak privately with a group of up to 20 people. Share Tweets, show emoji &amp; be yourself.
https://t.co/8giGhC6OO0",27/01/2015 13:51,5.60073E+17,en,3124,4943,2015-01-27 13:51:00,2015-01-27,2015-01,2015,13,Tuesday,"New! Use Direct Messages to speak privately with a group of up to 20 people. Share Tweets, show emoji & be yourself. https://t.co/8giGhC6OO0",t01575
cnnbrk,"Lou Pearlman, who managed *NSYNC and the Backstreet Boys, dies in prison at age 62. https://t.co/9Ma04jvTPy https://t.co/iX5kt6I2GI",21/08/2016 13:52,7.67359E+17,en,487,521,2016-08-21 13:52:00,2016-08-21,2016-08,2016,13,Sunday,"Lou Pearlman, who managed *NSYNC and the Backstreet Boys, dies in prison at age 62. https://t.co/9Ma04jvTPy https://t.co/iX5kt6I2GI",t01576
cristiano,"Whenever visiting #Madeira, don’t miss a visit to Funchal Marketplace “Mercado dos Lavradores” #visitmadeira https://t.co/QDxiGDfBju",26/11/2015 15:15,6.69897E+17,en,11532,2812,2015-11-26 15:15:00,2015-11-26,2015-11,2015,15,Thursday,"Whenever visiting #Madeira, don’t miss a visit to Funchal Marketplace “Mercado dos Lavradores” #visitmadeira https://t.co/QDxiGDfBju",t01577
barackobama,It's #BigBlockOfCheeseDay: Check out the schedule of White House staff answering your questions. http://t.co/g2EKBztnvL,21/01/2015 17:41,5.57956E+17,en,1181,565,2015-01-21 17:41:00,2015-01-21,2015-01,2015,17,Wednesday,It's #BigBlockOfCheeseDay: Check out the schedule of White House staff answering your questions. http://t.co/g2EKBztnvL,t01578
britneyspears,Just saw the first cut from my documentary. Excited for y’all to see it on Dec 22 on @eonline,13/12/2013 04:42,4.11355E+17,en,1828,1356,2013-12-13 04:42:00,2013-12-13,2013-12,2013,4,Friday,Just saw the first cut from my documentary. Excited for y’all to see it on Dec 22 on @eonline,t01579
instagram,A (sort of) synchronized summer splash #WHPsymmetry https://t.co/gPakpq7xnW,18/08/2016 17:30,7.66326E+17,en,765,118,2016-08-18 17:30:00,2016-08-18,2016-08,2016,17,Thursday,A (sort of) synchronized summer splash #WHPsymmetry https://t.co/gPakpq7xnW,t01580
katyperry,@yourperrydise for receipts of course. 💅🏼,23/07/2016 07:47,7.56758E+17,en,2387,642,2016-07-23 07:47:00,2016-07-23,2016-07,2016,7,Saturday,@yourperrydise for receipts of course. 💅🏼,t01581
kimkardashian,KUWTK starts NOW!!!,30/11/2015 02:01,6.71147E+17,en,2320,669,2015-11-30 02:01:00,2015-11-30,2015-11,2015,2,Monday,KUWTK starts NOW!!!,t01582
britneyspears,@biggfrog One of the best :),19/02/2014 04:50,4.36E+17,en,477,244,2014-02-19 04:50:00,2014-02-19,2014-02,2014,4,Wednesday,@biggfrog One of the best :),t01583
theellenshow,This bar saves lives. This lady loves it. https://t.co/M3YfEuw4xi #LaughDancePartner,20/09/2016 21:19,7.78343E+17,en,1107,141,2016-09-20 21:19:00,2016-09-20,2016-09,2016,21,Tuesday,This bar saves lives. This lady loves it. https://t.co/M3YfEuw4xi #LaughDancePartner,t01584
selenagomez,"Eat, sleep, dance and sing all day long in my leggings. @adidasneolabel #adidasneo http://t.co/Me8I1k7tYF",03/09/2015 13:59,6.39438E+17,en,44440,20200,2015-09-03 13:59:00,2015-09-03,2015-09,2015,13,Thursday,"Eat, sleep, dance and sing all day long in my leggings. @adidasneolabel #adidasneo http://t.co/Me8I1k7tYF",t01585
selenagomez,�/Just found out I got nominated for 2 Kids Choice Awards and Wizards got nominated too!! Ahhhhhhh so blessed!... http://fb.me/TXPNqh0J,10/02/2011 23:01,3.58357E+16,en,512,1665,2011-02-10 23:01:00,2011-02-10,2011-02,2011,23,Thursday,�/Just found out I got nominated for 2 Kids Choice Awards and Wizards got nominated too!! Ahhhhhhh so blessed!... http://fb.me/TXPNqh0J,t01586
selenagomez,Until neXt time Germany 💋 http://t.co/QxNy3f4Zrk,14/09/2013 22:03,3.79002E+17,en,6562,8766,2013-09-14 22:03:00,2013-09-14,2013-09,2013,22,Saturday,Until neXt time Germany 💋 http://t.co/QxNy3f4Zrk,t01587
arianagrande,she really picked maps smh https://t.co/QApuCe3zup,05/11/2016 01:30,7.94714E+17,en,21716,6214,2016-11-05 01:30:00,2016-11-05,2016-11,2016,1,Saturday,she really picked maps smh https://t.co/QApuCe3zup,t01588
katyperry,🙅🏻when they try and serve you a guinea pig sandwich🙅🏻 More highlights here: http://t.co/Yn9C6kNC18 http://t.co/EIiUa0RyW8,13/10/2015 18:11,6.53997E+17,en,15673,6638,2015-10-13 18:11:00,2015-10-13,2015-10,2015,18,Tuesday,🙅🏻when they try and serve you a guinea pig sandwich🙅🏻 More highlights here: http://t.co/Yn9C6kNC18 http://t.co/EIiUa0RyW8,t01589
shakira,Shak's about to hit the stage at the @ACMawards /Shak a punto de pisar el escenario en los premios @ACMawards ShakHQ http://t.co/3K3t7nbsLs,07/04/2014 00:51,4.52972E+17,en,3176,1302,2014-04-07 00:51:00,2014-04-07,2014-04,2014,0,Monday,Shak's about to hit the stage at the @ACMawards /Shak a punto de pisar el escenario en los premios @ACMawards ShakHQ http://t.co/3K3t7nbsLs,t01590
kimkardashian,KIMOJI meeting today! Have some exciting things coming up &amp; surprises for you! What do you guys want to see?,07/01/2016 18:34,6.85168E+17,en,5790,903,2016-01-07 18:34:00,2016-01-07,2016-01,2016,18,Thursday,KIMOJI meeting today! Have some exciting things coming up & surprises for you! What do you guys want to see?,t01591
theellenshow,It’s Day 12 of 12 Days. It seems like we’re nearing the end. This could be your last chance to win. https://t.co/eHpzsH5nV1,08/12/2016 18:57,8.06936E+17,en,2276,338,2016-12-08 18:57:00,2016-12-08,2016-12,2016,18,Thursday,It’s Day 12 of 12 Days. It seems like we’re nearing the end. This could be your last chance to win. https://t.co/eHpzsH5nV1,t01592
britneyspears,@Diamondkwhite Keep your head up sweetie. U are so talented &amp; I know this isn't the last time we'll see you. Follow your dream! Xo,02/11/2012 02:19,2.6419E+17,en,582,1168,2012-11-02 02:19:00,2012-11-02,2012-11,2012,2,Friday,@Diamondkwhite Keep your head up sweetie. U are so talented & I know this isn't the last time we'll see you. Follow your dream! Xo,t01593
justinbieber,It's coming #PURPOSETOUR,22/01/2016 07:57,6.90443E+17,en,135206,97107,2016-01-22 07:57:00,2016-01-22,2016-01,2016,7,Friday,It's coming #PURPOSETOUR,t01594
selenagomez,Thanks for supporting the #GoodForYou video and song on @applemusic this week. Love you guys! http://t.co/6uWomqid5m http://t.co/2R1HhVE4rU,27/06/2015 20:37,6.14895E+17,en,33567,19697,2015-06-27 20:37:00,2015-06-27,2015-06,2015,20,Saturday,Thanks for supporting the #GoodForYou video and song on @applemusic this week. Love you guys! http://t.co/6uWomqid5m http://t.co/2R1HhVE4rU,t01595
ladygaga,"Thank you for standing next to me on stage. Thank you for all the things you said, for listening… https://t.co/Ib9IuUx7AC",29/02/2016 09:59,7.04245E+17,en,13930,5117,2016-02-29 09:59:00,2016-02-29,2016-02,2016,9,Monday,"Thank you for standing next to me on stage. Thank you for all the things you said, for listening… https://t.co/Ib9IuUx7AC",t01596
shakira,Coming soon…/// Muy pronto... #darevideo ShakHQ http://t.co/CAn0uyzWzN,05/05/2014 20:34,4.63416E+17,en,1832,1207,2014-05-05 20:34:00,2014-05-05,2014-05,2014,20,Monday,Coming soon…/// Muy pronto... #darevideo ShakHQ http://t.co/CAn0uyzWzN,t01597
instagram,Getting an insider’s View of the U.S. presidential election with @BretBaier https://t.co/zURmRplOni https://t.co/GelWFc1HuM,03/03/2016 01:45,7.05208E+17,en,994,172,2016-03-03 01:45:00,2016-03-03,2016-03,2016,1,Thursday,Getting an insider’s View of the U.S. presidential election with @BretBaier https://t.co/zURmRplOni https://t.co/GelWFc1HuM,t01598
rihanna,"Me ""what's the time?"" @JennnRosales ""it's about that time"" #777",07/05/2013 00:50,3.31572E+17,en,922,1187,2013-05-07 00:50:00,2013-05-07,2013-05,2013,0,Tuesday,"Me ""what's the time?"" @JennnRosales ""it's about that time"" #777",t01599
twitter,We're making it easier for you to share what's happening in your world. Now you can #GoLive on Twitter!… https://t.co/H4FLIRVSau,14/12/2016 14:02,8.09036E+17,en,10714,5031,2016-12-14 14:02:00,2016-12-14,2016-12,2016,14,Wednesday,We're making it easier for you to share what's happening in your world. Now you can #GoLive on Twitter!… https://t.co/H4FLIRVSau,t01600
theellenshow,"These sorority girls may have spent the whole time at my show takings selfies, but at least I was in ‘em. http://t.co/V4nve9MJAd",09/10/2015 17:24,6.52535E+17,en,5008,818,2015-10-09 17:24:00,2015-10-09,2015-10,2015,17,Friday,"These sorority girls may have spent the whole time at my show takings selfies, but at least I was in ‘em. http://t.co/V4nve9MJAd",t01601
jimmyfallon,My friend’s hometown has an annual event where people put beds on wheels and race them. #MyHometownIsWeird,24/02/2016 20:16,7.02588E+17,en,3641,517,2016-02-24 20:16:00,2016-02-24,2016-02,2016,20,Wednesday,My friend’s hometown has an annual event where people put beds on wheels and race them. #MyHometownIsWeird,t01602
arianagrande,she's actually going to murder me for reposting that but it's the funniest shit I've ever seen sorry mama love you,20/04/2016 23:04,7.22924E+17,en,33614,13637,2016-04-20 23:04:00,2016-04-20,2016-04,2016,23,Wednesday,she's actually going to murder me for reposting that but it's the funniest shit I've ever seen sorry mama love you,t01603
katyperry,It's no coincidence that it's UFO day AND @ferras's birthday today! Happy birthday freak! 👽 http://t.co/D9ZK0m9ote,02/07/2014 23:39,4.84482E+17,en,5332,2790,2014-07-02 23:39:00,2014-07-02,2014-07,2014,23,Wednesday,It's no coincidence that it's UFO day AND @ferras's birthday today! Happy birthday freak! 👽 http://t.co/D9ZK0m9ote,t01604
barackobama,Get your camera ready—this is your chance to meet President Obama. Enter now: http://t.co/0oV4SDhmTC http://t.co/RSAOEK6By5,22/09/2015 21:25,6.46435E+17,en,1770,551,2015-09-22 21:25:00,2015-09-22,2015-09,2015,21,Tuesday,Get your camera ready—this is your chance to meet President Obama. Enter now: http://t.co/0oV4SDhmTC http://t.co/RSAOEK6By5,t01605
kimkardashian,Crew love #BALMAINARMY #HappyBirthdayOlivier https://t.co/zUZBXpZhGp,24/10/2015 06:58,6.57813E+17,en,5640,1313,2015-10-24 06:58:00,2015-10-24,2015-10,2015,6,Saturday,Crew love #BALMAINARMY #HappyBirthdayOlivier https://t.co/zUZBXpZhGp,t01606
justinbieber,Look https://t.co/Jt6f8burWB,07/07/2015 03:27,6.1826E+17,en,83341,72263,2015-07-07 03:27:00,2015-07-07,2015-07,2015,3,Tuesday,Look https://t.co/Jt6f8burWB,t01607
ladygaga,"White &amp; Gold, Thank you Cavalli #TelAviv Touchdown http://t.co/fO2YIKDvou",12/09/2014 17:00,5.10473E+17,en,2806,1821,2014-09-12 17:00:00,2014-09-12,2014-09,2014,17,Friday,"White & Gold, Thank you Cavalli #TelAviv Touchdown http://t.co/fO2YIKDvou",t01608
ddlovato,@laurensbottom it's perfect! I wish there was more compassion in the world,07/01/2016 02:04,6.84919E+17,en,4012,2669,2016-01-07 02:04:00,2016-01-07,2016-01,2016,2,Thursday,@laurensbottom it's perfect! I wish there was more compassion in the world,t01609
britneyspears,@BarackObama You have swagg! :) http://t.co/cycJfy05,23/10/2012 20:44,2.60844E+17,en,629,1404,2012-10-23 20:44:00,2012-10-23,2012-10,2012,20,Tuesday,@BarackObama You have swagg! :) http://t.co/cycJfy05,t01610
cristiano,"Hey guys, check out the new cool wallpapers on my website. http://t.co/MGroCC4ZQO ",01/06/2014 11:19,4.73061E+17,en,2943,1663,2014-06-01 11:19:00,2014-06-01,2014-06,2014,11,Sunday,"Hey guys, check out the new cool wallpapers on my website. http://t.co/MGroCC4ZQO",t01611
arianagrande,"new rule..... if i ever say ""soon"" again... you'll know it's 10 or less days away.... 🙊👼🙊👼 https://t.co/hNNXl6b0LR",22/10/2015 02:28,6.57021E+17,en,17303,8297,2015-10-22 02:28:00,2015-10-22,2015-10,2015,2,Thursday,"new rule..... if i ever say ""soon"" again... you'll know it's 10 or less days away.... 🙊👼🙊👼 https://t.co/hNNXl6b0LR",t01612
selenagomez,A mans best friend? More like a girls best friend. http://t.co/2XqwApDB,14/01/2012 05:59,1.58066E+17,en,3122,6896,2012-01-14 05:59:00,2012-01-14,2012-01,2012,5,Saturday,A mans best friend? More like a girls best friend. http://t.co/2XqwApDB,t01613
cristiano,"Delighted to wear these!☝⚽
Get exclusive @nikefootball product in the Nike Football App! https://t.co/tXAjIBbTCZ https://t.co/u6ID0ug3BM",25/03/2016 08:00,7.13274E+17,en,21709,4231,2016-03-25 08:00:00,2016-03-25,2016-03,2016,8,Friday,Delighted to wear these!☝⚽ Get exclusive @nikefootball product in the Nike Football App! https://t.co/tXAjIBbTCZ https://t.co/u6ID0ug3BM,t01614
instagram,"The Week on Instagram | 231
https://t.co/kgCr7fZo1Z https://t.co/4mQsuz1aPk",16/04/2016 15:25,7.21359E+17,en,1236,258,2016-04-16 15:25:00,2016-04-16,2016-04,2016,15,Saturday,The Week on Instagram | 231 https://t.co/kgCr7fZo1Z https://t.co/4mQsuz1aPk,t01615
barackobama,No more games—Congress should stop the political posturing and make progress on immigration. #EnoughAlready http://t.co/LH2npSuNR4,12/02/2015 18:33,5.65942E+17,en,2334,1614,2015-02-12 18:33:00,2015-02-12,2015-02,2015,18,Thursday,No more games—Congress should stop the political posturing and make progress on immigration. #EnoughAlready http://t.co/LH2npSuNR4,t01616
rihanna,It's always Christmas in London with my ride or die #STELLAMcCartney thank youuu!!! http://t.co/XCsnSYDe6c,11/09/2013 16:37,3.77833E+17,en,851,848,2013-09-11 16:37:00,2013-09-11,2013-09,2013,16,Wednesday,It's always Christmas in London with my ride or die #STELLAMcCartney thank youuu!!! http://t.co/XCsnSYDe6c,t01617
youtube,"Oh, hay there. https://t.co/2Mn3UVxOzd https://t.co/mSBjhl0CkO",15/03/2016 23:00,7.09877E+17,en,1176,203,2016-03-15 23:00:00,2016-03-15,2016-03,2016,23,Tuesday,"Oh, hay there. https://t.co/2Mn3UVxOzd https://t.co/mSBjhl0CkO",t01618
cnnbrk,"16 people die when bombs hit mourners at a wake for kids killed in earlier bombing in Aleppo, monitoring group says. https://t.co/bnSP7JrA8u",28/08/2016 09:52,7.69835E+17,en,460,682,2016-08-28 09:52:00,2016-08-28,2016-08,2016,9,Sunday,"16 people die when bombs hit mourners at a wake for kids killed in earlier bombing in Aleppo, monitoring group says. https://t.co/bnSP7JrA8u",t01619
youtube,One cube to rule them all. https://t.co/yNZLkLAGyY https://t.co/WPFLviNkBk,17/01/2016 19:00,6.88798E+17,en,1587,213,2016-01-17 19:00:00,2016-01-17,2016-01,2016,19,Sunday,One cube to rule them all. https://t.co/yNZLkLAGyY https://t.co/WPFLviNkBk,t01620
ddlovato,"Problem is, I can't get it out of my head. I keep hearing all the strings and parts to the song that isn't recorded or even created yet.",06/04/2016 06:26,7.17599E+17,en,25933,9804,2016-04-06 06:26:00,2016-04-06,2016-04,2016,6,Wednesday,"Problem is, I can't get it out of my head. I keep hearing all the strings and parts to the song that isn't recorded or even created yet.",t01621
youtube,"@UnboxTherapy Quite the unexpected unboxing, huh?",19/04/2016 22:24,7.22552E+17,en,243,8,2016-04-19 22:24:00,2016-04-19,2016-04,2016,22,Tuesday,"@UnboxTherapy Quite the unexpected unboxing, huh?",t01622
cnnbrk,"Executions in the United States fell to record lows in 2016, the Death Penalty Information Center says.… https://t.co/yzyDHZohiK",26/12/2016 06:23,8.13269E+17,en,574,254,2016-12-26 06:23:00,2016-12-26,2016-12,2016,6,Monday,"Executions in the United States fell to record lows in 2016, the Death Penalty Information Center says.… https://t.co/yzyDHZohiK",t01623
twitter,TONIGHT! #TNF kicks off LIVE on Twitter! Go to ⚡️ Moments or watch LIVE at 8pm ET 👇 https://t.co/eCsgy1y604,15/09/2016 18:15,7.76485E+17,en,768,372,2016-09-15 18:15:00,2016-09-15,2016-09,2016,18,Thursday,TONIGHT! #TNF kicks off LIVE on Twitter! Go to ⚡️ Moments or watch LIVE at 8pm ET 👇 https://t.co/eCsgy1y604,t01624
youtube,"✅  Pride
✅  Acceptance
✅  Kindness
✅  Love
🌈  Celebrate who you're #ProudToBe. https://t.co/k4fCvqaFxJ https://t.co/qjZcPGGWxz",21/06/2016 17:27,7.45307E+17,en,11900,4814,2016-06-21 17:27:00,2016-06-21,2016-06,2016,17,Tuesday,✅ Pride ✅ Acceptance ✅ Kindness ✅ Love 🌈 Celebrate who you're #ProudToBe. https://t.co/k4fCvqaFxJ https://t.co/qjZcPGGWxz,t01625
justinbieber,30 days https://t.co/LgBBhCzh4f,29/07/2015 15:46,6.26419E+17,en,49004,46832,2015-07-29 15:46:00,2015-07-29,2015-07,2015,15,Wednesday,30 days https://t.co/LgBBhCzh4f,t01626
youtube,@johngreen *cries quietly and whispers* Okay? Okay.,10/01/2017 23:24,8.18962E+17,en,317,30,2017-01-10 23:24:00,2017-01-10,2017-01,2017,23,Tuesday,@johngreen *cries quietly and whispers* Okay? Okay.,t01627
cristiano,"Already in Manchester, getting ready for the big game tomorrow.",04/03/2013 11:32,3.08541E+17,en,4473,14566,2013-03-04 11:32:00,2013-03-04,2013-03,2013,11,Monday,"Already in Manchester, getting ready for the big game tomorrow.",t01628
rihanna,Cover 2. We shot this entire shoot in Brazil with my lover boy teamvivanco ... Brazil I miss you… http://t.co/oFJWqAXt9H,25/04/2014 17:15,4.59742E+17,en,4508,3356,2014-04-25 17:15:00,2014-04-25,2014-04,2014,17,Friday,Cover 2. We shot this entire shoot in Brazil with my lover boy teamvivanco ... Brazil I miss you… http://t.co/oFJWqAXt9H,t01629
britneyspears,Spa. Food. Family. =Heaven,31/01/2014 02:27,4.29078E+17,en,4263,2699,2014-01-31 02:27:00,2014-01-31,2014-01,2014,2,Friday,Spa. Food. Family. =Heaven,t01630
barackobama,"Tune in at 11:05 a.m. ET to watch President Obama participate in a town hall in Baton Rouge, Louisiana: https://t.co/4oJ9cvg1qy",14/01/2016 15:26,6.87657E+17,en,1170,380,2016-01-14 15:26:00,2016-01-14,2016-01,2016,15,Thursday,"Tune in at 11:05 a.m. ET to watch President Obama participate in a town hall in Baton Rouge, Louisiana: https://t.co/4oJ9cvg1qy",t01631
rihanna,Chanel moments http://t.co/ZxicBZWgF6,02/07/2013 10:56,3.52018E+17,en,918,1204,2013-07-02 10:56:00,2013-07-02,2013-07,2013,10,Tuesday,Chanel moments http://t.co/ZxicBZWgF6,t01632
ladygaga,WATCH NOW: live stream of #EmotionRevolution conversation with me at @YaleEmotion https://t.co/1UJswvjbmT #IamNotJust,24/10/2015 19:50,6.58008E+17,en,4052,2213,2015-10-24 19:50:00,2015-10-24,2015-10,2015,19,Saturday,WATCH NOW: live stream of #EmotionRevolution conversation with me at @YaleEmotion https://t.co/1UJswvjbmT #IamNotJust,t01633
arianagrande,please always remember how much i adore the absolute shit out of you guys. you make me so happy. damn. thank you.,27/05/2015 03:16,6.03399E+17,en,41084,27621,2015-05-27 03:16:00,2015-05-27,2015-05,2015,3,Wednesday,please always remember how much i adore the absolute shit out of you guys. you make me so happy. damn. thank you.,t01634
theellenshow,.@Double0AG didn’t win the @NBA Dunk Contest but he did dunk &amp; punk my producer @AndyLassner. He’s a winner to me. https://t.co/3ewxcQvGTv,10/03/2016 21:34,7.08043E+17,en,1806,365,2016-03-10 21:34:00,2016-03-10,2016-03,2016,21,Thursday,.@Double0AG didn’t win the @NBA Dunk Contest but he did dunk & punk my producer @AndyLassner. He’s a winner to me. https://t.co/3ewxcQvGTv,t01635
rihanna,Bu$ party!!! Next stop #SanDiego http://t.co/my0qnHJD5h,12/04/2013 01:14,3.22518E+17,en,945,1271,2013-04-12 01:14:00,2013-04-12,2013-04,2013,1,Friday,Bu$ party!!! Next stop #SanDiego http://t.co/my0qnHJD5h,t01636
instagram,Appreciating #WorldMountainDay with water engineer and outdoor enthusiast @Jack_Hogan https://t.co/SnkHf0HCRb https://t.co/OMLbGUCkGQ,11/12/2015 16:09,6.75347E+17,en,2408,611,2015-12-11 16:09:00,2015-12-11,2015-12,2015,16,Friday,Appreciating #WorldMountainDay with water engineer and outdoor enthusiast @Jack_Hogan https://t.co/SnkHf0HCRb https://t.co/OMLbGUCkGQ,t01637
taylorswift13,Thanks for being there when I needed a pick-me-up. #1989SecretSessions http://t.co/xOHaVrn8KN,05/10/2014 07:24,5.18663E+17,en,8705,4691,2014-10-05 07:24:00,2014-10-05,2014-10,2014,7,Sunday,Thanks for being there when I needed a pick-me-up. #1989SecretSessions http://t.co/xOHaVrn8KN,t01638
cnnbrk,"Suspected shooter flew into Fort Lauderdale airport and pulled gun out of checked baggage, officials say.… https://t.co/HMas6KUO5K",06/01/2017 21:11,8.17479E+17,en,630,1054,2017-01-06 21:11:00,2017-01-06,2017-01,2017,21,Friday,"Suspected shooter flew into Fort Lauderdale airport and pulled gun out of checked baggage, officials say.… https://t.co/HMas6KUO5K",t01639
taylorswift13,"She's @_Jencita_ if you want to go tell her how cute she is and how precocious and dancy her baby ALREADY is. 
I'm not crying I'm not crying",03/11/2014 04:17,5.29125E+17,en,10337,6940,2014-11-03 04:17:00,2014-11-03,2014-11,2014,4,Monday,She's @_Jencita_ if you want to go tell her how cute she is and how precocious and dancy her baby ALREADY is. I'm not crying I'm not crying,t01640
twitter,"When you see ⏪👆⏩ on a GIF, control time — frame by frame. 

Give these ScratchReels a scrub: https://t.co/zS4NL4sZIr
https://t.co/xTrJEzeVvD",23/03/2016 18:35,7.12709E+17,en,1664,467,2016-03-23 18:35:00,2016-03-23,2016-03,2016,18,Wednesday,"When you see ⏪👆⏩ on a GIF, control time — frame by frame. Give these ScratchReels a scrub: https://t.co/zS4NL4sZIr https://t.co/xTrJEzeVvD",t01641
kimkardashian,@KendallJenner I'm on episode 2! This is crazy,18/01/2016 06:07,6.88966E+17,en,5399,661,2016-01-18 06:07:00,2016-01-18,2016-01,2016,6,Monday,@KendallJenner I'm on episode 2! This is crazy,t01642
twitter,"@Nah_shelly Happy birthday, Nashelly! Here's another 🎈",06/09/2016 18:41,7.7323E+17,en,50,15,2016-09-06 18:41:00,2016-09-06,2016-09,2016,18,Tuesday,"@Nah_shelly Happy birthday, Nashelly! Here's another 🎈",t01643
kimkardashian,WORK YOUR WASH: DAY 1 https://t.co/FDxTfjs3PE https://t.co/xjUF381pWe,13/06/2016 22:59,7.42492E+17,en,1384,269,2016-06-13 22:59:00,2016-06-13,2016-06,2016,22,Monday,WORK YOUR WASH: DAY 1 https://t.co/FDxTfjs3PE https://t.co/xjUF381pWe,t01644
selenagomez,"Packing for Canada's ""We Own the Night"" Tour..... What should I pack, how cold is it going to be?",09/10/2011 21:08,1.23143E+17,en,1013,3379,2011-10-09 21:08:00,2011-10-09,2011-10,2011,21,Sunday,"Packing for Canada's ""We Own the Night"" Tour..... What should I pack, how cold is it going to be?",t01645
youtube,It’s quite possible that today is the anniversary of @icecube’s #GoodDay. Look it up. https://t.co/PpBunIdrOV https://t.co/BZxi5Uj2Ey,20/01/2016 21:05,6.89917E+17,en,1344,321,2016-01-20 21:05:00,2016-01-20,2016-01,2016,21,Wednesday,It’s quite possible that today is the anniversary of @icecube’s #GoodDay. Look it up. https://t.co/PpBunIdrOV https://t.co/BZxi5Uj2Ey,t01646
cristiano,@SJ_Miah don't stay up all night. Here it is,18/12/2012 22:55,2.81171E+17,en,70,64,2012-12-18 22:55:00,2012-12-18,2012-12,2012,22,Tuesday,@SJ_Miah don't stay up all night. Here it is,t01647
arianagrande,@urkissinmethere i see you i love you,20/09/2016 00:49,7.78033E+17,en,7079,2039,2016-09-20 00:49:00,2016-09-20,2016-09,2016,0,Tuesday,@urkissinmethere i see you i love you,t01648
britneyspears,@danwootton Ur so sweet! I'm so happy you love the album &amp; It Should Be Easy! &lt;3,07/12/2013 17:31,4.09375E+17,en,255,171,2013-12-07 17:31:00,2013-12-07,2013-12,2013,17,Saturday,@danwootton Ur so sweet! I'm so happy you love the album & It Should Be Easy! <3,t01649
theellenshow,If people tell you that you can’t… remember my friend Marvin. I love this story. https://t.co/NmHWWTt3fe,24/10/2016 19:38,7.90639E+17,en,9124,3078,2016-10-24 19:38:00,2016-10-24,2016-10,2016,19,Monday,If people tell you that you can’t… remember my friend Marvin. I love this story. https://t.co/NmHWWTt3fe,t01650
youtube,@TheRobDyke @Corpse_Husband @Be_Busta @LazyMasquerade OMG ... this is gonna be huge. 💀,30/03/2016 22:38,7.15307E+17,en,119,26,2016-03-30 22:38:00,2016-03-30,2016-03,2016,22,Wednesday,@TheRobDyke @Corpse_Husband @Be_Busta @LazyMasquerade OMG ... this is gonna be huge. 💀,t01651
cristiano,Check out my sister's Katia Aveiro new videoclip. I'm very happy for her. http://t.co/jaWnhQ97mk,15/07/2013 22:14,3.569E+17,en,1826,2201,2013-07-15 22:14:00,2013-07-15,2013-07,2013,22,Monday,Check out my sister's Katia Aveiro new videoclip. I'm very happy for her. http://t.co/jaWnhQ97mk,t01652
ddlovato,"Who is listening to #CONFIDENT on @Spotify​ right now??!?! http://t.co/OAwz5i9eB9
https://t.co/XdBqzdOjhI",16/10/2015 20:09,6.55113E+17,en,11123,8278,2015-10-16 20:09:00,2015-10-16,2015-10,2015,20,Friday,Who is listening to #CONFIDENT on @Spotify​ right now??!?! http://t.co/OAwz5i9eB9 https://t.co/XdBqzdOjhI,t01653
cristiano,@camiverea thank you,08/08/2012 15:29,2.33223E+17,en,98,103,2012-08-08 15:29:00,2012-08-08,2012-08,2012,15,Wednesday,@camiverea thank you,t01654
jimmyfallon,".@Adele and I play ""Box of Lies"" https://t.co/80p0MODDt6 #FallonTonight",24/11/2015 14:02,6.69154E+17,en,2466,636,2015-11-24 14:02:00,2015-11-24,2015-11,2015,14,Tuesday,".@Adele and I play ""Box of Lies"" https://t.co/80p0MODDt6 #FallonTonight",t01655
arianagrande,love u I do,03/09/2015 18:05,6.39499E+17,en,31217,20414,2015-09-03 18:05:00,2015-09-03,2015-09,2015,18,Thursday,love u I do,t01656
justinbieber,7 years later and ready again. Thank you https://t.co/dSF2pOTozm,18/07/2016 19:17,7.55119E+17,en,160323,93195,2016-07-18 19:17:00,2016-07-18,2016-07,2016,19,Monday,7 years later and ready again. Thank you https://t.co/dSF2pOTozm,t01657
selenagomez,Off duty http://t.co/3aeOX2S0t4,28/10/2013 19:12,3.94904E+17,en,5286,6274,2013-10-28 19:12:00,2013-10-28,2013-10,2013,19,Monday,Off duty http://t.co/3aeOX2S0t4,t01658
cristiano,If you’re in London come down to Leicester Square at 5pm this evening and say Hi! #ronaldofilm https://t.co/WBBXVaXKD0,09/11/2015 16:38,6.63758E+17,en,10688,4072,2015-11-09 16:38:00,2015-11-09,2015-11,2015,16,Monday,If you’re in London come down to Leicester Square at 5pm this evening and say Hi! #ronaldofilm https://t.co/WBBXVaXKD0,t01659
barackobama,States like Hawaii are leading the fight against climate change: http://t.co/V5Z9p0EuFr #SwitchToClean,12/06/2015 20:19,6.09455E+17,en,1843,719,2015-06-12 20:19:00,2015-06-12,2015-06,2015,20,Friday,States like Hawaii are leading the fight against climate change: http://t.co/V5Z9p0EuFr #SwitchToClean,t01660
theellenshow,"Happy birthday, @Rihanna!Thank you for naming your new album after me. Love, Anti Ellen",20/02/2016 18:12,7.01107E+17,en,12019,3312,2016-02-20 18:12:00,2016-02-20,2016-02,2016,18,Saturday,"Happy birthday, @Rihanna!Thank you for naming your new album after me. Love, Anti Ellen",t01661
theellenshow,"You know what Biggie said, ""...and if ya don't know, then ya go."" https://t.co/2DN82rrfbI https://t.co/2GQcGb6xsC",09/01/2017 20:22,8.18554E+17,en,1941,197,2017-01-09 20:22:00,2017-01-09,2017-01,2017,20,Monday,"You know what Biggie said, ""...and if ya don't know, then ya go."" https://t.co/2DN82rrfbI https://t.co/2GQcGb6xsC",t01662
barackobama,LIVE: President Obama is celebrating Milwaukee's victory in the Healthy Communities Challenge. https://t.co/aB2PNdzoXT,03/03/2016 19:53,7.05481E+17,en,1114,340,2016-03-03 19:53:00,2016-03-03,2016-03,2016,19,Thursday,LIVE: President Obama is celebrating Milwaukee's victory in the Healthy Communities Challenge. https://t.co/aB2PNdzoXT,t01663
ladygaga,". @AmyGrimesSux so happy, a most beautiful feeling",25/10/2014 02:14,5.25833E+17,en,2376,1134,2014-10-25 02:14:00,2014-10-25,2014-10,2014,2,Saturday,". @AmyGrimesSux so happy, a most beautiful feeling",t01664
instagram,"UFC star Ronda Rousey is motivated by redemption (and revenge) 
https://t.co/kATgnMmWjK",30/12/2016 17:30,8.14886E+17,en,770,160,2016-12-30 17:30:00,2016-12-30,2016-12,2016,17,Friday,UFC star Ronda Rousey is motivated by redemption (and revenge) https://t.co/kATgnMmWjK,t01665
barackobama,Students should be able to get an education without taking on decades' worth of student loan debt. #SOTU https://t.co/taytxY39tM,13/01/2016 02:27,6.87099E+17,en,7327,4398,2016-01-13 02:27:00,2016-01-13,2016-01,2016,2,Wednesday,Students should be able to get an education without taking on decades' worth of student loan debt. #SOTU https://t.co/taytxY39tM,t01666
barackobama,Join the team that's fighting for LGBT equality: http://t.co/p8ssh2vgKS http://t.co/9jpzHSphzC,02/06/2015 21:14,6.05845E+17,en,4879,2596,2015-06-02 21:14:00,2015-06-02,2015-06,2015,21,Tuesday,Join the team that's fighting for LGBT equality: http://t.co/p8ssh2vgKS http://t.co/9jpzHSphzC,t01667
cnnbrk,"2 students shot at SC elementary school sent to trauma center; teacher also shot, official says. Teen suspect held.… https://t.co/EHB4byI8Su",28/09/2016 19:19,7.81212E+17,en,505,1017,2016-09-28 19:19:00,2016-09-28,2016-09,2016,19,Wednesday,"2 students shot at SC elementary school sent to trauma center; teacher also shot, official says. Teen suspect held.… https://t.co/EHB4byI8Su",t01668
ddlovato,This is how you make an impact. More than a beaded bracelet a @metowe rafiki creates real change! #WeAreStrongerTogether,14/01/2016 23:17,6.87776E+17,en,15639,8087,2016-01-14 23:17:00,2016-01-14,2016-01,2016,23,Thursday,This is how you make an impact. More than a beaded bracelet a @metowe rafiki creates real change! #WeAreStrongerTogether,t01669
instagram,"“Yoga is an ongoing process. I love that it can never truly be mastered.” —Michelle Thomas, one-half of @yogogirls https://t.co/GUVG7tevQr",18/06/2016 23:45,7.44315E+17,en,863,185,2016-06-18 23:45:00,2016-06-18,2016-06,2016,23,Saturday,"“Yoga is an ongoing process. I love that it can never truly be mastered.” —Michelle Thomas, one-half of @yogogirls https://t.co/GUVG7tevQr",t01670
taylorswift13,"""Is that a proper cat?""
-John Cleese

PS Meredith in the background just straight chillin. http://t.co/z22OXs7E8A",13/10/2014 16:38,5.21702E+17,en,10511,6087,2014-10-13 16:38:00,2014-10-13,2014-10,2014,16,Monday,"""Is that a proper cat?"" -John Cleese PS Meredith in the background just straight chillin. http://t.co/z22OXs7E8A",t01671
britneyspears,@ReggieGo10 Tonight! 12:01am ET,16/09/2013 02:45,3.79436E+17,en,101,87,2013-09-16 02:45:00,2013-09-16,2013-09,2013,2,Monday,@ReggieGo10 Tonight! 12:01am ET,t01672
britneyspears,@WONKABELL0 Loyal #PrettyGirlTalk,15/05/2015 21:31,5.99326E+17,en,635,314,2015-05-15 21:31:00,2015-05-15,2015-05,2015,21,Friday,@WONKABELL0 Loyal #PrettyGirlTalk,t01673
twitter,"Halloween costume goals, courtesy of #HowloweenPets 🎃 https://t.co/f6W4aA8XW1",27/10/2015 17:45,6.59063E+17,en,498,193,2015-10-27 17:45:00,2015-10-27,2015-10,2015,17,Tuesday,"Halloween costume goals, courtesy of #HowloweenPets 🎃 https://t.co/f6W4aA8XW1",t01674
theellenshow,"The sale of ivory is now illegal in the US. Thank you, @BarackObama. Love, me and the elephants. https://t.co/zRJH7WsUPa",03/06/2016 23:32,7.38876E+17,en,10890,3084,2016-06-03 23:32:00,2016-06-03,2016-06,2016,23,Friday,"The sale of ivory is now illegal in the US. Thank you, @BarackObama. Love, me and the elephants. https://t.co/zRJH7WsUPa",t01675
arianagrande,I love you  https://t.co/wOgnglNhJP,11/02/2016 22:28,6.9791E+17,en,14213,4722,2016-02-11 22:28:00,2016-02-11,2016-02,2016,22,Thursday,I love you https://t.co/wOgnglNhJP,t01676
cristiano,And a merry Christmas to you also. @JimmyKellySCO @cristiano merry xmas all the way from scotland,23/12/2010 17:00,1.79879E+16,en,36,80,2010-12-23 17:00:00,2010-12-23,2010-12,2010,17,Thursday,And a merry Christmas to you also. @JimmyKellySCO @cristiano merry xmas all the way from scotland,t01677
cnnbrk,"A tornado tore through Alabama &amp; killed 3 people and injured multiple others, officials say. https://t.co/ZNbDxvSbee",30/11/2016 08:37,8.03881E+17,en,354,410,2016-11-30 08:37:00,2016-11-30,2016-11,2016,8,Wednesday,"A tornado tore through Alabama & killed 3 people and injured multiple others, officials say. https://t.co/ZNbDxvSbee",t01678
youtube,"Learn ""How to Win Game Day"" with @jakeandamir, @lifeaseva, @flula and friends. https://t.co/OKn9JE6uue https://t.co/DbeCBcDtWC",03/02/2016 15:23,6.94904E+17,en,696,85,2016-02-03 15:23:00,2016-02-03,2016-02,2016,15,Wednesday,"Learn ""How to Win Game Day"" with @jakeandamir, @lifeaseva, @flula and friends. https://t.co/OKn9JE6uue https://t.co/DbeCBcDtWC",t01679
youtube,When you try to put on last spring's jeans and realize they don't fit somehow. https://t.co/LQUxJOqMkY https://t.co/utgu2ExuXA,11/03/2016 21:00,7.08397E+17,en,1531,289,2016-03-11 21:00:00,2016-03-11,2016-03,2016,21,Friday,When you try to put on last spring's jeans and realize they don't fit somehow. https://t.co/LQUxJOqMkY https://t.co/utgu2ExuXA,t01680
rihanna,11:11   I wish a muthaphucka would,27/01/2013 19:11,2.9561E+17,en,60839,81399,2013-01-27 19:11:00,2013-01-27,2013-01,2013,19,Sunday,11:11 I wish a muthaphucka would,t01681
barackobama,Think you can nail the punchline? Here's your chance: http://t.co/aUjti19at7 http://t.co/2lAPhU7z9x,25/03/2015 16:27,5.80768E+17,en,1857,787,2015-03-25 16:27:00,2015-03-25,2015-03,2015,16,Wednesday,Think you can nail the punchline? Here's your chance: http://t.co/aUjti19at7 http://t.co/2lAPhU7z9x,t01682
jtimberlake,"""@TraceAyala: Sophia's ready for the game! #goodolrockytop #govols http://t.co/moPypYg3"" Soph!!!! #govols",15/09/2012 20:35,2.47071E+17,en,142,122,2012-09-15 20:35:00,2012-09-15,2012-09,2012,20,Saturday,"""@TraceAyala: Sophia's ready for the game! #goodolrockytop #govols http://t.co/moPypYg3"" Soph!!!! #govols",t01683
ladygaga,".@iTunesMusic A lesson he passed to me from his best friend Duke Ellington who told him ""#1, don't quit. #2, listen to #1"" #AskTonyAndGaga",24/09/2014 16:13,5.1481E+17,en,1954,1186,2014-09-24 16:13:00,2014-09-24,2014-09,2014,16,Wednesday,".@iTunesMusic A lesson he passed to me from his best friend Duke Ellington who told him ""#1, don't quit. #2, listen to #1"" #AskTonyAndGaga",t01684
kimkardashian,Airplane selfie ✈️📷 http://t.co/HRJ9TMbH44,03/08/2015 19:03,6.2828E+17,en,18541,4387,2015-08-03 19:03:00,2015-08-03,2015-08,2015,19,Monday,Airplane selfie ✈️📷 http://t.co/HRJ9TMbH44,t01685
britneyspears,@geewhizzle awwww thank you!!!!,01/03/2015 04:49,5.71895E+17,en,316,119,2015-03-01 04:49:00,2015-03-01,2015-03,2015,4,Sunday,@geewhizzle awwww thank you!!!!,t01686
jtimberlake,"“@brokemogul: sorry… YES part 2!!! @jtimberlake” You're good... It's ALL just The 20/20 Experience to me, brother!! #Complete",23/09/2013 21:10,3.82251E+17,en,223,237,2013-09-23 21:10:00,2013-09-23,2013-09,2013,21,Monday,"“@brokemogul: sorry… YES part 2!!! @jtimberlake” You're good... It's ALL just The 20/20 Experience to me, brother!! #Complete",t01687
taylorswift13,Watching MuchMusic Video on Trial-- they just showed You Belong With Me. This show is hysterical. can't wait to play in Toronto tonight!!,15/07/2011 18:11,9.1933E+16,en,815,1884,2011-07-15 18:11:00,2011-07-15,2011-07,2011,18,Friday,Watching MuchMusic Video on Trial-- they just showed You Belong With Me. This show is hysterical. can't wait to play in Toronto tonight!!,t01688
katyperry,"I DID IT. Finally, after all these years talkin bout it I done climbed your bridge tonight Sydney!… http://t.co/awnjnXbHOK",23/11/2014 11:03,5.36475E+17,en,9307,4221,2014-11-23 11:03:00,2014-11-23,2014-11,2014,11,Sunday,"I DID IT. Finally, after all these years talkin bout it I done climbed your bridge tonight Sydney!… http://t.co/awnjnXbHOK",t01689
selenagomez,Ok so my phone IS about to die and clearly I'm using way too many emoticons... I am obsessed. Y'all… http://t.co/PFf59l3U9B,27/12/2013 20:52,4.16673E+17,en,10576,9712,2013-12-27 20:52:00,2013-12-27,2013-12,2013,20,Friday,Ok so my phone IS about to die and clearly I'm using way too many emoticons... I am obsessed. Y'all… http://t.co/PFf59l3U9B,t01690
selenagomez,"Argentina--I am getting ready for the show tonight.  Can't wait to see you all, ready to have some fun?",04/02/2011 18:06,3.35872E+16,en,1273,2976,2011-02-04 18:06:00,2011-02-04,2011-02,2011,18,Friday,"Argentina--I am getting ready for the show tonight. Can't wait to see you all, ready to have some fun?",t01691
katyperry,@sIaylorswift Universal music is watching your timeline bb 👀 😘,16/10/2013 13:31,3.9047E+17,en,1585,1719,2013-10-16 13:31:00,2013-10-16,2013-10,2013,13,Wednesday,@sIaylorswift Universal music is watching your timeline bb 👀 😘,t01692
arianagrande,i love and appreciate you,05/11/2016 02:53,7.94734E+17,en,65311,33614,2016-11-05 02:53:00,2016-11-05,2016-11,2016,2,Saturday,i love and appreciate you,t01693
arianagrande,@igotpayne planning on it. there are too many songs i want to do for you! each night will be a unique experience. I really like that.,20/09/2016 22:54,7.78367E+17,en,8751,2541,2016-09-20 22:54:00,2016-09-20,2016-09,2016,22,Tuesday,@igotpayne planning on it. there are too many songs i want to do for you! each night will be a unique experience. I really like that.,t01694
barackobama,"Check out the President's final appearance on @TheDailyShow—and his newest ""executive order"": http://t.co/E9BGlTyEaS http://t.co/ku6QZx2nE1",22/07/2015 16:43,6.23896E+17,en,2321,907,2015-07-22 16:43:00,2015-07-22,2015-07,2015,16,Wednesday,"Check out the President's final appearance on @TheDailyShow—and his newest ""executive order"": http://t.co/E9BGlTyEaS http://t.co/ku6QZx2nE1",t01695
ddlovato,Fuck yeah America #LovesWins 🌈🎉💖,26/06/2015 19:36,6.14518E+17,en,44372,34976,2015-06-26 19:36:00,2015-06-26,2015-06,2015,19,Friday,Fuck yeah America #LovesWins 🌈🎉💖,t01696
jimmyfallon,@Naqi_Abbas15 nice,13/06/2015 02:46,6.09552E+17,en,120,22,2015-06-13 02:46:00,2015-06-13,2015-06,2015,2,Saturday,@Naqi_Abbas15 nice,t01697
ladygaga,@GagasHookercorn um noticed!,11/09/2014 17:34,5.10119E+17,en,1654,816,2014-09-11 17:34:00,2014-09-11,2014-09,2014,17,Thursday,@GagasHookercorn um noticed!,t01698
shakira,Squawk! Did you check out the trailer for my guest appearance on @AngryBirds POP? https://t.co/XBWxYCFtUc ShakBird,17/09/2015 18:53,6.44585E+17,en,903,399,2015-09-17 18:53:00,2015-09-17,2015-09,2015,18,Thursday,Squawk! Did you check out the trailer for my guest appearance on @AngryBirds POP? https://t.co/XBWxYCFtUc ShakBird,t01699
taylorswift13,"I'm 100. Sorry not sorry. 
#lawandorder #tea #idontreallyknowwhathashtaggingisordoes http://t.co/Krc0QFhiQ0",18/08/2013 04:36,3.68955E+17,en,21738,16627,2013-08-18 04:36:00,2013-08-18,2013-08,2013,4,Sunday,I'm 100. Sorry not sorry. #lawandorder #tea #idontreallyknowwhathashtaggingisordoes http://t.co/Krc0QFhiQ0,t01700
youtube,@Sajusa_ Metal is always appropriate!,02/03/2016 23:37,7.05175E+17,en,15,32,2016-03-02 23:37:00,2016-03-02,2016-03,2016,23,Wednesday,@Sajusa_ Metal is always appropriate!,t01701
shakira,Two silver medals for #Colombia so far! Let's go for more! Shak,30/07/2012 23:11,2.30078E+17,en,245,504,2012-07-30 23:11:00,2012-07-30,2012-07,2012,23,Monday,Two silver medals for #Colombia so far! Let's go for more! Shak,t01702
justinbieber,Great show. Thank you,11/07/2016 05:09,7.52369E+17,en,113588,51059,2016-07-11 05:09:00,2016-07-11,2016-07,2016,5,Monday,Great show. Thank you,t01703
theellenshow,The opposite of sabotage is hard. #OneBigHappy,29/04/2015 01:45,5.9323E+17,en,1668,345,2015-04-29 01:45:00,2015-04-29,2015-04,2015,1,Wednesday,The opposite of sabotage is hard. #OneBigHappy,t01704
taylorswift13,"Oh my God, guys, you could not possibly be cuter. 
#TS1989 http://t.co/PbduCikdhm",27/10/2014 14:49,5.26748E+17,en,16854,7739,2014-10-27 14:49:00,2014-10-27,2014-10,2014,14,Monday,"Oh my God, guys, you could not possibly be cuter. #TS1989 http://t.co/PbduCikdhm",t01705
britneyspears,@w0rkspears happy bday gabriel!,13/12/2013 13:33,4.11489E+17,en,214,188,2013-12-13 13:33:00,2013-12-13,2013-12,2013,13,Friday,@w0rkspears happy bday gabriel!,t01706
barackobama,Add your name for a chance to see James Taylor perform live in Chicago this summer: https://t.co/3Iz7oEkTzq https://t.co/EhvQXqDcmI,28/03/2016 17:03,7.14498E+17,en,3021,583,2016-03-28 17:03:00,2016-03-28,2016-03,2016,17,Monday,Add your name for a chance to see James Taylor perform live in Chicago this summer: https://t.co/3Iz7oEkTzq https://t.co/EhvQXqDcmI,t01707
jtimberlake,Same here @wangleehom! Oh and welcome to....The Twitter....,08/05/2014 16:52,4.64448E+17,en,1597,729,2014-05-08 16:52:00,2014-05-08,2014-05,2014,16,Thursday,Same here @wangleehom! Oh and welcome to....The Twitter....,t01708
instagram,A tiny hamster with adorable snack attacks is today's #WeeklyFluff https://t.co/UubRhGe8f6,15/03/2016 15:24,7.09762E+17,en,1120,236,2016-03-15 15:24:00,2016-03-15,2016-03,2016,15,Tuesday,A tiny hamster with adorable snack attacks is today's #WeeklyFluff https://t.co/UubRhGe8f6,t01709
shakira,"#IMAGINE 🎼 Imagine there's no countries
It isn't hard to do
Nothing to kill or die for  https://t.co/dwIAA1aJ3H @UNICEF @UN @UNICEFenEspanol",26/09/2015 09:11,6.477E+17,en,2782,1354,2015-09-26 09:11:00,2015-09-26,2015-09,2015,9,Saturday,#IMAGINE 🎼 Imagine there's no countries It isn't hard to do Nothing to kill or die for https://t.co/dwIAA1aJ3H @UNICEF @UN @UNICEFenEspanol,t01710
britneyspears,@NikiTaylorInc Thank you for the support! Really appreciate it :),27/08/2016 21:46,7.69652E+17,en,652,148,2016-08-27 21:46:00,2016-08-27,2016-08,2016,21,Saturday,@NikiTaylorInc Thank you for the support! Really appreciate it :),t01711
instagram,"“I need to experiment and renew myself every day.” —Franck Pellegrino
https://t.co/XYZ3H9PXcJ",08/12/2016 23:30,8.07004E+17,en,612,159,2016-12-08 23:30:00,2016-12-08,2016-12,2016,23,Thursday,“I need to experiment and renew myself every day.” —Franck Pellegrino https://t.co/XYZ3H9PXcJ,t01712
theellenshow,"The entire cast of Ghostbusters is here next week and now @HillaryClinton is coming, too! Get your Woman Cards ready.",17/05/2016 14:04,7.32573E+17,en,4497,784,2016-05-17 14:04:00,2016-05-17,2016-05,2016,14,Tuesday,"The entire cast of Ghostbusters is here next week and now @HillaryClinton is coming, too! Get your Woman Cards ready.",t01713
cristiano,Speedy ride on the track with @JensonButton #DontCrackUnderPressure @tagheuer http://t.co/w7GWNkLUBX,01/09/2014 16:02,5.06472E+17,en,3381,1746,2014-09-01 16:02:00,2014-09-01,2014-09,2014,16,Monday,Speedy ride on the track with @JensonButton #DontCrackUnderPressure @tagheuer http://t.co/w7GWNkLUBX,t01714
ddlovato,When someone talks over my favorite song...  👊 https://t.co/pAqdYJXTC5,25/04/2015 09:18,5.91894E+17,en,15762,9939,2015-04-25 09:18:00,2015-04-25,2015-04,2015,9,Saturday,When someone talks over my favorite song... 👊 https://t.co/pAqdYJXTC5,t01715
katyperry,"@Leah_Haworth @fridaaperry @katystumblrr I hv 140 characters, whut do u want?",18/09/2016 07:18,7.77406E+17,en,2335,742,2016-09-18 07:18:00,2016-09-18,2016-09,2016,7,Sunday,"@Leah_Haworth @fridaaperry @katystumblrr I hv 140 characters, whut do u want?",t01716
selenagomez,Yesterday launched UNICEF's World Water Week and I am celebrating by giving away some of my very own tap water... http://fb.me/DddA7Tw5,22/03/2011 02:32,5.0022E+16,en,336,1043,2011-03-22 02:32:00,2011-03-22,2011-03,2011,2,Tuesday,Yesterday launched UNICEF's World Water Week and I am celebrating by giving away some of my very own tap water... http://fb.me/DddA7Tw5,t01717
shakira,Getting ready to answer your questions on early education with @ArneDuncan! Ask yours using #ShakiraEdChat Shak http://t.co/eTDuFZhJOI,10/12/2014 14:52,5.42693E+17,en,1045,2088,2014-12-10 14:52:00,2014-12-10,2014-12,2014,14,Wednesday,Getting ready to answer your questions on early education with @ArneDuncan! Ask yours using #ShakiraEdChat Shak http://t.co/eTDuFZhJOI,t01718
jimmyfallon,"Tonight: Playing ""Pop Quiz"" with @SavannahGuthrie and @MLauer! Plus Felicity Jones and music from @FKAtwigs. #FallonTonight",04/11/2014 16:14,5.29668E+17,en,717,188,2014-11-04 16:14:00,2014-11-04,2014-11,2014,16,Tuesday,"Tonight: Playing ""Pop Quiz"" with @SavannahGuthrie and @MLauer! Plus Felicity Jones and music from @FKAtwigs. #FallonTonight",t01719
theellenshow,"4, 3, 2, 1, Happy New Year!!!! Close enough! We’re going to bed. See you in 2016.",01/01/2016 03:04,6.82759E+17,en,17322,3581,2016-01-01 03:04:00,2016-01-01,2016-01,2016,3,Friday,"4, 3, 2, 1, Happy New Year!!!! Close enough! We’re going to bed. See you in 2016.",t01720
jimmyfallon,.@JaredLeto and I play Pup Quiz https://t.co/PR0Xx2BAis #FallonTonight,02/08/2016 12:00,7.60445E+17,en,1432,320,2016-08-02 12:00:00,2016-08-02,2016-08,2016,12,Tuesday,.@JaredLeto and I play Pup Quiz https://t.co/PR0Xx2BAis #FallonTonight,t01721
justinbieber,@JustJared yep. That happened,15/06/2015 04:59,6.10311E+17,en,30319,21002,2015-06-15 04:59:00,2015-06-15,2015-06,2015,4,Monday,@JustJared yep. That happened,t01722
britneyspears,@RawburtSukka The BEST. Heart bubbles for u all!!!,16/09/2013 05:14,3.79473E+17,en,204,206,2013-09-16 05:14:00,2013-09-16,2013-09,2013,5,Monday,@RawburtSukka The BEST. Heart bubbles for u all!!!,t01723
jimmyfallon,@Mariobatali you know I love you. #teambatali #fallontonight,20/01/2016 05:13,6.89677E+17,en,301,69,2016-01-20 05:13:00,2016-01-20,2016-01,2016,5,Wednesday,@Mariobatali you know I love you. #teambatali #fallontonight,t01724
arianagrande,ran like the wind! about to be on air @ElvisDuranShow with my friend @elvisduran !! make sure you tune in. shalom.,15/03/2016 11:58,7.0971E+17,en,25724,9406,2016-03-15 11:58:00,2016-03-15,2016-03,2016,11,Tuesday,ran like the wind! about to be on air @ElvisDuranShow with my friend @elvisduran !! make sure you tune in. shalom.,t01725
rihanna,Parisian navy! SO excited to share my pop up shop w/ you @coletteparis! New #ANTIWORLDTOUR merch &amp; all things #FENTY https://t.co/oxIORusK9q,23/07/2016 21:35,7.56966E+17,en,15227,4128,2016-07-23 21:35:00,2016-07-23,2016-07,2016,21,Saturday,Parisian navy! SO excited to share my pop up shop w/ you @coletteparis! New #ANTIWORLDTOUR merch & all things #FENTY https://t.co/oxIORusK9q,t01726
taylorswift13,"Happy Birthday, @jtimberlake! Thank you for your music, comedy, daaaahncing, songwriting, and for taking this selfie: http://t.co/nExSjreYRU",31/01/2015 17:49,5.61582E+17,en,108571,46808,2015-01-31 17:49:00,2015-01-31,2015-01,2015,17,Saturday,"Happy Birthday, @jtimberlake! Thank you for your music, comedy, daaaahncing, songwriting, and for taking this selfie: http://t.co/nExSjreYRU",t01727
arianagrande,@StayOnFleek i kno bae u don't have to have it in there and besides u know i love u,01/09/2015 15:33,6.38736E+17,en,9092,3519,2015-09-01 15:33:00,2015-09-01,2015-09,2015,15,Tuesday,@StayOnFleek i kno bae u don't have to have it in there and besides u know i love u,t01728
katyperry,My dream for after SB is to have a procession of chilled Girl Scout thin mint cookies brought to me by Girl Scouts w/sparklers a la da club.,25/01/2015 01:58,5.59168E+17,en,14728,6733,2015-01-25 01:58:00,2015-01-25,2015-01,2015,1,Sunday,My dream for after SB is to have a procession of chilled Girl Scout thin mint cookies brought to me by Girl Scouts w/sparklers a la da club.,t01729
ladygaga,"The first time Tom Ford and Nick Knight worked together, I got to be there. 😭 https://t.co/0VnmEqyA2U",02/10/2015 00:29,6.49743E+17,en,7413,5268,2015-10-02 00:29:00,2015-10-02,2015-10,2015,0,Friday,"The first time Tom Ford and Nick Knight worked together, I got to be there. 😭 https://t.co/0VnmEqyA2U",t01730
arianagrande,i adore u  https://t.co/GPzD5EvYJd,13/07/2015 20:57,6.20699E+17,en,15261,5980,2015-07-13 20:57:00,2015-07-13,2015-07,2015,20,Monday,i adore u https://t.co/GPzD5EvYJd,t01731
katyperry,"When Invisalign goes in, booty call is off!",08/07/2014 07:40,4.86414E+17,en,10817,4771,2014-07-08 07:40:00,2014-07-08,2014-07,2014,7,Tuesday,"When Invisalign goes in, booty call is off!",t01732
rihanna,Me being a lil fashawn heaux! #BalmainOffices #TheyOnlyPlayMyMusicInHere #HeCalledMeHisMUSE… http://t.co/9ZxChmKodG,09/06/2013 13:08,3.43716E+17,en,1059,1447,2013-06-09 13:08:00,2013-06-09,2013-06,2013,13,Sunday,Me being a lil fashawn heaux! #BalmainOffices #TheyOnlyPlayMyMusicInHere #HeCalledMeHisMUSE… http://t.co/9ZxChmKodG,t01733
theellenshow,.@TylerOakley and @AlessiaCara tried out a Ouija board backstage. Happy Halloween! #TheTylerOakleyShow… https://t.co/TeXJvMM4xM,31/10/2016 23:08,7.93228E+17,en,1713,265,2016-10-31 23:08:00,2016-10-31,2016-10,2016,23,Monday,.@TylerOakley and @AlessiaCara tried out a Ouija board backstage. Happy Halloween! #TheTylerOakleyShow… https://t.co/TeXJvMM4xM,t01734
shakira,Here's Shak at the @3DWhite launch event in Barcelona at the weekend… ShakHQ http://t.co/6tnyvAstz6,11/05/2015 16:49,5.97806E+17,en,2345,807,2015-05-11 16:49:00,2015-05-11,2015-05,2015,16,Monday,Here's Shak at the @3DWhite launch event in Barcelona at the weekend… ShakHQ http://t.co/6tnyvAstz6,t01735
ladygaga,I am so grateful to have the #1 Album in Japan for the 2nd week in a row. Can't wait to tell you the story of… https://t.co/kWgsAFl9V6,01/11/2016 14:04,7.93454E+17,en,15983,5085,2016-11-01 14:04:00,2016-11-01,2016-11,2016,14,Tuesday,I am so grateful to have the #1 Album in Japan for the 2nd week in a row. Can't wait to tell you the story of… https://t.co/kWgsAFl9V6,t01736
rihanna,Get the brand new #CAMOCREEPER now here --&gt; https://t.co/GAkFFgYA0O https://t.co/qqRSya6zGj,28/07/2016 14:18,7.58668E+17,en,13577,4307,2016-07-28 14:18:00,2016-07-28,2016-07,2016,14,Thursday,Get the brand new #CAMOCREEPER now here --> https://t.co/GAkFFgYA0O https://t.co/qqRSya6zGj,t01737
ladygaga,"#artRAVEOslo get ready to Rave in the spirit of art, make art of the rage of life. http://t.co/WIAPxbDVmt",29/09/2014 17:53,5.16647E+17,en,5027,3179,2014-09-29 17:53:00,2014-09-29,2014-09,2014,17,Monday,"#artRAVEOslo get ready to Rave in the spirit of art, make art of the rage of life. http://t.co/WIAPxbDVmt",t01738
ladygaga,I hate to say it @CapitalOfficial but it's TRUE! I do have the best and most devoted fans ever!  #GagaBestFans2015 http://t.co/pf9o3oP7se,11/01/2015 17:54,5.54336E+17,en,14000,11177,2015-01-11 17:54:00,2015-01-11,2015-01,2015,17,Sunday,I hate to say it @CapitalOfficial but it's TRUE! I do have the best and most devoted fans ever! #GagaBestFans2015 http://t.co/pf9o3oP7se,t01739
instagram,Reflecting on the shores of the Brahmaputra River. #TheWeekOnInstagram https://t.co/3QjCuIFA4l,06/12/2016 00:45,8.05936E+17,en,469,107,2016-12-06 00:45:00,2016-12-06,2016-12,2016,0,Tuesday,Reflecting on the shores of the Brahmaputra River. #TheWeekOnInstagram https://t.co/3QjCuIFA4l,t01740
kimkardashian,@I_yler hope you had the best birthday!!!! Hope I'm not late!,14/09/2015 22:53,6.43558E+17,en,219,60,2015-09-14 22:53:00,2015-09-14,2015-09,2015,22,Monday,@I_yler hope you had the best birthday!!!! Hope I'm not late!,t01741
barackobama,"In the weekly address, the President discusses our growing economy and why it's so important that we #LeadOnTrade: http://t.co/pJI3V2Nn7J",13/06/2015 20:20,6.09818E+17,en,1288,447,2015-06-13 20:20:00,2015-06-13,2015-06,2015,20,Saturday,"In the weekly address, the President discusses our growing economy and why it's so important that we #LeadOnTrade: http://t.co/pJI3V2Nn7J",t01742
selenagomez,"missing la, just a little tonight ☺️ shooting starts soon!! Eeeeekkkk --Fundamentals of Caregiving!! http://t.co/cDh4HSCC38",19/01/2015 05:47,5.57052E+17,en,15334,8872,2015-01-19 05:47:00,2015-01-19,2015-01,2015,5,Monday,"missing la, just a little tonight ☺️ shooting starts soon!! Eeeeekkkk --Fundamentals of Caregiving!! http://t.co/cDh4HSCC38",t01743
rihanna,#DIAMONDSWORLDTOUR I'm back!!! #Tampa we're coming to find you!!! http://t.co/Q00u9PmcuH,19/04/2013 15:12,3.25266E+17,en,1437,2533,2013-04-19 15:12:00,2013-04-19,2013-04,2013,15,Friday,#DIAMONDSWORLDTOUR I'm back!!! #Tampa we're coming to find you!!! http://t.co/Q00u9PmcuH,t01744
taylorswift13,"Life was never worse, but never better...",17/02/2015 06:10,5.67567E+17,en,62760,50236,2015-02-17 06:10:00,2015-02-17,2015-02,2015,6,Tuesday,"Life was never worse, but never better...",t01745
youtube,Can you guess @taylorswift13’s fave TV show before watching this Q&amp;A? https://t.co/57ZIhcCYQc https://t.co/kWV8CQSE0f,22/04/2016 22:30,7.2364E+17,en,1647,283,2016-04-22 22:30:00,2016-04-22,2016-04,2016,22,Friday,Can you guess @taylorswift13’s fave TV show before watching this Q&A? https://t.co/57ZIhcCYQc https://t.co/kWV8CQSE0f,t01746
kimkardashian,WEAR A THIN BLACK CHOKER https://t.co/SfQojTab3S https://t.co/ZEbsdYdEza,02/03/2016 23:01,7.05166E+17,en,3446,603,2016-03-02 23:01:00,2016-03-02,2016-03,2016,23,Wednesday,WEAR A THIN BLACK CHOKER https://t.co/SfQojTab3S https://t.co/ZEbsdYdEza,t01747
justinbieber,"#BieberRoast on Monday. Post a @shots of u watching, a @whipclip of your fav clip live. Then tag on @OfficialFahlo &amp; see what happens :)",26/03/2015 14:59,5.81108E+17,en,55906,46642,2015-03-26 14:59:00,2015-03-26,2015-03,2015,14,Thursday,"#BieberRoast on Monday. Post a @shots of u watching, a @whipclip of your fav clip live. Then tag on @OfficialFahlo & see what happens :)",t01748
cnnbrk,6 people are missing after a small plane loses contact over Lake Erie. https://t.co/Z1rSnNWlPq,30/12/2016 12:24,8.14809E+17,en,698,885,2016-12-30 12:24:00,2016-12-30,2016-12,2016,12,Friday,6 people are missing after a small plane loses contact over Lake Erie. https://t.co/Z1rSnNWlPq,t01749
jimmyfallon,They are coming!!  https://t.co/4z0VmqBmYL,01/03/2016 23:44,7.04815E+17,en,1053,146,2016-03-01 23:44:00,2016-03-01,2016-03,2016,23,Tuesday,They are coming!! https://t.co/4z0VmqBmYL,t01750
kimkardashian,Waiting... https://t.co/FQFhLzBtiJ,04/12/2015 23:24,6.72919E+17,en,21025,4123,2015-12-04 23:24:00,2015-12-04,2015-12,2015,23,Friday,Waiting... https://t.co/FQFhLzBtiJ,t01751
justinbieber,Nah. Lol. #LoveYourself fool! #base @bignarstie  https://t.co/YyBO1n3tTm,29/11/2015 02:46,6.70796E+17,en,60610,39119,2015-11-29 02:46:00,2015-11-29,2015-11,2015,2,Sunday,Nah. Lol. #LoveYourself fool! #base @bignarstie https://t.co/YyBO1n3tTm,t01752
kimkardashian,Nothing like a little @PerezHilton to keep things interesting #KimKardashianGame http://t.co/FwQ3aY1JFM,28/05/2015 22:46,6.04056E+17,en,4317,817,2015-05-28 22:46:00,2015-05-28,2015-05,2015,22,Thursday,Nothing like a little @PerezHilton to keep things interesting #KimKardashianGame http://t.co/FwQ3aY1JFM,t01753
twitter,@thecorpcommguy It’s an absolute masterpiece. 😍,10/01/2017 02:29,8.18646E+17,en,27,13,2017-01-10 02:29:00,2017-01-10,2017-01,2017,2,Tuesday,@thecorpcommguy It’s an absolute masterpiece. 😍,t01754
ddlovato,I ❤️ this woman 😘  #TBT https://t.co/lXCHFtHl2P,12/03/2015 16:05,5.76052E+17,en,13954,9161,2015-03-12 16:05:00,2015-03-12,2015-03,2015,16,Thursday,I ❤️ this woman 😘 #TBT https://t.co/lXCHFtHl2P,t01755
jimmyfallon,Call Link https://t.co/3uRIv2hMyW,10/06/2016 04:26,7.41124E+17,en,592,78,2016-06-10 04:26:00,2016-06-10,2016-06,2016,4,Friday,Call Link https://t.co/3uRIv2hMyW,t01756
twitter,"*yaaaaaaaaaaaawn*

Mondays, amirite
https://t.co/LQRaIQZ8Id

https://t.co/8O6tWfEASU",07/03/2016 19:46,7.06929E+17,en,3586,1666,2016-03-07 19:46:00,2016-03-07,2016-03,2016,19,Monday,"*yaaaaaaaaaaaawn* Mondays, amirite https://t.co/LQRaIQZ8Id https://t.co/8O6tWfEASU",t01757
rihanna,#red #croc #newphuckmepumpz #blahnikbitches Thank you Manolo http://t.co/wnGolMkE,13/01/2013 04:50,2.9032E+17,en,582,731,2013-01-13 04:50:00,2013-01-13,2013-01,2013,4,Sunday,#red #croc #newphuckmepumpz #blahnikbitches Thank you Manolo http://t.co/wnGolMkE,t01758
taylorswift13,"We're off to a great start in Portland, where I've just been given these donuts as a gift. http://t.co/iehWKCOJqV",31/08/2013 02:42,3.73637E+17,en,21677,14274,2013-08-31 02:42:00,2013-08-31,2013-08,2013,2,Saturday,"We're off to a great start in Portland, where I've just been given these donuts as a gift. http://t.co/iehWKCOJqV",t01759
kimkardashian,TRENDING: THE COLD SHOULDER https://t.co/F0y126ZvNZ https://t.co/zjM7RQ1ptQ,13/04/2016 17:15,7.20299E+17,en,3284,591,2016-04-13 17:15:00,2016-04-13,2016-04,2016,17,Wednesday,TRENDING: THE COLD SHOULDER https://t.co/F0y126ZvNZ https://t.co/zjM7RQ1ptQ,t01760
theellenshow,"Happy birthday, @MsSarahPaulson! Whatever you do to celebrate, I hope you do it in a Marcia Clark wig.",17/12/2016 19:27,8.10205E+17,en,4538,687,2016-12-17 19:27:00,2016-12-17,2016-12,2016,19,Saturday,"Happy birthday, @MsSarahPaulson! Whatever you do to celebrate, I hope you do it in a Marcia Clark wig.",t01761
ddlovato,I think Sic Transit Gloria by Brand new will always be one of my all time favorite songs #throwback,18/11/2015 18:30,6.67047E+17,en,13015,7208,2015-11-18 18:30:00,2015-11-18,2015-11,2015,18,Wednesday,I think Sic Transit Gloria by Brand new will always be one of my all time favorite songs #throwback,t01762
shakira,Someone just got busted eating the frosting off the donuts again... ShakHQ http://t.co/duRCEO5B09,10/02/2014 20:57,4.32982E+17,en,2607,1124,2014-02-10 20:57:00,2014-02-10,2014-02,2014,20,Monday,Someone just got busted eating the frosting off the donuts again... ShakHQ http://t.co/duRCEO5B09,t01763
twitter,"We review the year of Twitter news &amp; info, and what you were most interested in hearing from us in 2012. http://t.co/WKzle6nx",31/12/2012 22:20,2.85873E+17,en,250,373,2012-12-31 22:20:00,2012-12-31,2012-12,2012,22,Monday,"We review the year of Twitter news & info, and what you were most interested in hearing from us in 2012. http://t.co/WKzle6nx",t01764
kimkardashian,Morning Jog https://t.co/ld7FIhE0nc,25/01/2016 18:55,6.91696E+17,en,16946,1926,2016-01-25 18:55:00,2016-01-25,2016-01,2016,18,Monday,Morning Jog https://t.co/ld7FIhE0nc,t01765
kimkardashian,Tell my baby I'm back in town... https://t.co/lzj1zXR23Y,13/02/2016 19:26,6.98589E+17,en,30627,12014,2016-02-13 19:26:00,2016-02-13,2016-02,2016,19,Saturday,Tell my baby I'm back in town... https://t.co/lzj1zXR23Y,t01766
twitter,We couldn't have picked a better day to throw our employee #twestival. Hello San Francisco sun!,25/08/2011 00:28,1.06523E+17,en,62,91,2011-08-25 00:28:00,2011-08-25,2011-08,2011,0,Thursday,We couldn't have picked a better day to throw our employee #twestival. Hello San Francisco sun!,t01767
ddlovato,Make an impact with me on @We_365 by taking my #WearHope challenge!! http://t.co/gfhVyeAr9l http://t.co/P2aYjljcng http://t.co/kewkJEN0oN,24/01/2015 18:44,5.59059E+17,en,26064,16150,2015-01-24 18:44:00,2015-01-24,2015-01,2015,18,Saturday,Make an impact with me on @We_365 by taking my #WearHope challenge!! http://t.co/gfhVyeAr9l http://t.co/P2aYjljcng http://t.co/kewkJEN0oN,t01768
instagram,This penguin jumps for joy on #WorldOceansDay! 🐧https://t.co/2NvsGwPjCq,08/06/2016 23:30,7.40687E+17,en,643,166,2016-06-08 23:30:00,2016-06-08,2016-06,2016,23,Wednesday,This penguin jumps for joy on #WorldOceansDay! 🐧https://t.co/2NvsGwPjCq,t01769
justinbieber,Big night. Everyone good luck tonight. #BBMAs,17/05/2015 22:16,6.00062E+17,en,82723,66888,2015-05-17 22:16:00,2015-05-17,2015-05,2015,22,Sunday,Big night. Everyone good luck tonight. #BBMAs,t01770
twitter,"Thanks for lobbing up All-Star Tweets, @CP3! #LoveTwitter
https://t.co/yXLrywprvu",21/03/2016 12:45,7.11897E+17,en,1034,251,2016-03-21 12:45:00,2016-03-21,2016-03,2016,12,Monday,"Thanks for lobbing up All-Star Tweets, @CP3! #LoveTwitter https://t.co/yXLrywprvu",t01771
theellenshow,Sometimes vacations don’t go the way we planned. Tell me your best #VacationNightmare and you could win this week’s hashtag contest!,01/06/2015 23:56,6.05523E+17,en,2188,402,2015-06-01 23:56:00,2015-06-01,2015-06,2015,23,Monday,Sometimes vacations don’t go the way we planned. Tell me your best #VacationNightmare and you could win this week’s hashtag contest!,t01772
jimmyfallon,"“@johnkrasinski: Good one. Keep churning out those lip syncs. Call me when it's time... Time for the #lipsyncbattleROYAL !!!!” Oh, it's ON!",28/02/2014 23:30,4.39543E+17,en,2316,438,2014-02-28 23:30:00,2014-02-28,2014-02,2014,23,Friday,"“@johnkrasinski: Good one. Keep churning out those lip syncs. Call me when it's time... Time for the #lipsyncbattleROYAL !!!!” Oh, it's ON!",t01773
barackobama,"Because some are standing in the way, this has been the least productive Congress in modern history. Demand better: http://t.co/9RCdspIayB",04/09/2014 18:38,5.07599E+17,en,1140,846,2014-09-04 18:38:00,2014-09-04,2014-09,2014,18,Thursday,"Because some are standing in the way, this has been the least productive Congress in modern history. Demand better: http://t.co/9RCdspIayB",t01774
theellenshow,"I can't wait for you and Macey to meet. Thank you, Vice President.  https://t.co/Bvy7rNxHFS",28/04/2015 23:08,5.9319E+17,en,1973,335,2015-04-28 23:08:00,2015-04-28,2015-04,2015,23,Tuesday,"I can't wait for you and Macey to meet. Thank you, Vice President. https://t.co/Bvy7rNxHFS",t01775
instagram,.@Floyd_TheLion: A Persian cat with the heart of a lion (and solid high-fiving skills) #WHPboomerangoftheyear https://t.co/zfKYUgtMcO,21/12/2016 15:30,8.11595E+17,en,513,107,2016-12-21 15:30:00,2016-12-21,2016-12,2016,15,Wednesday,.@Floyd_TheLion: A Persian cat with the heart of a lion (and solid high-fiving skills) #WHPboomerangoftheyear https://t.co/zfKYUgtMcO,t01776
jtimberlake,"Wow. Did we just make history?! Thank you so much to ALL of #Top40 and @RCARecords! UNREAL! I'm blown away! 🙏‼️

https://t.co/WHoXiMp5Pe",11/05/2016 23:39,7.30543E+17,en,3087,702,2016-05-11 23:39:00,2016-05-11,2016-05,2016,23,Wednesday,Wow. Did we just make history?! Thank you so much to ALL of #Top40 and @RCARecords! UNREAL! I'm blown away! 🙏‼️ https://t.co/WHoXiMp5Pe,t01777
barackobama,"""It's up to us to restore the ideals that made this country great."" —President Obama #WomenSucceed",31/10/2014 16:02,5.28215E+17,en,1296,710,2014-10-31 16:02:00,2014-10-31,2014-10,2014,16,Friday,"""It's up to us to restore the ideals that made this country great."" —President Obama #WomenSucceed",t01778
britneyspears,Lots of love &amp; good luck to my unstoppable teens @ArinRaySings @BeatriceMiller &amp; @CarlyRoseMusic tonight. Show the world what u're made of!,08/11/2012 00:17,2.66334E+17,en,563,1095,2012-11-08 00:17:00,2012-11-08,2012-11,2012,0,Thursday,Lots of love & good luck to my unstoppable teens @ArinRaySings @BeatriceMiller & @CarlyRoseMusic tonight. Show the world what u're made of!,t01779
taylorswift13,#SafeAndSound is trending!!,23/12/2011 06:26,1.501E+17,en,1751,5625,2011-12-23 06:26:00,2011-12-23,2011-12,2011,6,Friday,#SafeAndSound is trending!!,t01780
jtimberlake,Want your name printed in the #DreamWorksTrolls soundtrack CD booklet? Pre-order to secure your copy now! https://t.co/C5KjYd5buE -teamJT,19/07/2016 21:41,7.55518E+17,en,3133,570,2016-07-19 21:41:00,2016-07-19,2016-07,2016,21,Tuesday,Want your name printed in the #DreamWorksTrolls soundtrack CD booklet? Pre-order to secure your copy now! https://t.co/C5KjYd5buE -teamJT,t01781
twitter,Twitter acquires GeoAPI—location awareness to get awesome-er! http://bit.ly/4Cyiu0,23/12/2009 22:38,6979005919,en,67,104,2009-12-23 22:38:00,2009-12-23,2009-12,2009,22,Wednesday,Twitter acquires GeoAPI—location awareness to get awesome-er! http://bit.ly/4Cyiu0,t01782
jtimberlake,Wow! Super cool. 🙏 https://t.co/rITxXukC9g,20/03/2016 19:37,7.11638E+17,en,2597,547,2016-03-20 19:37:00,2016-03-20,2016-03,2016,19,Sunday,Wow! Super cool. 🙏 https://t.co/rITxXukC9g,t01783
selenagomez,So excited for my newest announcement....... Working with @Common and @Fergie on our Case-Mate campaign!!!! Which... http://t.co/NVdGfO2I,10/08/2012 21:13,2.34035E+17,en,3110,6059,2012-08-10 21:13:00,2012-08-10,2012-08,2012,21,Friday,So excited for my newest announcement....... Working with @Common and @Fergie on our Case-Mate campaign!!!! Which... http://t.co/NVdGfO2I,t01784
ladygaga,My mom and my manager @bobby_campbell are so emotional about our Best Actress Golden Globe… https://t.co/Mq52oCuGw4,10/12/2015 17:37,6.75007E+17,en,7007,3230,2015-12-10 17:37:00,2015-12-10,2015-12,2015,17,Thursday,My mom and my manager @bobby_campbell are so emotional about our Best Actress Golden Globe… https://t.co/Mq52oCuGw4,t01785
jtimberlake,Denver... Thank you for giving us one of the loudest and craziest crowds we have seen! What a way to end this leg before our break!,23/01/2014 08:34,4.26272E+17,en,4313,1860,2014-01-23 08:34:00,2014-01-23,2014-01,2014,8,Thursday,Denver... Thank you for giving us one of the loudest and craziest crowds we have seen! What a way to end this leg before our break!,t01786
katyperry,Chicken noodle soup &amp; chamomile tea cause: throat... 😑 Gonna need you more than ever tonight Sydney. Show #95 #ThePrismaticWorldTour,25/11/2014 08:42,5.37164E+17,en,10178,4523,2014-11-25 08:42:00,2014-11-25,2014-11,2014,8,Tuesday,Chicken noodle soup & chamomile tea cause: throat... 😑 Gonna need you more than ever tonight Sydney. Show #95 #ThePrismaticWorldTour,t01787
rihanna,I got my eyes on you,08/08/2013 18:42,3.65543E+17,en,5319,12113,2013-08-08 18:42:00,2013-08-08,2013-08,2013,18,Thursday,I got my eyes on you,t01788
selenagomez,Set up camp here to watch the sunset and juice stuff ya know? Guess I was doing it wrong. Eh. http://t.co/r7MNeV6tto,19/07/2014 19:35,4.90581E+17,en,10231,6579,2014-07-19 19:35:00,2014-07-19,2014-07,2014,19,Saturday,Set up camp here to watch the sunset and juice stuff ya know? Guess I was doing it wrong. Eh. http://t.co/r7MNeV6tto,t01789
kimkardashian,love your new blog!!!! @MyleezaKardash https://t.co/v0d803YCZy,05/07/2016 17:06,7.50375E+17,en,2234,378,2016-07-05 17:06:00,2016-07-05,2016-07,2016,17,Tuesday,love your new blog!!!! @MyleezaKardash https://t.co/v0d803YCZy,t01790
jimmyfallon,Show your cousins how cool you are by watching YouTube clips from us! http://t.co/WANfkzGKGh Subscribe!,27/11/2014 18:22,5.38035E+17,en,958,200,2014-11-27 18:22:00,2014-11-27,2014-11,2014,18,Thursday,Show your cousins how cool you are by watching YouTube clips from us! http://t.co/WANfkzGKGh Subscribe!,t01791
jimmyfallon,Tonight on @FallonTonight is one of the best Brian Williams raps we've ever done. Tune in tonight (first 10 minutes).,20/02/2014 02:24,4.36325E+17,en,2291,672,2014-02-20 02:24:00,2014-02-20,2014-02,2014,2,Thursday,Tonight on @FallonTonight is one of the best Brian Williams raps we've ever done. Tune in tonight (first 10 minutes).,t01792
youtube,LIVE: The #DemDebate on NBC and YouTube starts now. https://t.co/K8i2BfNvUf https://t.co/EF7drm2RAq,18/01/2016 02:05,6.88905E+17,en,1037,230,2016-01-18 02:05:00,2016-01-18,2016-01,2016,2,Monday,LIVE: The #DemDebate on NBC and YouTube starts now. https://t.co/K8i2BfNvUf https://t.co/EF7drm2RAq,t01793
ladygaga,"Ignore voices that aim to divide us, this only leads to more violence between people. We must unite as humans, where we are all the same. 🌏",14/06/2016 02:01,7.42537E+17,en,49335,28807,2016-06-14 02:01:00,2016-06-14,2016-06,2016,2,Tuesday,"Ignore voices that aim to divide us, this only leads to more violence between people. We must unite as humans, where we are all the same. 🌏",t01794
britneyspears,Who’s tuning in tonight? 😎 #PrettyGirlsonBBMAs on ABC at 8/7c! @OfficialBBMAs http://t.co/jw7asoDoXu,17/05/2015 22:52,6.00071E+17,en,5634,3674,2015-05-17 22:52:00,2015-05-17,2015-05,2015,22,Sunday,Who’s tuning in tonight? 😎 #PrettyGirlsonBBMAs on ABC at 8/7c! @OfficialBBMAs http://t.co/jw7asoDoXu,t01795
ladygaga,"It's a beautiful day in the neighborhood, Grammys rehearsal with my Tony I can't wait to see him, Neil… http://t.co/lwlFAgBCQl",05/02/2015 20:53,5.6344E+17,en,4953,3136,2015-02-05 20:53:00,2015-02-05,2015-02,2015,20,Thursday,"It's a beautiful day in the neighborhood, Grammys rehearsal with my Tony I can't wait to see him, Neil… http://t.co/lwlFAgBCQl",t01796
theellenshow,"One day, this will all be ours. https://t.co/hOfBaTppSC",10/03/2016 23:10,7.08068E+17,en,14671,2788,2016-03-10 23:10:00,2016-03-10,2016-03,2016,23,Thursday,"One day, this will all be ours. https://t.co/hOfBaTppSC",t01797
jtimberlake,"Thanks, Guts! 🙏‼️ https://t.co/fP4TD4RILo",06/05/2016 00:50,7.28387E+17,en,1599,366,2016-05-06 00:50:00,2016-05-06,2016-05,2016,0,Friday,"Thanks, Guts! 🙏‼️ https://t.co/fP4TD4RILo",t01798
youtube,@shannamalcolm Now that's a billboard. Congrats Shanna!,09/09/2016 23:18,7.74386E+17,en,39,3,2016-09-09 23:18:00,2016-09-09,2016-09,2016,23,Friday,@shannamalcolm Now that's a billboard. Congrats Shanna!,t01799
taylorswift13,"See you tonight, Detroit!
#1989TourDetroit http://t.co/nggNpDWQkf",30/05/2015 17:20,6.04699E+17,en,48528,18757,2015-05-30 17:20:00,2015-05-30,2015-05,2015,17,Saturday,"See you tonight, Detroit! #1989TourDetroit http://t.co/nggNpDWQkf",t01800
justinbieber,Vancouver tonight,12/03/2016 02:46,7.08484E+17,en,121238,61346,2016-03-12 02:46:00,2016-03-12,2016-03,2016,2,Saturday,Vancouver tonight,t01801
britneyspears,I see you! :) #PerfumeVideoPremiere @meV00o @ZsoltPalffy I want a small replay from britney OMG I adore her,10/12/2013 19:48,4.10496E+17,en,474,280,2013-12-10 19:48:00,2013-12-10,2013-12,2013,19,Tuesday,I see you! :) #PerfumeVideoPremiere @meV00o @ZsoltPalffy I want a small replay from britney OMG I adore her,t01802
selenagomez,Then Colorado went and did the same thing... Y'all make me smile. Thank you http://t.co/pRQiJjoBOY,18/11/2013 01:55,4.02254E+17,en,5379,5342,2013-11-18 01:55:00,2013-11-18,2013-11,2013,1,Monday,Then Colorado went and did the same thing... Y'all make me smile. Thank you http://t.co/pRQiJjoBOY,t01803
twitter,"Righteous move, @StephenAtHome 👊 https://t.co/2N5JI8IJiS",28/09/2016 18:39,7.81202E+17,en,418,90,2016-09-28 18:39:00,2016-09-28,2016-09,2016,18,Wednesday,"Righteous move, @StephenAtHome 👊 https://t.co/2N5JI8IJiS",t01804
instagram,“An onion is really beautiful. A strawberry can be amazing.” —Terri Salminen #FoodRevolutionDay https://t.co/BojD02gdfc,21/05/2016 01:30,7.33832E+17,en,858,178,2016-05-21 01:30:00,2016-05-21,2016-05,2016,1,Saturday,“An onion is really beautiful. A strawberry can be amazing.” —Terri Salminen #FoodRevolutionDay https://t.co/BojD02gdfc,t01805
instagram,A creative friendship revealed through a work in progress #WHPinthestudio https://t.co/xD3Fal4Kvn,26/10/2016 14:30,7.91286E+17,en,633,122,2016-10-26 14:30:00,2016-10-26,2016-10,2016,14,Wednesday,A creative friendship revealed through a work in progress #WHPinthestudio https://t.co/xD3Fal4Kvn,t01806
cristiano,This is such a fun one.  http://say.ly/MkItje,05/07/2011 22:01,8.83669E+16,en,134,228,2011-07-05 22:01:00,2011-07-05,2011-07,2011,22,Tuesday,This is such a fun one. http://say.ly/MkItje,t01807
taylorswift13,FALLON TONIGHT FALLON TONIGHT FALLON TONIGHT FALLON TONIGHT FALLON TONIGHT,13/08/2014 22:07,4.99679E+17,en,23109,12426,2014-08-13 22:07:00,2014-08-13,2014-08,2014,22,Wednesday,FALLON TONIGHT FALLON TONIGHT FALLON TONIGHT FALLON TONIGHT FALLON TONIGHT,t01808
rihanna,And yea I like to phuck I got a phuckin pro'lem,09/01/2013 11:23,2.88969E+17,en,3827,10344,2013-01-09 11:23:00,2013-01-09,2013-01,2013,11,Wednesday,And yea I like to phuck I got a phuckin pro'lem,t01809
theellenshow,"Happy birthday, @Mark_Wahlberg! In case you missed it, here’s your #EntourageMovie cast. http://t.co/YsymzM7jpz",05/06/2015 18:22,6.06889E+17,en,1905,403,2015-06-05 18:22:00,2015-06-05,2015-06,2015,18,Friday,"Happy birthday, @Mark_Wahlberg! In case you missed it, here’s your #EntourageMovie cast. http://t.co/YsymzM7jpz",t01810
youtube,Surf’s up 🏄🏄🏄 https://t.co/8xusHwn7lw https://t.co/s9dd1Hm0yr,22/05/2016 17:00,7.34429E+17,en,1905,470,2016-05-22 17:00:00,2016-05-22,2016-05,2016,17,Sunday,Surf’s up 🏄🏄🏄 https://t.co/8xusHwn7lw https://t.co/s9dd1Hm0yr,t01811
rihanna,Ready for #London at The Forum tonight! #RiverIsland #HTC #Budweiser #6thStop #777Tour #UNAPOLOGETIC,19/11/2012 11:03,2.70483E+17,en,585,1234,2012-11-19 11:03:00,2012-11-19,2012-11,2012,11,Monday,Ready for #London at The Forum tonight! #RiverIsland #HTC #Budweiser #6thStop #777Tour #UNAPOLOGETIC,t01812
cristiano,@OMERCR Hi there. Greetings to Egypt!,12/11/2013 16:26,4.00299E+17,en,1420,1975,2013-11-12 16:26:00,2013-11-12,2013-11,2013,16,Tuesday,@OMERCR Hi there. Greetings to Egypt!,t01813
cnnbrk,Ft. Lauderdale airport shooting suspect Esteban Santiago will face 3 charges; 2 of which carry death penalty.… https://t.co/VW2EfRtV2j,09/01/2017 17:12,8.18506E+17,en,438,259,2017-01-09 17:12:00,2017-01-09,2017-01,2017,17,Monday,Ft. Lauderdale airport shooting suspect Esteban Santiago will face 3 charges; 2 of which carry death penalty.… https://t.co/VW2EfRtV2j,t01814
youtube,"Somewhere over the rainbow, there’s cheesecake like this 🌈 ✨ https://t.co/P9whpNJgoB https://t.co/xMdMfXZgrQ",28/08/2016 16:00,7.69928E+17,en,1780,363,2016-08-28 16:00:00,2016-08-28,2016-08,2016,16,Sunday,"Somewhere over the rainbow, there’s cheesecake like this 🌈 ✨ https://t.co/P9whpNJgoB https://t.co/xMdMfXZgrQ",t01815
shakira,I'm loving the images you guys are sending in for the #shakiracountdown. You're geniuses!! Keep em coming! Shak http://t.co/E3cNVPSuB2,14/03/2014 15:26,4.44495E+17,en,1015,474,2014-03-14 15:26:00,2014-03-14,2014-03,2014,15,Friday,I'm loving the images you guys are sending in for the #shakiracountdown. You're geniuses!! Keep em coming! Shak http://t.co/E3cNVPSuB2,t01816
katyperry,@Lockoir imma do my laundry on that washboard in a min!,15/07/2015 19:57,6.21408E+17,en,4525,2552,2015-07-15 19:57:00,2015-07-15,2015-07,2015,19,Wednesday,@Lockoir imma do my laundry on that washboard in a min!,t01817
ddlovato,"I’m so proud of the stage @nickjonas &amp; I designed for #HondaCivicTour #FutureNow. It’s all for you guys 💜

https://t.co/LokzSGfvw6",29/08/2016 20:01,7.70351E+17,en,18083,6129,2016-08-29 20:01:00,2016-08-29,2016-08,2016,20,Monday,I’m so proud of the stage @nickjonas & I designed for #HondaCivicTour #FutureNow. It’s all for you guys 💜 https://t.co/LokzSGfvw6,t01818
arianagrande,@ButeraCartier fake ! do not be f o o l e d my babies,27/08/2016 02:48,7.69366E+17,en,14204,4966,2016-08-27 02:48:00,2016-08-27,2016-08,2016,2,Saturday,@ButeraCartier fake ! do not be f o o l e d my babies,t01819
cristiano,"To celebrate the end of 2016, @TAGHeuer asked me to prove how I didn't crack under pressure. https://t.co/9Yy3eP432B",27/12/2016 19:21,8.13827E+17,en,16236,3410,2016-12-27 19:21:00,2016-12-27,2016-12,2016,19,Tuesday,"To celebrate the end of 2016, @TAGHeuer asked me to prove how I didn't crack under pressure. https://t.co/9Yy3eP432B",t01820
justinbieber,#PurposeTourOttawa killed it,14/05/2016 13:28,7.31476E+17,en,87213,42108,2016-05-14 13:28:00,2016-05-14,2016-05,2016,13,Saturday,#PurposeTourOttawa killed it,t01821
ddlovato,Prayers work!!! My papa is feeling much better!! He's still in the hospital but I'm told he's doing so good!! I LOVE YOU GUYS 💖💖💖🙏🏼,20/06/2015 00:32,6.12055E+17,en,31987,17170,2015-06-20 00:32:00,2015-06-20,2015-06,2015,0,Saturday,Prayers work!!! My papa is feeling much better!! He's still in the hospital but I'm told he's doing so good!! I LOVE YOU GUYS 💖💖💖🙏🏼,t01822
barackobama,We can tackle climate change—but it's going to take all of us working together. #ActOnClimate https://t.co/LEvJFzebLA,22/04/2016 21:53,7.23631E+17,en,7143,2461,2016-04-22 21:53:00,2016-04-22,2016-04,2016,21,Friday,We can tackle climate change—but it's going to take all of us working together. #ActOnClimate https://t.co/LEvJFzebLA,t01823
jimmyfallon,“@justjenae: Been listening to @IAmChronixx since you had him on the Tonight Show👌 #chillsesh” Happy. He's killing it right now.,07/08/2014 16:16,4.97416E+17,en,559,91,2014-08-07 16:16:00,2014-08-07,2014-08,2014,16,Thursday,“@justjenae: Been listening to @IAmChronixx since you had him on the Tonight Show👌 #chillsesh” Happy. He's killing it right now.,t01824
ladygaga,Million Reasons is the #1 song on @iTunes in my home USA at. Cc@  ..https://t.co/vmCs264Zjw https://t.co/5TDSnipowb,28/10/2016 15:15,7.92022E+17,en,12625,5084,2016-10-28 15:15:00,2016-10-28,2016-10,2016,15,Friday,Million Reasons is the #1 song on @iTunes in my home USA at. Cc@ ..https://t.co/vmCs264Zjw https://t.co/5TDSnipowb,t01825
rihanna,#GoROGUE for the holidays! Get my newest perfume ROGUE now at Macy's: http://t.co/ujvul1MYpG,10/12/2013 17:16,4.10458E+17,en,2009,1750,2013-12-10 17:16:00,2013-12-10,2013-12,2013,17,Tuesday,#GoROGUE for the holidays! Get my newest perfume ROGUE now at Macy's: http://t.co/ujvul1MYpG,t01826
jtimberlake,"“@robknox_ys: Whoa, man!!! That's too much pressure. But since he brought it up... TURN UP, LA!!!! Let's go!!",26/11/2013 23:40,4.05481E+17,en,955,422,2013-11-26 23:40:00,2013-11-26,2013-11,2013,23,Tuesday,"“@robknox_ys: Whoa, man!!! That's too much pressure. But since he brought it up... TURN UP, LA!!!! Let's go!!",t01827
barackobama,Don't forget to leave a personal note for President Obama's birthday today: http://t.co/v0pSvUVNdG,04/08/2014 23:08,4.96433E+17,en,1430,719,2014-08-04 23:08:00,2014-08-04,2014-08,2014,23,Monday,Don't forget to leave a personal note for President Obama's birthday today: http://t.co/v0pSvUVNdG,t01828
rihanna,"NAVY, #ANTI is now in stores worldwide! Pick up your physical copy today!! https://t.co/jpoZOSSU0b",05/02/2016 17:44,6.95664E+17,en,21756,12770,2016-02-05 17:44:00,2016-02-05,2016-02,2016,17,Friday,"NAVY, #ANTI is now in stores worldwide! Pick up your physical copy today!! https://t.co/jpoZOSSU0b",t01829
rihanna,“@Beckie08: Welcome back Robyn!!! We've missed you @rihanna” miss you always,09/01/2013 16:44,2.8905E+17,en,401,559,2013-01-09 16:44:00,2013-01-09,2013-01,2013,16,Wednesday,“@Beckie08: Welcome back Robyn!!! We've missed you @rihanna” miss you always,t01830
ddlovato,@we_areforbidden apparently everything I say is offensive and disrespectful soooo.....,04/10/2016 13:31,7.83299E+17,en,9801,4059,2016-10-04 13:31:00,2016-10-04,2016-10,2016,13,Tuesday,@we_areforbidden apparently everything I say is offensive and disrespectful soooo.....,t01831
barackobama,"Lew, a business owner in St. Louis, knows that a fair wage is a key part of the American dream. Check out his story: http://t.co/UEDBwWAcpq",08/10/2014 16:58,5.19894E+17,en,719,338,2014-10-08 16:58:00,2014-10-08,2014-10,2014,16,Wednesday,"Lew, a business owner in St. Louis, knows that a fair wage is a key part of the American dream. Check out his story: http://t.co/UEDBwWAcpq",t01832
arianagrande,"wait I thought of y'all &amp; laughed earlier bc I literally ""spilled ☕️"" everywhere when the bus hit a bump by accident https://t.co/zoANkV39GK",27/07/2015 05:47,6.25543E+17,en,13248,5242,2015-07-27 05:47:00,2015-07-27,2015-07,2015,5,Monday,"wait I thought of y'all & laughed earlier bc I literally ""spilled ☕️"" everywhere when the bus hit a bump by accident https://t.co/zoANkV39GK",t01833
katyperry,And if you haven't got ❤️💕WHO YOU LOVE💕❤️on your playlist yet grab it HERE: http://t.co/3tlH7Uf62O,03/12/2013 01:02,4.07676E+17,en,4370,3847,2013-12-03 01:02:00,2013-12-03,2013-12,2013,1,Tuesday,And if you haven't got ❤️💕WHO YOU LOVE💕❤️on your playlist yet grab it HERE: http://t.co/3tlH7Uf62O,t01834
jtimberlake,“@_Willyummm: @jtimberlake Pre-Ordered! Thank me later. 😏 http://t.co/2BkLgYZbLU” Nope!! I'm thanking you now!!,25/09/2013 20:47,3.8297E+17,en,1369,619,2013-09-25 20:47:00,2013-09-25,2013-09,2013,20,Wednesday,“@_Willyummm: @jtimberlake Pre-Ordered! Thank me later. 😏 http://t.co/2BkLgYZbLU” Nope!! I'm thanking you now!!,t01835
katyperry,POWER TO THE PEOPLE,09/11/2016 08:10,7.96264E+17,en,31136,13120,2016-11-09 08:10:00,2016-11-09,2016-11,2016,8,Wednesday,POWER TO THE PEOPLE,t01836
youtube,"Whether you need a forest fire or just a good cry, there’s music for you. https://t.co/IOZhYIeTWh #YouTubeMusic https://t.co/ouq6aXFr2r",25/07/2016 14:54,7.5759E+17,en,1010,169,2016-07-25 14:54:00,2016-07-25,2016-07,2016,14,Monday,"Whether you need a forest fire or just a good cry, there’s music for you. https://t.co/IOZhYIeTWh #YouTubeMusic https://t.co/ouq6aXFr2r",t01837
kimkardashian,FOLLOW FRIDAY https://t.co/9W1ktMDzoe https://t.co/hdR4lxvjZX,05/12/2015 01:00,6.72944E+17,en,7920,1385,2015-12-05 01:00:00,2015-12-05,2015-12,2015,1,Saturday,FOLLOW FRIDAY https://t.co/9W1ktMDzoe https://t.co/hdR4lxvjZX,t01838
twitter,Tuning in to #Eurovision tonight? Support your favorite songs during the Grand Final with country hashflags. http://t.co/5hWDaXKyMt,23/05/2015 16:22,6.02148E+17,en,1235,624,2015-05-23 16:22:00,2015-05-23,2015-05,2015,16,Saturday,Tuning in to #Eurovision tonight? Support your favorite songs during the Grand Final with country hashflags. http://t.co/5hWDaXKyMt,t01839
britneyspears,Found the cutest little mermaid 💚💙 http://t.co/boaDdcgtKh,27/08/2015 06:19,6.36785E+17,en,8761,3095,2015-08-27 06:19:00,2015-08-27,2015-08,2015,6,Thursday,Found the cutest little mermaid 💚💙 http://t.co/boaDdcgtKh,t01840
cristiano,Look forward to see you too tomorrow @WayneRooney,12/02/2013 20:54,3.01434E+17,en,6414,19904,2013-02-12 20:54:00,2013-02-12,2013-02,2013,20,Tuesday,Look forward to see you too tomorrow @WayneRooney,t01841
twitter,"More interactive Tweets, in more than 2000 ways -- including examples from @Amazon, @Fandango, @Crowdmap and more http://t.co/3fc3wkyG",25/10/2012 20:02,2.61558E+17,en,199,230,2012-10-25 20:02:00,2012-10-25,2012-10,2012,20,Thursday,"More interactive Tweets, in more than 2000 ways -- including examples from @Amazon, @Fandango, @Crowdmap and more http://t.co/3fc3wkyG",t01842
youtube,"Gogh.
Wyeth.
Hopper.
Vermeer. 
@JaneZhang's ""Dust My Shoulders Off"" → https://t.co/VxGx7kreMx https://t.co/hVkKxAaJ48",02/11/2016 21:30,7.93928E+17,en,1333,279,2016-11-02 21:30:00,2016-11-02,2016-11,2016,21,Wednesday,"Gogh. Wyeth. Hopper. Vermeer. @JaneZhang's ""Dust My Shoulders Off"" → https://t.co/VxGx7kreMx https://t.co/hVkKxAaJ48",t01843
youtube,"*smashes guitar* 
*crowd surfs* 
*pees on your couch* → https://t.co/QENp5ZJl6J https://t.co/CGHaX0NbXD",19/11/2016 17:00,8.00021E+17,en,1356,206,2016-11-19 17:00:00,2016-11-19,2016-11,2016,17,Saturday,*smashes guitar* *crowd surfs* *pees on your couch* → https://t.co/QENp5ZJl6J https://t.co/CGHaX0NbXD,t01844
instagram,How you experience @reneefrench’s characters says a lot about you https://t.co/rRG2TSMv4u,16/06/2016 01:30,7.43254E+17,en,646,149,2016-06-16 01:30:00,2016-06-16,2016-06,2016,1,Thursday,How you experience @reneefrench’s characters says a lot about you https://t.co/rRG2TSMv4u,t01845
taylorswift13,"When we first dropped our bags on apartment floors,
Took our broken hearts,
Put them in a drawer.

#taylurking http://t.co/vepIS1OHJP",31/10/2014 21:40,5.283E+17,en,7700,3074,2014-10-31 21:40:00,2014-10-31,2014-10,2014,21,Friday,"When we first dropped our bags on apartment floors, Took our broken hearts, Put them in a drawer. #taylurking http://t.co/vepIS1OHJP",t01846
cnnbrk,Seismic activity detected in North Korea near the location of a January nuclear test. https://t.co/8QCjqq0wo2 https://t.co/yYHeMeOwNK,09/09/2016 01:46,7.74061E+17,en,438,536,2016-09-09 01:46:00,2016-09-09,2016-09,2016,1,Friday,Seismic activity detected in North Korea near the location of a January nuclear test. https://t.co/8QCjqq0wo2 https://t.co/yYHeMeOwNK,t01847
ddlovato,The truth may hurt and the truth may suck to hear but it can save you 💗,15/07/2015 17:25,6.2137E+17,en,25813,23221,2015-07-15 17:25:00,2015-07-15,2015-07,2015,17,Wednesday,The truth may hurt and the truth may suck to hear but it can save you 💗,t01848
youtube,.@CalvinHarris and @rihanna have what you came for. https://t.co/0XEjmZIMP3 https://t.co/V8QVwWP41z,17/06/2016 18:05,7.43867E+17,en,1952,627,2016-06-17 18:05:00,2016-06-17,2016-06,2016,18,Friday,.@CalvinHarris and @rihanna have what you came for. https://t.co/0XEjmZIMP3 https://t.co/V8QVwWP41z,t01849
kimkardashian,Our @kardashiankids fall collection for little boys &amp; girls has arrived at @babiesrus and http://t.co/3RTGGGEz0c! http://t.co/ho4QxYEORN,09/07/2015 17:52,6.19202E+17,en,4078,742,2015-07-09 17:52:00,2015-07-09,2015-07,2015,17,Thursday,Our @kardashiankids fall collection for little boys & girls has arrived at @babiesrus and http://t.co/3RTGGGEz0c! http://t.co/ho4QxYEORN,t01850
theellenshow,I.G.G.Y. is here to shut down all the hate and rumors. And I love her for it. @IGGYAZALEA https://t.co/GduSYphLmP,08/04/2016 22:24,7.18565E+17,en,3525,858,2016-04-08 22:24:00,2016-04-08,2016-04,2016,22,Friday,I.G.G.Y. is here to shut down all the hate and rumors. And I love her for it. @IGGYAZALEA https://t.co/GduSYphLmP,t01851
cnnbrk,"Munich gunman left long manifesto, appeared to have been planning deadly attack for a year, police say. https://t.co/8aCsppDsPj",24/07/2016 12:49,7.57196E+17,en,266,274,2016-07-24 12:49:00,2016-07-24,2016-07,2016,12,Sunday,"Munich gunman left long manifesto, appeared to have been planning deadly attack for a year, police say. https://t.co/8aCsppDsPj",t01852
youtube,Here’s looking at #UnicornIsland. https://t.co/byAVyESwrZ #AT2UI  #YTRedOriginals https://t.co/bHRLoUCUhP,05/02/2016 23:00,6.95744E+17,en,1368,209,2016-02-05 23:00:00,2016-02-05,2016-02,2016,23,Friday,Here’s looking at #UnicornIsland. https://t.co/byAVyESwrZ #AT2UI #YTRedOriginals https://t.co/bHRLoUCUhP,t01853
kimkardashian,Thx @BalmainParis &amp; @olivier_rousteing 4making my fave dress! I can't wait til I can fit into the same dress &amp; take a selfie w my wax figure,09/07/2015 19:14,6.19223E+17,en,2572,521,2015-07-09 19:14:00,2015-07-09,2015-07,2015,19,Thursday,Thx @BalmainParis & @olivier_rousteing 4making my fave dress! I can't wait til I can fit into the same dress & take a selfie w my wax figure,t01854
theellenshow,"Happy birthday, @AllisonHolker. Hope you and @official_twitch don’t celebrate too hard, or this could turn into two birthdays.",06/02/2016 18:48,6.96043E+17,en,4186,553,2016-02-06 18:48:00,2016-02-06,2016-02,2016,18,Saturday,"Happy birthday, @AllisonHolker. Hope you and @official_twitch don’t celebrate too hard, or this could turn into two birthdays.",t01855
ladygaga,I feel like I've known her my whole life she wants to show me things. 🦄 https://t.co/GKjbFi0Hnq,23/12/2015 01:11,6.79469E+17,en,7361,3350,2015-12-23 01:11:00,2015-12-23,2015-12,2015,1,Wednesday,I feel like I've known her my whole life she wants to show me things. 🦄 https://t.co/GKjbFi0Hnq,t01856
arianagrande,I love you,19/08/2016 00:39,7.66434E+17,en,68520,30265,2016-08-19 00:39:00,2016-08-19,2016-08,2016,0,Friday,I love you,t01857
barackobama,"Provisions in #Obamacare have helped save billions of dollars and more than 80,000 lives. Read more: https://t.co/qP0MHE41fo",04/12/2015 20:29,6.72875E+17,en,1746,590,2015-12-04 20:29:00,2015-12-04,2015-12,2015,20,Friday,"Provisions in #Obamacare have helped save billions of dollars and more than 80,000 lives. Read more: https://t.co/qP0MHE41fo",t01858
theellenshow,"Oh hey U of Kansas @KUNews, if you could also show up dressed as royalty - kings, queens, etc. BIG prize at stake. See you at 3pm, CST!",26/10/2015 18:41,6.58715E+17,en,1535,342,2015-10-26 18:41:00,2015-10-26,2015-10,2015,18,Monday,"Oh hey U of Kansas @KUNews, if you could also show up dressed as royalty - kings, queens, etc. BIG prize at stake. See you at 3pm, CST!",t01859
barackobama,Organizers in New Mexico are working to make sure people in their communities have affordable care. Read how: https://t.co/ImbJsmYtE6,22/10/2015 16:14,6.57229E+17,en,1056,370,2015-10-22 16:14:00,2015-10-22,2015-10,2015,16,Thursday,Organizers in New Mexico are working to make sure people in their communities have affordable care. Read how: https://t.co/ImbJsmYtE6,t01860
barackobama,Happening now: President Obama delivers a statement on Cuba. http://t.co/CubTW5ywQZ,17/12/2014 17:02,5.45263E+17,en,1876,2154,2014-12-17 17:02:00,2014-12-17,2014-12,2014,17,Wednesday,Happening now: President Obama delivers a statement on Cuba. http://t.co/CubTW5ywQZ,t01861
jimmyfallon,My friend freezes eggnog so he can drink eggnog all year round. #MyWeirdFriend,24/09/2014 20:10,5.1487E+17,en,2635,480,2014-09-24 20:10:00,2014-09-24,2014-09,2014,20,Wednesday,My friend freezes eggnog so he can drink eggnog all year round. #MyWeirdFriend,t01862
kimkardashian,North is watching @Simone_Biles in awe! She's rolling around on the bed pretending to copy her lol,08/08/2016 04:02,7.62499E+17,en,22109,3177,2016-08-08 04:02:00,2016-08-08,2016-08,2016,4,Monday,North is watching @Simone_Biles in awe! She's rolling around on the bed pretending to copy her lol,t01863
instagram,All-American stories with @Bruce_Weber https://t.co/AlGyZ2T0zg https://t.co/SRNmpSTFLa,12/11/2015 16:10,6.64838E+17,en,2357,446,2015-11-12 16:10:00,2015-11-12,2015-11,2015,16,Thursday,All-American stories with @Bruce_Weber https://t.co/AlGyZ2T0zg https://t.co/SRNmpSTFLa,t01864
arianagrande,hahhaha 🙈🙈 love you  https://t.co/Wy2D5V1U9M,13/07/2015 20:28,6.20691E+17,en,15359,6578,2015-07-13 20:28:00,2015-07-13,2015-07,2015,20,Monday,hahhaha 🙈🙈 love you https://t.co/Wy2D5V1U9M,t01865
arianagrande,love you https://t.co/tjKpYTq0lq,29/03/2016 06:15,7.14697E+17,en,15575,4681,2016-03-29 06:15:00,2016-03-29,2016-03,2016,6,Tuesday,love you https://t.co/tjKpYTq0lq,t01866
twitter,Twitter for Mac is getting a fresh new look and feel today. Download now to see what’s new: https://t.co/VBm8w23ePh https://t.co/mwn8yXADqU,30/12/2015 18:15,6.82264E+17,en,2607,1330,2015-12-30 18:15:00,2015-12-30,2015-12,2015,18,Wednesday,Twitter for Mac is getting a fresh new look and feel today. Download now to see what’s new: https://t.co/VBm8w23ePh https://t.co/mwn8yXADqU,t01867
katyperry,"...police reform, gun control, mental health awareness, women's rights &amp; affordable education @HillaryClinton #Debates",09/10/2016 23:49,7.85266E+17,en,7534,2032,2016-10-09 23:49:00,2016-10-09,2016-10,2016,23,Sunday,"...police reform, gun control, mental health awareness, women's rights & affordable education @HillaryClinton #Debates",t01868
instagram,The tricked-out road warrior life of filmmaker Cyrus Sutton https://t.co/QIppyKwZpw,19/07/2016 22:30,7.5553E+17,en,721,124,2016-07-19 22:30:00,2016-07-19,2016-07,2016,22,Tuesday,The tricked-out road warrior life of filmmaker Cyrus Sutton https://t.co/QIppyKwZpw,t01869
rihanna,Phan Love http://t.co/fjIbjXQT,28/10/2012 21:11,2.62663E+17,en,1092,1807,2012-10-28 21:11:00,2012-10-28,2012-10,2012,21,Sunday,Phan Love http://t.co/fjIbjXQT,t01870
ddlovato,My heart hurts. God help us.,08/07/2016 04:31,7.51272E+17,en,46857,26806,2016-07-08 04:31:00,2016-07-08,2016-07,2016,4,Friday,My heart hurts. God help us.,t01871
selenagomez,Filming a music video today.... any ideas what song will be the next single after Love You Like a Love Song.,30/09/2011 22:06,1.19896E+17,en,1055,3729,2011-09-30 22:06:00,2011-09-30,2011-09,2011,22,Friday,Filming a music video today.... any ideas what song will be the next single after Love You Like a Love Song.,t01872
britneyspears,You can ride with me too!! Donate to @NVCCF to win! https://t.co/sV4mOso1kO,05/10/2016 16:35,7.83707E+17,en,2738,796,2016-10-05 16:35:00,2016-10-05,2016-10,2016,16,Wednesday,You can ride with me too!! Donate to @NVCCF to win! https://t.co/sV4mOso1kO,t01873
jtimberlake,"""@mistermeg907: @jtimberlake hey Justin,what Do you think came first?the egg or the chicken ? :) Greetings from Germany!"" The apple.",31/08/2012 22:26,2.41663E+17,en,113,190,2012-08-31 22:26:00,2012-08-31,2012-08,2012,22,Friday,"""@mistermeg907: @jtimberlake hey Justin,what Do you think came first?the egg or the chicken ? :) Greetings from Germany!"" The apple.",t01874
theellenshow,You were wonderful. I'm so glad I turned my chair around.  https://t.co/EsuB6WPetn,15/10/2015 02:34,6.54486E+17,en,2135,316,2015-10-15 02:34:00,2015-10-15,2015-10,2015,2,Thursday,You were wonderful. I'm so glad I turned my chair around. https://t.co/EsuB6WPetn,t01875
theellenshow,.@DianeSawyer did an absolutely incredible job.,25/04/2015 03:16,5.91803E+17,en,12189,1792,2015-04-25 03:16:00,2015-04-25,2015-04,2015,3,Saturday,.@DianeSawyer did an absolutely incredible job.,t01876
britneyspears,Check out @ETonlineAlert tonight for a look behind the scenes at my @Shape_Magazine cover shoot! 7:30 PT. http://t.co/fvdrb2pylW,08/05/2013 01:29,3.31944E+17,en,2599,2274,2013-05-08 01:29:00,2013-05-08,2013-05,2013,1,Wednesday,Check out @ETonlineAlert tonight for a look behind the scenes at my @Shape_Magazine cover shoot! 7:30 PT. http://t.co/fvdrb2pylW,t01877
katyperry,"EXCLUSIVE! Unlock the #KatyKatHouse for brand new vids &amp; more from me, @COVERGIRL, &amp; the Katy Kat Collection! https://t.co/90z6YGdgbD",25/07/2016 16:01,7.57607E+17,en,12707,4340,2016-07-25 16:01:00,2016-07-25,2016-07,2016,16,Monday,"EXCLUSIVE! Unlock the #KatyKatHouse for brand new vids & more from me, @COVERGIRL, & the Katy Kat Collection! https://t.co/90z6YGdgbD",t01878
shakira,"To celebrate Shak being @ELLEmagazine's July cover girl, win signed copies+ Elixir by Shakira gift sets http://t.co/qbojavzpeT (US only) SHQ",21/06/2013 01:12,3.47885E+17,en,184,222,2013-06-21 01:12:00,2013-06-21,2013-06,2013,1,Friday,"To celebrate Shak being @ELLEmagazine's July cover girl, win signed copies+ Elixir by Shakira gift sets http://t.co/qbojavzpeT (US only) SHQ",t01879
katyperry,RT if your parents have one of these in their living room: https://t.co/Vfg7eYHrOR,26/11/2015 19:39,6.69964E+17,en,13100,4912,2015-11-26 19:39:00,2015-11-26,2015-11,2015,19,Thursday,RT if your parents have one of these in their living room: https://t.co/Vfg7eYHrOR,t01880
katyperry,Have you ever met someone who is completely fantastic in person but utterly obnoxious on social media? #whythedisconnect?,04/12/2013 19:11,4.08313E+17,en,11331,9793,2013-12-04 19:11:00,2013-12-04,2013-12,2013,19,Wednesday,Have you ever met someone who is completely fantastic in person but utterly obnoxious on social media? #whythedisconnect?,t01881
britneyspears,Scream &amp; Shout is officially on @iTunesMusic!! You're gonna turn this shit up!! #GetScreamAndShoutNOW http://t.co/kaRLNR2W,21/11/2012 19:39,2.71337E+17,en,640,1776,2012-11-21 19:39:00,2012-11-21,2012-11,2012,19,Wednesday,Scream & Shout is officially on @iTunesMusic!! You're gonna turn this shit up!! #GetScreamAndShoutNOW http://t.co/kaRLNR2W,t01882
cnnbrk,"Two police officers killed, third wounded while responding to domestic disturbance in Palm Springs, CA, police say. https://t.co/KyxYdOk5Te",08/10/2016 23:45,7.84903E+17,en,530,863,2016-10-08 23:45:00,2016-10-08,2016-10,2016,23,Saturday,"Two police officers killed, third wounded while responding to domestic disturbance in Palm Springs, CA, police say. https://t.co/KyxYdOk5Te",t01883
youtube,When double-jumping gets out of hand … https://t.co/j3flr9csgl https://t.co/trNm9kCzSj,12/11/2016 17:00,7.97484E+17,en,1508,252,2016-11-12 17:00:00,2016-11-12,2016-11,2016,17,Saturday,When double-jumping gets out of hand … https://t.co/j3flr9csgl https://t.co/trNm9kCzSj,t01884
youtube,We're not opposable to this. https://t.co/zyKzBoonl4 https://t.co/TTDtsxLAF6,23/01/2017 21:30,8.23644E+17,en,906,217,2017-01-23 21:30:00,2017-01-23,2017-01,2017,21,Monday,We're not opposable to this. https://t.co/zyKzBoonl4 https://t.co/TTDtsxLAF6,t01885
theellenshow,Can you tell they’re extensions? https://t.co/BpgoiFXlGb,07/03/2016 23:09,7.0698E+17,en,12991,2428,2016-03-07 23:09:00,2016-03-07,2016-03,2016,23,Monday,Can you tell they’re extensions? https://t.co/BpgoiFXlGb,t01886
youtube,Everything you’ve ever wanted to know about @KendallJenner → https://t.co/nD7KjQQjsJ https://t.co/CR4TNYhHua,23/08/2016 00:00,7.67874E+17,en,1107,119,2016-08-23 00:00:00,2016-08-23,2016-08,2016,0,Tuesday,Everything you’ve ever wanted to know about @KendallJenner → https://t.co/nD7KjQQjsJ https://t.co/CR4TNYhHua,t01887
jtimberlake,Justin's #TroubleWithTheCurve Twitter Q&amp;A is today at 8:45pm ET/5:45pm PT. Questions tweeted now to #AskJT will get answered 1st. -teamJT,18/09/2012 16:16,2.48093E+17,en,74,142,2012-09-18 16:16:00,2012-09-18,2012-09,2012,16,Tuesday,Justin's #TroubleWithTheCurve Twitter Q&A is today at 8:45pm ET/5:45pm PT. Questions tweeted now to #AskJT will get answered 1st. -teamJT,t01888
arianagrande,@touchitbieber there will for sure be little bits of yt sprinkled throughout,20/09/2016 22:43,7.78364E+17,en,7942,2288,2016-09-20 22:43:00,2016-09-20,2016-09,2016,22,Tuesday,@touchitbieber there will for sure be little bits of yt sprinkled throughout,t01889
taylorswift13,"The New York Magazine article, written by Jody Rosen: http://t.co/ICBJEPSbyc",18/11/2013 05:36,4.02309E+17,en,8406,7216,2013-11-18 05:36:00,2013-11-18,2013-11,2013,5,Monday,"The New York Magazine article, written by Jody Rosen: http://t.co/ICBJEPSbyc",t01890
taylorswift13,"Fun fact: I didn't know how to post videos directly to Twitter a few days ago. Let's review:
Frostbyte
@LilyAldridge http://t.co/3XWh0nmrnD",30/07/2015 16:05,6.26786E+17,en,29622,12132,2015-07-30 16:05:00,2015-07-30,2015-07,2015,16,Thursday,Fun fact: I didn't know how to post videos directly to Twitter a few days ago. Let's review: Frostbyte @LilyAldridge http://t.co/3XWh0nmrnD,t01891
justinbieber,Hello https://t.co/wkNe8HcDrH,10/06/2016 06:27,7.41155E+17,en,68056,35266,2016-06-10 06:27:00,2016-06-10,2016-06,2016,6,Friday,Hello https://t.co/wkNe8HcDrH,t01892
youtube,This toast is unbearably cute. Happy #NationalToastDay! https://t.co/XHucbKOf7r https://t.co/kx27kYudsG,23/02/2016 21:00,7.02236E+17,en,2138,489,2016-02-23 21:00:00,2016-02-23,2016-02,2016,21,Tuesday,This toast is unbearably cute. Happy #NationalToastDay! https://t.co/XHucbKOf7r https://t.co/kx27kYudsG,t01893
selenagomez,@jemmaselenator: @selenagomez #Getaway what interested you in being a part of this movie? I love you so much!,21/08/2013 16:31,3.70222E+17,en,1445,1414,2013-08-21 16:31:00,2013-08-21,2013-08,2013,16,Wednesday,@jemmaselenator: @selenagomez #Getaway what interested you in being a part of this movie? I love you so much!,t01894
selenagomez,Just in time for the weekend!! Listen to #KillEmWithKindness on @Spotify’s Today’s Top Hits playlist. 🎧 https://t.co/d5gPNUDQ0h,19/06/2016 02:42,7.4436E+17,en,31937,12370,2016-06-19 02:42:00,2016-06-19,2016-06,2016,2,Sunday,Just in time for the weekend!! Listen to #KillEmWithKindness on @Spotify’s Today’s Top Hits playlist. 🎧 https://t.co/d5gPNUDQ0h,t01895
youtube,Nora the polar bear belly flops into a new life. https://t.co/Z0T63KCDjm https://t.co/R0V2noYmbV,12/08/2016 02:00,7.63918E+17,en,2389,707,2016-08-12 02:00:00,2016-08-12,2016-08,2016,2,Friday,Nora the polar bear belly flops into a new life. https://t.co/Z0T63KCDjm https://t.co/R0V2noYmbV,t01896
youtube,Welcome to Kindergarten Cosplay. https://t.co/15WVl0Ls12 https://t.co/cm9j1AXtrV,08/01/2016 01:00,6.85265E+17,en,2886,857,2016-01-08 01:00:00,2016-01-08,2016-01,2016,1,Friday,Welcome to Kindergarten Cosplay. https://t.co/15WVl0Ls12 https://t.co/cm9j1AXtrV,t01897
ladygaga,"WATCH @itstonybennett + me singing ""I Won't Dance"" from our #CheekToCheek special airing this Friday at 9pm on @PBS! http://t.co/CwAnmsWOLQ",20/10/2014 18:35,5.24268E+17,en,2737,1921,2014-10-20 18:35:00,2014-10-20,2014-10,2014,18,Monday,"WATCH @itstonybennett + me singing ""I Won't Dance"" from our #CheekToCheek special airing this Friday at 9pm on @PBS! http://t.co/CwAnmsWOLQ",t01898
barackobama,Health care reform is helping millions of Americans. Keep the momentum going: http://t.co/xYF6RzW4ei,27/10/2014 22:00,5.26856E+17,en,940,499,2014-10-27 22:00:00,2014-10-27,2014-10,2014,22,Monday,Health care reform is helping millions of Americans. Keep the momentum going: http://t.co/xYF6RzW4ei,t01899
taylorswift13,"ECHOSMITH SANG COOL KIDS WITH ME IN PHILLY YESSSSS
#1989TourPhilly 
 @echosmith 
http://t.co/xGsAQp0sJx",13/06/2015 05:44,6.09597E+17,en,24096,10354,2015-06-13 05:44:00,2015-06-13,2015-06,2015,5,Saturday,ECHOSMITH SANG COOL KIDS WITH ME IN PHILLY YESSSSS #1989TourPhilly @echosmith http://t.co/xGsAQp0sJx,t01900
barackobama,"This National Gun Violence Awareness Day, keep the pressure on Congress to act. #WearOrange https://t.co/VplJtSGMaU",02/06/2016 21:24,7.38481E+17,en,6935,2933,2016-06-02 21:24:00,2016-06-02,2016-06,2016,21,Thursday,"This National Gun Violence Awareness Day, keep the pressure on Congress to act. #WearOrange https://t.co/VplJtSGMaU",t01901
youtube,"Feeling very, very grounded after this video: https://t.co/zy8jmSo3Uk https://t.co/c56rqsggTU",23/02/2016 00:00,7.01919E+17,en,1041,147,2016-02-23 00:00:00,2016-02-23,2016-02,2016,0,Tuesday,"Feeling very, very grounded after this video: https://t.co/zy8jmSo3Uk https://t.co/c56rqsggTU",t01902
justinbieber,8 days... 8 days. @aplusk #WhatDoYouMean? http://t.co/cc80lcej1G,20/08/2015 13:23,6.34355E+17,en,43065,38710,2015-08-20 13:23:00,2015-08-20,2015-08,2015,13,Thursday,8 days... 8 days. @aplusk #WhatDoYouMean? http://t.co/cc80lcej1G,t01903
barackobama,Have you signed the #RaiseTheWage petition yet? http://t.co/IGzvPvbbiC Say you're ready for America to get a raise.,08/10/2014 15:28,5.19872E+17,en,735,440,2014-10-08 15:28:00,2014-10-08,2014-10,2014,15,Wednesday,Have you signed the #RaiseTheWage petition yet? http://t.co/IGzvPvbbiC Say you're ready for America to get a raise.,t01904
theellenshow,"I could watch this all day. The holiday emojis are here!  
Apple: https://t.co/ZtdTFnC4Mh 
Android:… https://t.co/hIyJlakbf1",02/12/2016 20:32,8.04785E+17,en,2168,338,2016-12-02 20:32:00,2016-12-02,2016-12,2016,20,Friday,I could watch this all day. The holiday emojis are here! Apple: https://t.co/ZtdTFnC4Mh Android:… https://t.co/hIyJlakbf1,t01905
theellenshow,My friend @JamesConner_ won the Disney Sports Spirit Award. I can’t think of a better choice. https://t.co/Onb7nny2Rc,13/12/2016 23:56,8.08823E+17,en,2092,364,2016-12-13 23:56:00,2016-12-13,2016-12,2016,23,Tuesday,My friend @JamesConner_ won the Disney Sports Spirit Award. I can’t think of a better choice. https://t.co/Onb7nny2Rc,t01906
kimkardashian,"10,000 refugee children are fending for themselves in Europe. Learn more at https://t.co/AZXTsFvNL9 #YouAreNotAlone https://t.co/TPLVno46Qc",03/06/2016 19:02,7.38808E+17,en,5446,1499,2016-06-03 19:02:00,2016-06-03,2016-06,2016,19,Friday,"10,000 refugee children are fending for themselves in Europe. Learn more at https://t.co/AZXTsFvNL9 #YouAreNotAlone https://t.co/TPLVno46Qc",t01907
instagram,“Once an idea for a shot comes into my head I won’t stop chasing it.” —photographer Alex Spurway https://t.co/6iaattBrZV,08/01/2017 18:30,8.18163E+17,en,868,198,2017-01-08 18:30:00,2017-01-08,2017-01,2017,18,Sunday,“Once an idea for a shot comes into my head I won’t stop chasing it.” —photographer Alex Spurway https://t.co/6iaattBrZV,t01908
katyperry,"Shall we do a Q &amp; A about #PRISM right now?! OK, here we go!",22/10/2013 04:17,3.92505E+17,en,2039,1915,2013-10-22 04:17:00,2013-10-22,2013-10,2013,4,Tuesday,"Shall we do a Q & A about #PRISM right now?! OK, here we go!",t01909
ddlovato,#NoMakeupMonday ☀️😎🌴 #NMM #devonnebydemi http://t.co/PfGJMeuO0t Now send me yours!!!!! https://t.co/Sn7qHZ2For,16/03/2015 20:54,5.77574E+17,en,13962,9671,2015-03-16 20:54:00,2015-03-16,2015-03,2015,20,Monday,#NoMakeupMonday ☀️😎🌴 #NMM #devonnebydemi http://t.co/PfGJMeuO0t Now send me yours!!!!! https://t.co/Sn7qHZ2For,t01910
youtube,@lacieandrobin Hooray for vote goats! Too bad goats can't register to vote. #voteIRL,26/09/2016 18:42,7.80478E+17,en,8,1,2016-09-26 18:42:00,2016-09-26,2016-09,2016,18,Monday,@lacieandrobin Hooray for vote goats! Too bad goats can't register to vote. #voteIRL,t01911
youtube,Cephalopods are taking over! https://t.co/aCgjCi00QK #SquidGoals https://t.co/7MhjFOHmRb,24/05/2016 21:00,7.35214E+17,en,874,129,2016-05-24 21:00:00,2016-05-24,2016-05,2016,21,Tuesday,Cephalopods are taking over! https://t.co/aCgjCi00QK #SquidGoals https://t.co/7MhjFOHmRb,t01912
cristiano,Summer is coming! Put your best foot forward and shine in my shoes! Discover my CR7 Collection http://t.co/H3tWJAxDrd http://t.co/NtxShNp8om,29/05/2015 11:52,6.04254E+17,en,14764,6086,2015-05-29 11:52:00,2015-05-29,2015-05,2015,11,Friday,Summer is coming! Put your best foot forward and shine in my shoes! Discover my CR7 Collection http://t.co/H3tWJAxDrd http://t.co/NtxShNp8om,t01913
taylorswift13,"After the show, we went to see Abe!! Pretty magical.  http://t.co/0gzRhtH",03/08/2011 05:54,9.86329E+16,en,954,1715,2011-08-03 05:54:00,2011-08-03,2011-08,2011,5,Wednesday,"After the show, we went to see Abe!! Pretty magical. http://t.co/0gzRhtH",t01914
twitter,"Thursday means #TNF! Every snap of #NYGvsPHI streams LIVE right here on Twitter.

Go to Moments or https://t.co/WdzHD98QAg to watch.",22/12/2016 18:10,8.11997E+17,en,605,204,2016-12-22 18:10:00,2016-12-22,2016-12,2016,18,Thursday,Thursday means #TNF! Every snap of #NYGvsPHI streams LIVE right here on Twitter. Go to Moments or https://t.co/WdzHD98QAg to watch.,t01915
cristiano,"Today I proudly announce my new partnership with Sacoor Brothers, a portuguese clothing brand. http://t.co/ZMkxVArWKV http://t.co/e55ROVaJDQ",19/12/2014 11:03,5.45897E+17,en,11028,5165,2014-12-19 11:03:00,2014-12-19,2014-12,2014,11,Friday,"Today I proudly announce my new partnership with Sacoor Brothers, a portuguese clothing brand. http://t.co/ZMkxVArWKV http://t.co/e55ROVaJDQ",t01916
youtube,"Hey, we know that guy! @pewdiepie and @ConanOBrien combine forces: https://t.co/aeyEj8LTTo https://t.co/mAqtQv5Cpg",24/02/2016 21:00,7.02599E+17,en,1428,228,2016-02-24 21:00:00,2016-02-24,2016-02,2016,21,Wednesday,"Hey, we know that guy! @pewdiepie and @ConanOBrien combine forces: https://t.co/aeyEj8LTTo https://t.co/mAqtQv5Cpg",t01917
ladygaga,💋 ready for my Valentine http://t.co/k4naXWUc9n,13/02/2015 21:03,5.66342E+17,en,6928,4083,2015-02-13 21:03:00,2015-02-13,2015-02,2015,21,Friday,💋 ready for my Valentine http://t.co/k4naXWUc9n,t01918
katyperry,I enjoy creating alternate worlds... https://t.co/0ecUbNVFnR,18/12/2015 22:28,6.77979E+17,en,5539,2175,2015-12-18 22:28:00,2015-12-18,2015-12,2015,22,Friday,I enjoy creating alternate worlds... https://t.co/0ecUbNVFnR,t01919
instagram,In pursuit of admirable girls with @kei__okuda https://t.co/5X9dkLnUBE https://t.co/wFNDr0oEim,16/11/2015 16:09,6.66287E+17,en,3400,672,2015-11-16 16:09:00,2015-11-16,2015-11,2015,16,Monday,In pursuit of admirable girls with @kei__okuda https://t.co/5X9dkLnUBE https://t.co/wFNDr0oEim,t01920
barackobama,Make this #Obamacare pledge: http://t.co/2hjugyvLHG http://t.co/PX5CGdzEae,16/10/2014 17:03,5.22795E+17,en,802,3689,2014-10-16 17:03:00,2014-10-16,2014-10,2014,17,Thursday,Make this #Obamacare pledge: http://t.co/2hjugyvLHG http://t.co/PX5CGdzEae,t01921
theellenshow,My co-host @IMKristenBell and I decided to Spice up our lives. https://t.co/XfDGbUt0lP,20/09/2016 16:49,7.78275E+17,en,5007,994,2016-09-20 16:49:00,2016-09-20,2016-09,2016,16,Tuesday,My co-host @IMKristenBell and I decided to Spice up our lives. https://t.co/XfDGbUt0lP,t01922
cnnbrk,"OLYMPICS: Brazilian men win nation's first soccer gold, defeating Germany on penalty kicks. https://t.co/POH8mKLJtK https://t.co/Cd1tBdtq8E",20/08/2016 23:14,7.67138E+17,en,1889,1075,2016-08-20 23:14:00,2016-08-20,2016-08,2016,23,Saturday,"OLYMPICS: Brazilian men win nation's first soccer gold, defeating Germany on penalty kicks. https://t.co/POH8mKLJtK https://t.co/Cd1tBdtq8E",t01923
twitter,"Join Twitter, Win the World Series http://t.co/vT7m35q",18/02/2011 17:55,3.86579E+16,en,94,110,2011-02-18 17:55:00,2011-02-18,2011-02,2011,17,Friday,"Join Twitter, Win the World Series http://t.co/vT7m35q",t01924
shakira,#TBT from Shak's @GlamourMag cover shoot in Feb 2014 / Foto de Shak en la revista Glamour (Feb 2014) ShakHQ https://t.co/3H3xER4cSY,28/01/2016 17:38,6.92764E+17,en,7244,1247,2016-01-28 17:38:00,2016-01-28,2016-01,2016,17,Thursday,#TBT from Shak's @GlamourMag cover shoot in Feb 2014 / Foto de Shak en la revista Glamour (Feb 2014) ShakHQ https://t.co/3H3xER4cSY,t01925
britneyspears,@ArinRaySings @BeatriceMiller @CarlyRoseMusic @DiamondKWhite We did it!! SO proud of all of u. Let's do it all over again next week...,16/11/2012 03:05,2.69275E+17,en,227,541,2012-11-16 03:05:00,2012-11-16,2012-11,2012,3,Friday,@ArinRaySings @BeatriceMiller @CarlyRoseMusic @DiamondKWhite We did it!! SO proud of all of u. Let's do it all over again next week...,t01926
instagram,"Featured submissions from this weekend’s hashtag project: #WHPmagic
https://t.co/txadOAqtbO https://t.co/CAFbycTyGA",06/12/2016 01:30,8.05947E+17,en,592,129,2016-12-06 01:30:00,2016-12-06,2016-12,2016,1,Tuesday,Featured submissions from this weekend’s hashtag project: #WHPmagic https://t.co/txadOAqtbO https://t.co/CAFbycTyGA,t01927
kimkardashian,i'm obsessed with https://t.co/UScR3sn4X5 for designer stuff's,31/01/2016 05:29,6.93667E+17,en,3550,508,2016-01-31 05:29:00,2016-01-31,2016-01,2016,5,Sunday,i'm obsessed with https://t.co/UScR3sn4X5 for designer stuff's,t01928
jtimberlake,".@HecklerForever Oh, I agree! I just thought they were gonna come down harder with the punishment.",26/04/2012 01:55,1.9533E+17,en,24,29,2012-04-26 01:55:00,2012-04-26,2012-04,2012,1,Thursday,".@HecklerForever Oh, I agree! I just thought they were gonna come down harder with the punishment.",t01929
cristiano,I was in fact at the Hotel Villa Magna on April 22nd giving an interview to Manu Sainz something the reporter himself is able to corroborate,27/04/2013 23:16,3.28287E+17,en,1212,2695,2013-04-27 23:16:00,2013-04-27,2013-04,2013,23,Saturday,I was in fact at the Hotel Villa Magna on April 22nd giving an interview to Manu Sainz something the reporter himself is able to corroborate,t01930
instagram,"Step it up, it's National Tap Dance Day! 💃 https://t.co/ypW4mpRPHG",25/05/2016 15:30,7.35493E+17,en,846,168,2016-05-25 15:30:00,2016-05-25,2016-05,2016,15,Wednesday,"Step it up, it's National Tap Dance Day! 💃 https://t.co/ypW4mpRPHG",t01931
jimmyfallon,"Tonight: Playing ""Pup Quiz"" w/Kaley Cuoco-Sweeting, @WesleyTSnipes is here, @chriscornell performs &amp;  #OneTimeInClass tweets! #FallonTonight",17/09/2015 14:13,6.44515E+17,en,1265,241,2015-09-17 14:13:00,2015-09-17,2015-09,2015,14,Thursday,"Tonight: Playing ""Pup Quiz"" w/Kaley Cuoco-Sweeting, @WesleyTSnipes is here, @chriscornell performs & #OneTimeInClass tweets! #FallonTonight",t01932
jimmyfallon,"Here's a funny slow jam from my high school. Well done, Sawyers! http://t.co/JrLrvMczA3 #saugerties",11/02/2014 16:43,4.3328E+17,en,723,230,2014-02-11 16:43:00,2014-02-11,2014-02,2014,16,Tuesday,"Here's a funny slow jam from my high school. Well done, Sawyers! http://t.co/JrLrvMczA3 #saugerties",t01933
ddlovato,My allergies just flash mobbed my face 😰😭,16/07/2015 18:46,6.21753E+17,en,17871,10788,2015-07-16 18:46:00,2015-07-16,2015-07,2015,18,Thursday,My allergies just flash mobbed my face 😰😭,t01934
barackobama,"It's official: The economy added 252,000 jobs in December, making 2014 the best year for job growth since 1999. http://t.co/GHTmyEO4kV",09/01/2015 15:50,5.53579E+17,en,4114,3474,2015-01-09 15:50:00,2015-01-09,2015-01,2015,15,Friday,"It's official: The economy added 252,000 jobs in December, making 2014 the best year for job growth since 1999. http://t.co/GHTmyEO4kV",t01935
cristiano,@rioferdy5 Really? so we need to organize that. I can show you some great restaurants,19/02/2011 12:04,3.89319E+16,en,67,119,2011-02-19 12:04:00,2011-02-19,2011-02,2011,12,Saturday,@rioferdy5 Really? so we need to organize that. I can show you some great restaurants,t01936
ladygaga,Talking #AHSHotel on @FallonTonight with @jimmyfallon tonight! He's the best! ❤️❤️🍸 http://t.co/6zm34K8MvK,07/10/2015 02:46,6.51589E+17,en,17647,7127,2015-10-07 02:46:00,2015-10-07,2015-10,2015,2,Wednesday,Talking #AHSHotel on @FallonTonight with @jimmyfallon tonight! He's the best! ❤️❤️🍸 http://t.co/6zm34K8MvK,t01937
ladygaga,The SUPREME COURT has begun their hearing on marriage equality. Let's help each others valuable &amp; important voices be heard!THE TIME IS NOW!,29/04/2015 01:27,5.93225E+17,en,13630,8912,2015-04-29 01:27:00,2015-04-29,2015-04,2015,1,Wednesday,The SUPREME COURT has begun their hearing on marriage equality. Let's help each others valuable & important voices be heard!THE TIME IS NOW!,t01938
barackobama,This is unprecedented. #DoYourJob https://t.co/kMdn564dCW,08/04/2016 18:52,7.18512E+17,en,5296,2337,2016-04-08 18:52:00,2016-04-08,2016-04,2016,18,Friday,This is unprecedented. #DoYourJob https://t.co/kMdn564dCW,t01939
ladygaga,Thinking of the children homeless &amp; displaced by bombings in Syria #Aleppo 🙏🏽 the 🌎 raises this issue to the surface https://t.co/OMvrRWYAYc,19/08/2016 01:36,7.66449E+17,en,23271,10329,2016-08-19 01:36:00,2016-08-19,2016-08,2016,1,Friday,Thinking of the children homeless & displaced by bombings in Syria #Aleppo 🙏🏽 the 🌎 raises this issue to the surface https://t.co/OMvrRWYAYc,t01940
instagram,“I like doing things out of the ordinary.” –@Gorg_blau #WHPsightsandsounds https://t.co/scswVe0ZkY,03/03/2016 03:00,7.05226E+17,en,1249,239,2016-03-03 03:00:00,2016-03-03,2016-03,2016,3,Thursday,“I like doing things out of the ordinary.” –@Gorg_blau #WHPsightsandsounds https://t.co/scswVe0ZkY,t01941
katyperry,So basically @bonnieMckee and I have lost our minds. http://t.co/6DsVIEYcgD,31/05/2013 07:31,3.4037E+17,en,3797,4390,2013-05-31 07:31:00,2013-05-31,2013-05,2013,7,Friday,So basically @bonnieMckee and I have lost our minds. http://t.co/6DsVIEYcgD,t01942
youtube,OMG there’s a Troll Doll movie coming! https://t.co/KUqm87Iii0 https://t.co/hKXnGHL587,28/01/2016 23:00,6.92845E+17,en,1144,176,2016-01-28 23:00:00,2016-01-28,2016-01,2016,23,Thursday,OMG there’s a Troll Doll movie coming! https://t.co/KUqm87Iii0 https://t.co/hKXnGHL587,t01943
justinbieber,Love https://t.co/zP6krkmqNw,26/04/2016 06:01,7.24841E+17,en,212824,117207,2016-04-26 06:01:00,2016-04-26,2016-04,2016,6,Tuesday,Love https://t.co/zP6krkmqNw,t01944
instagram,The most stylish 3-year-old ever (via @BuzzfeedIndia) https://t.co/HQPrIcifDY,10/09/2016 21:30,7.74722E+17,en,688,149,2016-09-10 21:30:00,2016-09-10,2016-09,2016,21,Saturday,The most stylish 3-year-old ever (via @BuzzfeedIndia) https://t.co/HQPrIcifDY,t01945
ladygaga,@NYCLadyGaga all the time I love it he's the best he laughs the whole time,03/12/2014 12:30,5.40121E+17,en,1903,1036,2014-12-03 12:30:00,2014-12-03,2014-12,2014,12,Wednesday,@NYCLadyGaga all the time I love it he's the best he laughs the whole time,t01946
cnnbrk,"A mass grave with remains of 100 beheaded civilians has been found in a school south of Mosul, Iraq's military says https://t.co/t9H8Xswvcl",07/11/2016 16:37,7.95666E+17,en,635,990,2016-11-07 16:37:00,2016-11-07,2016-11,2016,16,Monday,"A mass grave with remains of 100 beheaded civilians has been found in a school south of Mosul, Iraq's military says https://t.co/t9H8Xswvcl",t01947
instagram,Congratulations to the team that brought us Bing Bong and @PixarInsideOut! ❤️ #Oscars https://t.co/vkB1oPpFqB,29/02/2016 03:19,7.04144E+17,en,1595,360,2016-02-29 03:19:00,2016-02-29,2016-02,2016,3,Monday,Congratulations to the team that brought us Bing Bong and @PixarInsideOut! ❤️ #Oscars https://t.co/vkB1oPpFqB,t01948
justinbieber,#Brits rehearsal,23/02/2016 21:33,7.02245E+17,en,95144,57532,2016-02-23 21:33:00,2016-02-23,2016-02,2016,21,Tuesday,#Brits rehearsal,t01949
arianagrande,"love you 
https://t.co/rcLQxhCz4o",02/08/2016 19:41,7.60561E+17,en,33061,14183,2016-08-02 19:41:00,2016-08-02,2016-08,2016,19,Tuesday,love you https://t.co/rcLQxhCz4o,t01950
theellenshow,"I love having my own show. Now, I wanna see your show. Upload an episode to ellentube! You never know what could happen. #MyEllentubeShow",09/06/2015 23:19,6.08413E+17,en,2686,514,2015-06-09 23:19:00,2015-06-09,2015-06,2015,23,Tuesday,"I love having my own show. Now, I wanna see your show. Upload an episode to ellentube! You never know what could happen. #MyEllentubeShow",t01951
arianagrande,That was my favorite performance i've ever done i think. thanks @MrJasonRBrown for using my voice the way it's meant to be heard. love you.,20/09/2016 05:02,7.78097E+17,en,28274,8112,2016-09-20 05:02:00,2016-09-20,2016-09,2016,5,Tuesday,That was my favorite performance i've ever done i think. thanks @MrJasonRBrown for using my voice the way it's meant to be heard. love you.,t01952
twitter,"We’re in, @starwars.

Are you with us, @people? #RogueOne https://t.co/VPTy67HhOg",29/11/2016 18:18,8.03664E+17,en,706,177,2016-11-29 18:18:00,2016-11-29,2016-11,2016,18,Tuesday,"We’re in, @starwars. Are you with us, @people? #RogueOne https://t.co/VPTy67HhOg",t01953
kimkardashian,SWEATER WEATHER https://t.co/91ty8lK9fr https://t.co/R8Dia2h2sm,30/11/2015 01:00,6.71132E+17,en,3003,516,2015-11-30 01:00:00,2015-11-30,2015-11,2015,1,Monday,SWEATER WEATHER https://t.co/91ty8lK9fr https://t.co/R8Dia2h2sm,t01954
barackobama,No kidding: Every grassroots donation will be matched by another @OFA supporter. Chip in today: http://t.co/WgNwuWc3uj,13/11/2014 22:48,5.33029E+17,en,664,223,2014-11-13 22:48:00,2014-11-13,2014-11,2014,22,Thursday,No kidding: Every grassroots donation will be matched by another @OFA supporter. Chip in today: http://t.co/WgNwuWc3uj,t01955
jimmyfallon,"The legendary @PhilCollinsFeed performed ""In the Air Tonight"" on the show last night! (Nailed the drums @questlove!) https://t.co/S9tKtpwuGc",26/10/2016 11:56,7.91247E+17,en,2999,677,2016-10-26 11:56:00,2016-10-26,2016-10,2016,11,Wednesday,"The legendary @PhilCollinsFeed performed ""In the Air Tonight"" on the show last night! (Nailed the drums @questlove!) https://t.co/S9tKtpwuGc",t01956
britneyspears,"Spread the word! Following anyone who makes this their profile pic. Well, as many as I can :) #IWannaScreamAndShout http://t.co/vN4hb5zJ",26/11/2012 01:19,2.72872E+17,en,4146,4394,2012-11-26 01:19:00,2012-11-26,2012-11,2012,1,Monday,"Spread the word! Following anyone who makes this their profile pic. Well, as many as I can :) #IWannaScreamAndShout http://t.co/vN4hb5zJ",t01957
arianagrande,@buterally you do not know how much you mean to me and how much I love you I promise,24/07/2016 00:09,7.57005E+17,en,18258,6315,2016-07-24 00:09:00,2016-07-24,2016-07,2016,0,Sunday,@buterally you do not know how much you mean to me and how much I love you I promise,t01958
jtimberlake,"Happy V-day!!! Grab somebody and kiss 'em(or just say Happy Valentine's Day to them. Actually, yeah... Just do that. Or, just kiss 'em!)!!!",15/02/2013 04:22,3.02272E+17,en,3947,5122,2013-02-15 04:22:00,2013-02-15,2013-02,2013,4,Friday,"Happy V-day!!! Grab somebody and kiss 'em(or just say Happy Valentine's Day to them. Actually, yeah... Just do that. Or, just kiss 'em!)!!!",t01959
ddlovato,@jackmiller2909 but do you blame it? It's a pretty great ass..........,08/02/2015 11:40,5.64388E+17,en,10356,7097,2015-02-08 11:40:00,2015-02-08,2015-02,2015,11,Sunday,@jackmiller2909 but do you blame it? It's a pretty great ass..........,t01960
kimkardashian,Who is watching? Let's chat,02/06/2016 00:28,7.38165E+17,en,2989,424,2016-06-02 00:28:00,2016-06-02,2016-06,2016,0,Thursday,Who is watching? Let's chat,t01961
kimkardashian,"We're having a mermaid party today and you can too, join us in Kim Kardashian Hollywood! https://t.co/ojuqoCKBZH",18/06/2016 22:35,7.44298E+17,en,9542,1050,2016-06-18 22:35:00,2016-06-18,2016-06,2016,22,Saturday,"We're having a mermaid party today and you can too, join us in Kim Kardashian Hollywood! https://t.co/ojuqoCKBZH",t01962
justinbieber,. @MadisonElleBeer @JackAndJackReal you better bring it young ones :) #AllForLove,18/09/2015 00:05,6.44664E+17,en,46882,33897,2015-09-18 00:05:00,2015-09-18,2015-09,2015,0,Friday,. @MadisonElleBeer @JackAndJackReal you better bring it young ones :) #AllForLove,t01963
taylorswift13,"I don't mean to be all 'me, me, me' but I'm pretty sure this is my fault.
@lordemusic http://t.co/H7On4Wrfxv",18/09/2014 21:19,5.12712E+17,en,18131,10221,2014-09-18 21:19:00,2014-09-18,2014-09,2014,21,Thursday,"I don't mean to be all 'me, me, me' but I'm pretty sure this is my fault. @lordemusic http://t.co/H7On4Wrfxv",t01964
barackobama,Send President Obama some love for his birthday: http://t.co/ZMfioaoHnt,04/08/2014 16:36,4.96334E+17,en,1967,1154,2014-08-04 16:36:00,2014-08-04,2014-08,2014,16,Monday,Send President Obama some love for his birthday: http://t.co/ZMfioaoHnt,t01965
shakira,Your generosity made the last shower a huge success! Let's see if we can help even more kids in need this year! Shak http://t.co/kshAWXSMGE,19/01/2015 17:03,5.57222E+17,en,3794,1698,2015-01-19 17:03:00,2015-01-19,2015-01,2015,17,Monday,Your generosity made the last shower a huge success! Let's see if we can help even more kids in need this year! Shak http://t.co/kshAWXSMGE,t01966
selenagomez,My video for the UNICEF Celebrity Tap Project http://www.youtube.com/watch?v=-Gknql_od8I http://fb.me/OP8m9R2A,28/03/2011 15:58,5.23991E+16,en,549,1485,2011-03-28 15:58:00,2011-03-28,2011-03,2011,15,Monday,My video for the UNICEF Celebrity Tap Project http://www.youtube.com/watch?v=-Gknql_od8I http://fb.me/OP8m9R2A,t01967
youtube,We think we smell a rat. 🐀 🐀 🐀  https://t.co/TWXw8Hvevf #PrankAcademy https://t.co/Y2isg9HzJw,07/07/2016 22:00,7.51174E+17,en,2138,360,2016-07-07 22:00:00,2016-07-07,2016-07,2016,22,Thursday,We think we smell a rat. 🐀 🐀 🐀 https://t.co/TWXw8Hvevf #PrankAcademy https://t.co/Y2isg9HzJw,t01968
selenagomez,@tomkitty13 @GarretKerr12 @skittzzzy my love for you is wild!! I'm gonna start saying that! Lol,13/07/2012 03:04,2.23614E+17,en,522,987,2012-07-13 03:04:00,2012-07-13,2012-07,2012,3,Friday,@tomkitty13 @GarretKerr12 @skittzzzy my love for you is wild!! I'm gonna start saying that! Lol,t01969
justinbieber,Happiest place on earth,18/06/2015 22:05,6.11656E+17,en,74667,65027,2015-06-18 22:05:00,2015-06-18,2015-06,2015,22,Thursday,Happiest place on earth,t01970
shakira,Join us tomorrow at 10am EST on our Twitter chat with US Sec. of Education @arneduncan. We'll be discussing Early Education. Don't Miss It!,09/12/2014 22:01,5.42439E+17,en,287,185,2014-12-09 22:01:00,2014-12-09,2014-12,2014,22,Tuesday,Join us tomorrow at 10am EST on our Twitter chat with US Sec. of Education @arneduncan. We'll be discussing Early Education. Don't Miss It!,t01971
theellenshow,".@BonJovi told me about his new tour! Thanks for being here, Bon! Or should I call you Mr. Jovi? https://t.co/shTLqA9MRj",05/10/2016 20:19,7.83764E+17,en,5743,990,2016-10-05 20:19:00,2016-10-05,2016-10,2016,20,Wednesday,".@BonJovi told me about his new tour! Thanks for being here, Bon! Or should I call you Mr. Jovi? https://t.co/shTLqA9MRj",t01972
selenagomez,@gotjusten You guys.,09/04/2013 00:43,3.21423E+17,en,1368,1890,2013-04-09 00:43:00,2013-04-09,2013-04,2013,0,Tuesday,@gotjusten You guys.,t01973
ladygaga,My favorite thing about my mom is how talented and kind she is. She always learns my dance routines on the side+calls the counts out to me!,31/08/2014 07:00,5.05973E+17,en,7684,3873,2014-08-31 07:00:00,2014-08-31,2014-08,2014,7,Sunday,My favorite thing about my mom is how talented and kind she is. She always learns my dance routines on the side+calls the counts out to me!,t01974
katyperry,I just witnessed our President deliver the funniest speech I have ever heard. #nerdprom,28/04/2013 02:47,3.2834E+17,en,3170,3930,2013-04-28 02:47:00,2013-04-28,2013-04,2013,2,Sunday,I just witnessed our President deliver the funniest speech I have ever heard. #nerdprom,t01975
arianagrande,loveeee youuuuuuu,26/06/2015 04:09,6.14284E+17,en,57232,39048,2015-06-26 04:09:00,2015-06-26,2015-06,2015,4,Friday,loveeee youuuuuuu,t01976
barackobama,"Thanks to American leadership, countries around the world are standing #UnitedOnClimate. https://t.co/NDKceX0BMv",15/12/2015 22:17,6.76889E+17,en,2028,596,2015-12-15 22:17:00,2015-12-15,2015-12,2015,22,Tuesday,"Thanks to American leadership, countries around the world are standing #UnitedOnClimate. https://t.co/NDKceX0BMv",t01977
ladygaga,@mallorybudesa I mean what else would u watch it's the best,28/08/2014 04:10,5.04843E+17,en,1892,1005,2014-08-28 04:10:00,2014-08-28,2014-08,2014,4,Thursday,@mallorybudesa I mean what else would u watch it's the best,t01978
youtube,"Weak, Yoda’s truck is feeling. Gas, it must have. https://t.co/vZaTlsBdo8 https://t.co/YuhdTDuDm5",24/12/2015 01:00,6.79829E+17,en,1335,198,2015-12-24 01:00:00,2015-12-24,2015-12,2015,1,Thursday,"Weak, Yoda’s truck is feeling. Gas, it must have. https://t.co/vZaTlsBdo8 https://t.co/YuhdTDuDm5",t01979
arianagrande,thank you my love  https://t.co/6flZfRrlbd,19/03/2016 17:05,7.11237E+17,en,15571,5141,2016-03-19 17:05:00,2016-03-19,2016-03,2016,17,Saturday,thank you my love https://t.co/6flZfRrlbd,t01980
theellenshow,"I played an explosive Bejeweled Stars Master Blaster. You can play it here, without the explosion… https://t.co/2iA2o99it3",17/10/2016 20:25,7.88114E+17,en,1291,134,2016-10-17 20:25:00,2016-10-17,2016-10,2016,20,Monday,"I played an explosive Bejeweled Stars Master Blaster. You can play it here, without the explosion… https://t.co/2iA2o99it3",t01981
arianagrande,sweet dreams,23/03/2016 08:24,7.12556E+17,en,33838,13339,2016-03-23 08:24:00,2016-03-23,2016-03,2016,8,Wednesday,sweet dreams,t01982
ladygaga,@JoshuaXXGaga u guys will have a for real blast,30/09/2016 21:22,7.81967E+17,en,2163,681,2016-09-30 21:22:00,2016-09-30,2016-09,2016,21,Friday,@JoshuaXXGaga u guys will have a for real blast,t01983
shakira,A little message from Shak...  http://t.co/zImB25tU ShakiraHQ,02/11/2012 19:24,2.64448E+17,en,296,390,2012-11-02 19:24:00,2012-11-02,2012-11,2012,19,Friday,A little message from Shak... http://t.co/zImB25tU ShakiraHQ,t01984
selenagomez,Reunited and it feels sooo good :) TX always makes me proud #littles #realmexicanfood #home http://t.co/25NZ0rGY4c,09/03/2014 05:49,4.42538E+17,en,19832,15136,2014-03-09 05:49:00,2014-03-09,2014-03,2014,5,Sunday,Reunited and it feels sooo good :) TX always makes me proud #littles #realmexicanfood #home http://t.co/25NZ0rGY4c,t01985
rihanna,"Stockholm thank you , I love you so much! I think I'm gonna spend the night with you guys!! Paris, I'll see you tomorrow tho #777tour",17/11/2012 02:20,2.69626E+17,en,929,1561,2012-11-17 02:20:00,2012-11-17,2012-11,2012,2,Saturday,"Stockholm thank you , I love you so much! I think I'm gonna spend the night with you guys!! Paris, I'll see you tomorrow tho #777tour",t01986
katyperry,"Just went to a child's party and am now dissecting the lyrics to Rosie Posie, Rock A Bye Baby &amp; This Little Piggy 💀 TBH some f*ed up stuff.",11/09/2016 21:20,7.75082E+17,en,19133,4429,2016-09-11 21:20:00,2016-09-11,2016-09,2016,21,Sunday,"Just went to a child's party and am now dissecting the lyrics to Rosie Posie, Rock A Bye Baby & This Little Piggy 💀 TBH some f*ed up stuff.",t01987
cristiano,@ThamjidNoushal It's a great feeling!,14/01/2014 14:35,4.23101E+17,en,440,211,2014-01-14 14:35:00,2014-01-14,2014-01,2014,14,Tuesday,@ThamjidNoushal It's a great feeling!,t01988
youtube,Can this dog catch a dolphin? https://t.co/YBa8DPcjaO https://t.co/aj5cIrYqHq,07/03/2016 23:00,7.06978E+17,en,1426,291,2016-03-07 23:00:00,2016-03-07,2016-03,2016,23,Monday,Can this dog catch a dolphin? https://t.co/YBa8DPcjaO https://t.co/aj5cIrYqHq,t01989
kimkardashian,I don't know if my style changed or websites I used to shop at changed their buyers. Needing new online stores. Where do u guys shop online?,31/01/2016 05:25,6.93666E+17,en,9253,1189,2016-01-31 05:25:00,2016-01-31,2016-01,2016,5,Sunday,I don't know if my style changed or websites I used to shop at changed their buyers. Needing new online stores. Where do u guys shop online?,t01990
selenagomez,Just posted a photo http://t.co/9jtS0ZhtMW,24/10/2014 03:17,5.25486E+17,en,8299,5010,2014-10-24 03:17:00,2014-10-24,2014-10,2014,3,Friday,Just posted a photo http://t.co/9jtS0ZhtMW,t01991
ladygaga,Where's the purified blood Donovan you know I'm gluten free? #ahshotel https://t.co/dO285jN6Sy,08/10/2015 22:18,6.52247E+17,en,5137,2754,2015-10-08 22:18:00,2015-10-08,2015-10,2015,22,Thursday,Where's the purified blood Donovan you know I'm gluten free? #ahshotel https://t.co/dO285jN6Sy,t01992
jtimberlake,"Hey NY. There is never an easy way to do this... Unfortunately, I have to postpone tonight's show to Friday due to health reasons.",19/02/2014 22:39,4.36269E+17,en,4269,1856,2014-02-19 22:39:00,2014-02-19,2014-02,2014,22,Wednesday,"Hey NY. There is never an easy way to do this... Unfortunately, I have to postpone tonight's show to Friday due to health reasons.",t01993
barackobama,Retweet if you support cutting dangerous carbon pollution. http://t.co/h3PeFwnPUJ,13/08/2014 22:38,4.99686E+17,en,3225,5993,2014-08-13 22:38:00,2014-08-13,2014-08,2014,22,Wednesday,Retweet if you support cutting dangerous carbon pollution. http://t.co/h3PeFwnPUJ,t01994
arianagrande,the most  https://t.co/9vaESnMX2i,09/02/2016 23:14,6.97197E+17,en,14130,4825,2016-02-09 23:14:00,2016-02-09,2016-02,2016,23,Tuesday,the most https://t.co/9vaESnMX2i,t01995
cnnbrk,"Manhunt underway for gunman who fatally shot Orlando, Florida, police officer; 14 schools are on lockdown.… https://t.co/Ti1bGWL4wa",09/01/2017 15:54,8.18486E+17,en,324,544,2017-01-09 15:54:00,2017-01-09,2017-01,2017,15,Monday,"Manhunt underway for gunman who fatally shot Orlando, Florida, police officer; 14 schools are on lockdown.… https://t.co/Ti1bGWL4wa",t01996
cristiano,You asked:Hello Cristiano!Could you please say hi to all madridistas here in Honduras?:) @jessiarita http://t.co/4dcJahSCAT,22/04/2014 16:07,4.58638E+17,en,1788,979,2014-04-22 16:07:00,2014-04-22,2014-04,2014,16,Tuesday,You asked:Hello Cristiano!Could you please say hi to all madridistas here in Honduras?:) @jessiarita http://t.co/4dcJahSCAT,t01997
shakira,Thanks to you hundreds of thousands of children will be protected in times of need. http://t.co/Rc9ZXdW8aM @UNICEF,22/02/2013 14:20,3.04959E+17,en,298,521,2013-02-22 14:20:00,2013-02-22,2013-02,2013,14,Friday,Thanks to you hundreds of thousands of children will be protected in times of need. http://t.co/Rc9ZXdW8aM @UNICEF,t01998
jimmyfallon,"Tonight on the show: @KingJames is here, playing something fun with Tina Fey &amp; Amy Poehler, and @omimusiconline performs! #FallonTonight",14/07/2015 15:05,6.20972E+17,en,2249,552,2015-07-14 15:05:00,2015-07-14,2015-07,2015,15,Tuesday,"Tonight on the show: @KingJames is here, playing something fun with Tina Fey & Amy Poehler, and @omimusiconline performs! #FallonTonight",t01999
justinbieber,Chicago and Houston... Make sure u get the Special Album ticket bundle ;) https://t.co/H0WXeJo8NV https://t.co/C0o5ojva1F,12/11/2015 16:44,6.64846E+17,en,37711,26198,2015-11-12 16:44:00,2015-11-12,2015-11,2015,16,Thursday,Chicago and Houston... Make sure u get the Special Album ticket bundle ;) https://t.co/H0WXeJo8NV https://t.co/C0o5ojva1F,t02000
kimkardashian,Snapchat alert! I'm finally on! Add me -KimKardashian 🍑 https://t.co/ULYk0EZN7T,09/03/2016 06:37,7.07455E+17,en,13786,4444,2016-03-09 06:37:00,2016-03-09,2016-03,2016,6,Wednesday,Snapchat alert! I'm finally on! Add me -KimKardashian 🍑 https://t.co/ULYk0EZN7T,t02001
instagram,“We need to teach young girls that it’s cool to compliment other women.” —@IISuperwomanII #GirlLove 👭 https://t.co/hK8TNJOME8,28/05/2016 01:30,7.36369E+17,en,3163,844,2016-05-28 01:30:00,2016-05-28,2016-05,2016,1,Saturday,“We need to teach young girls that it’s cool to compliment other women.” —@IISuperwomanII #GirlLove 👭 https://t.co/hK8TNJOME8,t02002
ddlovato,Kind of a low blow when paparazzi bring up your dead dog to try to get a reaction out of you.,12/08/2015 14:18,6.3147E+17,en,26182,13819,2015-08-12 14:18:00,2015-08-12,2015-08,2015,14,Wednesday,Kind of a low blow when paparazzi bring up your dead dog to try to get a reaction out of you.,t02003
ladygaga,#PrayForSyria watch this and think like a child. When love and the answer is so simple. https://t.co/rEK2O5rCUB,25/09/2016 17:45,7.80101E+17,en,14544,6671,2016-09-25 17:45:00,2016-09-25,2016-09,2016,17,Sunday,#PrayForSyria watch this and think like a child. When love and the answer is so simple. https://t.co/rEK2O5rCUB,t02004
selenagomez,“@natandalex: Hey @selenagomez have you seen the movie Behaving Badly yet?.” ---Who's in it? ☺️,07/07/2014 02:23,4.85972E+17,en,12522,9592,2014-07-07 02:23:00,2014-07-07,2014-07,2014,2,Monday,“@natandalex: Hey @selenagomez have you seen the movie Behaving Badly yet?.” ---Who's in it? ☺️,t02005
britneyspears,Wish me luck everyone! It's fashion show time! :) About to jump on stage...💃 #NYFW #IntimateBritneySpears http://t.co/Omk4Mt004T,09/09/2014 18:23,5.09407E+17,en,6432,3284,2014-09-09 18:23:00,2014-09-09,2014-09,2014,18,Tuesday,Wish me luck everyone! It's fashion show time! :) About to jump on stage...💃 #NYFW #IntimateBritneySpears http://t.co/Omk4Mt004T,t02006
rihanna,"Can you spot the 3 things that are different in these pics? Chile, it's time to privatize that account! http://t.co/WVDBzMvkW3",04/05/2013 14:40,3.30693E+17,en,890,1346,2013-05-04 14:40:00,2013-05-04,2013-05,2013,14,Saturday,"Can you spot the 3 things that are different in these pics? Chile, it's time to privatize that account! http://t.co/WVDBzMvkW3",t02007
jtimberlake,In the airport with Richard Jenkins who plays my dad becuase 1) he is an amazing actor and 2) its my favorite relationship my character...,19/07/2011 22:38,9.34496E+16,en,19,38,2011-07-19 22:38:00,2011-07-19,2011-07,2011,22,Tuesday,In the airport with Richard Jenkins who plays my dad becuase 1) he is an amazing actor and 2) its my favorite relationship my character...,t02008
britneyspears,Princess Sara Beth 👑 http://t.co/ulOUhLmlCM,15/06/2015 21:26,6.10559E+17,en,5011,2083,2015-06-15 21:26:00,2015-06-15,2015-06,2015,21,Monday,Princess Sara Beth 👑 http://t.co/ulOUhLmlCM,t02009
katyperry,"Today is for this girl. She had the dream, always believed in herself &amp; her worth. Today she is the one smiling. http://t.co/9jMh3hWubz",01/02/2015 20:25,5.61984E+17,en,105458,51903,2015-02-01 20:25:00,2015-02-01,2015-02,2015,20,Sunday,"Today is for this girl. She had the dream, always believed in herself & her worth. Today she is the one smiling. http://t.co/9jMh3hWubz",t02010
cnnbrk,"At least 9 people killed in fireworks market blast, Mexico's federal police say; local authorities say 22.… https://t.co/2Yw31kXzPc",21/12/2016 00:16,8.11365E+17,en,283,307,2016-12-21 00:16:00,2016-12-21,2016-12,2016,0,Wednesday,"At least 9 people killed in fireworks market blast, Mexico's federal police say; local authorities say 22.… https://t.co/2Yw31kXzPc",t02011
selenagomez,#GoodForYou is now on @Spotify! #NewMusicTuesday http://t.co/bSO6kOuR1h,23/06/2015 15:23,6.13367E+17,en,14999,10944,2015-06-23 15:23:00,2015-06-23,2015-06,2015,15,Tuesday,#GoodForYou is now on @Spotify! #NewMusicTuesday http://t.co/bSO6kOuR1h,t02012
twitter,Now live: 74 new #Stickers to use and explore on Twitter! What's your favorite? We're pretty stuck on these. ⬇️ https://t.co/IMBmnwuOG3,10/08/2016 17:22,7.63425E+17,en,1587,524,2016-08-10 17:22:00,2016-08-10,2016-08,2016,17,Wednesday,Now live: 74 new #Stickers to use and explore on Twitter! What's your favorite? We're pretty stuck on these. ⬇️ https://t.co/IMBmnwuOG3,t02013
youtube,You're entering a different kind of animal hospital. https://t.co/Y0r0QhRJEl https://t.co/LfR2WpPQBS,27/01/2016 21:00,6.92452E+17,en,1492,198,2016-01-27 21:00:00,2016-01-27,2016-01,2016,21,Wednesday,You're entering a different kind of animal hospital. https://t.co/Y0r0QhRJEl https://t.co/LfR2WpPQBS,t02014
justinbieber,Met an amazing kid from make a wish today. Inspired,31/03/2016 08:47,7.15461E+17,en,113977,54630,2016-03-31 08:47:00,2016-03-31,2016-03,2016,8,Thursday,Met an amazing kid from make a wish today. Inspired,t02015
rihanna,"Happy Father's Day to the step fathers who step up for the fathers who cant! And especially to the Mothers who have to be both, we adore you",15/06/2014 14:45,4.78187E+17,en,28685,24144,2014-06-15 14:45:00,2014-06-15,2014-06,2014,14,Sunday,"Happy Father's Day to the step fathers who step up for the fathers who cant! And especially to the Mothers who have to be both, we adore you",t02016
britneyspears,@alemerinob Well aren't u sweet!,18/06/2013 01:38,3.46804E+17,en,100,113,2013-06-18 01:38:00,2013-06-18,2013-06,2013,1,Tuesday,@alemerinob Well aren't u sweet!,t02017
barackobama,"""Congress left town for five full weeks—and they left behind a stack of unfinished business."" —President Obama http://t.co/Cnv8PFW4De",22/08/2015 16:39,6.35129E+17,en,2430,1105,2015-08-22 16:39:00,2015-08-22,2015-08,2015,16,Saturday,"""Congress left town for five full weeks—and they left behind a stack of unfinished business."" —President Obama http://t.co/Cnv8PFW4De",t02018
arianagrande,"may not be able to see you guys again this trip so i'm v happy i got to hug y'all yesterday ♡... love you, stay warm https://t.co/UQbNuAONzS",29/03/2016 06:18,7.14698E+17,en,20317,5771,2016-03-29 06:18:00,2016-03-29,2016-03,2016,6,Tuesday,"may not be able to see you guys again this trip so i'm v happy i got to hug y'all yesterday ♡... love you, stay warm https://t.co/UQbNuAONzS",t02019
taylorswift13,"""Going back to Nashville, thinking about the whole thing. Guess you gotta run sometimes"" http://t.co/9SAT0UYS",10/05/2012 19:48,2.00674E+17,en,2509,4172,2012-05-10 19:48:00,2012-05-10,2012-05,2012,19,Thursday,"""Going back to Nashville, thinking about the whole thing. Guess you gotta run sometimes"" http://t.co/9SAT0UYS",t02020
jtimberlake,About last night...#Oslo #JT2020Tour http://t.co/TM7V2R2Dbb,09/05/2014 17:46,4.64824E+17,en,1591,666,2014-05-09 17:46:00,2014-05-09,2014-05,2014,17,Friday,About last night...#Oslo #JT2020Tour http://t.co/TM7V2R2Dbb,t02021
arianagrande,We're okay so far. Nonna wants to play cards on the patio (what the hell). Love to everyone up North. I'm very nervous. Please stay safe.,07/10/2016 04:17,7.84246E+17,en,47145,13436,2016-10-07 04:17:00,2016-10-07,2016-10,2016,4,Friday,We're okay so far. Nonna wants to play cards on the patio (what the hell). Love to everyone up North. I'm very nervous. Please stay safe.,t02022
cristiano,I'm not deciding today“@Party_Spice: I'm not going back to work until @Cristiano decides what to do for #celebrate15m and RTs or follows me!,18/12/2012 23:10,2.81175E+17,en,273,385,2012-12-18 23:10:00,2012-12-18,2012-12,2012,23,Tuesday,I'm not deciding today“@Party_Spice: I'm not going back to work until @Cristiano decides what to do for #celebrate15m and RTs or follows me!,t02023
shakira,With Friend @KathyKopp / Con mi amiga Kathy Kopp #LaBicicletaVideo https://t.co/cIZ5hrHysg Shak https://t.co/tlGzcxUIeq,12/07/2016 19:42,7.52951E+17,en,4714,751,2016-07-12 19:42:00,2016-07-12,2016-07,2016,19,Tuesday,With Friend @KathyKopp / Con mi amiga Kathy Kopp #LaBicicletaVideo https://t.co/cIZ5hrHysg Shak https://t.co/tlGzcxUIeq,t02024
shakira,Time to narrow down #TeamShakira for Live Shows! Who do you all think will make it through #Knockouts? #WatchingKnockouts @NBCTheVoice,29/04/2013 23:54,3.29021E+17,en,355,401,2013-04-29 23:54:00,2013-04-29,2013-04,2013,23,Monday,Time to narrow down #TeamShakira for Live Shows! Who do you all think will make it through #Knockouts? #WatchingKnockouts @NBCTheVoice,t02025
youtube,What's a game without its soundtrack? Share your favorite video game songs for #NationalVideoGamesDay #YouTubeMusic https://t.co/aWO7mfzuXu,12/09/2016 22:57,7.75468E+17,en,1197,219,2016-09-12 22:57:00,2016-09-12,2016-09,2016,22,Monday,What's a game without its soundtrack? Share your favorite video game songs for #NationalVideoGamesDay #YouTubeMusic https://t.co/aWO7mfzuXu,t02026
youtube,"🌈 Enter Sandman 🌈 
https://t.co/eBtMrRYh5v https://t.co/nI2FQHzvx2",30/10/2016 16:00,7.92758E+17,en,994,138,2016-10-30 16:00:00,2016-10-30,2016-10,2016,16,Sunday,🌈 Enter Sandman 🌈 https://t.co/eBtMrRYh5v https://t.co/nI2FQHzvx2,t02027
selenagomez,"@therealgrimmie @JonmChu Just saw the Remixed episode of Christina's ""FInd Me"" Stripped..... AMAZING!!!! http://t.co/TwRcN02B",28/06/2012 04:00,2.18192E+17,en,835,1872,2012-06-28 04:00:00,2012-06-28,2012-06,2012,4,Thursday,"@therealgrimmie @JonmChu Just saw the Remixed episode of Christina's ""FInd Me"" Stripped..... AMAZING!!!! http://t.co/TwRcN02B",t02028
jimmyfallon,“@bfollett21: @jimmyfallon History. Of. Rap.” Yes,04/01/2014 22:21,4.19594E+17,en,791,107,2014-01-04 22:21:00,2014-01-04,2014-01,2014,22,Saturday,“@bfollett21: @jimmyfallon History. Of. Rap.” Yes,t02029
kimkardashian,YEEZY SEASON 2!!!! Congrats to my baby for a crazy sick show!!!! #yeezy #adidas http://t.co/QCtwOpHEhF,16/09/2015 21:25,6.44261E+17,en,10802,3982,2015-09-16 21:25:00,2015-09-16,2015-09,2015,21,Wednesday,YEEZY SEASON 2!!!! Congrats to my baby for a crazy sick show!!!! #yeezy #adidas http://t.co/QCtwOpHEhF,t02030
justinbieber,Add me on Shots http://t.co/01sfI7gQUS,23/05/2015 01:29,6.01923E+17,en,56996,44523,2015-05-23 01:29:00,2015-05-23,2015-05,2015,1,Saturday,Add me on Shots http://t.co/01sfI7gQUS,t02031
theellenshow,I’d love that. Can we stay with you? #EllenQandA  https://t.co/VmyA426nZS,26/01/2016 22:45,6.92116E+17,en,2184,233,2016-01-26 22:45:00,2016-01-26,2016-01,2016,22,Tuesday,I’d love that. Can we stay with you? #EllenQandA https://t.co/VmyA426nZS,t02032
katyperry,I love seeing all these drunk babies waddle around in pastels #Easter,20/04/2014 20:45,4.57983E+17,en,9719,4898,2014-04-20 20:45:00,2014-04-20,2014-04,2014,20,Sunday,I love seeing all these drunk babies waddle around in pastels #Easter,t02033
youtube,Watch this video to experience time travel for real. https://t.co/WaFIF2qfcr https://t.co/lORa8pIh8C,27/01/2016 01:00,6.9215E+17,en,1477,283,2016-01-27 01:00:00,2016-01-27,2016-01,2016,1,Wednesday,Watch this video to experience time travel for real. https://t.co/WaFIF2qfcr https://t.co/lORa8pIh8C,t02034
ladygaga,@CantReadMyJudas oh my is that so cute!! #JOANNE,21/10/2016 20:30,7.89565E+17,en,2924,948,2016-10-21 20:30:00,2016-10-21,2016-10,2016,20,Friday,@CantReadMyJudas oh my is that so cute!! #JOANNE,t02035
theellenshow,I’m nominated for 3 People’s Choice Awards! It’s an honor to be nominated. Really. Just that is enough for me. —&gt; https://t.co/Bgc1QYXKMR,15/11/2016 22:53,7.9866E+17,en,5370,459,2016-11-15 22:53:00,2016-11-15,2016-11,2016,22,Tuesday,I’m nominated for 3 People’s Choice Awards! It’s an honor to be nominated. Really. Just that is enough for me. —> https://t.co/Bgc1QYXKMR,t02036
kimkardashian,It's fun to get together with the whole fam and watch our premieres like we used to do! Shout out to @khloekardashian for cooking tonight!,16/11/2015 02:27,6.6608E+17,en,5354,724,2015-11-16 02:27:00,2015-11-16,2015-11,2015,2,Monday,It's fun to get together with the whole fam and watch our premieres like we used to do! Shout out to @khloekardashian for cooking tonight!,t02037
kimkardashian,This new @Balmain collection is giving me life!!!!!,06/07/2015 20:24,6.18154E+17,en,5678,1514,2015-07-06 20:24:00,2015-07-06,2015-07,2015,20,Monday,This new @Balmain collection is giving me life!!!!!,t02038
ddlovato,Sooo many freckles!! 😝 https://t.co/ecOH5fa9nI,07/04/2015 02:58,5.85275E+17,en,15351,9540,2015-04-07 02:58:00,2015-04-07,2015-04,2015,2,Tuesday,Sooo many freckles!! 😝 https://t.co/ecOH5fa9nI,t02039
theellenshow,"Good news everyone, I found a girlfriend for @NiallOfficial. I hope you’re watching, @EllieGoulding. https://t.co/ZupJlTv323",26/10/2016 18:34,7.91347E+17,en,21860,8197,2016-10-26 18:34:00,2016-10-26,2016-10,2016,18,Wednesday,"Good news everyone, I found a girlfriend for @NiallOfficial. I hope you’re watching, @EllieGoulding. https://t.co/ZupJlTv323",t02040
twitter,Life tip #53: Tweet others as you would like to be tweeted,18/02/2010 22:55,9305561509,en,285,1832,2010-02-18 22:55:00,2010-02-18,2010-02,2010,22,Thursday,Life tip #53: Tweet others as you would like to be tweeted,t02041
shakira,"NEWS The #GetItStarted video by @Pitbull feat Shakira will premiere
on @Vevo on Thur 2 Aug at 9am EDT/3pm CET ShakHQ http://t.co/PVMhSPoz",31/07/2012 21:22,2.30413E+17,en,224,437,2012-07-31 21:22:00,2012-07-31,2012-07,2012,21,Tuesday,NEWS The #GetItStarted video by @Pitbull feat Shakira will premiere on @Vevo on Thur 2 Aug at 9am EDT/3pm CET ShakHQ http://t.co/PVMhSPoz,t02042
ddlovato,"@CSiriano thank you so much, I love your work!!",20/08/2016 19:34,7.67082E+17,en,5678,2355,2016-08-20 19:34:00,2016-08-20,2016-08,2016,19,Saturday,"@CSiriano thank you so much, I love your work!!",t02043
selenagomez,Happy Spring Day....@SpringBreakers is out this weekend! #SpringBreakForever http://t.co/tmNz265DOe http://t.co/1d3W5MvCnV,20/03/2013 23:30,3.14519E+17,en,12456,13059,2013-03-20 23:30:00,2013-03-20,2013-03,2013,23,Wednesday,Happy Spring Day....@SpringBreakers is out this weekend! #SpringBreakForever http://t.co/tmNz265DOe http://t.co/1d3W5MvCnV,t02044
justinbieber,Thank you https://t.co/oSww7fBGk7,16/11/2016 00:40,7.98687E+17,en,108294,52739,2016-11-16 00:40:00,2016-11-16,2016-11,2016,0,Wednesday,Thank you https://t.co/oSww7fBGk7,t02045
rihanna,I can't sleep!!! #morningfaces #Barbados http://t.co/2hrTQtJCL6,05/08/2013 07:50,3.64292E+17,en,1407,1758,2013-08-05 07:50:00,2013-08-05,2013-08,2013,7,Monday,I can't sleep!!! #morningfaces #Barbados http://t.co/2hrTQtJCL6,t02046
ddlovato,Congrats @RyanSeacrest and @RyanFoundation on the opening of your 10th #SeacrestStudios at @VUMCChildren! 💗,18/03/2016 21:00,7.10934E+17,en,12644,5189,2016-03-18 21:00:00,2016-03-18,2016-03,2016,21,Friday,Congrats @RyanSeacrest and @RyanFoundation on the opening of your 10th #SeacrestStudios at @VUMCChildren! 💗,t02047
ladygaga,@Andrewislivid love it! That's a swingin holiday!,04/12/2014 14:21,5.40511E+17,en,1541,804,2014-12-04 14:21:00,2014-12-04,2014-12,2014,14,Thursday,@Andrewislivid love it! That's a swingin holiday!,t02048
justinbieber,Working on something special for u,26/10/2015 18:38,6.58714E+17,en,73891,63843,2015-10-26 18:38:00,2015-10-26,2015-10,2015,18,Monday,Working on something special for u,t02049
barackobama,Partisan obstructionism shouldn't hold back our Supreme Court. #DoYourJob https://t.co/Q7rRKyWlZc,09/05/2016 17:24,7.29724E+17,en,4367,1315,2016-05-09 17:24:00,2016-05-09,2016-05,2016,17,Monday,Partisan obstructionism shouldn't hold back our Supreme Court. #DoYourJob https://t.co/Q7rRKyWlZc,t02050
instagram,Caution: extremely addictive videos ahead ⚠️  (via @POPSUGARTech) https://t.co/Bz5DrtLsFF,28/08/2016 21:30,7.70011E+17,en,633,143,2016-08-28 21:30:00,2016-08-28,2016-08,2016,21,Sunday,Caution: extremely addictive videos ahead ⚠️ (via @POPSUGARTech) https://t.co/Bz5DrtLsFF,t02051
instagram,A beach photo shoot becomes a pastel dreamscape in Japan https://t.co/yDUYwKXkv5 #TheWeekOnInstagram,25/10/2016 23:45,7.91063E+17,en,496,117,2016-10-25 23:45:00,2016-10-25,2016-10,2016,23,Tuesday,A beach photo shoot becomes a pastel dreamscape in Japan https://t.co/yDUYwKXkv5 #TheWeekOnInstagram,t02052
justinbieber,@tracycityline he ain't that bad,17/06/2015 15:14,6.1119E+17,en,31197,22849,2015-06-17 15:14:00,2015-06-17,2015-06,2015,15,Wednesday,@tracycityline he ain't that bad,t02053
arianagrande,"I love you, pringus. https://t.co/Q2VNF7CIpp",13/03/2016 20:47,7.09119E+17,en,27804,11542,2016-03-13 20:47:00,2016-03-13,2016-03,2016,20,Sunday,"I love you, pringus. https://t.co/Q2VNF7CIpp",t02054
shakira,"Time for a study break ;-) RT @EliasNaomi I like a dance as much as the next person, but why are they blasting out @shakira in the library?",12/01/2015 19:57,5.54729E+17,en,1257,502,2015-01-12 19:57:00,2015-01-12,2015-01,2015,19,Monday,"Time for a study break ;-) RT @EliasNaomi I like a dance as much as the next person, but why are they blasting out @shakira in the library?",t02055
selenagomez,@chaelynne airportin http://t.co/yIqAJT61NO,29/05/2014 06:40,4.71904E+17,en,3769,3100,2014-05-29 06:40:00,2014-05-29,2014-05,2014,6,Thursday,@chaelynne airportin http://t.co/yIqAJT61NO,t02056
instagram,Participate in this weekend’s hashtag project: #WHPgetclose https://t.co/xtxFofMqUB https://t.co/QY0XFosEo9,10/06/2016 21:30,7.41382E+17,en,550,117,2016-06-10 21:30:00,2016-06-10,2016-06,2016,21,Friday,Participate in this weekend’s hashtag project: #WHPgetclose https://t.co/xtxFofMqUB https://t.co/QY0XFosEo9,t02057
youtube,@OMGitsAliA ⚠️ *puts on a hard hat to watch this scene safely* ⚠️  #YouTubeRewind,07/12/2016 18:59,8.06574E+17,en,118,9,2016-12-07 18:59:00,2016-12-07,2016-12,2016,18,Wednesday,@OMGitsAliA ⚠️ *puts on a hard hat to watch this scene safely* ⚠️ #YouTubeRewind,t02058
cristiano,You can now search the web trough my CR7 Keyboard. Download it here: https://t.co/8gBEskPNEo https://t.co/d22qLNnQqo,01/12/2015 15:17,6.7171E+17,en,7048,1683,2015-12-01 15:17:00,2015-12-01,2015-12,2015,15,Tuesday,You can now search the web trough my CR7 Keyboard. Download it here: https://t.co/8gBEskPNEo https://t.co/d22qLNnQqo,t02059
twitter,Making your mobile web experience appier: http://t.co/rq9RhoZ,11/05/2011 22:28,6.84425E+16,en,166,239,2011-05-11 22:28:00,2011-05-11,2011-05,2011,22,Wednesday,Making your mobile web experience appier: http://t.co/rq9RhoZ,t02060
katyperry,nailed it http://t.co/kfPzBY4Wab,21/02/2015 02:14,5.68957E+17,en,9086,4799,2015-02-21 02:14:00,2015-02-21,2015-02,2015,2,Saturday,nailed it http://t.co/kfPzBY4Wab,t02061
cristiano,It's an honor to be again nominated for Best Player Award. Thank you to all of you for supporting me.  http://t.co/mEQHySZh,14/08/2012 20:08,2.35468E+17,en,1403,4146,2012-08-14 20:08:00,2012-08-14,2012-08,2012,20,Tuesday,It's an honor to be again nominated for Best Player Award. Thank you to all of you for supporting me. http://t.co/mEQHySZh,t02062
theellenshow,3 more days! #EllenPremiere https://t.co/7ZHVVF2uHm,03/09/2016 16:35,7.72111E+17,en,10508,899,2016-09-03 16:35:00,2016-09-03,2016-09,2016,16,Saturday,3 more days! #EllenPremiere https://t.co/7ZHVVF2uHm,t02063
rihanna,Look who came to see me!! My lover Stella McCartney!!! #dwt http://t.co/EMC43s93xl,06/05/2013 08:50,3.3133E+17,en,653,847,2013-05-06 08:50:00,2013-05-06,2013-05,2013,8,Monday,Look who came to see me!! My lover Stella McCartney!!! #dwt http://t.co/EMC43s93xl,t02064
theellenshow,My brother has a new EP out! Check out “Only Summer” by The Lightjackets. I was on tambourine. https://t.co/ffQfUMcz9u,24/10/2015 22:39,6.5805E+17,en,1275,239,2015-10-24 22:39:00,2015-10-24,2015-10,2015,22,Saturday,My brother has a new EP out! Check out “Only Summer” by The Lightjackets. I was on tambourine. https://t.co/ffQfUMcz9u,t02065
katyperry,"Turkish delights are DISGUSTING, it's a FARCE cc: Chronicles of Narnia",09/09/2016 08:00,7.74155E+17,en,17006,5157,2016-09-09 08:00:00,2016-09-09,2016-09,2016,8,Friday,"Turkish delights are DISGUSTING, it's a FARCE cc: Chronicles of Narnia",t02066
cnnbrk,"Putin says Russia won't expel US diplomats in response to Obama administration sanctions, Russian state media says… https://t.co/6vNQHVrD9m",30/12/2016 12:55,8.14817E+17,en,619,431,2016-12-30 12:55:00,2016-12-30,2016-12,2016,12,Friday,"Putin says Russia won't expel US diplomats in response to Obama administration sanctions, Russian state media says… https://t.co/6vNQHVrD9m",t02067
youtube,"@SyntehticSponge Yeah, it really went out with a bang.",04/11/2016 14:37,7.94549E+17,en,12,4,2016-11-04 14:37:00,2016-11-04,2016-11,2016,14,Friday,"@SyntehticSponge Yeah, it really went out with a bang.",t02068
arianagrande,thank you 😌 I hope it makes a difference and makes you feel good. It is of utmost important to me.  https://t.co/3Xy8TkXudc,02/11/2015 17:55,6.6124E+17,en,23384,10337,2015-11-02 17:55:00,2015-11-02,2015-11,2015,17,Monday,thank you 😌 I hope it makes a difference and makes you feel good. It is of utmost important to me. https://t.co/3Xy8TkXudc,t02069
jimmyfallon,Hashtag game! Tweet out a funny rap about Spring Break and tag with #SpringBreakRaps. Could be on our show!,04/03/2015 21:28,5.73234E+17,en,1860,443,2015-03-04 21:28:00,2015-03-04,2015-03,2015,21,Wednesday,Hashtag game! Tweet out a funny rap about Spring Break and tag with #SpringBreakRaps. Could be on our show!,t02070
barackobama,"""Beau Biden was an original. He was a good man. A man of character. A man who loved deeply and was loved in return."" —President Obama",06/06/2015 16:38,6.07225E+17,en,3968,1527,2015-06-06 16:38:00,2015-06-06,2015-06,2015,16,Saturday,"""Beau Biden was an original. He was a good man. A man of character. A man who loved deeply and was loved in return."" —President Obama",t02071
jimmyfallon,"Tonight: @Jes_Chastain, @JeffreyTambor, music from @chrisbrown, and some special guests read your #WhenIWasAKid tweets. #FallonTonight",11/09/2014 15:28,5.10087E+17,en,727,282,2014-09-11 15:28:00,2014-09-11,2014-09,2014,15,Thursday,"Tonight: @Jes_Chastain, @JeffreyTambor, music from @chrisbrown, and some special guests read your #WhenIWasAKid tweets. #FallonTonight",t02072
jtimberlake,"Whoa. This is a new level of remake. Merci beacoup, @alsublet and Paris, France‼️

#CantStopTheFeeling  https://t.co/dlE5SZYNjR",28/05/2016 11:19,7.36517E+17,en,4328,1737,2016-05-28 11:19:00,2016-05-28,2016-05,2016,11,Saturday,"Whoa. This is a new level of remake. Merci beacoup, @alsublet and Paris, France‼️ #CantStopTheFeeling https://t.co/dlE5SZYNjR",t02073
youtube,You never know what’s gonna happen on the #YouTubeRewind set! https://t.co/WtEOgo07PK https://t.co/PLpvYFc68G,10/12/2016 01:00,8.07389E+17,en,1467,182,2016-12-10 01:00:00,2016-12-10,2016-12,2016,1,Saturday,You never know what’s gonna happen on the #YouTubeRewind set! https://t.co/WtEOgo07PK https://t.co/PLpvYFc68G,t02074
twitter,"“The moment of twilight is simply beautiful.” 
John Glenn #RIP

https://t.co/A3AvuSRTbF https://t.co/VHaTcZVKcP",09/12/2016 00:12,8.07015E+17,en,1705,713,2016-12-09 00:12:00,2016-12-09,2016-12,2016,0,Friday,“The moment of twilight is simply beautiful.” John Glenn #RIP https://t.co/A3AvuSRTbF https://t.co/VHaTcZVKcP,t02075
britneyspears,Invitation: This was the perfect first song. It really sets the tone for the whole album. #GloryStreamingParty,27/08/2016 18:02,7.69596E+17,en,5225,2132,2016-08-27 18:02:00,2016-08-27,2016-08,2016,18,Saturday,Invitation: This was the perfect first song. It really sets the tone for the whole album. #GloryStreamingParty,t02076
taylorswift13,Just ate like 7 of those mini milky way bars and am currently refusing to admit it's the same as eating a big one IT IS NOT THE SAME,31/08/2012 04:01,2.41385E+17,en,10226,13145,2012-08-31 04:01:00,2012-08-31,2012-08,2012,4,Friday,Just ate like 7 of those mini milky way bars and am currently refusing to admit it's the same as eating a big one IT IS NOT THE SAME,t02077
theellenshow,I sent Kevin the Cashier to a Chevy dealership. One word: Hilarious. https://t.co/bTFY0kncTo https://t.co/aAid713RE0,29/04/2016 19:12,7.26127E+17,en,3043,436,2016-04-29 19:12:00,2016-04-29,2016-04,2016,19,Friday,I sent Kevin the Cashier to a Chevy dealership. One word: Hilarious. https://t.co/bTFY0kncTo https://t.co/aAid713RE0,t02078
barackobama,This is it—your last chance to win a free trip to Chicago to meet James Taylor: https://t.co/ryoo6ZGLdo https://t.co/y8BYvl0HIb,31/03/2016 22:41,7.1567E+17,en,1645,445,2016-03-31 22:41:00,2016-03-31,2016-03,2016,22,Thursday,This is it—your last chance to win a free trip to Chicago to meet James Taylor: https://t.co/ryoo6ZGLdo https://t.co/y8BYvl0HIb,t02079
ladygaga,This gif is cool.  https://t.co/i5u2ImjpAd,14/07/2015 11:40,6.20921E+17,en,6757,4611,2015-07-14 11:40:00,2015-07-14,2015-07,2015,11,Tuesday,This gif is cool. https://t.co/i5u2ImjpAd,t02080
twitter,"Your fans sure are #OBSESSED, @DanAndShay — thanks for the video! https://t.co/VUteahPdTu",20/04/2016 20:50,7.2289E+17,en,593,149,2016-04-20 20:50:00,2016-04-20,2016-04,2016,20,Wednesday,"Your fans sure are #OBSESSED, @DanAndShay — thanks for the video! https://t.co/VUteahPdTu",t02081
youtube,The trick to #LazerTeam is using your lazer. https://t.co/LPUdyiRdbE #YTRedOriginals https://t.co/N398erO2hk,13/02/2016 19:00,6.98582E+17,en,1207,166,2016-02-13 19:00:00,2016-02-13,2016-02,2016,19,Saturday,The trick to #LazerTeam is using your lazer. https://t.co/LPUdyiRdbE #YTRedOriginals https://t.co/N398erO2hk,t02082
cnnbrk,Russia to withdraw from International Criminal Court on President Vladimir Putin's orders. https://t.co/OhupPf6iOh https://t.co/PlfqIP0V4q,16/11/2016 12:51,7.98871E+17,en,643,956,2016-11-16 12:51:00,2016-11-16,2016-11,2016,12,Wednesday,Russia to withdraw from International Criminal Court on President Vladimir Putin's orders. https://t.co/OhupPf6iOh https://t.co/PlfqIP0V4q,t02083
youtube,"This is how you juice, right? https://t.co/wqSxkYCDcX https://t.co/evHzNttt0J",31/03/2016 21:00,7.15645E+17,en,2023,410,2016-03-31 21:00:00,2016-03-31,2016-03,2016,21,Thursday,"This is how you juice, right? https://t.co/wqSxkYCDcX https://t.co/evHzNttt0J",t02084
kimkardashian,10 minute glam session this day! We shot a tutorial for my website to show u fun tricks to get ready in a hurry! http://t.co/nAeNRXUY1g,20/07/2015 16:08,6.23163E+17,en,7272,1527,2015-07-20 16:08:00,2015-07-20,2015-07,2015,16,Monday,10 minute glam session this day! We shot a tutorial for my website to show u fun tricks to get ready in a hurry! http://t.co/nAeNRXUY1g,t02085
barackobama,"""The typical family this year should save more than $700 at the pump."" —President Obama",18/03/2015 18:59,5.7827E+17,en,1184,486,2015-03-18 18:59:00,2015-03-18,2015-03,2015,18,Wednesday,"""The typical family this year should save more than $700 at the pump."" —President Obama",t02086
cristiano,You asked: Top 3 songs you love at the moment?  @rosiepaynex http://t.co/J7ODh9fmUV,06/03/2014 16:30,4.41612E+17,en,1577,785,2014-03-06 16:30:00,2014-03-06,2014-03,2014,16,Thursday,You asked: Top 3 songs you love at the moment? @rosiepaynex http://t.co/J7ODh9fmUV,t02087
jtimberlake,The #DreamWorksTrolls Soundtrack cover has just been released! Trolls store goes live tomorrow - stay tuned! -teamJT https://t.co/QUSEqeK46J,14/07/2016 18:43,7.53661E+17,en,7348,1480,2016-07-14 18:43:00,2016-07-14,2016-07,2016,18,Thursday,The #DreamWorksTrolls Soundtrack cover has just been released! Trolls store goes live tomorrow - stay tuned! -teamJT https://t.co/QUSEqeK46J,t02088
cristiano,"Very cool? Happy birthday! @CamillaDemescko @Cristiano how cool would it be, if you wished me a happy birthday ? :-)",10/02/2011 18:17,3.57643E+16,en,56,92,2011-02-10 18:17:00,2011-02-10,2011-02,2011,18,Thursday,"Very cool? Happy birthday! @CamillaDemescko @Cristiano how cool would it be, if you wished me a happy birthday ? :-)",t02089
kimkardashian,Every doll is my favorite!!!! Love you guys soooo much!!!!,04/08/2015 23:45,6.28713E+17,en,8981,2163,2015-08-04 23:45:00,2015-08-04,2015-08,2015,23,Tuesday,Every doll is my favorite!!!! Love you guys soooo much!!!!,t02090
selenagomez,London!!! You make me smile. But maybe not as much as you guys do :) thank you for being insanely kind.,20/09/2015 11:07,6.45555E+17,en,26411,14278,2015-09-20 11:07:00,2015-09-20,2015-09,2015,11,Sunday,London!!! You make me smile. But maybe not as much as you guys do :) thank you for being insanely kind.,t02091
barackobama,It's been more than five years since the national minimum wage was raised. That's wrong: http://t.co/Sf7NXpNOAK #RaiseTheWage,08/09/2014 19:40,5.09064E+17,en,1424,960,2014-09-08 19:40:00,2014-09-08,2014-09,2014,19,Monday,It's been more than five years since the national minimum wage was raised. That's wrong: http://t.co/Sf7NXpNOAK #RaiseTheWage,t02092
theellenshow,".@ElleKingMusic was here to perform ""America's Sweetheart"" for America's Sweetheart. https://t.co/XuIkmOXMCe",11/02/2016 17:59,6.97842E+17,en,1182,149,2016-02-11 17:59:00,2016-02-11,2016-02,2016,17,Thursday,".@ElleKingMusic was here to perform ""America's Sweetheart"" for America's Sweetheart. https://t.co/XuIkmOXMCe",t02093
rihanna,#BUFFALO I will never forget how you made me feel tonight!!! Thank you from the bottom of my heart!! #1Love always,09/03/2013 06:15,3.10273E+17,en,2426,3248,2013-03-09 06:15:00,2013-03-09,2013-03,2013,6,Saturday,#BUFFALO I will never forget how you made me feel tonight!!! Thank you from the bottom of my heart!! #1Love always,t02094
taylorswift13,"Not that giving Christmas presents is a competition, but this year, my mom won. http://t.co/MafwU4SmUi",26/12/2014 22:19,5.48604E+17,en,24454,10994,2014-12-26 22:19:00,2014-12-26,2014-12,2014,22,Friday,"Not that giving Christmas presents is a competition, but this year, my mom won. http://t.co/MafwU4SmUi",t02095
twitter,"With Moments, you can bring together favorite Tweets to tell richer stories - rolling out on mobile starting today.
https://t.co/SMqIZ1Zngo",30/11/2016 16:12,8.03995E+17,en,1523,719,2016-11-30 16:12:00,2016-11-30,2016-11,2016,16,Wednesday,"With Moments, you can bring together favorite Tweets to tell richer stories - rolling out on mobile starting today. https://t.co/SMqIZ1Zngo",t02096
instagram,"Transforming into tigers, from head to toe #WHPimitation https://t.co/qMkof950cc",11/01/2017 03:30,8.19024E+17,en,608,102,2017-01-11 03:30:00,2017-01-11,2017-01,2017,3,Wednesday,"Transforming into tigers, from head to toe #WHPimitation https://t.co/qMkof950cc",t02097
theellenshow,Macey met @HillaryClinton. Politics has never been more adorable. http://t.co/yI6jiir6qo,10/09/2015 17:31,6.42028E+17,en,1669,351,2015-09-10 17:31:00,2015-09-10,2015-09,2015,17,Thursday,Macey met @HillaryClinton. Politics has never been more adorable. http://t.co/yI6jiir6qo,t02098
katyperry,@LadyCrystalB I think I'm living the most present &amp; aware I have ever lived &amp; that made this time even better. Maybe I've finally grown up?,22/10/2013 04:27,3.92507E+17,en,795,604,2013-10-22 04:27:00,2013-10-22,2013-10,2013,4,Tuesday,@LadyCrystalB I think I'm living the most present & aware I have ever lived & that made this time even better. Maybe I've finally grown up?,t02099
arianagrande,glad I got to spend some time w my London babes before things get too busy 😌 I love you 🌧,28/03/2016 16:20,7.14487E+17,en,40280,14192,2016-03-28 16:20:00,2016-03-28,2016-03,2016,16,Monday,glad I got to spend some time w my London babes before things get too busy 😌 I love you 🌧,t02100
katyperry,I survived the hazing 😳 goodnight fellow Harvard Lampoonians! S/O B.J. Novak &amp; Alexis Wilkinson http://t.co/IvT5R6e350,04/08/2014 05:00,4.96159E+17,en,5798,2720,2014-08-04 05:00:00,2014-08-04,2014-08,2014,5,Monday,I survived the hazing 😳 goodnight fellow Harvard Lampoonians! S/O B.J. Novak & Alexis Wilkinson http://t.co/IvT5R6e350,t02101
twitter,"For #TravelTuesday 🏔 views and 🐬 visits, coast to Kaikoura, New Zealand.
https://t.co/cEtNchNmzF",12/04/2016 19:10,7.19966E+17,en,780,214,2016-04-12 19:10:00,2016-04-12,2016-04,2016,19,Tuesday,"For #TravelTuesday 🏔 views and 🐬 visits, coast to Kaikoura, New Zealand. https://t.co/cEtNchNmzF",t02102
kimkardashian,Thank u Hakassan 4 having me! @olivier_rousteing &amp; @balmain 4dressing me! Thank u @makeupbyariel @cesar4styles 💆🏽💄 https://t.co/It4qYmsalp,11/04/2016 20:40,7.19626E+17,en,8230,1574,2016-04-11 20:40:00,2016-04-11,2016-04,2016,20,Monday,Thank u Hakassan 4 having me! @olivier_rousteing & @balmain 4dressing me! Thank u @makeupbyariel @cesar4styles 💆🏽💄 https://t.co/It4qYmsalp,t02103
barackobama,There's no better time to be thankful for your health––but make sure you're prepared for anything: http://t.co/AqSgOUrPlR #GetCovered,29/11/2014 15:36,5.38718E+17,en,1322,644,2014-11-29 15:36:00,2014-11-29,2014-11,2014,15,Saturday,There's no better time to be thankful for your health––but make sure you're prepared for anything: http://t.co/AqSgOUrPlR #GetCovered,t02104
justinbieber,So tomorrow a lot of friends will be playing #SORRY. @RyanSeacrest u ready?,21/10/2015 22:27,6.5696E+17,en,42767,36586,2015-10-21 22:27:00,2015-10-21,2015-10,2015,22,Wednesday,So tomorrow a lot of friends will be playing #SORRY. @RyanSeacrest u ready?,t02105
kimkardashian,Beyond excited to welcome the one and only @KarlLagerfeld and his gorgeous F/W collection to the #KimKardashianGame! https://t.co/5fhQVblecZ,02/11/2015 19:04,6.61258E+17,en,2872,641,2015-11-02 19:04:00,2015-11-02,2015-11,2015,19,Monday,Beyond excited to welcome the one and only @KarlLagerfeld and his gorgeous F/W collection to the #KimKardashianGame! https://t.co/5fhQVblecZ,t02106
ddlovato,You guys get TWO videos today because you streamed so much on @Spotify to unlock!!! https://t.co/wc4bIekRag,22/10/2015 23:35,6.57339E+17,en,9837,7358,2015-10-22 23:35:00,2015-10-22,2015-10,2015,23,Thursday,You guys get TWO videos today because you streamed so much on @Spotify to unlock!!! https://t.co/wc4bIekRag,t02107
theellenshow,Here it is! My special link just for my Twitter followers to win all of today’s giveaways! https://t.co/sHqnzJKYSn,21/11/2016 18:31,8.00769E+17,en,3457,560,2016-11-21 18:31:00,2016-11-21,2016-11,2016,18,Monday,Here it is! My special link just for my Twitter followers to win all of today’s giveaways! https://t.co/sHqnzJKYSn,t02108
jimmyfallon,"Tonight's show with Emma Stone, @RobinsonCano and @KeithUrban. http://t.co/ESLc3Lb7gT #FallonTonight",29/04/2014 02:02,4.60962E+17,en,913,259,2014-04-29 02:02:00,2014-04-29,2014-04,2014,2,Tuesday,"Tonight's show with Emma Stone, @RobinsonCano and @KeithUrban. http://t.co/ESLc3Lb7gT #FallonTonight",t02109
justinbieber,Thank you @ArianaGrande and thank you Miami. I missed the stage. See u soon ;),29/03/2015 02:34,5.82008E+17,en,127609,103452,2015-03-29 02:34:00,2015-03-29,2015-03,2015,2,Sunday,Thank you @ArianaGrande and thank you Miami. I missed the stage. See u soon ;),t02110
arianagrande,"! thank you so much. a surreal thing to be in such incredible company. also, what an honor it is… https://t.co/uJQ12Txxyb",26/07/2016 22:52,7.58073E+17,en,29701,10299,2016-07-26 22:52:00,2016-07-26,2016-07,2016,22,Tuesday,"! thank you so much. a surreal thing to be in such incredible company. also, what an honor it is… https://t.co/uJQ12Txxyb",t02111
taylorswift13,"The crowd tonight in Tacoma was gorgeous. And 20,000 strong. I can't stop smiling.",08/09/2011 06:13,1.11684E+17,en,944,2112,2011-09-08 06:13:00,2011-09-08,2011-09,2011,6,Thursday,"The crowd tonight in Tacoma was gorgeous. And 20,000 strong. I can't stop smiling.",t02112
cristiano,Thank you. RT @HashemiLaw Good luck tomorrow to you and the rest of the Club against Espanyol. may the football gods be on your side!,12/02/2011 21:27,3.65368E+16,en,59,83,2011-02-12 21:27:00,2011-02-12,2011-02,2011,21,Saturday,Thank you. RT @HashemiLaw Good luck tomorrow to you and the rest of the Club against Espanyol. may the football gods be on your side!,t02113
ladygaga,I love her. My piano. play the sh*t outta her. http://t.co/QF7Ebb0gCW,11/01/2015 04:36,5.54135E+17,en,5151,2944,2015-01-11 04:36:00,2015-01-11,2015-01,2015,4,Sunday,I love her. My piano. play the sh*t outta her. http://t.co/QF7Ebb0gCW,t02114
twitter,"#TNF week 3 is in the 📚.

Rewind to the best moments from last night's LIVE matchup between the @HoustonTexans and… https://t.co/7H5TYXlmpu",23/09/2016 22:36,7.79449E+17,en,1213,243,2016-09-23 22:36:00,2016-09-23,2016-09,2016,22,Friday,#TNF week 3 is in the 📚. Rewind to the best moments from last night's LIVE matchup between the @HoustonTexans and… https://t.co/7H5TYXlmpu,t02115
jtimberlake,"So funny, @jimmyfallon. I was just telling someone how my name was on your balls. #regram http://t.co/mffiYCNGwA",28/05/2014 16:01,4.71683E+17,en,4110,1735,2014-05-28 16:01:00,2014-05-28,2014-05,2014,16,Wednesday,"So funny, @jimmyfallon. I was just telling someone how my name was on your balls. #regram http://t.co/mffiYCNGwA",t02116
twitter,"@AmberHess2019 🚨 Fire Tweets alert! 🚨 You got it Amber, now you can!",14/06/2016 16:42,7.42759E+17,en,31,10,2016-06-14 16:42:00,2016-06-14,2016-06,2016,16,Tuesday,"@AmberHess2019 🚨 Fire Tweets alert! 🚨 You got it Amber, now you can!",t02117
selenagomez,I am so excited. My new album #ayearwithoutrain is out today! I hope you like it! http://smarturl.it/aywralbum,21/09/2010 06:43,25096359135,en,176,936,2010-09-21 06:43:00,2010-09-21,2010-09,2010,6,Tuesday,I am so excited. My new album #ayearwithoutrain is out today! I hope you like it! http://smarturl.it/aywralbum,t02118
jtimberlake,“@Thrill21: @THETNKIDS Well it's the King and President of Pop. Can't get any better. #MJandJT” HAHA! Werd!! 🙏,02/05/2014 21:55,4.6235E+17,en,1614,655,2014-05-02 21:55:00,2014-05-02,2014-05,2014,21,Friday,“@Thrill21: @THETNKIDS Well it's the King and President of Pop. Can't get any better. #MJandJT” HAHA! Werd!! 🙏,t02119
arianagrande,#DangerousWoman &amp; #BeAlright are both in the top 10 on @AppleMusic currently. so unreal. 😭😩 thank you so much. ♡ https://t.co/X1TBDlUe50,18/03/2016 16:33,7.10867E+17,en,29469,15450,2016-03-18 16:33:00,2016-03-18,2016-03,2016,16,Friday,#DangerousWoman & #BeAlright are both in the top 10 on @AppleMusic currently. so unreal. 😭😩 thank you so much. ♡ https://t.co/X1TBDlUe50,t02120
barackobama,Progress is not inevitable—it depends on hard work. Say you'll fight for it: https://t.co/rOxOANt7PM https://t.co/EodCkOME1i,03/02/2016 19:38,6.94968E+17,en,5377,1584,2016-02-03 19:38:00,2016-02-03,2016-02,2016,19,Wednesday,Progress is not inevitable—it depends on hard work. Say you'll fight for it: https://t.co/rOxOANt7PM https://t.co/EodCkOME1i,t02121
arianagrande,show me photos of you with your #Ari bottles by tagging  @ aribyarianagrandefragrances on insta 💜💜💜… https://t.co/qxaCGiPJhw,14/10/2015 23:08,6.54434E+17,en,18531,8889,2015-10-14 23:08:00,2015-10-14,2015-10,2015,23,Wednesday,show me photos of you with your #Ari bottles by tagging @ aribyarianagrandefragrances on insta 💜💜💜… https://t.co/qxaCGiPJhw,t02122
barackobama,Good news: America's businesses extended the longest streak of private sector job gains on record. http://t.co/Y4Td76Bz9U #ActOnJobs,04/10/2014 21:29,5.18513E+17,en,1344,708,2014-10-04 21:29:00,2014-10-04,2014-10,2014,21,Saturday,Good news: America's businesses extended the longest streak of private sector job gains on record. http://t.co/Y4Td76Bz9U #ActOnJobs,t02123
kimkardashian,He is 31 and a father of three who was recently diagnosed with an aggressive blood cancer called primary myelofibrosis.,27/09/2016 14:56,7.80783E+17,en,7458,1673,2016-09-27 14:56:00,2016-09-27,2016-09,2016,14,Tuesday,He is 31 and a father of three who was recently diagnosed with an aggressive blood cancer called primary myelofibrosis.,t02124
theellenshow,Someone watching my show is gonna win $10K this week! Look out for the @MattressFirm Money Term #LaughDancePartner. http://t.co/EsQPpVx5g2,16/06/2015 17:56,6.10868E+17,en,1596,295,2015-06-16 17:56:00,2015-06-16,2015-06,2015,17,Tuesday,Someone watching my show is gonna win $10K this week! Look out for the @MattressFirm Money Term #LaughDancePartner. http://t.co/EsQPpVx5g2,t02125
justinbieber,Blessed to be a part of this tonight. See everyone on @FOXTV #KnockKnockLive https://t.co/92RU52j0Ly,28/07/2015 23:56,6.26179E+17,en,52227,45920,2015-07-28 23:56:00,2015-07-28,2015-07,2015,23,Tuesday,Blessed to be a part of this tonight. See everyone on @FOXTV #KnockKnockLive https://t.co/92RU52j0Ly,t02126
justinbieber,THANK YOU https://t.co/TgVoB619V3,24/11/2015 14:41,6.69164E+17,en,62864,42679,2015-11-24 14:41:00,2015-11-24,2015-11,2015,14,Tuesday,THANK YOU https://t.co/TgVoB619V3,t02127
cnnbrk,"Gunman opens fire in Shiite shrine in Kabul, Afghanistan, killing 14 people https://t.co/F25VQ5wACX",11/10/2016 21:22,7.85954E+17,en,278,394,2016-10-11 21:22:00,2016-10-11,2016-10,2016,21,Tuesday,"Gunman opens fire in Shiite shrine in Kabul, Afghanistan, killing 14 people https://t.co/F25VQ5wACX",t02128
kimkardashian,Happy Birthday @MyleezaKardash I'm so thankful to spend your 21st birthday with you here in New Orleans! http://t.co/wfupuVKlwr,04/08/2015 20:43,6.28668E+17,en,6481,1452,2015-08-04 20:43:00,2015-08-04,2015-08,2015,20,Tuesday,Happy Birthday @MyleezaKardash I'm so thankful to spend your 21st birthday with you here in New Orleans! http://t.co/wfupuVKlwr,t02129
theellenshow,What’s the one room a ghost can’t be in? The living room. #ClassicJokeFriday,24/04/2015 22:58,5.91738E+17,en,6502,3319,2015-04-24 22:58:00,2015-04-24,2015-04,2015,22,Friday,What’s the one room a ghost can’t be in? The living room. #ClassicJokeFriday,t02130
jtimberlake,"""@Ragsroberts: When fonts go wrong. How erm, unfortunate... http://t.co/9gjLFKez -- LMAO! How did anyone not see that before print?!",09/05/2012 23:09,2.00362E+17,en,162,522,2012-05-09 23:09:00,2012-05-09,2012-05,2012,23,Wednesday,"""@Ragsroberts: When fonts go wrong. How erm, unfortunate... http://t.co/9gjLFKez -- LMAO! How did anyone not see that before print?!",t02131
jimmyfallon,.@BlakeLively and I face off in a game of Know It All https://t.co/4PAenGY3SN #FallonTonight,21/06/2016 12:24,7.45231E+17,en,1406,253,2016-06-21 12:24:00,2016-06-21,2016-06,2016,12,Tuesday,.@BlakeLively and I face off in a game of Know It All https://t.co/4PAenGY3SN #FallonTonight,t02132
jtimberlake,"""@_Caitie_bug: @jtimberlake What the ef are you doing in the valley? #wrongsideofthehill"" Hangin out with REAL folk... #HollyWeird",09/06/2012 02:30,2.11284E+17,en,76,106,2012-06-09 02:30:00,2012-06-09,2012-06,2012,2,Saturday,"""@_Caitie_bug: @jtimberlake What the ef are you doing in the valley? #wrongsideofthehill"" Hangin out with REAL folk... #HollyWeird",t02133
barackobama,WATCH: President Obama discusses #CollegeOpportunity with students from across the country. http://t.co/nfa7wPavgW,17/03/2015 16:37,5.77871E+17,en,1178,602,2015-03-17 16:37:00,2015-03-17,2015-03,2015,16,Tuesday,WATCH: President Obama discusses #CollegeOpportunity with students from across the country. http://t.co/nfa7wPavgW,t02134
arianagrande,those nodes @jarvimac #shehashadit https://t.co/QcL97QpP59,26/06/2015 18:07,6.14495E+17,en,20185,9825,2015-06-26 18:07:00,2015-06-26,2015-06,2015,18,Friday,those nodes @jarvimac #shehashadit https://t.co/QcL97QpP59,t02135
ladygaga,Watch the conversation about kindness live here: https://t.co/1eLIMtjJYb @usmayors #CityofKindness,26/06/2016 15:37,7.47091E+17,en,4691,1800,2016-06-26 15:37:00,2016-06-26,2016-06,2016,15,Sunday,Watch the conversation about kindness live here: https://t.co/1eLIMtjJYb @usmayors #CityofKindness,t02136
jimmyfallon,"And tomorrow night, performing for the first time on late night TV in over 13 years, the one &amp; only @billyjoel!! #FallonTonight",19/03/2014 17:21,4.46336E+17,en,2266,783,2014-03-19 17:21:00,2014-03-19,2014-03,2014,17,Wednesday,"And tomorrow night, performing for the first time on late night TV in over 13 years, the one & only @billyjoel!! #FallonTonight",t02137
barackobama,Solar energy is heading toward a record-setting year for growth. Find out more: http://t.co/L72GR0YrCp,09/09/2015 17:29,6.41665E+17,en,1506,798,2015-09-09 17:29:00,2015-09-09,2015-09,2015,17,Wednesday,Solar energy is heading toward a record-setting year for growth. Find out more: http://t.co/L72GR0YrCp,t02138
cristiano,"@DwyaneWade . No. Watch. Learn, #raiseit Ronaldo style. I think I’ve got him, do you agree? 🍳… https://t.co/ug1MMdLsEe",11/01/2017 08:06,8.19093E+17,en,3261,1106,2017-01-11 08:06:00,2017-01-11,2017-01,2017,8,Wednesday,"@DwyaneWade . No. Watch. Learn, #raiseit Ronaldo style. I think I’ve got him, do you agree? 🍳… https://t.co/ug1MMdLsEe",t02139
taylorswift13,Thank you to Chef Jeanie at Ella's Fine Food and Drink for giving us the best and only cooking lesson… http://t.co/xDRdbUIlCL,11/08/2014 21:32,4.98945E+17,en,11787,7263,2014-08-11 21:32:00,2014-08-11,2014-08,2014,21,Monday,Thank you to Chef Jeanie at Ella's Fine Food and Drink for giving us the best and only cooking lesson… http://t.co/xDRdbUIlCL,t02140
shakira,Watch Shak perform The One Thing from her new album with Tess and Kristen on last night's @NBCTheVoice! http://t.co/A3WajLSQHs ShakHQ,30/04/2014 14:46,4.61517E+17,en,851,447,2014-04-30 14:46:00,2014-04-30,2014-04,2014,14,Wednesday,Watch Shak perform The One Thing from her new album with Tess and Kristen on last night's @NBCTheVoice! http://t.co/A3WajLSQHs ShakHQ,t02141
selenagomez,Exciting things to come!!! THANKS to this hot mama @carlynecerfdedudzeelle 😍 http://t.co/x8cXYKuvU1,15/12/2014 00:32,5.44289E+17,en,11302,7089,2014-12-15 00:32:00,2014-12-15,2014-12,2014,0,Monday,Exciting things to come!!! THANKS to this hot mama @carlynecerfdedudzeelle 😍 http://t.co/x8cXYKuvU1,t02142
jimmyfallon,"Tonight we're playing Charades with Scarlett Johansson &amp; @Drake, music from @Drake ft. Sampha and it's #ThankYouNoteFriday. Fun. #LateNight",13/09/2013 20:38,3.78619E+17,en,424,442,2013-09-13 20:38:00,2013-09-13,2013-09,2013,20,Friday,"Tonight we're playing Charades with Scarlett Johansson & @Drake, music from @Drake ft. Sampha and it's #ThankYouNoteFriday. Fun. #LateNight",t02143
barackobama,We need a fully functioning Supreme Court. Speak up if you agree it's time for a hearing and a vote: https://t.co/d6nmum1Ut7 #DoYourJob,30/09/2016 17:47,7.81913E+17,en,3329,938,2016-09-30 17:47:00,2016-09-30,2016-09,2016,17,Friday,We need a fully functioning Supreme Court. Speak up if you agree it's time for a hearing and a vote: https://t.co/d6nmum1Ut7 #DoYourJob,t02144
jtimberlake,"“@jimmyfallon: .@jtimberlake got any ideas? December 21st SNL” Do I?! Pshhh!! Ha! Man... No, not really.",21/11/2013 19:15,4.03603E+17,en,3429,1595,2013-11-21 19:15:00,2013-11-21,2013-11,2013,19,Thursday,"“@jimmyfallon: .@jtimberlake got any ideas? December 21st SNL” Do I?! Pshhh!! Ha! Man... No, not really.",t02145
theellenshow,"Happy #MCM #Shoop
https://t.co/bIA81Wj8JD",18/04/2016 18:03,7.22123E+17,en,4334,920,2016-04-18 18:03:00,2016-04-18,2016-04,2016,18,Monday,Happy #MCM #Shoop https://t.co/bIA81Wj8JD,t02146
justinbieber,Skrillex is the man. We made music to push things forward  https://t.co/cDJYVzjy4J,16/10/2015 19:42,6.55107E+17,en,22485,17782,2015-10-16 19:42:00,2015-10-16,2015-10,2015,19,Friday,Skrillex is the man. We made music to push things forward https://t.co/cDJYVzjy4J,t02147
theellenshow,Good thing they carved that pumpkin or they might have never found that baby. https://t.co/NAkjb8xQRH,31/10/2015 19:33,6.6054E+17,en,15419,8442,2015-10-31 19:33:00,2015-10-31,2015-10,2015,19,Saturday,Good thing they carved that pumpkin or they might have never found that baby. https://t.co/NAkjb8xQRH,t02148
cristiano,A message of hope to the children affected by the conflict in Syria. @SavetheChildren https://t.co/Zsdvu2nuXd,23/12/2016 14:01,8.12297E+17,en,70671,52607,2016-12-23 14:01:00,2016-12-23,2016-12,2016,14,Friday,A message of hope to the children affected by the conflict in Syria. @SavetheChildren https://t.co/Zsdvu2nuXd,t02149
twitter,Do you like the Tweet Button? Try out our Tweet Button Bookmarklet & share links from any page http://t.co/LhmlqBi,20/08/2010 19:42,21689954738,en,144,219,2010-08-20 19:42:00,2010-08-20,2010-08,2010,19,Friday,Do you like the Tweet Button? Try out our Tweet Button Bookmarklet & share links from any page http://t.co/LhmlqBi,t02150
rihanna,watch the full #SLEDGEHAMMERVIDEO from @StarTrekMovie on @VEVO and @TIDALHiFi! NOW! 🔨🖖⚓ https://t.co/lrPr0mEDoE,30/06/2016 19:31,7.486E+17,en,18919,7969,2016-06-30 19:31:00,2016-06-30,2016-06,2016,19,Thursday,watch the full #SLEDGEHAMMERVIDEO from @StarTrekMovie on @VEVO and @TIDALHiFi! NOW! 🔨🖖⚓ https://t.co/lrPr0mEDoE,t02151
taylorswift13,Times Square! http://t.co/ipk6GMxU,23/10/2012 12:03,2.60713E+17,en,8458,8487,2012-10-23 12:03:00,2012-10-23,2012-10,2012,12,Tuesday,Times Square! http://t.co/ipk6GMxU,t02152
instagram,.@Lupita_Nyongo might just have the best fan art on Instagram https://t.co/720J70TRbQ,09/09/2016 18:15,7.7431E+17,en,602,133,2016-09-09 18:15:00,2016-09-09,2016-09,2016,18,Friday,.@Lupita_Nyongo might just have the best fan art on Instagram https://t.co/720J70TRbQ,t02153
jtimberlake,"RT @cindylaregia So! Like... If you had a clock in your wrist like the one in the movie, like... how would you accessorize it? #InTime",29/10/2011 00:06,1.30073E+17,en,60,137,2011-10-29 00:06:00,2011-10-29,2011-10,2011,0,Saturday,"RT @cindylaregia So! Like... If you had a clock in your wrist like the one in the movie, like... how would you accessorize it? #InTime",t02154
taylorswift13,Philly... You look pretty :)  http://t.co/XHYzWiZ,07/08/2011 00:48,1.00005E+17,en,1453,3058,2011-08-07 00:48:00,2011-08-07,2011-08,2011,0,Sunday,Philly... You look pretty :) http://t.co/XHYzWiZ,t02155
ladygaga,POSITIVE I HAD THE BEST DATE O' THE NIGHT @karliekloss proud sitting next to a woman who is beautiful from the insi… https://t.co/XIVhGKl5Nc,21/11/2016 19:46,8.00787E+17,en,15113,3925,2016-11-21 19:46:00,2016-11-21,2016-11,2016,19,Monday,POSITIVE I HAD THE BEST DATE O' THE NIGHT @karliekloss proud sitting next to a woman who is beautiful from the insi… https://t.co/XIVhGKl5Nc,t02156
ddlovato,"#CONFIDENT deluxe album, t-shirt, necklace, tattoos &amp; MUGS...because ya know...I like mugs 😏 http://t.co/wsrLpvm3in http://t.co/TyXNYgk7pO",12/10/2015 23:05,6.53708E+17,en,13954,9548,2015-10-12 23:05:00,2015-10-12,2015-10,2015,23,Monday,"#CONFIDENT deluxe album, t-shirt, necklace, tattoos & MUGS...because ya know...I like mugs 😏 http://t.co/wsrLpvm3in http://t.co/TyXNYgk7pO",t02157
kimkardashian,MY PUSH PRESENT https://t.co/TZmH0Ma9mc https://t.co/NhwIfy5QWw,20/11/2015 22:22,6.6783E+17,en,7792,1615,2015-11-20 22:22:00,2015-11-20,2015-11,2015,22,Friday,MY PUSH PRESENT https://t.co/TZmH0Ma9mc https://t.co/NhwIfy5QWw,t02158
twitter,"Welcome to week 1, football fans! Make your Tweets a touchdown with new featured #Stickers all season long. https://t.co/z9XLjhgtd0",07/09/2016 23:10,7.7366E+17,en,1134,262,2016-09-07 23:10:00,2016-09-07,2016-09,2016,23,Wednesday,"Welcome to week 1, football fans! Make your Tweets a touchdown with new featured #Stickers all season long. https://t.co/z9XLjhgtd0",t02159
rihanna,Put this #cake in ya face! I made him lick all this icing off! Lol http://t.co/pkIrfbULbX,21/02/2013 15:10,3.04609E+17,en,1230,1893,2013-02-21 15:10:00,2013-02-21,2013-02,2013,15,Thursday,Put this #cake in ya face! I made him lick all this icing off! Lol http://t.co/pkIrfbULbX,t02160
jtimberlake,“@AshActually: Is @jtimberlake done snatching bitches bald? Is it safe to come out now?” Almost... Haha!,24/07/2013 01:54,3.59854E+17,en,409,259,2013-07-24 01:54:00,2013-07-24,2013-07,2013,1,Wednesday,“@AshActually: Is @jtimberlake done snatching bitches bald? Is it safe to come out now?” Almost... Haha!,t02161
taylorswift13,@9PHunter Thank you so much!!! So excited that you like it!,14/10/2014 04:12,5.21876E+17,en,3000,1610,2014-10-14 04:12:00,2014-10-14,2014-10,2014,4,Tuesday,@9PHunter Thank you so much!!! So excited that you like it!,t02162
twitter,"Amy Poehler will be answering questions about her book ""Yes Please"" live from @smrtgrls, Mon 10/27 at 1:15ET #AskAmy http://t.co/VzymzqBFYB",27/10/2014 00:43,5.26535E+17,en,618,774,2014-10-27 00:43:00,2014-10-27,2014-10,2014,0,Monday,"Amy Poehler will be answering questions about her book ""Yes Please"" live from @smrtgrls, Mon 10/27 at 1:15ET #AskAmy http://t.co/VzymzqBFYB",t02163
britneyspears,@_SpearsFan_ Excellent choice 😘 so glad you love it!!,11/08/2016 03:39,7.63581E+17,en,854,211,2016-08-11 03:39:00,2016-08-11,2016-08,2016,3,Thursday,@_SpearsFan_ Excellent choice 😘 so glad you love it!!,t02164
jtimberlake,See #iTunesFestival performance video http://t.co/Io8jrh5BpW &amp; photos http://t.co/ujh6FPgCZe! Get the album: http://t.co/iarqy8cOpW -teamJT,30/09/2013 23:09,3.84817E+17,en,769,775,2013-09-30 23:09:00,2013-09-30,2013-09,2013,23,Monday,See #iTunesFestival performance video http://t.co/Io8jrh5BpW & photos http://t.co/ujh6FPgCZe! Get the album: http://t.co/iarqy8cOpW -teamJT,t02165
theellenshow,Happy #ThrowbackThursday! #TBT http://t.co/VCRlbvSAtD,09/04/2015 22:35,5.86297E+17,en,9374,2094,2015-04-09 22:35:00,2015-04-09,2015-04,2015,22,Thursday,Happy #ThrowbackThursday! #TBT http://t.co/VCRlbvSAtD,t02166
ladygaga,"I love this arrangement so much. I Can't Give You Anything But Love. What a moment this is for me personally, I'm so grateful",25/10/2014 01:33,5.25822E+17,en,3157,1877,2014-10-25 01:33:00,2014-10-25,2014-10,2014,1,Saturday,"I love this arrangement so much. I Can't Give You Anything But Love. What a moment this is for me personally, I'm so grateful",t02167
barackobama,LIVE: President Obama is speaking about the economy. Tune in: http://t.co/vAbjtz2CL6,03/12/2014 16:34,5.40182E+17,en,658,342,2014-12-03 16:34:00,2014-12-03,2014-12,2014,16,Wednesday,LIVE: President Obama is speaking about the economy. Tune in: http://t.co/vAbjtz2CL6,t02168
taylorswift13,An inside look at our last #REDtour shows in the US featuring @LukeBryanOnline @HunterHayes @rascalflatts @edsheeran http://t.co/VVTdXLJ4MC,07/10/2013 21:06,3.87323E+17,en,8343,9006,2013-10-07 21:06:00,2013-10-07,2013-10,2013,21,Monday,An inside look at our last #REDtour shows in the US featuring @LukeBryanOnline @HunterHayes @rascalflatts @edsheeran http://t.co/VVTdXLJ4MC,t02169
rihanna,Employee of the month #professionalism http://t.co/bC1UwMgR,26/01/2013 05:16,2.95037E+17,en,888,1881,2013-01-26 05:16:00,2013-01-26,2013-01,2013,5,Saturday,Employee of the month #professionalism http://t.co/bC1UwMgR,t02170
barackobama,This is what's at stake for workers across the country if Congress votes no on expanding TAA: http://t.co/AdFNJVUny0,12/06/2015 15:40,6.09385E+17,en,981,395,2015-06-12 15:40:00,2015-06-12,2015-06,2015,15,Friday,This is what's at stake for workers across the country if Congress votes no on expanding TAA: http://t.co/AdFNJVUny0,t02171
kimkardashian,💡 Shot a tutorial today on strobing for http://t.co/M0m4mjqwvP with @makeupbymario 💡 http://t.co/SMWQx2MeUV,10/07/2015 22:53,6.19641E+17,en,7077,1532,2015-07-10 22:53:00,2015-07-10,2015-07,2015,22,Friday,💡 Shot a tutorial today on strobing for http://t.co/M0m4mjqwvP with @makeupbymario 💡 http://t.co/SMWQx2MeUV,t02172
arianagrande,ok i need to go to sleep / stop posting last week's snapchat pics sideways / upsidedown. 💜 sweet… https://t.co/uVpduqWYSr,12/06/2015 04:19,6.09213E+17,en,20556,10143,2015-06-12 04:19:00,2015-06-12,2015-06,2015,4,Friday,ok i need to go to sleep / stop posting last week's snapchat pics sideways / upsidedown. 💜 sweet… https://t.co/uVpduqWYSr,t02173
youtube,"Get ready to shake your 🍑 

Milo from #SingIt just dropped #SteakAndEggs! 🍳🍳🍳 https://t.co/0BZkOtEIcW https://t.co/ZYPw1InvGP",25/05/2016 20:25,7.35567E+17,en,1017,149,2016-05-25 20:25:00,2016-05-25,2016-05,2016,20,Wednesday,Get ready to shake your 🍑 Milo from #SingIt just dropped #SteakAndEggs! 🍳🍳🍳 https://t.co/0BZkOtEIcW https://t.co/ZYPw1InvGP,t02174
katyperry,TAP TAP. MAY I HAVE YOUR 👀!,03/04/2014 18:12,4.51784E+17,en,7594,4602,2014-04-03 18:12:00,2014-04-03,2014-04,2014,18,Thursday,TAP TAP. MAY I HAVE YOUR 👀!,t02175
rihanna,"Praying for all those who've been affected by acts of terror across the globe, most recent being in Brussels...Heart breaking! 🙏",22/03/2016 20:15,7.12372E+17,en,72521,32893,2016-03-22 20:15:00,2016-03-22,2016-03,2016,20,Tuesday,"Praying for all those who've been affected by acts of terror across the globe, most recent being in Brussels...Heart breaking! 🙏",t02176
barackobama,"Six months is long enough, senators. It's time to #DoYourJob and give Judge Garland a hearing. https://t.co/A2Yedmhuw6",16/09/2016 19:55,7.76872E+17,en,3054,937,2016-09-16 19:55:00,2016-09-16,2016-09,2016,19,Friday,"Six months is long enough, senators. It's time to #DoYourJob and give Judge Garland a hearing. https://t.co/A2Yedmhuw6",t02177
youtube,"“Now” — your favorite four-legged friend, describing when they want attention https://t.co/P0A4ueq1Hf https://t.co/eNAxyWFyNT",22/01/2017 22:30,8.23297E+17,en,1311,181,2017-01-22 22:30:00,2017-01-22,2017-01,2017,22,Sunday,"“Now” — your favorite four-legged friend, describing when they want attention https://t.co/P0A4ueq1Hf https://t.co/eNAxyWFyNT",t02178
cnnbrk,"Saturday's Powerball ticket worth $421M was sold in Lafayette, Tennessee -- the state's 2nd largest jackpot ever.… https://t.co/mM13vljbdP",27/11/2016 22:30,8.03003E+17,en,429,222,2016-11-27 22:30:00,2016-11-27,2016-11,2016,22,Sunday,"Saturday's Powerball ticket worth $421M was sold in Lafayette, Tennessee -- the state's 2nd largest jackpot ever.… https://t.co/mM13vljbdP",t02179
ddlovato,You're gonna want the early access for tickets... Trust me 😉 https://t.co/elUYA7xV0w #CONFIDENT https://t.co/FKucnr2uU0,21/10/2015 19:35,6.56917E+17,en,18851,11988,2015-10-21 19:35:00,2015-10-21,2015-10,2015,19,Wednesday,You're gonna want the early access for tickets... Trust me 😉 https://t.co/elUYA7xV0w #CONFIDENT https://t.co/FKucnr2uU0,t02180
ladygaga,Jazz Punk In my Gypsy Trunk #CheekToCheek http://t.co/OxPS9feNSM,20/08/2014 10:00,5.02033E+17,en,2857,1935,2014-08-20 10:00:00,2014-08-20,2014-08,2014,10,Wednesday,Jazz Punk In my Gypsy Trunk #CheekToCheek http://t.co/OxPS9feNSM,t02181
kimkardashian,Sexy http://t.co/UD0iqEWqpS,24/05/2015 19:26,6.02556E+17,en,13400,4052,2015-05-24 19:26:00,2015-05-24,2015-05,2015,19,Sunday,Sexy http://t.co/UD0iqEWqpS,t02182
jtimberlake,.@itsarealcapo Yeah... You're right. There's no election coming up or anything so that makes no sense... #thinkthentweet,09/05/2012 22:54,2.00358E+17,en,42,45,2012-05-09 22:54:00,2012-05-09,2012-05,2012,22,Wednesday,.@itsarealcapo Yeah... You're right. There's no election coming up or anything so that makes no sense... #thinkthentweet,t02183
arianagrande,thank you so much @wash_humane for letting us come spend the afternoon. met so many precious precious… https://t.co/zQ95gXTqsg,24/07/2015 21:15,6.24689E+17,en,16725,8612,2015-07-24 21:15:00,2015-07-24,2015-07,2015,21,Friday,thank you so much @wash_humane for letting us come spend the afternoon. met so many precious precious… https://t.co/zQ95gXTqsg,t02184
youtube,This is fine. https://t.co/rcCuwUC8Np https://t.co/2SesfjGvhh,29/09/2016 22:00,7.81615E+17,en,734,127,2016-09-29 22:00:00,2016-09-29,2016-09,2016,22,Thursday,This is fine. https://t.co/rcCuwUC8Np https://t.co/2SesfjGvhh,t02185
ladygaga,"""If you want to go fast, go alone. If you want to go far, go together.""
Cory Booker #StrongerTogether https://t.co/arL5rI97iU",26/07/2016 02:15,7.57761E+17,en,14667,4361,2016-07-26 02:15:00,2016-07-26,2016-07,2016,2,Tuesday,"""If you want to go fast, go alone. If you want to go far, go together."" Cory Booker #StrongerTogether https://t.co/arL5rI97iU",t02186
twitter,Friendship goals: look back at @JustinTrudeau's 🇨🇦 visit with @POTUS 🇺🇸 in 17 Tweets. https://t.co/biPgoBJgYS,11/03/2016 20:20,7.08387E+17,en,764,222,2016-03-11 20:20:00,2016-03-11,2016-03,2016,20,Friday,Friendship goals: look back at @JustinTrudeau's 🇨🇦 visit with @POTUS 🇺🇸 in 17 Tweets. https://t.co/biPgoBJgYS,t02187
kimkardashian,"A GIFT FOR SAINT, THANK YOU @Jaime_King!!! https://t.co/2lunMB1wg1 https://t.co/tpagflF7sS",11/12/2015 21:17,6.75424E+17,en,7016,911,2015-12-11 21:17:00,2015-12-11,2015-12,2015,21,Friday,"A GIFT FOR SAINT, THANK YOU @Jaime_King!!! https://t.co/2lunMB1wg1 https://t.co/tpagflF7sS",t02188
instagram,"Tonight, @KingBach is hosting the @streamys in LA. Watch our Instagram story to follow Bach on his big night! https://t.co/ngpAvrFLbN",05/10/2016 01:32,7.8348E+17,en,592,114,2016-10-05 01:32:00,2016-10-05,2016-10,2016,1,Wednesday,"Tonight, @KingBach is hosting the @streamys in LA. Watch our Instagram story to follow Bach on his big night! https://t.co/ngpAvrFLbN",t02189
shakira,http://t.co/1i4GAHqo - Happy New Year!,01/01/2012 06:15,1.53359E+17,en,471,698,2012-01-01 06:15:00,2012-01-01,2012-01,2012,6,Sunday,http://t.co/1i4GAHqo - Happy New Year!,t02190
instagram,Turning heads at the #KyDerby with @TheHatGirls 👒 https://t.co/my3ccxwzAN https://t.co/BCnUtiPjJN,07/05/2016 17:30,7.29E+17,en,1009,275,2016-05-07 17:30:00,2016-05-07,2016-05,2016,17,Saturday,Turning heads at the #KyDerby with @TheHatGirls 👒 https://t.co/my3ccxwzAN https://t.co/BCnUtiPjJN,t02191
ladygaga,ARTPOP = artistic revolution through the potential of pop https://t.co/bVxiYSKBxd,30/08/2015 20:53,6.38092E+17,en,8310,5546,2015-08-30 20:53:00,2015-08-30,2015-08,2015,20,Sunday,ARTPOP = artistic revolution through the potential of pop https://t.co/bVxiYSKBxd,t02192
jimmyfallon,I hope John Lennon would've liked that sketch. #ScrambledEggs #BestOfFallon,06/01/2014 03:25,4.20033E+17,en,1659,394,2014-01-06 03:25:00,2014-01-06,2014-01,2014,3,Monday,I hope John Lennon would've liked that sketch. #ScrambledEggs #BestOfFallon,t02193
theellenshow,Everyone’s excited for my season premiere. Some people might be a little too excited. Season 13 starts September 8th! http://t.co/oamcPocweg,19/08/2015 00:38,6.338E+17,en,3903,633,2015-08-19 00:38:00,2015-08-19,2015-08,2015,0,Wednesday,Everyone’s excited for my season premiere. Some people might be a little too excited. Season 13 starts September 8th! http://t.co/oamcPocweg,t02194
youtube,Well this is something … https://t.co/Y4x7SOFil7 https://t.co/ErwPRcwPgs,30/03/2016 00:00,7.14965E+17,en,792,79,2016-03-30 00:00:00,2016-03-30,2016-03,2016,0,Wednesday,Well this is something … https://t.co/Y4x7SOFil7 https://t.co/ErwPRcwPgs,t02195
taylorswift13,Today was the Billboard Women in Music event in NYC. So cool. http://t.co/lGYOqJUg,03/12/2011 06:04,1.42847E+17,en,1844,4217,2011-12-03 06:04:00,2011-12-03,2011-12,2011,6,Saturday,Today was the Billboard Women in Music event in NYC. So cool. http://t.co/lGYOqJUg,t02196
cnnbrk,Dutch investigators: MH17 downed in 2014 by missile brought from Russian territory into pro-Russian area of Ukraine… https://t.co/WQtCtYYr3C,28/09/2016 11:44,7.81097E+17,en,380,529,2016-09-28 11:44:00,2016-09-28,2016-09,2016,11,Wednesday,Dutch investigators: MH17 downed in 2014 by missile brought from Russian territory into pro-Russian area of Ukraine… https://t.co/WQtCtYYr3C,t02197
jimmyfallon,"Tonight: Playing ""Box of Lies"" w/Vince Vaughn, @RyanSeacrest is here + music from @deadandcompany! #DeadAndCompanyFallon #FallonTonightLA",18/02/2016 16:24,7.00355E+17,en,1808,323,2016-02-18 16:24:00,2016-02-18,2016-02,2016,16,Thursday,"Tonight: Playing ""Box of Lies"" w/Vince Vaughn, @RyanSeacrest is here + music from @deadandcompany! #DeadAndCompanyFallon #FallonTonightLA",t02198
katyperry,"BIGGEST Happy birthday to my FAVORITE pop star, ADDY! LOVED your music video! You're an inspiration 🎤 @MakeAWish 🎂🎁🎉",11/05/2014 00:19,4.65285E+17,en,7794,4289,2014-05-11 00:19:00,2014-05-11,2014-05,2014,0,Sunday,"BIGGEST Happy birthday to my FAVORITE pop star, ADDY! LOVED your music video! You're an inspiration 🎤 @MakeAWish 🎂🎁🎉",t02199
barackobama,DEADLINE: Tonight. Time to make your move—chip in now. http://t.co/AjKnE79V5V http://t.co/fwz6HYAmqw,30/09/2015 23:26,6.49365E+17,en,1923,609,2015-09-30 23:26:00,2015-09-30,2015-09,2015,23,Wednesday,DEADLINE: Tonight. Time to make your move—chip in now. http://t.co/AjKnE79V5V http://t.co/fwz6HYAmqw,t02200
arianagrande,happy feb ♡,01/02/2016 19:20,6.94239E+17,en,45937,25227,2016-02-01 19:20:00,2016-02-01,2016-02,2016,19,Monday,happy feb ♡,t02201
ladygaga,"Manchester To London, my favorite drive, and with my sister. MISTRESSES OF MAYHEM IN THE UK LOOSE http://t.co/axYUBxhJ5k",22/10/2014 01:14,5.24731E+17,en,3116,1983,2014-10-22 01:14:00,2014-10-22,2014-10,2014,1,Wednesday,"Manchester To London, my favorite drive, and with my sister. MISTRESSES OF MAYHEM IN THE UK LOOSE http://t.co/axYUBxhJ5k",t02202
theellenshow,What did Delaware? Her New Jersey. #ClassicJokeFriday,10/04/2015 22:24,5.86656E+17,en,5911,2519,2015-04-10 22:24:00,2015-04-10,2015-04,2015,22,Friday,What did Delaware? Her New Jersey. #ClassicJokeFriday,t02203
cnnbrk,"Bombing suspect first ID'd using fingerprint and cell phone on device, official says. Watch: https://t.co/HAhU3MmiMf https://t.co/Y8kenL0zPW",19/09/2016 16:26,7.77907E+17,en,744,448,2016-09-19 16:26:00,2016-09-19,2016-09,2016,16,Monday,"Bombing suspect first ID'd using fingerprint and cell phone on device, official says. Watch: https://t.co/HAhU3MmiMf https://t.co/Y8kenL0zPW",t02204
katyperry,Tickets are available for everyone now! #WeCanSurvive http://t.co/PtQMylmtE6,27/09/2013 17:01,3.83637E+17,en,1922,2415,2013-09-27 17:01:00,2013-09-27,2013-09,2013,17,Friday,Tickets are available for everyone now! #WeCanSurvive http://t.co/PtQMylmtE6,t02205
ddlovato,Short!! #AskDemi https://t.co/xSdAJ3ZDKE,09/11/2015 12:17,6.63692E+17,en,8106,4431,2015-11-09 12:17:00,2015-11-09,2015-11,2015,12,Monday,Short!! #AskDemi https://t.co/xSdAJ3ZDKE,t02206
britneyspears,"Thx for all the wonderful birthday wishes today, everyone! And of course thank u to these 2 cuties for theirs 😍 http://t.co/opA9ACrCCV",02/12/2014 22:16,5.39906E+17,en,7436,3833,2014-12-02 22:16:00,2014-12-02,2014-12,2014,22,Tuesday,"Thx for all the wonderful birthday wishes today, everyone! And of course thank u to these 2 cuties for theirs 😍 http://t.co/opA9ACrCCV",t02207
ladygaga,"I love my fans! that's some monster talent, and a killer vibe u built over the music https://t.co/zuDnQG5cjJ",23/09/2016 16:49,7.79362E+17,en,12433,4488,2016-09-23 16:49:00,2016-09-23,2016-09,2016,16,Friday,"I love my fans! that's some monster talent, and a killer vibe u built over the music https://t.co/zuDnQG5cjJ",t02208
ladygaga,"Love this 🎤💋✌️️⚡️ “Lady Gaga's discography” by @austriamonster

https://t.co/F0GIcEcXOu",19/12/2016 05:56,8.10726E+17,en,9279,3475,2016-12-19 05:56:00,2016-12-19,2016-12,2016,5,Monday,Love this 🎤💋✌️️⚡️ “Lady Gaga's discography” by @austriamonster https://t.co/F0GIcEcXOu,t02209
rihanna,This nug look like a skull or am I just....? http://t.co/NtZditvo,03/01/2013 06:35,2.86722E+17,en,1221,1512,2013-01-03 06:35:00,2013-01-03,2013-01,2013,6,Thursday,This nug look like a skull or am I just....? http://t.co/NtZditvo,t02210
ddlovato,"BTS from the #Confident #musicvideoset!! 🎥 Go follow @devonnebydemi on Instagram, I'm taking over!! http://t.co/In0TkJ1FGv",25/09/2015 15:50,6.47438E+17,en,22282,13513,2015-09-25 15:50:00,2015-09-25,2015-09,2015,15,Friday,"BTS from the #Confident #musicvideoset!! 🎥 Go follow @devonnebydemi on Instagram, I'm taking over!! http://t.co/In0TkJ1FGv",t02211
instagram,Looking back on a legendary career with @davidortiz ⚾️ https://t.co/dMJFw2ypbt,29/09/2016 22:30,7.81622E+17,en,578,104,2016-09-29 22:30:00,2016-09-29,2016-09,2016,22,Thursday,Looking back on a legendary career with @davidortiz ⚾️ https://t.co/dMJFw2ypbt,t02212
rihanna,#Macau you were wonderful!!!! Thank you so much!!,14/09/2013 22:42,3.79012E+17,en,1236,1288,2013-09-14 22:42:00,2013-09-14,2013-09,2013,22,Saturday,#Macau you were wonderful!!!! Thank you so much!!,t02213
jtimberlake,How long does it take you guys/girls to get going in the new year after the holidays??? I think I still have a sugar hangover from Christmas,05/01/2013 07:47,2.87465E+17,en,744,815,2013-01-05 07:47:00,2013-01-05,2013-01,2013,7,Saturday,How long does it take you guys/girls to get going in the new year after the holidays??? I think I still have a sugar hangover from Christmas,t02214
theellenshow,Happy Almost-Half-Way-Through-Cat-Week. https://t.co/CwdpNC9vaQ,27/09/2016 23:24,7.80911E+17,en,5870,873,2016-09-27 23:24:00,2016-09-27,2016-09,2016,23,Tuesday,Happy Almost-Half-Way-Through-Cat-Week. https://t.co/CwdpNC9vaQ,t02215
ladygaga,"LADY GAGA / PERFECT ILLUSION
NEW SINGLE
SEPT 9 https://t.co/Q8YsNUSj7H",06/09/2016 22:53,7.73293E+17,en,65823,38289,2016-09-06 22:53:00,2016-09-06,2016-09,2016,22,Tuesday,LADY GAGA / PERFECT ILLUSION NEW SINGLE SEPT 9 https://t.co/Q8YsNUSj7H,t02216
jimmyfallon,"Tonight: @aplusk, @IssaRae, music from @NorahJones, and new @NFL Superlatives! #FallonTonight",05/10/2016 13:05,7.83654E+17,en,1052,163,2016-10-05 13:05:00,2016-10-05,2016-10,2016,13,Wednesday,"Tonight: @aplusk, @IssaRae, music from @NorahJones, and new @NFL Superlatives! #FallonTonight",t02217
selenagomez,@HeyThereDelena I just want to make a great album that is unexpected and makes people feel good.,29/09/2012 17:33,2.52099E+17,en,685,1315,2012-09-29 17:33:00,2012-09-29,2012-09,2012,17,Saturday,@HeyThereDelena I just want to make a great album that is unexpected and makes people feel good.,t02218
katyperry,MY bag. “@MDMOLINARI: I had a feeling when I lost my #KarlLagerfeld bag it would come back tah meh...It has!!! 🙏🙈🙊😭 http://t.co/NdqJikgKzJ”,18/06/2013 21:06,3.47098E+17,en,1200,1724,2013-06-18 21:06:00,2013-06-18,2013-06,2013,21,Tuesday,MY bag. “@MDMOLINARI: I had a feeling when I lost my #KarlLagerfeld bag it would come back tah meh...It has!!! 🙏🙈🙊😭 http://t.co/NdqJikgKzJ”,t02219
selenagomez,I just want to release the album already.. I'm ready for people to know who I am NOW.,25/08/2015 01:56,6.35994E+17,en,40211,24978,2015-08-25 01:56:00,2015-08-25,2015-08,2015,1,Tuesday,I just want to release the album already.. I'm ready for people to know who I am NOW.,t02220
theellenshow,Happy #MeanGirls Day! https://t.co/h2wTN2CUip,03/10/2016 18:57,7.83018E+17,en,16016,5723,2016-10-03 18:57:00,2016-10-03,2016-10,2016,18,Monday,Happy #MeanGirls Day! https://t.co/h2wTN2CUip,t02221
theellenshow,"Have you seen the Whale Word on my show? If you did, you could win a whale of a prize from Mattress Firm! https://t.co/er9yqfNG4c",20/06/2016 22:52,7.45027E+17,en,1656,218,2016-06-20 22:52:00,2016-06-20,2016-06,2016,22,Monday,"Have you seen the Whale Word on my show? If you did, you could win a whale of a prize from Mattress Firm! https://t.co/er9yqfNG4c",t02222
ladygaga,"Cover 10/16 Gaga Shot by Chadwick Tyler. Live acting inside shoot w/ @AHSFX cast, story by James Franco and myself. https://t.co/SUIzblKoYK",07/01/2016 18:01,6.85159E+17,en,8598,4496,2016-01-07 18:01:00,2016-01-07,2016-01,2016,18,Thursday,"Cover 10/16 Gaga Shot by Chadwick Tyler. Live acting inside shoot w/ @AHSFX cast, story by James Franco and myself. https://t.co/SUIzblKoYK",t02223
theellenshow,Do you like me? Do you like elephants? Watch this. https://t.co/LgzBPnHMEU,01/02/2016 19:33,6.94242E+17,en,2566,518,2016-02-01 19:33:00,2016-02-01,2016-02,2016,19,Monday,Do you like me? Do you like elephants? Watch this. https://t.co/LgzBPnHMEU,t02224
selenagomez,Cutiessss :) http://twitpic.com/63ph7e,10/08/2011 02:28,1.01118E+17,en,1421,3277,2011-08-10 02:28:00,2011-08-10,2011-08,2011,2,Wednesday,Cutiessss :) http://twitpic.com/63ph7e,t02225
twitter,We've partnered with NBC to bring US fans closer than ever to the Olympic games. Visit http://t.co/3nZ0JOSy; read more http://t.co/1DChLWLR,27/07/2012 02:09,2.28673E+17,en,212,429,2012-07-27 02:09:00,2012-07-27,2012-07,2012,2,Friday,We've partnered with NBC to bring US fans closer than ever to the Olympic games. Visit http://t.co/3nZ0JOSy; read more http://t.co/1DChLWLR,t02226
katyperry,EMPATHY ADDICTS cc: @sofifii,30/11/2014 05:23,5.38926E+17,en,6925,3138,2014-11-30 05:23:00,2014-11-30,2014-11,2014,5,Sunday,EMPATHY ADDICTS cc: @sofifii,t02227
britneyspears,.@AmericanExpress Card Members! Tix to the next round of my @phvegas #PieceOfMe dates are now available for YOU :) http://t.co/Weti0mHf9n,13/05/2014 17:01,4.66262E+17,en,1917,1224,2014-05-13 17:01:00,2014-05-13,2014-05,2014,17,Tuesday,.@AmericanExpress Card Members! Tix to the next round of my @phvegas #PieceOfMe dates are now available for YOU :) http://t.co/Weti0mHf9n,t02228
justinbieber,Getting ready for #PurposeTour,06/03/2016 00:14,7.06272E+17,en,135364,90839,2016-03-06 00:14:00,2016-03-06,2016-03,2016,0,Sunday,Getting ready for #PurposeTour,t02229
ddlovato,"Thank you for all the support on #CONFIDENT!!! I love you guys soooo much!!!!! ❤️❤️❤️ https://t.co/KwOryUceRi
https://t.co/dPxndOIY2h",20/10/2015 17:32,6.56523E+17,en,17662,14368,2015-10-20 17:32:00,2015-10-20,2015-10,2015,17,Tuesday,Thank you for all the support on #CONFIDENT!!! I love you guys soooo much!!!!! ❤️❤️❤️ https://t.co/KwOryUceRi https://t.co/dPxndOIY2h,t02230
britneyspears,@BritSpearsFan43 Good luck! I believe in ya xo,07/01/2014 06:37,4.20444E+17,en,320,177,2014-01-07 06:37:00,2014-01-07,2014-01,2014,6,Tuesday,@BritSpearsFan43 Good luck! I believe in ya xo,t02231
kimkardashian,Merry Christmas everybody! Good night! https://t.co/rzCzunMPQN,26/12/2015 06:37,6.80639E+17,en,56926,14789,2015-12-26 06:37:00,2015-12-26,2015-12,2015,6,Saturday,Merry Christmas everybody! Good night! https://t.co/rzCzunMPQN,t02232
barackobama,ICYMI: The United States has made a groundbreaking deal with China on cutting carbon pollution. http://t.co/LysW4fCkBY #ActOnClimate,13/11/2014 16:45,5.32937E+17,en,1013,504,2014-11-13 16:45:00,2014-11-13,2014-11,2014,16,Thursday,ICYMI: The United States has made a groundbreaking deal with China on cutting carbon pollution. http://t.co/LysW4fCkBY #ActOnClimate,t02233
selenagomez,"Selena is @postcarding. ""Australia was magical."" http://t.co/2rB2WuMm",19/07/2012 05:50,2.2583E+17,en,3269,6229,2012-07-19 05:50:00,2012-07-19,2012-07,2012,5,Thursday,"Selena is @postcarding. ""Australia was magical."" http://t.co/2rB2WuMm",t02234
kimkardashian,ARMY GREEN VIBES https://t.co/ojM5M1PZnb https://t.co/fDtkZCxSMg,29/05/2016 17:30,7.36973E+17,en,5800,1044,2016-05-29 17:30:00,2016-05-29,2016-05,2016,17,Sunday,ARMY GREEN VIBES https://t.co/ojM5M1PZnb https://t.co/fDtkZCxSMg,t02235
selenagomez,@TheRealGrimmie  have a great show in LA.  Christina is performing at LA Live today if your in LA go check her out.,07/09/2011 17:22,1.1149E+17,en,566,1827,2011-09-07 17:22:00,2011-09-07,2011-09,2011,17,Wednesday,@TheRealGrimmie have a great show in LA. Christina is performing at LA Live today if your in LA go check her out.,t02236
jtimberlake,"Always reading, but #howdoutweetlove? RT @NsyncGirl: @jtimberlake I hope that you're reading our tweets! Show us love the way we show you.",28/06/2010 22:56,17286089600,en,41,105,2010-06-28 22:56:00,2010-06-28,2010-06,2010,22,Monday,"Always reading, but #howdoutweetlove? RT @NsyncGirl: @jtimberlake I hope that you're reading our tweets! Show us love the way we show you.",t02237
kimkardashian,I love this! Xoxo https://t.co/m7lfZ7aJOv,16/04/2016 15:22,7.21358E+17,en,7517,940,2016-04-16 15:22:00,2016-04-16,2016-04,2016,15,Saturday,I love this! Xoxo https://t.co/m7lfZ7aJOv,t02238
kimkardashian,This is going to be soooo fucking hard but I can do it and I can't wait to share it all with you! #BeastMode #WhosWithMe ?!?!?!,19/01/2016 20:12,6.89541E+17,en,8619,1430,2016-01-19 20:12:00,2016-01-19,2016-01,2016,20,Tuesday,This is going to be soooo fucking hard but I can do it and I can't wait to share it all with you! #BeastMode #WhosWithMe ?!?!?!,t02239
theellenshow,How are you with crate training? #EllenQandA  https://t.co/gTU9QDzqpi,27/01/2016 00:03,6.92136E+17,en,1620,181,2016-01-27 00:03:00,2016-01-27,2016-01,2016,0,Wednesday,How are you with crate training? #EllenQandA https://t.co/gTU9QDzqpi,t02240
katyperry,@katherynsgod not you but I love this feature cc @instagram,10/09/2016 21:09,7.74717E+17,en,2208,609,2016-09-10 21:09:00,2016-09-10,2016-09,2016,21,Saturday,@katherynsgod not you but I love this feature cc @instagram,t02241
taylorswift13,Dallas. Thank you for a memory I'll replay in my mind on rainy days. http://t.co/RGhV4NTpzK,27/05/2013 04:05,3.38869E+17,en,15757,11086,2013-05-27 04:05:00,2013-05-27,2013-05,2013,4,Monday,Dallas. Thank you for a memory I'll replay in my mind on rainy days. http://t.co/RGhV4NTpzK,t02242
ddlovato,“@xtina: .@ddlovato work it girl 🎶💪❤️” #fangirling 😱😍❤️!!!,08/02/2015 11:05,5.64379E+17,en,17279,11342,2015-02-08 11:05:00,2015-02-08,2015-02,2015,11,Sunday,“@xtina: .@ddlovato work it girl 🎶💪❤️” #fangirling 😱😍❤️!!!,t02243
kimkardashian,Thank you @riccardotisci17 LOVE this @givenchyofficial couture gown for the Harper's Party! https://t.co/iVrQG3utAk,15/09/2016 04:49,7.76282E+17,en,8359,1300,2016-09-15 04:49:00,2016-09-15,2016-09,2016,4,Thursday,Thank you @riccardotisci17 LOVE this @givenchyofficial couture gown for the Harper's Party! https://t.co/iVrQG3utAk,t02244
taylorswift13,"Drew this on @caitlinbird's shoulder for our 2nd St Louis show. PS, this crowd sounds loud. Excited. http://t.co/Y06lwFr",15/08/2011 00:51,1.02905E+17,en,1065,1898,2011-08-15 00:51:00,2011-08-15,2011-08,2011,0,Monday,"Drew this on @caitlinbird's shoulder for our 2nd St Louis show. PS, this crowd sounds loud. Excited. http://t.co/Y06lwFr",t02245
theellenshow,This morning I had a bran muffin. It may have been blueberry. It was like a blueberry muffin without berries. &amp; a glaze. It was a cupcake.,12/05/2015 17:54,5.98184E+17,en,8108,2417,2015-05-12 17:54:00,2015-05-12,2015-05,2015,17,Tuesday,This morning I had a bran muffin. It may have been blueberry. It was like a blueberry muffin without berries. & a glaze. It was a cupcake.,t02246
katyperry,Yo @ActuallyNPH will you teach me some of your mic moves. Imma tryin to use those on my world tour bro #🎤,27/04/2014 04:27,4.60274E+17,en,6556,3211,2014-04-27 04:27:00,2014-04-27,2014-04,2014,4,Sunday,Yo @ActuallyNPH will you teach me some of your mic moves. Imma tryin to use those on my world tour bro #🎤,t02247
cnnbrk,"9 people arrested in connection to incident at Chinese power plant that killed 74 last week, state news agency says. https://t.co/j4jEdm8sxV",28/11/2016 04:20,8.03091E+17,en,311,209,2016-11-28 04:20:00,2016-11-28,2016-11,2016,4,Monday,"9 people arrested in connection to incident at Chinese power plant that killed 74 last week, state news agency says. https://t.co/j4jEdm8sxV",t02248
jimmyfallon,"Tonight: Amy Adams, @Nick_Offerman, and @foofighters are all here! Plus your funniest #ChristmasFail tweets! #FallonTonight",18/12/2014 16:06,5.45611E+17,en,1297,280,2014-12-18 16:06:00,2014-12-18,2014-12,2014,16,Thursday,"Tonight: Amy Adams, @Nick_Offerman, and @foofighters are all here! Plus your funniest #ChristmasFail tweets! #FallonTonight",t02249
cnnbrk,"Baton Rouge cop killer Gavin Long suffered from PTSD, a source involved in investigation told CNN’s Chris Cuomo.  https://t.co/utpfQwHV8W",20/07/2016 10:34,7.55713E+17,en,289,311,2016-07-20 10:34:00,2016-07-20,2016-07,2016,10,Wednesday,"Baton Rouge cop killer Gavin Long suffered from PTSD, a source involved in investigation told CNN’s Chris Cuomo. https://t.co/utpfQwHV8W",t02250
justinbieber,Thanks @iHeartRadio. See u at the #iHeartAwards https://t.co/B4z5rckdvx https://t.co/guhfYTWN6o,12/02/2016 20:22,6.98241E+17,en,76731,44436,2016-02-12 20:22:00,2016-02-12,2016-02,2016,20,Friday,Thanks @iHeartRadio. See u at the #iHeartAwards https://t.co/B4z5rckdvx https://t.co/guhfYTWN6o,t02251
jimmyfallon,“@timadamsphilly: would this beat your secret service coin? Will it at least get me in the same bar!! http://t.co/42YBC9dDKb” it’s cool,12/11/2013 05:54,4.0014E+17,en,336,70,2013-11-12 05:54:00,2013-11-12,2013-11,2013,5,Tuesday,“@timadamsphilly: would this beat your secret service coin? Will it at least get me in the same bar!! http://t.co/42YBC9dDKb” it’s cool,t02252
theellenshow,"I knew ""50 Shades Darker"" would be sexy. I had no idea it would be this sexy. https://t.co/KhsMJ33hsv",14/12/2016 20:58,8.09141E+17,en,8707,2283,2016-12-14 20:58:00,2016-12-14,2016-12,2016,20,Wednesday,"I knew ""50 Shades Darker"" would be sexy. I had no idea it would be this sexy. https://t.co/KhsMJ33hsv",t02253
shakira,Shakira to help present the @MovimientoALAS - IDB Awards in Colombia on Thursday. http://t.co/QWINVwBN ShakiraHQ,09/04/2012 19:43,1.89438E+17,en,104,179,2012-04-09 19:43:00,2012-04-09,2012-04,2012,19,Monday,Shakira to help present the @MovimientoALAS - IDB Awards in Colombia on Thursday. http://t.co/QWINVwBN ShakiraHQ,t02254
kimkardashian,GIVENCHY BTS http://t.co/qyHQnPkLBX http://t.co/ANuiNfqtS9,21/09/2015 21:21,6.46072E+17,en,3275,723,2015-09-21 21:21:00,2015-09-21,2015-09,2015,21,Monday,GIVENCHY BTS http://t.co/qyHQnPkLBX http://t.co/ANuiNfqtS9,t02255
britneyspears,I heard Happy Birthday Blackout was trending earlier... thank u all for loving the album as much as I do. Blackout 2.0?,27/10/2012 03:11,2.62029E+17,en,7075,8336,2012-10-27 03:11:00,2012-10-27,2012-10,2012,3,Saturday,I heard Happy Birthday Blackout was trending earlier... thank u all for loving the album as much as I do. Blackout 2.0?,t02256
britneyspears,@simoncurtis Wait! Actually Kiwi Strawberry #PrettyGirlTalk,15/05/2015 22:06,5.99335E+17,en,742,309,2015-05-15 22:06:00,2015-05-15,2015-05,2015,22,Friday,@simoncurtis Wait! Actually Kiwi Strawberry #PrettyGirlTalk,t02257
ladygaga,The Countess here. https://t.co/82382DwJlI,10/08/2015 02:07,6.30561E+17,en,5245,3279,2015-08-10 02:07:00,2015-08-10,2015-08,2015,2,Monday,The Countess here. https://t.co/82382DwJlI,t02258
cnnbrk,Turkish official ID'd suspect in Russian envoy's killing as police officer; he didn't say if officer was off duty.… https://t.co/wd6T68qTM0,19/12/2016 23:29,8.1099E+17,en,224,262,2016-12-19 23:29:00,2016-12-19,2016-12,2016,23,Monday,Turkish official ID'd suspect in Russian envoy's killing as police officer; he didn't say if officer was off duty.… https://t.co/wd6T68qTM0,t02259
instagram,Making nails happen anywhere (and everywhere) with @MarianNewman https://t.co/hwfsTWon4e,21/09/2016 17:30,7.78648E+17,en,651,101,2016-09-21 17:30:00,2016-09-21,2016-09,2016,17,Wednesday,Making nails happen anywhere (and everywhere) with @MarianNewman https://t.co/hwfsTWon4e,t02260
arianagrande,I really love you I really love you,19/07/2015 04:00,6.22617E+17,en,44480,32586,2015-07-19 04:00:00,2015-07-19,2015-07,2015,4,Sunday,I really love you I really love you,t02261
theellenshow,Who wants to go on a road trip in a brand new #ChevyMalibu? https://t.co/yWoYCmk9Dv,12/01/2016 20:47,6.87013E+17,en,3778,484,2016-01-12 20:47:00,2016-01-12,2016-01,2016,20,Tuesday,Who wants to go on a road trip in a brand new #ChevyMalibu? https://t.co/yWoYCmk9Dv,t02262
justinbieber,@CHVRCHES great job,23/09/2015 20:23,6.46782E+17,en,20899,15437,2015-09-23 20:23:00,2015-09-23,2015-09,2015,20,Wednesday,@CHVRCHES great job,t02263
britneyspears,@jdjhernandez Work Bitch!,16/09/2013 05:14,3.79473E+17,en,206,171,2013-09-16 05:14:00,2013-09-16,2013-09,2013,5,Monday,@jdjhernandez Work Bitch!,t02264
cristiano,Introducing MTG Sixpad in China. http://t.co/JLkIKZ1WD8,09/07/2015 14:43,6.19155E+17,en,11995,4282,2015-07-09 14:43:00,2015-07-09,2015-07,2015,14,Thursday,Introducing MTG Sixpad in China. http://t.co/JLkIKZ1WD8,t02265
jtimberlake,Don't eat yellow snow. #askjt,19/07/2011 22:51,9.34531E+16,en,122,338,2011-07-19 22:51:00,2011-07-19,2011-07,2011,22,Tuesday,Don't eat yellow snow. #askjt,t02266
britneyspears,@CastilloAngel17 thank YOU for helping!,23/08/2016 22:09,7.68209E+17,en,454,97,2016-08-23 22:09:00,2016-08-23,2016-08,2016,22,Tuesday,@CastilloAngel17 thank YOU for helping!,t02267
taylorswift13,The view. @ellebelle37 http://t.co/5ue0mPC1z3,02/12/2013 11:12,4.07467E+17,en,5578,4148,2013-12-02 11:12:00,2013-12-02,2013-12,2013,11,Monday,The view. @ellebelle37 http://t.co/5ue0mPC1z3,t02268
instagram,TFW you propose and she doesn't respond right away...(via @ABC7)https://t.co/43AceBJ5Zv,14/02/2016 20:20,6.98965E+17,en,989,185,2016-02-14 20:20:00,2016-02-14,2016-02,2016,20,Sunday,TFW you propose and she doesn't respond right away...(via @ABC7)https://t.co/43AceBJ5Zv,t02269
arianagrande,lowkey creeping on your account rn. I love you.  https://t.co/qLcICZyzit,17/07/2015 07:02,6.21938E+17,en,19486,8698,2015-07-17 07:02:00,2015-07-17,2015-07,2015,7,Friday,lowkey creeping on your account rn. I love you. https://t.co/qLcICZyzit,t02270
selenagomez,"My love @comeagainjen 
We LOVE you all!!  http://plixi.com/p/50838845",15/10/2010 20:17,27474779731,en,296,892,2010-10-15 20:17:00,2010-10-15,2010-10,2010,20,Friday,My love @comeagainjen We LOVE you all!! http://plixi.com/p/50838845,t02271
katyperry,Oh hay 🍁Vancouver🍁 I brought you @teganandsara today in REAL LIFE 3D. SO DON'T BE LATE! #ThePrismaticWorldTour,10/09/2014 01:30,5.09514E+17,en,7496,3457,2014-09-10 01:30:00,2014-09-10,2014-09,2014,1,Wednesday,Oh hay 🍁Vancouver🍁 I brought you @teganandsara today in REAL LIFE 3D. SO DON'T BE LATE! #ThePrismaticWorldTour,t02272
youtube,"The @EpicMealTime boys get that syrup in ‘em, they get all ansty in the pansty. https://t.co/g8tT31l9V4 #PancakeDay https://t.co/yLdSfMN2xX",09/02/2016 21:35,6.97172E+17,en,1153,166,2016-02-09 21:35:00,2016-02-09,2016-02,2016,21,Tuesday,"The @EpicMealTime boys get that syrup in ‘em, they get all ansty in the pansty. https://t.co/g8tT31l9V4 #PancakeDay https://t.co/yLdSfMN2xX",t02273
cnnbrk,"Melania Trump: ""The words my husband used are unacceptable and offensive to me."" https://t.co/YgOFyrtL2L https://t.co/8rbnXSMDPr",08/10/2016 19:16,7.84835E+17,en,2825,2024,2016-10-08 19:16:00,2016-10-08,2016-10,2016,19,Saturday,"Melania Trump: ""The words my husband used are unacceptable and offensive to me."" https://t.co/YgOFyrtL2L https://t.co/8rbnXSMDPr",t02274
instagram,Juggling a full-time job (literally) with @JugglinJosh https://t.co/zgRUD3Zfa8,18/06/2016 17:30,7.44221E+17,en,667,140,2016-06-18 17:30:00,2016-06-18,2016-06,2016,17,Saturday,Juggling a full-time job (literally) with @JugglinJosh https://t.co/zgRUD3Zfa8,t02275
arianagrande,love you  https://t.co/ZjGldfEwQW,24/05/2016 02:21,7.34932E+17,en,16379,4704,2016-05-24 02:21:00,2016-05-24,2016-05,2016,2,Tuesday,love you https://t.co/ZjGldfEwQW,t02276
kimkardashian,this was my fave part! https://t.co/3CzbnYS09V,08/08/2016 01:18,7.62458E+17,en,2559,376,2016-08-08 01:18:00,2016-08-08,2016-08,2016,1,Monday,this was my fave part! https://t.co/3CzbnYS09V,t02277
ladygaga,Resource 4 Cancer Community.  Help &amp; learn from others' stories/medical records/doctors in real time on CANCERBASE: https://t.co/frt8tkpQGq,29/06/2016 20:32,7.48253E+17,en,5964,2302,2016-06-29 20:32:00,2016-06-29,2016-06,2016,20,Wednesday,Resource 4 Cancer Community. Help & learn from others' stories/medical records/doctors in real time on CANCERBASE: https://t.co/frt8tkpQGq,t02278
jimmyfallon,Billy Joel's birthday at MSG last night. #funtimes http://t.co/McvzZKpHYl,10/05/2014 15:21,4.6515E+17,en,4891,1073,2014-05-10 15:21:00,2014-05-10,2014-05,2014,15,Saturday,Billy Joel's birthday at MSG last night. #funtimes http://t.co/McvzZKpHYl,t02279
youtube,@KurtHSchneider A creator’s work is never done!,05/12/2016 21:29,8.05887E+17,en,28,5,2016-12-05 21:29:00,2016-12-05,2016-12,2016,21,Monday,@KurtHSchneider A creator’s work is never done!,t02280
selenagomez,Thank you for all the people that came out to the NY screening of Ramona! I wish I could have stayed longer! Love you guys!!!!,20/07/2010 18:19,19013192292,en,261,721,2010-07-20 18:19:00,2010-07-20,2010-07,2010,18,Tuesday,Thank you for all the people that came out to the NY screening of Ramona! I wish I could have stayed longer! Love you guys!!!!,t02281
arianagrande,💜 !!! listening from my dressing room 💜 you sound divine https://t.co/FGHS1hGhIw,19/09/2015 00:12,6.45028E+17,en,16934,7565,2015-09-19 00:12:00,2015-09-19,2015-09,2015,0,Saturday,💜 !!! listening from my dressing room 💜 you sound divine https://t.co/FGHS1hGhIw,t02282
jtimberlake,"""@ChristinaRast: @jtimberlake Does watching the #Olympics count?! #GoUSA!"" Of course it does!!",11/08/2012 02:03,2.34108E+17,en,55,64,2012-08-11 02:03:00,2012-08-11,2012-08,2012,2,Saturday,"""@ChristinaRast: @jtimberlake Does watching the #Olympics count?! #GoUSA!"" Of course it does!!",t02283
selenagomez,U guys crashed http://t.co/UJRSow9mYb amazing!! And you made #BuyComeAndGeItOniTunesTONIGHT trend.  #selenatorsarethebest trend that. :),06/04/2013 23:01,3.20673E+17,en,5138,8557,2013-04-06 23:01:00,2013-04-06,2013-04,2013,23,Saturday,U guys crashed http://t.co/UJRSow9mYb amazing!! And you made #BuyComeAndGeItOniTunesTONIGHT trend. #selenatorsarethebest trend that. :),t02284
selenagomez,Fall/winter 2014 NEO Adidas. http://t.co/aO5H46gfLk,05/08/2014 22:13,4.96781E+17,en,10472,6974,2014-08-05 22:13:00,2014-08-05,2014-08,2014,22,Tuesday,Fall/winter 2014 NEO Adidas. http://t.co/aO5H46gfLk,t02285
youtube,"You better bless up, and never get played.
#KeysOfChristmas is coming and @djkhaled’s in the sleigh! 🎅  🔑  🙏 https://t.co/bkSXMHnZ0Q",05/12/2016 19:22,8.05855E+17,en,472,81,2016-12-05 19:22:00,2016-12-05,2016-12,2016,19,Monday,"You better bless up, and never get played. #KeysOfChristmas is coming and @djkhaled’s in the sleigh! 🎅 🔑 🙏 https://t.co/bkSXMHnZ0Q",t02286
taylorswift13,"Highlight reel vibes, just in case you missed our little announce party. http://t.co/oi8pLMTuDZ",20/08/2014 03:24,5.01933E+17,en,12424,7669,2014-08-20 03:24:00,2014-08-20,2014-08,2014,3,Wednesday,"Highlight reel vibes, just in case you missed our little announce party. http://t.co/oi8pLMTuDZ",t02287
justinbieber,@latelateshow see u tonight bro,18/11/2015 10:31,6.66927E+17,en,17726,13019,2015-11-18 10:31:00,2015-11-18,2015-11,2015,10,Wednesday,@latelateshow see u tonight bro,t02288
katyperry,"You must go see #Freeheld the movie. It is one of the most incredible love stories ever told, a reminder for #equality. Congrats @EllenPage",22/10/2015 04:45,6.57055E+17,en,11683,5419,2015-10-22 04:45:00,2015-10-22,2015-10,2015,4,Thursday,"You must go see #Freeheld the movie. It is one of the most incredible love stories ever told, a reminder for #equality. Congrats @EllenPage",t02289
jimmyfallon,"Seriously - TiVo or DVR the Tonight Show tonight. You will want to rewind and watch again. Will Ferrell, Kevin Hart and Ariana Grande LIVE.",02/02/2015 03:52,5.62096E+17,en,6207,1611,2015-02-02 03:52:00,2015-02-02,2015-02,2015,3,Monday,"Seriously - TiVo or DVR the Tonight Show tonight. You will want to rewind and watch again. Will Ferrell, Kevin Hart and Ariana Grande LIVE.",t02290
youtube,It’s a party in the USA and we’ve got all the BBQ jams you need → https://t.co/B9LIEWqmo4 #HappyFourthOfJuly https://t.co/7E7tMT2FPg,04/07/2016 15:00,7.49981E+17,en,2620,489,2016-07-04 15:00:00,2016-07-04,2016-07,2016,15,Monday,It’s a party in the USA and we’ve got all the BBQ jams you need → https://t.co/B9LIEWqmo4 #HappyFourthOfJuly https://t.co/7E7tMT2FPg,t02291
instagram,"The Week on Instagram | 250
https://t.co/iNbR1vl2Ze https://t.co/UyzXCXMVH1",27/08/2016 20:30,7.69633E+17,en,803,154,2016-08-27 20:30:00,2016-08-27,2016-08,2016,20,Saturday,The Week on Instagram | 250 https://t.co/iNbR1vl2Ze https://t.co/UyzXCXMVH1,t02292
instagram,"Vienna is in bloom, even at night 🌸 https://t.co/4rqHXbvYxx",16/05/2016 01:30,7.3202E+17,en,866,139,2016-05-16 01:30:00,2016-05-16,2016-05,2016,1,Monday,"Vienna is in bloom, even at night 🌸 https://t.co/4rqHXbvYxx",t02293
theellenshow,.@JustinBieber learned how to whip and nae nae on my show todae dae. http://t.co/EMLU2g82Cy,15/09/2015 19:28,6.43869E+17,en,3526,1352,2015-09-15 19:28:00,2015-09-15,2015-09,2015,19,Tuesday,.@JustinBieber learned how to whip and nae nae on my show todae dae. http://t.co/EMLU2g82Cy,t02294
taylorswift13,#1 on Billboard's Hot 100!!?! This has been the most amazing week. I can't believe how incredible you guys are. (Jumping up and down),22/08/2012 16:02,2.38305E+17,en,5445,9598,2012-08-22 16:02:00,2012-08-22,2012-08,2012,16,Wednesday,#1 on Billboard's Hot 100!!?! This has been the most amazing week. I can't believe how incredible you guys are. (Jumping up and down),t02295
arianagrande,love you  https://t.co/KUQfVR0WGK,29/03/2016 06:38,7.14703E+17,en,16936,4884,2016-03-29 06:38:00,2016-03-29,2016-03,2016,6,Tuesday,love you https://t.co/KUQfVR0WGK,t02296
twitter,Get the best of Twitter with play-by-play coverage of #WorldSeries Game 3 ⚾️ https://t.co/jSQewam4wf,31/10/2015 00:33,6.60253E+17,en,511,177,2015-10-31 00:33:00,2015-10-31,2015-10,2015,0,Saturday,Get the best of Twitter with play-by-play coverage of #WorldSeries Game 3 ⚾️ https://t.co/jSQewam4wf,t02297
ladygaga,"#artRAVELisbon I'm coming for you Portugal! I can't wait to rage ARTPOP with you.  I'm so blessed to tour the world, tonight we celebrate!",10/11/2014 14:10,5.31811E+17,en,4559,3007,2014-11-10 14:10:00,2014-11-10,2014-11,2014,14,Monday,"#artRAVELisbon I'm coming for you Portugal! I can't wait to rage ARTPOP with you. I'm so blessed to tour the world, tonight we celebrate!",t02298
britneyspears,Tickets go on sale to the general public on Monday 9/14 at 10am PT! 😘,10/09/2015 17:45,6.42031E+17,en,2420,1105,2015-09-10 17:45:00,2015-09-10,2015-09,2015,17,Thursday,Tickets go on sale to the general public on Monday 9/14 at 10am PT! 😘,t02299
justinbieber,I love this show. 😂 #Workaholics https://t.co/VpaQsUUTLk,02/04/2015 05:30,5.83502E+17,en,59326,45912,2015-04-02 05:30:00,2015-04-02,2015-04,2015,5,Thursday,I love this show. 😂 #Workaholics https://t.co/VpaQsUUTLk,t02300
selenagomez,It’s here!!! You can finally get #GoodForYou ft. @asvpxrocky on @AppleMusic! http://t.co/6uWomq0CdO http://t.co/CqQLaXBDmR,22/06/2015 03:57,6.12832E+17,en,44107,33755,2015-06-22 03:57:00,2015-06-22,2015-06,2015,3,Monday,It’s here!!! You can finally get #GoodForYou ft. @asvpxrocky on @AppleMusic! http://t.co/6uWomq0CdO http://t.co/CqQLaXBDmR,t02301
taylorswift13,Just LOOK at the records you broke for me this week. I can't thank you enough. I've never been happier in my life. http://t.co/iNoZx139Sr,26/08/2014 16:03,5.04298E+17,en,15402,9858,2014-08-26 16:03:00,2014-08-26,2014-08,2014,16,Tuesday,Just LOOK at the records you broke for me this week. I can't thank you enough. I've never been happier in my life. http://t.co/iNoZx139Sr,t02302
youtube,Can your favorite YouTubers graduate from #PrankAcademy? https://t.co/UcNk94WSQ9 #YTRedOriginals https://t.co/Q3nz55NPiN,30/03/2016 17:08,7.15224E+17,en,3408,737,2016-03-30 17:08:00,2016-03-30,2016-03,2016,17,Wednesday,Can your favorite YouTubers graduate from #PrankAcademy? https://t.co/UcNk94WSQ9 #YTRedOriginals https://t.co/Q3nz55NPiN,t02303
cristiano,"Later today, we´re gonna release something really cool with my friends of MyStarAutograph. Keep posted!",10/12/2012 10:22,2.78082E+17,en,777,1651,2012-12-10 10:22:00,2012-12-10,2012-12,2012,10,Monday,"Later today, we´re gonna release something really cool with my friends of MyStarAutograph. Keep posted!",t02304
selenagomez,@claire__anne see you there!! 💜,24/03/2016 20:21,7.13098E+17,en,13091,5289,2016-03-24 20:21:00,2016-03-24,2016-03,2016,20,Thursday,@claire__anne see you there!! 💜,t02305
taylorswift13,"Meet HomeSlice.

@iammarthahunt 
#BadBloodMusicVideo http://t.co/fGT6VUiOi3",13/05/2015 15:07,5.98505E+17,en,31620,18389,2015-05-13 15:07:00,2015-05-13,2015-05,2015,15,Wednesday,Meet HomeSlice. @iammarthahunt #BadBloodMusicVideo http://t.co/fGT6VUiOi3,t02306
instagram,Popping a huge water balloon = one awesome loop #BoomerangOfTheWeek https://t.co/9KDNnG0jC0,25/06/2016 18:15,7.46769E+17,en,896,165,2016-06-25 18:15:00,2016-06-25,2016-06,2016,18,Saturday,Popping a huge water balloon = one awesome loop #BoomerangOfTheWeek https://t.co/9KDNnG0jC0,t02307
youtube,[LIVE] Follow the latest from Turkey here: https://t.co/8Hjj9kSaKj via @SkyNews,16/07/2016 01:18,7.54123E+17,en,840,199,2016-07-16 01:18:00,2016-07-16,2016-07,2016,1,Saturday,[LIVE] Follow the latest from Turkey here: https://t.co/8Hjj9kSaKj via @SkyNews,t02308
cnnbrk,CORRECTION: .@RudolphGiuliani says @realDonaldTrump will be in all 3 debates with @HillaryClinton. https://t.co/INwEwcccTe,11/08/2016 14:06,7.63738E+17,en,186,86,2016-08-11 14:06:00,2016-08-11,2016-08,2016,14,Thursday,CORRECTION: .@RudolphGiuliani says @realDonaldTrump will be in all 3 debates with @HillaryClinton. https://t.co/INwEwcccTe,t02309
katyperry,"So unexpected, so grateful! RT @billboard @KatyPerry &amp; @therealjuicyj's 'Dark Horse' gallops to No. 1 on the #Hot100: http://t.co/T8nHd33gWl",29/01/2014 21:03,4.28634E+17,en,8371,6906,2014-01-29 21:03:00,2014-01-29,2014-01,2014,21,Wednesday,"So unexpected, so grateful! RT @billboard @KatyPerry & @therealjuicyj's 'Dark Horse' gallops to No. 1 on the #Hot100: http://t.co/T8nHd33gWl",t02310
twitter,"Different teams, same dreams at #Rio2016. 
#ThisHappened https://t.co/Bhufa5FZgP",06/12/2016 12:39,8.06116E+17,en,495,131,2016-12-06 12:39:00,2016-12-06,2016-12,2016,12,Tuesday,"Different teams, same dreams at #Rio2016. #ThisHappened https://t.co/Bhufa5FZgP",t02311
katyperry,"#Repost hillaryclinton 
I'm here in Iowa, but meanwhile back at home, my niece… #itrunsinthefamily -Katy https://t.co/viDoPzfQXz",24/10/2015 23:45,6.58067E+17,en,7251,3091,2015-10-24 23:45:00,2015-10-24,2015-10,2015,23,Saturday,"#Repost hillaryclinton I'm here in Iowa, but meanwhile back at home, my niece… #itrunsinthefamily -Katy https://t.co/viDoPzfQXz",t02312
britneyspears,@Leu_gr Aw! That makes me smile too 😃 #PrettyGirlTalk,15/05/2015 21:29,5.99326E+17,en,453,192,2015-05-15 21:29:00,2015-05-15,2015-05,2015,21,Friday,@Leu_gr Aw! That makes me smile too 😃 #PrettyGirlTalk,t02313
theellenshow,.@TylerOakley and @ZooeyDeschanel made the best holiday sweaters. https://t.co/SstB54aR9G https://t.co/oPGvbhhYaW,05/12/2016 21:34,8.05888E+17,en,2348,293,2016-12-05 21:34:00,2016-12-05,2016-12,2016,21,Monday,.@TylerOakley and @ZooeyDeschanel made the best holiday sweaters. https://t.co/SstB54aR9G https://t.co/oPGvbhhYaW,t02314
barackobama,A majority of Americans favor a pathway to citizenship for illegal immigrants living in America: http://t.co/xkyNrdtrzN,14/08/2015 21:41,6.32306E+17,en,2104,887,2015-08-14 21:41:00,2015-08-14,2015-08,2015,21,Friday,A majority of Americans favor a pathway to citizenship for illegal immigrants living in America: http://t.co/xkyNrdtrzN,t02315
ddlovato,NEED* I'm so excited I messed up the lyric 🙈😂🙈😂🙈,05/03/2016 17:35,7.06171E+17,en,15134,7135,2016-03-05 17:35:00,2016-03-05,2016-03,2016,17,Saturday,NEED* I'm so excited I messed up the lyric 🙈😂🙈😂🙈,t02316
youtube,Drumming outside the lines with the Slow Mo Guys. https://t.co/SCrpX8n5rC https://t.co/MraxrJ3K6e,24/04/2016 16:00,7.24267E+17,en,3031,809,2016-04-24 16:00:00,2016-04-24,2016-04,2016,16,Sunday,Drumming outside the lines with the Slow Mo Guys. https://t.co/SCrpX8n5rC https://t.co/MraxrJ3K6e,t02317
instagram,Celebrating Ramadan with @NohaBahr_ https://t.co/FHaWcJqzov,05/07/2016 18:15,7.50393E+17,en,937,224,2016-07-05 18:15:00,2016-07-05,2016-07,2016,18,Tuesday,Celebrating Ramadan with @NohaBahr_ https://t.co/FHaWcJqzov,t02318
selenagomez,Look at how big my baby has gotten :) http://t.co/J5A4GOOJ,30/11/2011 21:52,1.41998E+17,en,2508,5230,2011-11-30 21:52:00,2011-11-30,2011-11,2011,21,Wednesday,Look at how big my baby has gotten :) http://t.co/J5A4GOOJ,t02319
arianagrande,I love you morrrre https://t.co/JM5PwJ1VWV,09/02/2016 23:35,6.97202E+17,en,16080,5279,2016-02-09 23:35:00,2016-02-09,2016-02,2016,23,Tuesday,I love you morrrre https://t.co/JM5PwJ1VWV,t02320
jimmyfallon,Props to Bedford Cheese Shop on Irving (NYC) and all of the cool kids that work there for selling… http://t.co/nHG72AYh04,30/09/2013 15:29,3.84702E+17,en,114,42,2013-09-30 15:29:00,2013-09-30,2013-09,2013,15,Monday,Props to Bedford Cheese Shop on Irving (NYC) and all of the cool kids that work there for selling… http://t.co/nHG72AYh04,t02321
theellenshow,I sent Macey Hensley to the George W. Bush Library. You won’t believe who she met there. https://t.co/oQQcJJBTKX https://t.co/2ZZet4oJ5X,02/05/2016 20:06,7.27228E+17,en,4333,699,2016-05-02 20:06:00,2016-05-02,2016-05,2016,20,Monday,I sent Macey Hensley to the George W. Bush Library. You won’t believe who she met there. https://t.co/oQQcJJBTKX https://t.co/2ZZet4oJ5X,t02322
britneyspears,Wishing a happy birthday to my sweet girl @HannahSpears! Can't believe she's already two years old! 🐾🐶,30/08/2014 01:55,5.05534E+17,en,4593,2301,2014-08-30 01:55:00,2014-08-30,2014-08,2014,1,Saturday,Wishing a happy birthday to my sweet girl @HannahSpears! Can't believe she's already two years old! 🐾🐶,t02323
justinbieber,"I'm overwhelmed, humbled, and grateful. I didn't know how you would all accept me. Thank you. #WhatDoYouMean thank you.",28/08/2015 18:42,6.37335E+17,en,96516,88519,2015-08-28 18:42:00,2015-08-28,2015-08,2015,18,Friday,"I'm overwhelmed, humbled, and grateful. I didn't know how you would all accept me. Thank you. #WhatDoYouMean thank you.",t02324
cristiano,Hey guys. 2014 was great! Hope 2015 will be amazing for all. Happy New Year!i http://t.co/PofIutjkQz,31/12/2014 20:37,5.5039E+17,en,28634,14435,2014-12-31 20:37:00,2014-12-31,2014-12,2014,20,Wednesday,Hey guys. 2014 was great! Hope 2015 will be amazing for all. Happy New Year!i http://t.co/PofIutjkQz,t02325
britneyspears,@LadyDelSpears sweet dreams xox,20/11/2013 07:55,4.03069E+17,en,191,104,2013-11-20 07:55:00,2013-11-20,2013-11,2013,7,Wednesday,@LadyDelSpears sweet dreams xox,t02326
jimmyfallon,I love @bobbymcferrin. I could never do what he does. But I love when people wanna play with us. Thanks Bobby.,11/03/2014 04:44,4.43246E+17,en,1262,192,2014-03-11 04:44:00,2014-03-11,2014-03,2014,4,Tuesday,I love @bobbymcferrin. I could never do what he does. But I love when people wanna play with us. Thanks Bobby.,t02327
theellenshow,There’s a new Star Wars deck in Heads Up! May the Force be with you. https://t.co/DghgP4rqvB,01/12/2015 21:07,6.71798E+17,en,1809,279,2015-12-01 21:07:00,2015-12-01,2015-12,2015,21,Tuesday,There’s a new Star Wars deck in Heads Up! May the Force be with you. https://t.co/DghgP4rqvB,t02328
katyperry,Ermm... I was in LA Saturday night... Should I be proud or offended I wasn't invited @rihanna #WHOISTHISDOPPLEGANGER,24/04/2013 17:38,3.27114E+17,en,3289,5270,2013-04-24 17:38:00,2013-04-24,2013-04,2013,17,Wednesday,Ermm... I was in LA Saturday night... Should I be proud or offended I wasn't invited @rihanna #WHOISTHISDOPPLEGANGER,t02329
twitter,"""To succeed spectacularly you have to be ready to fail spectacularly"" –@biz http://t.co/hwAWYF3",22/11/2010 20:49,6.8116E+15,en,217,532,2010-11-22 20:49:00,2010-11-22,2010-11,2010,20,Monday,"""To succeed spectacularly you have to be ready to fail spectacularly"" –@biz http://t.co/hwAWYF3",t02330
ddlovato,All 90's vintage #Chanel on #Chanel on #Chanel 💗👛💁🏻 https://t.co/he4TYhQfH7,11/08/2015 09:16,6.31031E+17,en,10359,6595,2015-08-11 09:16:00,2015-08-11,2015-08,2015,9,Tuesday,All 90's vintage #Chanel on #Chanel on #Chanel 💗👛💁🏻 https://t.co/he4TYhQfH7,t02331
rihanna,Threw Bravo a birthday ba$h  at mama Fenty crib!! #85 blessed yearz! Many more to you Grandfadda! http://t.co/bRMrkGl4ih,05/11/2013 23:20,3.97866E+17,en,1739,1511,2013-11-05 23:20:00,2013-11-05,2013-11,2013,23,Tuesday,Threw Bravo a birthday ba$h at mama Fenty crib!! #85 blessed yearz! Many more to you Grandfadda! http://t.co/bRMrkGl4ih,t02332
kimkardashian,Beauty Lovers....my friend Sarah is launching a cool beauty shopping experience! Go to @vainitebeauty https://t.co/5LeCw7BUq6,03/12/2015 23:28,6.72558E+17,en,1777,316,2015-12-03 23:28:00,2015-12-03,2015-12,2015,23,Thursday,Beauty Lovers....my friend Sarah is launching a cool beauty shopping experience! Go to @vainitebeauty https://t.co/5LeCw7BUq6,t02333
ladygaga,@jinsofabhooker did u just say simple stage w band to me. What do u think this is a dive bar 🙃,19/10/2016 06:29,7.88628E+17,en,4688,1790,2016-10-19 06:29:00,2016-10-19,2016-10,2016,6,Wednesday,@jinsofabhooker did u just say simple stage w band to me. What do u think this is a dive bar 🙃,t02334
selenagomez,Just posted a photo http://t.co/9UrCLF8Qjr,27/05/2014 14:12,4.71293E+17,en,9120,6121,2014-05-27 14:12:00,2014-05-27,2014-05,2014,14,Tuesday,Just posted a photo http://t.co/9UrCLF8Qjr,t02335
ladygaga,Another beautiful year I am grateful to attend be nominated and perform at the Grammys :) live… http://t.co/0X8CMQXxBb,05/02/2015 21:05,5.63443E+17,en,5424,3492,2015-02-05 21:05:00,2015-02-05,2015-02,2015,21,Thursday,Another beautiful year I am grateful to attend be nominated and perform at the Grammys :) live… http://t.co/0X8CMQXxBb,t02336
rihanna,“@stunnafenty: THE NAVY DEEP IN THIS BITCH YAS. http://t.co/VAb5TYMzvN” Lolol,14/07/2014 23:39,4.8883E+17,en,7013,3206,2014-07-14 23:39:00,2014-07-14,2014-07,2014,23,Monday,“@stunnafenty: THE NAVY DEEP IN THIS BITCH YAS. http://t.co/VAb5TYMzvN” Lolol,t02337
youtube,"“It’s wheels, stuck to your butt. How is that not a great time?” 
https://t.co/P1BEAIeyrV https://t.co/nggIgKXKrk",21/11/2016 21:30,8.00814E+17,en,1554,336,2016-11-21 21:30:00,2016-11-21,2016-11,2016,21,Monday,"“It’s wheels, stuck to your butt. How is that not a great time?” https://t.co/P1BEAIeyrV https://t.co/nggIgKXKrk",t02338
ddlovato,Get ready. #CoolForTheSummerVideo….. July 23!!!! 😜 🍒💋💦 http://t.co/r3JwcoreF2,20/07/2015 02:10,6.22952E+17,en,28025,22035,2015-07-20 02:10:00,2015-07-20,2015-07,2015,2,Monday,Get ready. #CoolForTheSummerVideo….. July 23!!!! 😜 🍒💋💦 http://t.co/r3JwcoreF2,t02339
ddlovato,Best security guard out there.... 😜 https://t.co/vcX6xjKkTb,08/06/2015 08:43,6.0783E+17,en,11535,7348,2015-06-08 08:43:00,2015-06-08,2015-06,2015,8,Monday,Best security guard out there.... 😜 https://t.co/vcX6xjKkTb,t02340
katyperry,HEY! I know how you guys can make me feel better about the leak...Get #HAPPYBIRTHDAYDAVID trending for my lil bro's 25th today! @sirdavidD 🐯,11/08/2013 18:15,3.66624E+17,en,2700,3964,2013-08-11 18:15:00,2013-08-11,2013-08,2013,18,Sunday,HEY! I know how you guys can make me feel better about the leak...Get #HAPPYBIRTHDAYDAVID trending for my lil bro's 25th today! @sirdavidD 🐯,t02341
cristiano,Help me and @FALCAO show those aliens who's boss! You could win big! #GALAXY11 http://t.co/o4yC9WUEO1,20/06/2014 16:34,4.80026E+17,en,4162,2362,2014-06-20 16:34:00,2014-06-20,2014-06,2014,16,Friday,Help me and @FALCAO show those aliens who's boss! You could win big! #GALAXY11 http://t.co/o4yC9WUEO1,t02342
instagram,"“In this place, I feel like I can vent while skating — I feel the peace.” —@Danny_leon https://t.co/J5FkSznRZk",06/06/2016 18:15,7.39883E+17,en,833,157,2016-06-06 18:15:00,2016-06-06,2016-06,2016,18,Monday,"“In this place, I feel like I can vent while skating — I feel the peace.” —@Danny_leon https://t.co/J5FkSznRZk",t02343
twitter,9 cool things to do with your Twitter account (via @pastemagazine) http://bit.ly/c0LdC6,22/06/2010 16:40,16783169544,en,459,322,2010-06-22 16:40:00,2010-06-22,2010-06,2010,16,Tuesday,9 cool things to do with your Twitter account (via @pastemagazine) http://bit.ly/c0LdC6,t02344
cristiano,"Leaving Portugal to prepare for the WorldCup Brazil. With open arms to the world, go Portugal! http://t.co/e7lR3eCDzX http://t.co/5AOWhIIizp",02/06/2014 14:00,4.73464E+17,en,8983,5782,2014-06-02 14:00:00,2014-06-02,2014-06,2014,14,Monday,"Leaving Portugal to prepare for the WorldCup Brazil. With open arms to the world, go Portugal! http://t.co/e7lR3eCDzX http://t.co/5AOWhIIizp",t02345
jtimberlake,Excited to get back to NYC. My thoughts are with everyone affected by Irene.,28/08/2011 23:08,1.07953E+17,en,84,310,2011-08-28 23:08:00,2011-08-28,2011-08,2011,23,Sunday,Excited to get back to NYC. My thoughts are with everyone affected by Irene.,t02346
kimkardashian,So jet lagged I can't sleep,13/01/2017 23:24,8.20049E+17,en,13070,1247,2017-01-13 23:24:00,2017-01-13,2017-01,2017,23,Friday,So jet lagged I can't sleep,t02347
selenagomez,Please pray for those families and babies today. Please always remember what's important in life. It's… http://t.co/sLVRg9J4n1,19/07/2014 00:39,4.90295E+17,en,21384,20237,2014-07-19 00:39:00,2014-07-19,2014-07,2014,0,Saturday,Please pray for those families and babies today. Please always remember what's important in life. It's… http://t.co/sLVRg9J4n1,t02348
barackobama,"""We're making progress. We're going to keep working to get more people covered."" —President Obama #ACAWorks",25/06/2015 15:56,6.141E+17,en,1359,455,2015-06-25 15:56:00,2015-06-25,2015-06,2015,15,Thursday,"""We're making progress. We're going to keep working to get more people covered."" —President Obama #ACAWorks",t02349
youtube,@ArielleScarcell @vtothepowerof2 @lucasthevaliant @OliviaHas2Moms YAY! Amazing people in an amazing city!,04/08/2016 23:51,7.61349E+17,en,56,6,2016-08-04 23:51:00,2016-08-04,2016-08,2016,23,Thursday,@ArielleScarcell @vtothepowerof2 @lucasthevaliant @OliviaHas2Moms YAY! Amazing people in an amazing city!,t02350
taylorswift13,"The deluxe #TS1989 is at @Target &amp; I just got my copy! 3 voice memos + 3 extra songs, 13… http://t.co/vu8dQpqjxq",27/10/2014 15:19,5.26755E+17,en,10764,6166,2014-10-27 15:19:00,2014-10-27,2014-10,2014,15,Monday,"The deluxe #TS1989 is at @Target & I just got my copy! 3 voice memos + 3 extra songs, 13… http://t.co/vu8dQpqjxq",t02351
barackobama,Retweet if you agree with President Obama. #SOTU http://t.co/OgcHFJ3JSt,21/01/2015 02:25,5.57726E+17,en,4347,7575,2015-01-21 02:25:00,2015-01-21,2015-01,2015,2,Wednesday,Retweet if you agree with President Obama. #SOTU http://t.co/OgcHFJ3JSt,t02352
britneyspears,Interview promo overseas! Busy day! https://t.co/7cWqbNk2dN,29/09/2016 19:26,7.81576E+17,en,9150,2131,2016-09-29 19:26:00,2016-09-29,2016-09,2016,19,Thursday,Interview promo overseas! Busy day! https://t.co/7cWqbNk2dN,t02353
barackobama,The Obama administration just finalized standards to cut methane pollution and improve public health. #ActOnClimate https://t.co/nR2x8UqDM8,12/05/2016 17:37,7.30814E+17,en,7566,2064,2016-05-12 17:37:00,2016-05-12,2016-05,2016,17,Thursday,The Obama administration just finalized standards to cut methane pollution and improve public health. #ActOnClimate https://t.co/nR2x8UqDM8,t02354
jtimberlake,Question 1: http://t.co/xuQlx7GGxM #finderskeepers,12/04/2013 17:25,3.22762E+17,en,172,162,2013-04-12 17:25:00,2013-04-12,2013-04,2013,17,Friday,Question 1: http://t.co/xuQlx7GGxM #finderskeepers,t02355
katyperry,@waIkingonair also duh!,23/07/2016 06:42,7.56741E+17,en,1816,545,2016-07-23 06:42:00,2016-07-23,2016-07,2016,6,Saturday,@waIkingonair also duh!,t02356
youtube,"📸 📸 📸
@Sia’s ready for her closeup.
#MoveYourBody → https://t.co/STncxyk6KO
📸 📸 📸 https://t.co/Tl5bjgUu73",13/01/2017 00:30,8.19703E+17,en,932,192,2017-01-13 00:30:00,2017-01-13,2017-01,2017,0,Friday,📸 📸 📸 @Sia’s ready for her closeup. #MoveYourBody → https://t.co/STncxyk6KO 📸 📸 📸 https://t.co/Tl5bjgUu73,t02357
theellenshow,It’s up to U K. #GetElleyOnTheTelly @JKCorden https://t.co/CbW6ogGtBU https://t.co/CVGRmW8Ins,20/10/2015 20:51,6.56574E+17,en,2796,1179,2015-10-20 20:51:00,2015-10-20,2015-10,2015,20,Tuesday,It’s up to U K. #GetElleyOnTheTelly @JKCorden https://t.co/CbW6ogGtBU https://t.co/CVGRmW8Ins,t02358
rihanna,Ahhhhhh T. Ph.,13/07/2014 20:41,4.88423E+17,en,5177,2535,2014-07-13 20:41:00,2014-07-13,2014-07,2014,20,Sunday,Ahhhhhh T. Ph.,t02359
cnnbrk,"‘We need to temper our words and open our hearts,’ Obama says after Baton Rouge shootings https://t.co/MRbi5IMqAA https://t.co/URxgClX82I",17/07/2016 21:24,7.54789E+17,en,1157,604,2016-07-17 21:24:00,2016-07-17,2016-07,2016,21,Sunday,"‘We need to temper our words and open our hearts,’ Obama says after Baton Rouge shootings https://t.co/MRbi5IMqAA https://t.co/URxgClX82I",t02360
taylorswift13,Our 4th in photos: http://t.co/il5cClkIRp,06/07/2013 04:04,3.53364E+17,en,12210,11358,2013-07-06 04:04:00,2013-07-06,2013-07,2013,4,Saturday,Our 4th in photos: http://t.co/il5cClkIRp,t02361
instagram,Capturing contemporary life in the Caucasus Mountains with @darosulakauri https://t.co/jriTjZidvP https://t.co/8XaIxTULGk,03/02/2016 16:14,6.94917E+17,en,1428,285,2016-02-03 16:14:00,2016-02-03,2016-02,2016,16,Wednesday,Capturing contemporary life in the Caucasus Mountains with @darosulakauri https://t.co/jriTjZidvP https://t.co/8XaIxTULGk,t02362
jtimberlake,"My hole-in-one at Lakeside Golf Club. 182 yds, wind in your face, 5 iron, great shot, it bounced one time and into the hole! #askjt",19/07/2011 22:58,9.34547E+16,en,31,58,2011-07-19 22:58:00,2011-07-19,2011-07,2011,22,Tuesday,"My hole-in-one at Lakeside Golf Club. 182 yds, wind in your face, 5 iron, great shot, it bounced one time and into the hole! #askjt",t02363
ddlovato,"If you watch everything I do, you're still a fan.. I ain't goin nowhere bitches 👋🏼",13/08/2016 18:10,7.64524E+17,en,39282,19012,2016-08-13 18:10:00,2016-08-13,2016-08,2016,18,Saturday,"If you watch everything I do, you're still a fan.. I ain't goin nowhere bitches 👋🏼",t02364
jtimberlake,“@Allie_chatte: Happy 5th birthday to this handsome devil. His birthday request?...a haircut like @jtimberlake http://t.co/5gKChIdy1s” RAD 🏆,10/01/2015 18:25,5.53981E+17,en,4969,1007,2015-01-10 18:25:00,2015-01-10,2015-01,2015,18,Saturday,“@Allie_chatte: Happy 5th birthday to this handsome devil. His birthday request?...a haircut like @jtimberlake http://t.co/5gKChIdy1s” RAD 🏆,t02365
selenagomez,RT A day without you is like #ayearwithoutrain. http://bit.ly/9pTlxj,21/09/2010 17:12,25136307744,en,230,2681,2010-09-21 17:12:00,2010-09-21,2010-09,2010,17,Tuesday,RT A day without you is like #ayearwithoutrain. http://bit.ly/9pTlxj,t02366
britneyspears,#Perfume is now officially on @VEVO peeps!! http://t.co/1TMN8mJv87 Xo,04/11/2013 23:18,3.97503E+17,en,2526,3425,2013-11-04 23:18:00,2013-11-04,2013-11,2013,23,Monday,#Perfume is now officially on @VEVO peeps!! http://t.co/1TMN8mJv87 Xo,t02367
selenagomez,"""You have the essence of being cool but you're really not"" -Jennifer Stone to me. Lol",11/01/2011 16:32,2.48663E+16,en,1748,4358,2011-01-11 16:32:00,2011-01-11,2011-01,2011,16,Tuesday,"""You have the essence of being cool but you're really not"" -Jennifer Stone to me. Lol",t02368
twitter,"Maui may be a demigod, but you already know his Tweet game is 💯 https://t.co/AjhYP3o0it",17/10/2016 14:07,7.88018E+17,en,1357,375,2016-10-17 14:07:00,2016-10-17,2016-10,2016,14,Monday,"Maui may be a demigod, but you already know his Tweet game is 💯 https://t.co/AjhYP3o0it",t02369
youtube,They call him the yo-yo slayer. https://t.co/DS3YcTHbaS https://t.co/y8OGGnpvsi,04/06/2016 16:00,7.39125E+17,en,1794,363,2016-06-04 16:00:00,2016-06-04,2016-06,2016,16,Saturday,They call him the yo-yo slayer. https://t.co/DS3YcTHbaS https://t.co/y8OGGnpvsi,t02370
selenagomez,Two more days until The Wizards Return: Alex vs. Alex! Set a reminder for this Friday at 8p/7c! http://t.co/Fg1nvfty3G,13/03/2013 20:58,3.11944E+17,en,11996,14234,2013-03-13 20:58:00,2013-03-13,2013-03,2013,20,Wednesday,Two more days until The Wizards Return: Alex vs. Alex! Set a reminder for this Friday at 8p/7c! http://t.co/Fg1nvfty3G,t02371
justinbieber,My bro http://t.co/gNupyiGyTa,06/05/2015 08:12,5.95864E+17,en,126690,85018,2015-05-06 08:12:00,2015-05-06,2015-05,2015,8,Wednesday,My bro http://t.co/gNupyiGyTa,t02372
kimkardashian,OMG how amazing is my @MadameTussaudLondon wax figure!!! So cool you can actually take a selfie with her!!! http://t.co/YztkIEXjfO,09/07/2015 19:13,6.19223E+17,en,9344,2308,2015-07-09 19:13:00,2015-07-09,2015-07,2015,19,Thursday,OMG how amazing is my @MadameTussaudLondon wax figure!!! So cool you can actually take a selfie with her!!! http://t.co/YztkIEXjfO,t02373
shakira,"4,000 people doing the official @zumba choreography to #LaBicicleta! https://t.co/QmDCniKQ46 ShakHQ CC: @ZumbaBeto",08/06/2016 19:31,7.40627E+17,en,1906,545,2016-06-08 19:31:00,2016-06-08,2016-06,2016,19,Wednesday,"4,000 people doing the official @zumba choreography to #LaBicicleta! https://t.co/QmDCniKQ46 ShakHQ CC: @ZumbaBeto",t02374
barackobama,"No fluff, just facts—that's the Truth Team way. Join now: https://t.co/i3kGrLda30 https://t.co/GVbxLLMVJl",02/02/2016 16:49,6.94563E+17,en,1614,403,2016-02-02 16:49:00,2016-02-02,2016-02,2016,16,Tuesday,"No fluff, just facts—that's the Truth Team way. Join now: https://t.co/i3kGrLda30 https://t.co/GVbxLLMVJl",t02375
selenagomez,Thanks so much for chatting with me @iTunesMusic! You can stream my new album #StarsDance now!!  http://t.co/Sdkybv5Kp1,17/07/2013 22:02,3.57621E+17,en,6548,9921,2013-07-17 22:02:00,2013-07-17,2013-07,2013,22,Wednesday,Thanks so much for chatting with me @iTunesMusic! You can stream my new album #StarsDance now!! http://t.co/Sdkybv5Kp1,t02376
cristiano,"My mother is, without any doubt, a mother courage. I feel very thankful and proud to be her... http://t.co/of21r3mMjX http://t.co/UmbC3auypz",08/12/2014 20:42,5.42057E+17,en,15470,8961,2014-12-08 20:42:00,2014-12-08,2014-12,2014,20,Monday,"My mother is, without any doubt, a mother courage. I feel very thankful and proud to be her... http://t.co/of21r3mMjX http://t.co/UmbC3auypz",t02377
theellenshow,I can’t help it. #FruitOfTheLauer https://t.co/4dNZUHGiwx https://t.co/BXeMMB93u1,11/05/2016 20:09,7.3049E+17,en,2287,350,2016-05-11 20:09:00,2016-05-11,2016-05,2016,20,Wednesday,I can’t help it. #FruitOfTheLauer https://t.co/4dNZUHGiwx https://t.co/BXeMMB93u1,t02378
jimmyfallon,My friend’s wife made him throw away his favorite T-shirt because there was a hole over one of the nipples. #HadToDoIt,13/07/2016 18:59,7.53303E+17,en,3301,358,2016-07-13 18:59:00,2016-07-13,2016-07,2016,18,Wednesday,My friend’s wife made him throw away his favorite T-shirt because there was a hole over one of the nipples. #HadToDoIt,t02379
twitter,"Your Tweets help us to #StayMelo. Thanks for being here, @carmeloanthony! #LoveTwitter https://t.co/GxjaPtNKB5",21/03/2016 23:50,7.12064E+17,en,1037,189,2016-03-21 23:50:00,2016-03-21,2016-03,2016,23,Monday,"Your Tweets help us to #StayMelo. Thanks for being here, @carmeloanthony! #LoveTwitter https://t.co/GxjaPtNKB5",t02380
katyperry,@777candygirl777 I wrote This Moment in 1 day it took me 5 months to finish Choose Your Battles. Some come out like waterfalls others drip!,22/10/2013 05:16,3.9252E+17,en,1042,902,2013-10-22 05:16:00,2013-10-22,2013-10,2013,5,Tuesday,@777candygirl777 I wrote This Moment in 1 day it took me 5 months to finish Choose Your Battles. Some come out like waterfalls others drip!,t02381
ddlovato,I had so much fun.. Bummed it's over but I can't wait for everyone to see it!!!!!,10/06/2015 11:29,6.08597E+17,en,14028,9226,2015-06-10 11:29:00,2015-06-10,2015-06,2015,11,Wednesday,I had so much fun.. Bummed it's over but I can't wait for everyone to see it!!!!!,t02382
britneyspears,@LanceBass Awww thanks Lance!! Miss u ❤️,04/12/2013 05:22,4.08104E+17,en,595,310,2013-12-04 05:22:00,2013-12-04,2013-12,2013,5,Wednesday,@LanceBass Awww thanks Lance!! Miss u ❤️,t02383
ddlovato,"I owe so much to this man and @CastRecovery. Thank u for saving my life &amp; congrats on 14 yrs of sobriety, Mike Bayer https://t.co/RCX91qLz5z",11/05/2016 17:16,7.30447E+17,en,24783,7239,2016-05-11 17:16:00,2016-05-11,2016-05,2016,17,Wednesday,"I owe so much to this man and @CastRecovery. Thank u for saving my life & congrats on 14 yrs of sobriety, Mike Bayer https://t.co/RCX91qLz5z",t02384
barackobama,Economic growth in the second quarter was even stronger than originally estimated: http://t.co/04yQG5W2Su,26/09/2014 18:46,5.15573E+17,en,1033,1555,2014-09-26 18:46:00,2014-09-26,2014-09,2014,18,Friday,Economic growth in the second quarter was even stronger than originally estimated: http://t.co/04yQG5W2Su,t02385
twitter,"Don’t miss @Giants vs @Eagles, streaming LIVE on Twitter! #TNF

Go to Moments or https://t.co/WdzHD98QAg to watch. https://t.co/gOfKtS2apZ",22/12/2016 23:38,8.1208E+17,en,552,147,2016-12-22 23:38:00,2016-12-22,2016-12,2016,23,Thursday,"Don’t miss @Giants vs @Eagles, streaming LIVE on Twitter! #TNF Go to Moments or https://t.co/WdzHD98QAg to watch. https://t.co/gOfKtS2apZ",t02386
instagram,"“Over time, I found that the most gratifying thing about art is the process.” —Lexi Hannah",27/01/2016 23:05,6.92484E+17,en,1819,532,2016-01-27 23:05:00,2016-01-27,2016-01,2016,23,Wednesday,"“Over time, I found that the most gratifying thing about art is the process.” —Lexi Hannah",t02387
selenagomez,I don't know who I fell in love with more last night.. Trey Songz or Usher! Amazing performances,19/11/2010 20:06,5.71353E+15,en,481,1468,2010-11-19 20:06:00,2010-11-19,2010-11,2010,20,Friday,I don't know who I fell in love with more last night.. Trey Songz or Usher! Amazing performances,t02388
shakira,Watch @NBCTheVoice at 8/7c to support #TeamShakira's Sasha &amp; Kris - and to see Shak with @CeeLoGreen  ShakiraHQ http://t.co/Yyidnwu1Pr,20/05/2013 21:34,3.36596E+17,en,435,321,2013-05-20 21:34:00,2013-05-20,2013-05,2013,21,Monday,Watch @NBCTheVoice at 8/7c to support #TeamShakira's Sasha & Kris - and to see Shak with @CeeLoGreen ShakiraHQ http://t.co/Yyidnwu1Pr,t02389
ddlovato,@DavidJohnson_28 I love this!!! Thank you so much!!!,21/08/2016 02:16,7.67184E+17,en,5793,2323,2016-08-21 02:16:00,2016-08-21,2016-08,2016,2,Sunday,@DavidJohnson_28 I love this!!! Thank you so much!!!,t02390
theellenshow,"My heart is heavy today, but I still believe in love. There’s more love than hate in this world. #OrlandoUnited",13/06/2016 18:59,7.42431E+17,en,49546,14332,2016-06-13 18:59:00,2016-06-13,2016-06,2016,18,Monday,"My heart is heavy today, but I still believe in love. There’s more love than hate in this world. #OrlandoUnited",t02391
twitter,"The biggest moments, Tweets, and topics on Twitter from the first of the US presidential #debates. https://t.co/9mNWW0HkkQ",27/09/2016 03:00,7.80603E+17,en,708,195,2016-09-27 03:00:00,2016-09-27,2016-09,2016,3,Tuesday,"The biggest moments, Tweets, and topics on Twitter from the first of the US presidential #debates. https://t.co/9mNWW0HkkQ",t02392
rihanna,"She made us feel so safe, safe enough to trust her wisdom! Wisdom one can usually only acquire through experience! http://t.co/iQeFAk3spQ",28/05/2014 14:51,4.71665E+17,en,12489,7611,2014-05-28 14:51:00,2014-05-28,2014-05,2014,14,Wednesday,"She made us feel so safe, safe enough to trust her wisdom! Wisdom one can usually only acquire through experience! http://t.co/iQeFAk3spQ",t02393
katyperry,Have you met Lefty in thekatyperrypopgame yet?? https://t.co/I3P7zSInLv,17/12/2015 18:05,6.7755E+17,en,7638,3159,2015-12-17 18:05:00,2015-12-17,2015-12,2015,18,Thursday,Have you met Lefty in thekatyperrypopgame yet?? https://t.co/I3P7zSInLv,t02394
britneyspears,.@HitMeBrit My kids are doing great! #AskBritneyJean,29/10/2013 23:13,3.95328E+17,en,243,240,2013-10-29 23:13:00,2013-10-29,2013-10,2013,23,Tuesday,.@HitMeBrit My kids are doing great! #AskBritneyJean,t02395
youtube,You can do it if you really try. https://t.co/ehhOtmDeYQ #Pokemon20 https://t.co/ZqJpPfObmR,27/01/2016 02:00,6.92165E+17,en,1803,481,2016-01-27 02:00:00,2016-01-27,2016-01,2016,2,Wednesday,You can do it if you really try. https://t.co/ehhOtmDeYQ #Pokemon20 https://t.co/ZqJpPfObmR,t02396
kimkardashian,One of my favorite Givenchy looks! #KimKardashianHollywood #BlondeMoment #IMissMyBlondeHair http://t.co/7AbkNuyRFE,08/06/2015 02:11,6.07732E+17,en,5669,1119,2015-06-08 02:11:00,2015-06-08,2015-06,2015,2,Monday,One of my favorite Givenchy looks! #KimKardashianHollywood #BlondeMoment #IMissMyBlondeHair http://t.co/7AbkNuyRFE,t02397
barackobama,This deadline matters for anyone who believes in fighting for change—chip in today: http://t.co/uuowMGeGbP,31/12/2014 14:25,5.50297E+17,en,1034,404,2014-12-31 14:25:00,2014-12-31,2014-12,2014,14,Wednesday,This deadline matters for anyone who believes in fighting for change—chip in today: http://t.co/uuowMGeGbP,t02398
theellenshow,"If you’re under thirty, you’re welcome. https://t.co/7lFyhODJBa",19/10/2016 22:13,7.88866E+17,en,1748,307,2016-10-19 22:13:00,2016-10-19,2016-10,2016,22,Wednesday,"If you’re under thirty, you’re welcome. https://t.co/7lFyhODJBa",t02399
katyperry,"Like, LITERALLY, more Mandee… Happy Birthday, Batches! http://t.co/SQtBoSfFdJ",25/06/2014 17:07,4.81846E+17,en,6149,3891,2014-06-25 17:07:00,2014-06-25,2014-06,2014,17,Wednesday,"Like, LITERALLY, more Mandee… Happy Birthday, Batches! http://t.co/SQtBoSfFdJ",t02400
ladygaga,"Casa Hogar Cabo AC Facebook Group: donate to these gorgeous boys, help build a home so they can be w/ their sisters. https://t.co/ntUPEvk1kE",18/07/2016 14:31,7.55047E+17,en,17117,6771,2016-07-18 14:31:00,2016-07-18,2016-07,2016,14,Monday,"Casa Hogar Cabo AC Facebook Group: donate to these gorgeous boys, help build a home so they can be w/ their sisters. https://t.co/ntUPEvk1kE",t02401
ladygaga,Find out what happens Wednesday @AHSFX 10pm #Hotel https://t.co/4Z8LhIuJJd,15/12/2015 15:51,6.76792E+17,en,12206,6329,2015-12-15 15:51:00,2015-12-15,2015-12,2015,15,Tuesday,Find out what happens Wednesday @AHSFX 10pm #Hotel https://t.co/4Z8LhIuJJd,t02402
shakira,Kicking the ball around on set in heels and everything with @TMobileLatino. Shak #GranPase http://t.co/mmdwbkFgbK,27/05/2014 20:20,4.71385E+17,en,854,372,2014-05-27 20:20:00,2014-05-27,2014-05,2014,20,Tuesday,Kicking the ball around on set in heels and everything with @TMobileLatino. Shak #GranPase http://t.co/mmdwbkFgbK,t02403
twitter,The world feels so much smaller when you can participate in a live event right from your couch. Here's one: http://t.co/6L3GLPo #MEspeech,18/05/2011 20:08,7.09437E+16,en,151,268,2011-05-18 20:08:00,2011-05-18,2011-05,2011,20,Wednesday,The world feels so much smaller when you can participate in a live event right from your couch. Here's one: http://t.co/6L3GLPo #MEspeech,t02404
katyperry,"HAPPIEST BIRTHDAY TO MY BROTHER @yungskeeter All he wants for his birthday is a big booty ho, someone help a brotha out!",27/11/2012 19:26,2.73508E+17,en,2540,3763,2012-11-27 19:26:00,2012-11-27,2012-11,2012,19,Tuesday,"HAPPIEST BIRTHDAY TO MY BROTHER @yungskeeter All he wants for his birthday is a big booty ho, someone help a brotha out!",t02405
ddlovato,And just remember kids.... When in doubt.... Slay.✨💁🙌,08/02/2015 11:51,5.64391E+17,en,40454,35030,2015-02-08 11:51:00,2015-02-08,2015-02,2015,11,Sunday,And just remember kids.... When in doubt.... Slay.✨💁🙌,t02406
cristiano,With Jorge before the award ceremony http://t.co/wXwy7Hcs,05/12/2012 19:38,2.7641E+17,en,996,1459,2012-12-05 19:38:00,2012-12-05,2012-12,2012,19,Wednesday,With Jorge before the award ceremony http://t.co/wXwy7Hcs,t02407
taylorswift13,@Caradelevingne YOUR AMERICAN ACCENT 👏👏👏👏👏👏,19/03/2015 15:18,5.78576E+17,en,28249,14416,2015-03-19 15:18:00,2015-03-19,2015-03,2015,15,Thursday,@Caradelevingne YOUR AMERICAN ACCENT 👏👏👏👏👏👏,t02408
ddlovato,One day I'll share with the world how much @Sirah has affected my life and inspired me to fight life's toughest battles... I love you so,17/10/2015 05:36,6.55256E+17,en,13045,8040,2015-10-17 05:36:00,2015-10-17,2015-10,2015,5,Saturday,One day I'll share with the world how much @Sirah has affected my life and inspired me to fight life's toughest battles... I love you so,t02409
selenagomez,"""Why are you doing a photo shoot with a McMuffin at 7am?"" -Sam #ilovehipsta #notaprettyeater #ehwhatever http://t.co/vTeSwx1pTA",19/02/2014 03:12,4.35975E+17,en,12263,10215,2014-02-19 03:12:00,2014-02-19,2014-02,2014,3,Wednesday,"""Why are you doing a photo shoot with a McMuffin at 7am?"" -Sam #ilovehipsta #notaprettyeater #ehwhatever http://t.co/vTeSwx1pTA",t02410
barackobama,WATCH: President Obama is speaking at the Federal Trade Commission about tackling consumer privacy. http://t.co/myqDWvYAYz,12/01/2015 17:14,5.54688E+17,en,637,345,2015-01-12 17:14:00,2015-01-12,2015-01,2015,17,Monday,WATCH: President Obama is speaking at the Federal Trade Commission about tackling consumer privacy. http://t.co/myqDWvYAYz,t02411
taylorswift13,"Video shoot early tomorrow, so my Grammy after-party situation looks like......... http://t.co/EmqvPxaq",11/02/2013 07:28,3.00869E+17,en,7816,8749,2013-02-11 07:28:00,2013-02-11,2013-02,2013,7,Monday,"Video shoot early tomorrow, so my Grammy after-party situation looks like......... http://t.co/EmqvPxaq",t02412
jtimberlake,"“@KimMitch1128: @jtimberlake Why is it that every time I walk my dog, he has to take a dump..."" Because some of us are just born funny. 🏆",16/09/2014 01:23,5.11687E+17,en,1604,743,2014-09-16 01:23:00,2014-09-16,2014-09,2014,1,Tuesday,"“@KimMitch1128: @jtimberlake Why is it that every time I walk my dog, he has to take a dump..."" Because some of us are just born funny. 🏆",t02413
arianagrande,sweet babes https://t.co/I9yK3BlIO6,10/04/2016 05:07,7.19029E+17,en,23956,8956,2016-04-10 05:07:00,2016-04-10,2016-04,2016,5,Sunday,sweet babes https://t.co/I9yK3BlIO6,t02414
kimkardashian,So excited for Keeping Up With The Kardashians to start tomorrow! We've always dreamed of going to Armenia. Can't wait for you to see!,20/09/2015 03:40,6.45442E+17,en,11937,2903,2015-09-20 03:40:00,2015-09-20,2015-09,2015,3,Sunday,So excited for Keeping Up With The Kardashians to start tomorrow! We've always dreamed of going to Armenia. Can't wait for you to see!,t02415
jimmyfallon,@common thank you. just... wow.,28/10/2016 02:57,7.91836E+17,en,228,52,2016-10-28 02:57:00,2016-10-28,2016-10,2016,2,Friday,@common thank you. just... wow.,t02416
jtimberlake,Work out and hit the gym...break a sweat...get outside!! #askjt,19/07/2011 23:13,9.34585E+16,en,51,108,2011-07-19 23:13:00,2011-07-19,2011-07,2011,23,Tuesday,Work out and hit the gym...break a sweat...get outside!! #askjt,t02417
taylorswift13,"To my 26,000 friends who came to hang out with us in Edmonton, thank you for two beautiful shows.",20/08/2011 04:46,1.04776E+17,en,1038,2156,2011-08-20 04:46:00,2011-08-20,2011-08,2011,4,Saturday,"To my 26,000 friends who came to hang out with us in Edmonton, thank you for two beautiful shows.",t02418
twitter,"Mahalo, @HokuleaWWV for sharing these seaworthy views of your #WorldwideVoyage: https://t.co/2PMunyDMEA https://t.co/8CQ4ICMhap",20/11/2015 00:30,6.675E+17,en,967,359,2015-11-20 00:30:00,2015-11-20,2015-11,2015,0,Friday,"Mahalo, @HokuleaWWV for sharing these seaworthy views of your #WorldwideVoyage: https://t.co/2PMunyDMEA https://t.co/8CQ4ICMhap",t02419
jimmyfallon,Congrats to my man @jtimberlake on the release of the 20/20 Experience 2 of 2. Keep killing it dude!,01/10/2013 17:37,3.85096E+17,en,1419,916,2013-10-01 17:37:00,2013-10-01,2013-10,2013,17,Tuesday,Congrats to my man @jtimberlake on the release of the 20/20 Experience 2 of 2. Keep killing it dude!,t02420
justinbieber,Thanks @jonmchu and @jemthemovie for the love. #8days #whatdoyoumean http://t.co/p4rEEEXqrl,20/08/2015 14:42,6.34375E+17,en,41428,35668,2015-08-20 14:42:00,2015-08-20,2015-08,2015,14,Thursday,Thanks @jonmchu and @jemthemovie for the love. #8days #whatdoyoumean http://t.co/p4rEEEXqrl,t02421
theellenshow,"I caught up with @RyanGosling, if you wanna take a gander... https://t.co/ZNLq4yukQL",09/12/2016 18:59,8.07299E+17,en,5238,836,2016-12-09 18:59:00,2016-12-09,2016-12,2016,18,Friday,"I caught up with @RyanGosling, if you wanna take a gander... https://t.co/ZNLq4yukQL",t02422
barackobama,"If you think Judge Merrick Garland deserves a fair hearing and an up-or-down vote, add your name: https://t.co/EDECatQHmj #DoYourJob",07/04/2016 22:06,7.18198E+17,en,3603,1138,2016-04-07 22:06:00,2016-04-07,2016-04,2016,22,Thursday,"If you think Judge Merrick Garland deserves a fair hearing and an up-or-down vote, add your name: https://t.co/EDECatQHmj #DoYourJob",t02423
theellenshow,Thanks for your questions about my sweater. It IS from #EDbyEllen and you CAN get it here! https://t.co/LCdsVcSgbJ https://t.co/yFIxaIxkHQ,19/10/2015 22:40,6.56239E+17,en,2293,317,2015-10-19 22:40:00,2015-10-19,2015-10,2015,22,Monday,Thanks for your questions about my sweater. It IS from #EDbyEllen and you CAN get it here! https://t.co/LCdsVcSgbJ https://t.co/yFIxaIxkHQ,t02424
katyperry,@dannysuschrist @DrJillStein you have no facts or context bb o,10/09/2016 21:26,7.74721E+17,en,2928,785,2016-09-10 21:26:00,2016-09-10,2016-09,2016,21,Saturday,@dannysuschrist @DrJillStein you have no facts or context bb o,t02425
jimmyfallon,"The Beanie Babies creator owes $53 million for tax evasion. If he sells all his Beanie Babies, he'll just owe...like $53 million #fallonmono",19/09/2013 23:47,3.80841E+17,en,1072,1586,2013-09-19 23:47:00,2013-09-19,2013-09,2013,23,Thursday,"The Beanie Babies creator owes $53 million for tax evasion. If he sells all his Beanie Babies, he'll just owe...like $53 million #fallonmono",t02426
britneyspears,Everyone should have access to clean water. Let's make a difference this #WorldWaterDay w/ #WaterNow @WorldVisionUSA http://t.co/ye6fSo9Nrk,22/03/2015 19:02,5.7972E+17,en,3473,2227,2015-03-22 19:02:00,2015-03-22,2015-03,2015,19,Sunday,Everyone should have access to clean water. Let's make a difference this #WorldWaterDay w/ #WaterNow @WorldVisionUSA http://t.co/ye6fSo9Nrk,t02427
arianagrande,love you my babies  https://t.co/c4WMpRcQVi,17/10/2016 19:22,7.88098E+17,en,17621,5033,2016-10-17 19:22:00,2016-10-17,2016-10,2016,19,Monday,love you my babies https://t.co/c4WMpRcQVi,t02428
shakira,Very happy to share this report on our new @fpiesdescalzos school in Cartagena! Shak http://t.co/7q7FFuxYFU,16/10/2014 13:29,5.22741E+17,en,1169,469,2014-10-16 13:29:00,2014-10-16,2014-10,2014,13,Thursday,Very happy to share this report on our new @fpiesdescalzos school in Cartagena! Shak http://t.co/7q7FFuxYFU,t02429
ladygaga,I ❤️ him 😇 https://t.co/hKj4G0IfJy,29/11/2016 12:52,8.03582E+17,en,7554,2216,2016-11-29 12:52:00,2016-11-29,2016-11,2016,12,Tuesday,I ❤️ him 😇 https://t.co/hKj4G0IfJy,t02430
ddlovato,#FutureNowTour pre-sale starts tomorrow 😝😜 Public on sale Nov 7th!!! https://t.co/M3cFOcEE6g https://t.co/LgJI31aOlK,02/11/2015 22:05,6.61303E+17,en,16605,10572,2015-11-02 22:05:00,2015-11-02,2015-11,2015,22,Monday,#FutureNowTour pre-sale starts tomorrow 😝😜 Public on sale Nov 7th!!! https://t.co/M3cFOcEE6g https://t.co/LgJI31aOlK,t02431
katyperry,"The Le Reve show in Vegas was so good, it got me wet! http://t.co/a9usQTnPuI",30/12/2013 07:29,4.17558E+17,en,17118,8660,2013-12-30 07:29:00,2013-12-30,2013-12,2013,7,Monday,"The Le Reve show in Vegas was so good, it got me wet! http://t.co/a9usQTnPuI",t02432
jimmyfallon,That's awesome. Thanks!! He's the best. https://t.co/CLJqvRN5ea,17/07/2015 04:17,6.21896E+17,en,1204,164,2015-07-17 04:17:00,2015-07-17,2015-07,2015,4,Friday,That's awesome. Thanks!! He's the best. https://t.co/CLJqvRN5ea,t02433
shakira,Hahaha! RT @kyweezybeeitch Man names his daughter Shakira solely for this purpose https://t.co/hcQvPtZLZK,07/08/2015 08:40,6.29573E+17,en,4747,2749,2015-08-07 08:40:00,2015-08-07,2015-08,2015,8,Friday,Hahaha! RT @kyweezybeeitch Man names his daughter Shakira solely for this purpose https://t.co/hcQvPtZLZK,t02434
ddlovato,I love life 💗,01/06/2015 00:00,6.05162E+17,en,26508,21932,2015-06-01 00:00:00,2015-06-01,2015-06,2015,0,Monday,I love life 💗,t02435
barackobama,"""I'm going to squeeze every last bit of opportunity to make the world a better place over these last two years."" —President Obama",05/11/2014 21:33,5.30111E+17,en,7094,4907,2014-11-05 21:33:00,2014-11-05,2014-11,2014,21,Wednesday,"""I'm going to squeeze every last bit of opportunity to make the world a better place over these last two years."" —President Obama",t02436
ladygaga,@acapeneka 😂twins,09/03/2016 14:57,7.07581E+17,en,2751,937,2016-03-09 14:57:00,2016-03-09,2016-03,2016,14,Wednesday,@acapeneka 😂twins,t02437
youtube,"@kandeejohnson Ahh the best place for YouTube advice! Hope you had fun, Kandee!",29/06/2016 22:04,7.48276E+17,en,35,7,2016-06-29 22:04:00,2016-06-29,2016-06,2016,22,Wednesday,"@kandeejohnson Ahh the best place for YouTube advice! Hope you had fun, Kandee!",t02438
shakira,"Get Shak’s new song - Try Everything, from @DisneyZootopia - on iTunes now! https://t.co/jZFyUG3IfK ShakHQ
https://t.co/0nifoCBiq0",08/01/2016 20:33,6.8556E+17,en,1523,516,2016-01-08 20:33:00,2016-01-08,2016-01,2016,20,Friday,"Get Shak’s new song - Try Everything, from @DisneyZootopia - on iTunes now! https://t.co/jZFyUG3IfK ShakHQ https://t.co/0nifoCBiq0",t02439
cristiano,Relaxing time. http://t.co/raVxPbnQoV,28/05/2014 19:47,4.7174E+17,en,25090,14940,2014-05-28 19:47:00,2014-05-28,2014-05,2014,19,Wednesday,Relaxing time. http://t.co/raVxPbnQoV,t02440
jimmyfallon,Me neither!!! #FallonTonight https://t.co/Khx2MSXD5H,21/08/2016 02:48,7.67192E+17,en,1635,258,2016-08-21 02:48:00,2016-08-21,2016-08,2016,2,Sunday,Me neither!!! #FallonTonight https://t.co/Khx2MSXD5H,t02441
taylorswift13,It feels like one of those nights... I google nature-related questions. http://t.co/wZQiXRDQcU,01/05/2013 03:54,3.29444E+17,en,22226,19201,2013-05-01 03:54:00,2013-05-01,2013-05,2013,3,Wednesday,It feels like one of those nights... I google nature-related questions. http://t.co/wZQiXRDQcU,t02442
jimmyfallon,Tonight: @RWitherspoon and David Sedaris are here! Plus @RaeSremmurd performs with @TheRoots. #FallonTonight,02/12/2014 16:09,5.39814E+17,en,745,220,2014-12-02 16:09:00,2014-12-02,2014-12,2014,16,Tuesday,Tonight: @RWitherspoon and David Sedaris are here! Plus @RaeSremmurd performs with @TheRoots. #FallonTonight,t02443
taylorswift13,"I might be okay but I'm NOT FINE AT ALL.
#MyFangirlLife 
#TaylorAndMadonna http://t.co/z7fMbq0rEE",30/03/2015 03:45,5.82388E+17,en,44575,20842,2015-03-30 03:45:00,2015-03-30,2015-03,2015,3,Monday,I might be okay but I'm NOT FINE AT ALL. #MyFangirlLife #TaylorAndMadonna http://t.co/z7fMbq0rEE,t02444
kimkardashian,❤️ @PeterDundas Too many laughs today!!! 💋  *But very serious faces for the gram* http://t.co/nN5FqHq1TQ,16/08/2015 02:07,6.32735E+17,en,4501,691,2015-08-16 02:07:00,2015-08-16,2015-08,2015,2,Sunday,❤️ @PeterDundas Too many laughs today!!! 💋 *But very serious faces for the gram* http://t.co/nN5FqHq1TQ,t02445
shakira,"London calling, I'm responding and this sounds like a Smash !! Shak http://t.co/oDIO4cvOGA",20/11/2013 16:13,4.03194E+17,en,1379,920,2013-11-20 16:13:00,2013-11-20,2013-11,2013,16,Wednesday,"London calling, I'm responding and this sounds like a Smash !! Shak http://t.co/oDIO4cvOGA",t02446
jimmyfallon,"Tonight: @aaronpaul_8, @TigNotaro and music from @FLAGALine! #FallonTonight",24/08/2016 12:58,7.68432E+17,en,1438,209,2016-08-24 12:58:00,2016-08-24,2016-08,2016,12,Wednesday,"Tonight: @aaronpaul_8, @TigNotaro and music from @FLAGALine! #FallonTonight",t02447
twitter,Who joined Twitter in 2011? Day two of our annual #YearInReview series: http://t.co/6hEHtyeX,02/12/2011 18:27,1.42671E+17,en,136,205,2011-12-02 18:27:00,2011-12-02,2011-12,2011,18,Friday,Who joined Twitter in 2011? Day two of our annual #YearInReview series: http://t.co/6hEHtyeX,t02448
twitter,When we learned chivalry is dead on #GOT. #ThisHappened https://t.co/lHqMilTY3J,06/12/2016 18:35,8.06205E+17,en,825,248,2016-12-06 18:35:00,2016-12-06,2016-12,2016,18,Tuesday,When we learned chivalry is dead on #GOT. #ThisHappened https://t.co/lHqMilTY3J,t02449
twitter,"Welcome, Mr. President! 🇺🇸 https://t.co/JXHxgJNVdB",18/05/2015 17:55,6.00359E+17,en,4111,2243,2015-05-18 17:55:00,2015-05-18,2015-05,2015,17,Monday,"Welcome, Mr. President! 🇺🇸 https://t.co/JXHxgJNVdB",t02450
justinbieber,#BIEBERWEEK on @TheEllenShow continues today,10/11/2015 20:42,6.64181E+17,en,49433,37150,2015-11-10 20:42:00,2015-11-10,2015-11,2015,20,Tuesday,#BIEBERWEEK on @TheEllenShow continues today,t02451
selenagomez,A little peak at the music video we shot this weekend...... http://bit.ly/adPzJd,01/06/2010 02:30,15149154094,en,278,695,2010-06-01 02:30:00,2010-06-01,2010-06,2010,2,Tuesday,A little peak at the music video we shot this weekend...... http://bit.ly/adPzJd,t02452
barackobama,Add your name to join the team fighting back against climate change denial: http://t.co/JNEXVHyT0q #ActOnClimate http://t.co/Hbu3cZcUgR,29/05/2015 21:22,6.04397E+17,en,2465,1327,2015-05-29 21:22:00,2015-05-29,2015-05,2015,21,Friday,Add your name to join the team fighting back against climate change denial: http://t.co/JNEXVHyT0q #ActOnClimate http://t.co/Hbu3cZcUgR,t02453
britneyspears,Nelson Mandela was a true inspiration to all humanity. He will truly be missed.,06/12/2013 06:11,4.08841E+17,en,4726,5925,2013-12-06 06:11:00,2013-12-06,2013-12,2013,6,Friday,Nelson Mandela was a true inspiration to all humanity. He will truly be missed.,t02454
youtube,The Right Song will make you dance. https://t.co/w9MlaOhZ0a https://t.co/kaA6xUDOqK,25/01/2016 22:00,6.91742E+17,en,1228,228,2016-01-25 22:00:00,2016-01-25,2016-01,2016,22,Monday,The Right Song will make you dance. https://t.co/w9MlaOhZ0a https://t.co/kaA6xUDOqK,t02455
arianagrande,rehearsing #focus #9daysTilFocus 💞 https://t.co/peUkQFHkpf,21/10/2015 20:24,6.56929E+17,en,29470,18059,2015-10-21 20:24:00,2015-10-21,2015-10,2015,20,Wednesday,rehearsing #focus #9daysTilFocus 💞 https://t.co/peUkQFHkpf,t02456
ladygaga,Im elated to be directed by &amp; starring w/ Bradley in this project. He's a brilliant visionary artist. #AStarIsBorn #AStarIsBornCooperGaga,17/08/2016 00:12,7.65703E+17,en,15566,5451,2016-08-17 00:12:00,2016-08-17,2016-08,2016,0,Wednesday,Im elated to be directed by & starring w/ Bradley in this project. He's a brilliant visionary artist. #AStarIsBorn #AStarIsBornCooperGaga,t02457
theellenshow,"Tomorrow, things are about to get crazy. @ChancetheRapper @LilTunechi @2Chainz https://t.co/MONlUDh8sP",15/09/2016 02:12,7.76242E+17,en,5001,1246,2016-09-15 02:12:00,2016-09-15,2016-09,2016,2,Thursday,"Tomorrow, things are about to get crazy. @ChancetheRapper @LilTunechi @2Chainz https://t.co/MONlUDh8sP",t02458
arianagrande,"happy birthday nonna 💜 you beautiful, tough cookie 🎂 https://t.co/SBfo6NLOL0",12/10/2015 18:56,6.53646E+17,en,18969,10674,2015-10-12 18:56:00,2015-10-12,2015-10,2015,18,Monday,"happy birthday nonna 💜 you beautiful, tough cookie 🎂 https://t.co/SBfo6NLOL0",t02459
youtube,@mametown We missed our favorite aunts.,13/01/2017 22:50,8.2004E+17,en,93,6,2017-01-13 22:50:00,2017-01-13,2017-01,2017,22,Friday,@mametown We missed our favorite aunts.,t02460
ddlovato,I love how you can feel like you are living this alternate life as a pop star on the rise haha  https://t.co/c6sskLks4g,13/11/2015 22:21,6.65293E+17,en,9824,5254,2015-11-13 22:21:00,2015-11-13,2015-11,2015,22,Friday,I love how you can feel like you are living this alternate life as a pop star on the rise haha https://t.co/c6sskLks4g,t02461
rihanna,#fashioncollabo the one of a kind MJ Woodbridge and adamselman http://t.co/ShbqtVqaY9,28/07/2013 12:56,3.6147E+17,en,743,933,2013-07-28 12:56:00,2013-07-28,2013-07,2013,12,Sunday,#fashioncollabo the one of a kind MJ Woodbridge and adamselman http://t.co/ShbqtVqaY9,t02462
cnnbrk,"ISIS’ claim of responsibility for Istanbul attack, which killed 39 people, can't be independently be verified by CN… https://t.co/4AGKh2WnQz",02/01/2017 09:08,8.15847E+17,en,271,281,2017-01-02 09:08:00,2017-01-02,2017-01,2017,9,Monday,"ISIS’ claim of responsibility for Istanbul attack, which killed 39 people, can't be independently be verified by CN… https://t.co/4AGKh2WnQz",t02463
cnnbrk,Lebanon takes first step to abolish marriage rape law. https://t.co/RXOZxu0iao,08/12/2016 05:29,8.06732E+17,en,1130,612,2016-12-08 05:29:00,2016-12-08,2016-12,2016,5,Thursday,Lebanon takes first step to abolish marriage rape law. https://t.co/RXOZxu0iao,t02464
selenagomez,Those faces http://t.co/CkGQ7R9zsc,28/10/2013 03:17,3.94664E+17,en,4306,4689,2013-10-28 03:17:00,2013-10-28,2013-10,2013,3,Monday,Those faces http://t.co/CkGQ7R9zsc,t02465
ladygaga,Up and at 'em! Getting ready for an interview &amp; performance on @HowardStern @SIRIUSXM  at 9 am EST! ☀️✌🏽️✌🏿️✌🏼️✌🏽️✌🏾🎉🎶🎶#JOANNE #JoanneCrew,24/10/2016 10:37,7.90502E+17,en,8948,2790,2016-10-24 10:37:00,2016-10-24,2016-10,2016,10,Monday,Up and at 'em! Getting ready for an interview & performance on @HowardStern @SIRIUSXM at 9 am EST! ☀️✌🏽️✌🏿️✌🏼️✌🏽️✌🏾🎉🎶🎶#JOANNE #JoanneCrew,t02466
theellenshow,".@Prattprattpratt, you’re in the biggest movie in the world, it’s your birthday and it's Father’s Day. Congratulations. Today is yours.",21/06/2015 20:30,6.12719E+17,en,9079,1837,2015-06-21 20:30:00,2015-06-21,2015-06,2015,20,Sunday,".@Prattprattpratt, you’re in the biggest movie in the world, it’s your birthday and it's Father’s Day. Congratulations. Today is yours.",t02467
ddlovato,"Thanks to @BBCR1 for making #CoolForTheSummer the track of the day!!!! S/o to @dev_101, @MattEdmondson and @celspellman!! 😜😜",26/07/2015 06:47,6.25196E+17,en,15258,8706,2015-07-26 06:47:00,2015-07-26,2015-07,2015,6,Sunday,"Thanks to @BBCR1 for making #CoolForTheSummer the track of the day!!!! S/o to @dev_101, @MattEdmondson and @celspellman!! 😜😜",t02468
selenagomez,"Coming soon #HandsToMyself
https://t.co/ypMUEEG5Vx",18/12/2015 16:35,6.7789E+17,en,41173,26546,2015-12-18 16:35:00,2015-12-18,2015-12,2015,16,Friday,Coming soon #HandsToMyself https://t.co/ypMUEEG5Vx,t02469
jtimberlake,"""@benjiroberts34: Just watched #InTime with the misses...massive respect @jtimberlake, epic film dude :)"" Thanks, bud.",13/05/2012 21:28,2.01786E+17,en,39,59,2012-05-13 21:28:00,2012-05-13,2012-05,2012,21,Sunday,"""@benjiroberts34: Just watched #InTime with the misses...massive respect @jtimberlake, epic film dude :)"" Thanks, bud.",t02470
shakira,"At 10am ET on Wed, Shak will answer your Qs about early education with US Secretary of Education @ArneDuncan at the @WhiteHouse. ShakHQ 1/2",09/12/2014 17:13,5.42366E+17,en,612,267,2014-12-09 17:13:00,2014-12-09,2014-12,2014,17,Tuesday,"At 10am ET on Wed, Shak will answer your Qs about early education with US Secretary of Education @ArneDuncan at the @WhiteHouse. ShakHQ 1/2",t02471
youtube,@ruinshawnny Don't you just want to hang that up on your wall? And get a dolphin? 🐬,18/05/2016 22:18,7.33059E+17,en,11,5,2016-05-18 22:18:00,2016-05-18,2016-05,2016,22,Wednesday,@ruinshawnny Don't you just want to hang that up on your wall? And get a dolphin? 🐬,t02472
theellenshow,The countdown is on. My Halloween show is this Friday. I hope you’re ready. https://t.co/4yEEPzEx8V,28/10/2015 00:11,6.5916E+17,en,2374,429,2015-10-28 00:11:00,2015-10-28,2015-10,2015,0,Wednesday,The countdown is on. My Halloween show is this Friday. I hope you’re ready. https://t.co/4yEEPzEx8V,t02473
katyperry,". @maddisonxperry !WOMEN'S! calm down, I scored an 99. (room to grow 💅🏼)",25/09/2016 06:42,7.79934E+17,en,4961,1007,2016-09-25 06:42:00,2016-09-25,2016-09,2016,6,Sunday,". @maddisonxperry !WOMEN'S! calm down, I scored an 99. (room to grow 💅🏼)",t02474
ddlovato,GUYS BUT FOR REAL. #CoolForTheSummer is out now!!!!!! http://t.co/Eljbo6MjbO,02/07/2015 05:01,6.16472E+17,en,13731,10834,2015-07-02 05:01:00,2015-07-02,2015-07,2015,5,Thursday,GUYS BUT FOR REAL. #CoolForTheSummer is out now!!!!!! http://t.co/Eljbo6MjbO,t02475
rihanna,Congrats to my German boyz! This was the most epic experience of my entire life! You guys made me so proud to be here http://t.co/sRKmdzCn89,13/07/2014 22:24,4.88449E+17,en,28945,19196,2014-07-13 22:24:00,2014-07-13,2014-07,2014,22,Sunday,Congrats to my German boyz! This was the most epic experience of my entire life! You guys made me so proud to be here http://t.co/sRKmdzCn89,t02476
taylorswift13,"Clear blue water. High tide came and brought you in.
#TS1989 
#taylurking http://t.co/HSV1OPmQrA",01/11/2014 16:21,5.28583E+17,en,9791,4095,2014-11-01 16:21:00,2014-11-01,2014-11,2014,16,Saturday,Clear blue water. High tide came and brought you in. #TS1989 #taylurking http://t.co/HSV1OPmQrA,t02477
katyperry,Starting my niece young @itsjeremyscott https://t.co/eXSMKgRWpv,09/06/2015 22:02,6.08394E+17,en,9291,4560,2015-06-09 22:02:00,2015-06-09,2015-06,2015,22,Tuesday,Starting my niece young @itsjeremyscott https://t.co/eXSMKgRWpv,t02478
youtube,"Get ready to feel the feels 😚  😍  💋

@edsheeran’s in love with the #ShapeOfYou. https://t.co/1KlFjYTHFn https://t.co/L04hJfsLoz",07/01/2017 00:00,8.17521E+17,en,1357,288,2017-01-07 00:00:00,2017-01-07,2017-01,2017,0,Saturday,Get ready to feel the feels 😚 😍 💋 @edsheeran’s in love with the #ShapeOfYou. https://t.co/1KlFjYTHFn https://t.co/L04hJfsLoz,t02479
shakira,"Haha! Nice try Adam! RT @adamlevine in my defense, @shakira did tell me that cállate means I love you.",02/04/2013 12:34,3.19065E+17,en,1169,1354,2013-04-02 12:34:00,2013-04-02,2013-04,2013,12,Tuesday,"Haha! Nice try Adam! RT @adamlevine in my defense, @shakira did tell me that cállate means I love you.",t02480
jimmyfallon,"Last @LateNightJimmy tonight!! We've got Andy Samberg, @TheMuppets and more. Fun. #LateNight",07/02/2014 22:01,4.31911E+17,en,3036,1340,2014-02-07 22:01:00,2014-02-07,2014-02,2014,22,Friday,"Last @LateNightJimmy tonight!! We've got Andy Samberg, @TheMuppets and more. Fun. #LateNight",t02481
ladygaga,"I can't wait to hear from youth voices at the #EmotionRevolution Summit Oct 24! Together we're building a kinder,braver world @BTWFoundation",22/10/2015 16:03,6.57226E+17,en,5473,2922,2015-10-22 16:03:00,2015-10-22,2015-10,2015,16,Thursday,"I can't wait to hear from youth voices at the #EmotionRevolution Summit Oct 24! Together we're building a kinder,braver world @BTWFoundation",t02482
arianagrande,omg i've never looked shadier  https://t.co/kds02QHsRF,17/12/2015 20:19,6.77584E+17,en,13894,6403,2015-12-17 20:19:00,2015-12-17,2015-12,2015,20,Thursday,omg i've never looked shadier https://t.co/kds02QHsRF,t02483
rihanna,It's just beyond the vault. Discover room 7 of the #ANTIdiaRy at https://t.co/uJ0CLlhoaS https://t.co/povYOBn3Fm,04/01/2016 22:01,6.84133E+17,en,24816,12734,2016-01-04 22:01:00,2016-01-04,2016-01,2016,22,Monday,It's just beyond the vault. Discover room 7 of the #ANTIdiaRy at https://t.co/uJ0CLlhoaS https://t.co/povYOBn3Fm,t02484
rihanna,"I still haven't slept, and I'm flying to work #10minflight not even long enough to fall asleep!!",14/09/2013 22:44,3.79013E+17,en,1791,1918,2013-09-14 22:44:00,2013-09-14,2013-09,2013,22,Saturday,"I still haven't slept, and I'm flying to work #10minflight not even long enough to fall asleep!!",t02485
jtimberlake,"@WellErin ""All I need is a moment alone to give you my TONE and get you outta control."" Now... Catfight!!",03/04/2012 04:11,1.8703E+17,en,26,28,2012-04-03 04:11:00,2012-04-03,2012-04,2012,4,Tuesday,"@WellErin ""All I need is a moment alone to give you my TONE and get you outta control."" Now... Catfight!!",t02486
instagram,“Who knows? Life brings surprises.” —photographer Aujin Rew,06/02/2016 22:24,6.96097E+17,en,2006,687,2016-02-06 22:24:00,2016-02-06,2016-02,2016,22,Saturday,“Who knows? Life brings surprises.” —photographer Aujin Rew,t02487
theellenshow,Here it is! The very first episode of #TheTylerOakleyShow! I love it. @TylerOakley https://t.co/7VtPGsVqIS https://t.co/KcgBIkag0g,21/09/2016 16:59,7.7864E+17,en,5577,1165,2016-09-21 16:59:00,2016-09-21,2016-09,2016,16,Wednesday,Here it is! The very first episode of #TheTylerOakleyShow! I love it. @TylerOakley https://t.co/7VtPGsVqIS https://t.co/KcgBIkag0g,t02488
justinbieber,I'm with u on that https://t.co/TNl3bdnsuC,17/10/2015 03:56,6.55231E+17,en,28969,21694,2015-10-17 03:56:00,2015-10-17,2015-10,2015,3,Saturday,I'm with u on that https://t.co/TNl3bdnsuC,t02489
jtimberlake,76 degrees and sunny in Georgia. Cruising. Listening to #Calgary @boniver. These guys are brilliant.,04/04/2012 15:13,1.87559E+17,en,245,498,2012-04-04 15:13:00,2012-04-04,2012-04,2012,15,Wednesday,76 degrees and sunny in Georgia. Cruising. Listening to #Calgary @boniver. These guys are brilliant.,t02490
cristiano,"I do like table-tennis. @xox_s Is it true that besides football, you enjoy tennis too? what other sports do you like? =D",19/11/2010 18:41,5.69205E+15,en,42,102,2010-11-19 18:41:00,2010-11-19,2010-11,2010,18,Friday,"I do like table-tennis. @xox_s Is it true that besides football, you enjoy tennis too? what other sports do you like? =D",t02491
barackobama,Add your name if you think it's time to #FixOvertime protections for hard-working Americans: http://t.co/YBynYdNqwa,07/07/2015 15:05,6.18436E+17,en,1478,627,2015-07-07 15:05:00,2015-07-07,2015-07,2015,15,Tuesday,Add your name if you think it's time to #FixOvertime protections for hard-working Americans: http://t.co/YBynYdNqwa,t02492
instagram,The Week on Instagram | 207 https://t.co/1yWM5IZudm https://t.co/tg5R6wv6ng,01/11/2015 16:18,6.60854E+17,en,2169,533,2015-11-01 16:18:00,2015-11-01,2015-11,2015,16,Sunday,The Week on Instagram | 207 https://t.co/1yWM5IZudm https://t.co/tg5R6wv6ng,t02493
barackobama,Here's what happened when 35 passionate student organizers came together to learn how to improve their impact: https://t.co/3wRfGGGMQE,02/11/2015 18:42,6.61252E+17,en,893,356,2015-11-02 18:42:00,2015-11-02,2015-11,2015,18,Monday,Here's what happened when 35 passionate student organizers came together to learn how to improve their impact: https://t.co/3wRfGGGMQE,t02494
katyperry,"Remember kids, there's a reason the word pain is in champagne 😳",25/08/2014 19:52,5.03993E+17,en,15452,8567,2014-08-25 19:52:00,2014-08-25,2014-08,2014,19,Monday,"Remember kids, there's a reason the word pain is in champagne 😳",t02495
selenagomez,":(  Aww I can't believe its almost over, I miss my 2nd family. http://t.co/BOGXbWQg",16/11/2011 23:02,1.36942E+17,en,1417,3830,2011-11-16 23:02:00,2011-11-16,2011-11,2011,23,Wednesday,":( Aww I can't believe its almost over, I miss my 2nd family. http://t.co/BOGXbWQg",t02496
rihanna,#CANADA I'm baaaaack!!!! First stop #Montreal!! #DWT http://t.co/UseSi0CWIW,01/05/2013 19:04,3.29673E+17,en,1285,1807,2013-05-01 19:04:00,2013-05-01,2013-05,2013,19,Wednesday,#CANADA I'm baaaaack!!!! First stop #Montreal!! #DWT http://t.co/UseSi0CWIW,t02497
justinbieber,@diplo @edsheeran go big or go home. Ha,08/11/2015 02:35,6.63183E+17,en,25829,21986,2015-11-08 02:35:00,2015-11-08,2015-11,2015,2,Sunday,@diplo @edsheeran go big or go home. Ha,t02498
jimmyfallon,Promo for tonight's Tonight Show. http://t.co/S6fhOFgJvl #colbert #kerirussell #brokenbells #nbc,08/03/2014 03:11,4.42135E+17,en,581,184,2014-03-08 03:11:00,2014-03-08,2014-03,2014,3,Saturday,Promo for tonight's Tonight Show. http://t.co/S6fhOFgJvl #colbert #kerirussell #brokenbells #nbc,t02499
instagram,"Making art with a touch of magic for #WHPinthestudio
https://t.co/3hf3KqZ24R",25/10/2016 02:30,7.90742E+17,en,628,140,2016-10-25 02:30:00,2016-10-25,2016-10,2016,2,Tuesday,Making art with a touch of magic for #WHPinthestudio https://t.co/3hf3KqZ24R,t02500
arianagrande,@biebsecrvts it's such a shocking image. I was on the floor when an old friend tagged me in it ages ago. bout time I shared it.,14/02/2016 20:47,6.98972E+17,en,9950,3712,2016-02-14 20:47:00,2016-02-14,2016-02,2016,20,Sunday,@biebsecrvts it's such a shocking image. I was on the floor when an old friend tagged me in it ages ago. bout time I shared it.,t02501
twitter,"Don’t miss a minute of the action! #LAvsSEA streams LIVE on Twitter this Thursday!

Go to Moments or https://t.co/WdzHD9qrrO to watch.",14/12/2016 02:03,8.08855E+17,en,435,120,2016-12-14 02:03:00,2016-12-14,2016-12,2016,2,Wednesday,Don’t miss a minute of the action! #LAvsSEA streams LIVE on Twitter this Thursday! Go to Moments or https://t.co/WdzHD9qrrO to watch.,t02502
barackobama,FACT: Total U.S. exports sustained 11.3 million American jobs in 2013. #MadeInAmerica,03/09/2014 19:53,5.07255E+17,en,861,430,2014-09-03 19:53:00,2014-09-03,2014-09,2014,19,Wednesday,FACT: Total U.S. exports sustained 11.3 million American jobs in 2013. #MadeInAmerica,t02503
selenagomez,Mexico City are you ready for tomorrow?  Get your Round and Rounds Ready.  #WOTNSOUTHAMERICA... http://t.co/N2GSMwXV,26/01/2012 03:05,1.62371E+17,en,1915,4944,2012-01-26 03:05:00,2012-01-26,2012-01,2012,3,Thursday,Mexico City are you ready for tomorrow? Get your Round and Rounds Ready. #WOTNSOUTHAMERICA... http://t.co/N2GSMwXV,t02504
katyperry,CURITIBA TO COSTA RICA - I'm excited to get💃🏻🍷😜2 ON😜🍷💃🏻with the dope @tinashe opening select dates on… https://t.co/j4GRTuIb9L,19/08/2015 14:29,6.34009E+17,en,10010,4961,2015-08-19 14:29:00,2015-08-19,2015-08,2015,14,Wednesday,CURITIBA TO COSTA RICA - I'm excited to get💃🏻🍷😜2 ON😜🍷💃🏻with the dope @tinashe opening select dates on… https://t.co/j4GRTuIb9L,t02505
youtube,Happy #NationalVoterRegistrationDay! Take 1 minute and 34 seconds out of your day to register to vote:… https://t.co/pzvByiMsMc,27/09/2016 16:55,7.80813E+17,en,917,257,2016-09-27 16:55:00,2016-09-27,2016-09,2016,16,Tuesday,Happy #NationalVoterRegistrationDay! Take 1 minute and 34 seconds out of your day to register to vote:… https://t.co/pzvByiMsMc,t02506
britneyspears,Love?? Do you &lt;3 it as much as I do? :) #WORKBxxCHVideo http://t.co/dYmcgsBT67,02/10/2013 01:49,3.8522E+17,en,2782,4273,2013-10-02 01:49:00,2013-10-02,2013-10,2013,1,Wednesday,Love?? Do you <3 it as much as I do? :) #WORKBxxCHVideo http://t.co/dYmcgsBT67,t02507
ddlovato,SO AMAZING!!! Thank you guys so much!! #COOLFORTHESUMMER 🍒☀️🌴💦🍉💗 http://t.co/NpLJpMaOBW,08/07/2015 02:53,6.18614E+17,en,16015,10810,2015-07-08 02:53:00,2015-07-08,2015-07,2015,2,Wednesday,SO AMAZING!!! Thank you guys so much!! #COOLFORTHESUMMER 🍒☀️🌴💦🍉💗 http://t.co/NpLJpMaOBW,t02508
britneyspears,"Stream Glory, watch #MakeMe, earn points, and win tickets to #PieceOfMe 🎟 All on @tunespeak! https://t.co/05VkIfDNeR",26/08/2016 19:42,7.69259E+17,en,3573,1353,2016-08-26 19:42:00,2016-08-26,2016-08,2016,19,Friday,"Stream Glory, watch #MakeMe, earn points, and win tickets to #PieceOfMe 🎟 All on @tunespeak! https://t.co/05VkIfDNeR",t02509
cristiano,It was a great game against Athletic Bilbao. Final score: Real Madrid 5- Athletic Bilbao 1... http://say.ly/xmR53O,22/11/2010 20:05,6.80041E+15,en,49,183,2010-11-22 20:05:00,2010-11-22,2010-11,2010,20,Monday,It was a great game against Athletic Bilbao. Final score: Real Madrid 5- Athletic Bilbao 1... http://say.ly/xmR53O,t02510
theellenshow,My surprise guest today left me shaken. Not stirred. https://t.co/mLMYoFY0vq,17/11/2015 20:29,6.66715E+17,en,2514,450,2015-11-17 20:29:00,2015-11-17,2015-11,2015,20,Tuesday,My surprise guest today left me shaken. Not stirred. https://t.co/mLMYoFY0vq,t02511
cristiano,Do you want to see me singing with Anselmo Ralph? Check out http://t.co/E7NWTTYgOZ,08/06/2014 15:11,4.75656E+17,en,3889,2684,2014-06-08 15:11:00,2014-06-08,2014-06,2014,15,Sunday,Do you want to see me singing with Anselmo Ralph? Check out http://t.co/E7NWTTYgOZ,t02512
jimmyfallon,"Tonight: @KevinBacon, @JeffAnimalGuy, music from @tydollasign &amp; Heart's @AnnHeartMusic sitting in with the Roots. #FallonTonight",21/03/2014 20:00,4.47101E+17,en,734,197,2014-03-21 20:00:00,2014-03-21,2014-03,2014,20,Friday,"Tonight: @KevinBacon, @JeffAnimalGuy, music from @tydollasign & Heart's @AnnHeartMusic sitting in with the Roots. #FallonTonight",t02513
twitter,Today we honor those who have served around the world #VeteransDay #ArmisticeDay #RemembranceDay https://t.co/d1PW3O667W,11/11/2015 19:25,6.64524E+17,en,3130,1618,2015-11-11 19:25:00,2015-11-11,2015-11,2015,19,Wednesday,Today we honor those who have served around the world #VeteransDay #ArmisticeDay #RemembranceDay https://t.co/d1PW3O667W,t02514
ddlovato,I LOVE COFFFFEEEEEEEJFKSJFMSKDNFK!!!  ☕️☕️☕️☕️☕️ WHO'S READY TO WORKOUT?!!?!,06/02/2015 15:53,5.63727E+17,en,24816,15922,2015-02-06 15:53:00,2015-02-06,2015-02,2015,15,Friday,I LOVE COFFFFEEEEEEEJFKSJFMSKDNFK!!! ☕️☕️☕️☕️☕️ WHO'S READY TO WORKOUT?!!?!,t02515
ladygaga,@BlakeDeveraux those men were so brave and strong and inspiring. Its different for them too. ❤️love seeing all the support for them,29/02/2016 21:09,7.04413E+17,en,2579,1178,2016-02-29 21:09:00,2016-02-29,2016-02,2016,21,Monday,@BlakeDeveraux those men were so brave and strong and inspiring. Its different for them too. ❤️love seeing all the support for them,t02516
jimmyfallon,"Tonight on the show: Rachel McAdams, @realmichaelpena, stand-up from
Robert Klein and it's #ThankYouNoteFriday. #FallonTonight",24/07/2015 15:18,6.246E+17,en,1215,194,2015-07-24 15:18:00,2015-07-24,2015-07,2015,15,Friday,"Tonight on the show: Rachel McAdams, @realmichaelpena, stand-up from Robert Klein and it's #ThankYouNoteFriday. #FallonTonight",t02517
justinbieber,Let's #giveback together. #PurposeInTO on sale now. See u on 12/7 at @TheDanforthMH to benefit @StratfordHOB https://t.co/wFWJtLhkcf,01/12/2015 21:05,6.71797E+17,en,53135,34358,2015-12-01 21:05:00,2015-12-01,2015-12,2015,21,Tuesday,Let's #giveback together. #PurposeInTO on sale now. See u on 12/7 at @TheDanforthMH to benefit @StratfordHOB https://t.co/wFWJtLhkcf,t02518
theellenshow,".@KygoMusic is here! He’s my favorite new Norwegian DJ, or as they’re commonly called, Norweejay. https://t.co/5PdWUc8EV3",12/01/2016 22:13,6.87035E+17,en,2648,534,2016-01-12 22:13:00,2016-01-12,2016-01,2016,22,Tuesday,".@KygoMusic is here! He’s my favorite new Norwegian DJ, or as they’re commonly called, Norweejay. https://t.co/5PdWUc8EV3",t02519
selenagomez,What an incredible concert tonight at Tower Records in Tokyo. Thank you for all the love and support!,22/02/2011 11:14,4.00064E+16,en,623,1676,2011-02-22 11:14:00,2011-02-22,2011-02,2011,11,Tuesday,What an incredible concert tonight at Tower Records in Tokyo. Thank you for all the love and support!,t02520
instagram,"1 loving dad 👨
+ 2 slices of toast 🍞🍞
= endlessly entertaining breakfasts
(via @Huffington Post) 
https://t.co/E1TGQ4Ec6A",15/08/2016 00:45,7.64986E+17,en,1405,330,2016-08-15 00:45:00,2016-08-15,2016-08,2016,0,Monday,1 loving dad 👨 + 2 slices of toast 🍞🍞 = endlessly entertaining breakfasts (via @Huffington Post) https://t.co/E1TGQ4Ec6A,t02521
kimkardashian,I don't even know why I started crying after! Just so happy everyone is ok! Scariest experience of my life!,01/06/2015 01:43,6.05188E+17,en,8596,1372,2015-06-01 01:43:00,2015-06-01,2015-06,2015,1,Monday,I don't even know why I started crying after! Just so happy everyone is ok! Scariest experience of my life!,t02522
barackobama,LIVE: President Obama is delivering a call for action at the U.N. Climate Summit. http://t.co/SendSAeRBA #ActOnClimate,23/09/2014 17:02,5.1446E+17,en,581,351,2014-09-23 17:02:00,2014-09-23,2014-09,2014,17,Tuesday,LIVE: President Obama is delivering a call for action at the U.N. Climate Summit. http://t.co/SendSAeRBA #ActOnClimate,t02523
jtimberlake,MPLS/St. Paul! Quit playing!! Y'all were NUTSO tonight!! Love it. Thank for all the love. Enjoyed it so much.,10/02/2014 06:31,4.32764E+17,en,3907,1767,2014-02-10 06:31:00,2014-02-10,2014-02,2014,6,Monday,MPLS/St. Paul! Quit playing!! Y'all were NUTSO tonight!! Love it. Thank for all the love. Enjoyed it so much.,t02524
instagram,“Every day feels like waking up on almost a different planet.” —Antarctic photographer @whereisacacia https://t.co/aj6ygsrzcU,18/03/2016 13:00,7.10813E+17,en,1248,305,2016-03-18 13:00:00,2016-03-18,2016-03,2016,13,Friday,“Every day feels like waking up on almost a different planet.” —Antarctic photographer @whereisacacia https://t.co/aj6ygsrzcU,t02525
cristiano,"Hey guys, we arrived in Copenhagen for another Champions League game tomorrow! http://t.co/ZT91AUsO5D",09/12/2013 12:51,4.10029E+17,en,7760,7275,2013-12-09 12:51:00,2013-12-09,2013-12,2013,12,Monday,"Hey guys, we arrived in Copenhagen for another Champions League game tomorrow! http://t.co/ZT91AUsO5D",t02526
theellenshow,"If you’re in #NYC and you have a beach outfit to wear, I hope you’ll be following my tweets tomorrow.",14/11/2016 02:40,7.97993E+17,en,4298,371,2016-11-14 02:40:00,2016-11-14,2016-11,2016,2,Monday,"If you’re in #NYC and you have a beach outfit to wear, I hope you’ll be following my tweets tomorrow.",t02527
jtimberlake,Did you see Justin host the season finale of SNL last night? Check out the highlights http://bit.ly/lQ1HnE,22/05/2011 19:29,7.23836E+16,en,181,411,2011-05-22 19:29:00,2011-05-22,2011-05,2011,19,Sunday,Did you see Justin host the season finale of SNL last night? Check out the highlights http://bit.ly/lQ1HnE,t02528
barackobama,We're already seeing the effects of climate change. Denial is unacceptable. #ActOnClimate https://t.co/k3sphu7KgC,25/04/2016 19:22,7.2468E+17,en,7208,3039,2016-04-25 19:22:00,2016-04-25,2016-04,2016,19,Monday,We're already seeing the effects of climate change. Denial is unacceptable. #ActOnClimate https://t.co/k3sphu7KgC,t02529
selenagomez,And so it begins. Design meeting adidasneolabel Colossians 3:23 http://t.co/hojtfmRRJc,10/10/2014 20:25,5.20672E+17,en,12172,8075,2014-10-10 20:25:00,2014-10-10,2014-10,2014,20,Friday,And so it begins. Design meeting adidasneolabel Colossians 3:23 http://t.co/hojtfmRRJc,t02530
britneyspears,The show I'm putting together has more dance than any show I've ever done. I guess I was dancing until my body ached every single day. LOL!!,05/12/2013 19:52,4.08685E+17,en,1469,1334,2013-12-05 19:52:00,2013-12-05,2013-12,2013,19,Thursday,The show I'm putting together has more dance than any show I've ever done. I guess I was dancing until my body ached every single day. LOL!!,t02531
kimkardashian,Should I live stream now?,05/02/2016 23:02,6.95744E+17,en,3749,533,2016-02-05 23:02:00,2016-02-05,2016-02,2016,23,Friday,Should I live stream now?,t02532
rihanna,“@PerezHilton: @rihanna You know you'd hit it!! http://t.co/ZCSWjlTiYY”  I can't resist a man in his @charliebymz #boneralert,28/07/2013 08:34,3.61404E+17,en,635,586,2013-07-28 08:34:00,2013-07-28,2013-07,2013,8,Sunday,“@PerezHilton: @rihanna You know you'd hit it!! http://t.co/ZCSWjlTiYY” I can't resist a man in his @charliebymz #boneralert,t02533
britneyspears,"@for3ver4lone Yes! Followed u, thanks sweetie",06/12/2012 03:38,2.76531E+17,en,53,76,2012-12-06 03:38:00,2012-12-06,2012-12,2012,3,Thursday,"@for3ver4lone Yes! Followed u, thanks sweetie",t02534
justinbieber,@ShawnMendes anytime,17/09/2015 18:01,6.44572E+17,en,36954,30359,2015-09-17 18:01:00,2015-09-17,2015-09,2015,18,Thursday,@ShawnMendes anytime,t02535
kimkardashian,Caption this... #VogueSpain #KimNoFilter http://t.co/72Dewa6trr,21/07/2015 23:56,6.23643E+17,en,15890,5205,2015-07-21 23:56:00,2015-07-21,2015-07,2015,23,Tuesday,Caption this... #VogueSpain #KimNoFilter http://t.co/72Dewa6trr,t02536
cristiano,Our bodies are a blank canvas and underwear is the first thing we put on. Add a splash of colour with #CR7Underwear https://t.co/rtaLStCsXL,16/02/2016 16:05,6.99626E+17,en,18487,4352,2016-02-16 16:05:00,2016-02-16,2016-02,2016,16,Tuesday,Our bodies are a blank canvas and underwear is the first thing we put on. Add a splash of colour with #CR7Underwear https://t.co/rtaLStCsXL,t02537
ladygaga,I got Asia about 100 presents on tour 🐷👑⚽️🎀💖😂 from both mommy and monsters! so many beautiful presents and letters from monsters! 💋,29/08/2014 20:33,5.05453E+17,en,6352,3739,2014-08-29 20:33:00,2014-08-29,2014-08,2014,20,Friday,I got Asia about 100 presents on tour 🐷👑⚽️🎀💖😂 from both mommy and monsters! so many beautiful presents and letters from monsters! 💋,t02538
kimkardashian,Thank you @WojoohBeauty for sponsoring the Master Class with your contour revolution palette! Xo,15/01/2017 10:11,8.20574E+17,en,5491,444,2017-01-15 10:11:00,2017-01-15,2017-01,2017,10,Sunday,Thank you @WojoohBeauty for sponsoring the Master Class with your contour revolution palette! Xo,t02539
jimmyfallon,.@jtimberlake and I returned to #CampWinnipesaukee last night http://t.co/Lq4MxVQxBC #FallonTonight,17/12/2014 15:32,5.4524E+17,en,2608,1219,2014-12-17 15:32:00,2014-12-17,2014-12,2014,15,Wednesday,.@jtimberlake and I returned to #CampWinnipesaukee last night http://t.co/Lq4MxVQxBC #FallonTonight,t02540
kimkardashian,Love this sleek black look http://t.co/0set3s3Oym,18/09/2015 23:04,6.45011E+17,en,4743,1036,2015-09-18 23:04:00,2015-09-18,2015-09,2015,23,Friday,Love this sleek black look http://t.co/0set3s3Oym,t02541
ladygaga,@TwerkHaus OKAY MUTHERFUCKERS #ARTPOP,15/08/2014 01:06,5.00086E+17,en,2331,1487,2014-08-15 01:06:00,2014-08-15,2014-08,2014,1,Friday,@TwerkHaus OKAY MUTHERFUCKERS #ARTPOP,t02542
arianagrande,love you more https://t.co/xLv36Alvni,29/03/2016 19:48,7.14902E+17,en,20542,5938,2016-03-29 19:48:00,2016-03-29,2016-03,2016,19,Tuesday,love you more https://t.co/xLv36Alvni,t02543
jtimberlake,Melbourne! First person to this spot gets two #JT2020Tour tix for next week &amp; a signed vinyl! Come get… http://t.co/8Jy48KXPtG,08/09/2014 02:11,5.088E+17,en,1519,526,2014-09-08 02:11:00,2014-09-08,2014-09,2014,2,Monday,Melbourne! First person to this spot gets two #JT2020Tour tix for next week & a signed vinyl! Come get… http://t.co/8Jy48KXPtG,t02544
ddlovato,"Thanks for the question, @iconapop!! My super power would be.... #DEMIINSWEDEN 😜😜
https://t.co/VnnhhOO3j7",06/11/2015 18:14,6.62695E+17,en,9352,5477,2015-11-06 18:14:00,2015-11-06,2015-11,2015,18,Friday,"Thanks for the question, @iconapop!! My super power would be.... #DEMIINSWEDEN 😜😜 https://t.co/VnnhhOO3j7",t02545
cnnbrk,Donald Trump confirms retired Gen. James Mattis as his nominee for Defense Secretary during a rally in Ohio. Watch:… https://t.co/qmL8GU0ZrW,02/12/2016 01:22,8.04496E+17,en,1115,442,2016-12-02 01:22:00,2016-12-02,2016-12,2016,1,Friday,Donald Trump confirms retired Gen. James Mattis as his nominee for Defense Secretary during a rally in Ohio. Watch:… https://t.co/qmL8GU0ZrW,t02546
justinbieber,@BBCR1 That was fun. Thanks,08/11/2015 15:45,6.63382E+17,en,19149,15005,2015-11-08 15:45:00,2015-11-08,2015-11,2015,15,Sunday,@BBCR1 That was fun. Thanks,t02547
barackobama,Tune in at 3:40 p.m. ET to watch President Obama and @DrBiden speak in Michigan on expanding #CollegeOpportunity. http://t.co/3Y6tYK6YQH,09/09/2015 18:49,6.41685E+17,en,798,352,2015-09-09 18:49:00,2015-09-09,2015-09,2015,18,Wednesday,Tune in at 3:40 p.m. ET to watch President Obama and @DrBiden speak in Michigan on expanding #CollegeOpportunity. http://t.co/3Y6tYK6YQH,t02548
shakira,Today during the Ballon d'Or Ceremony. More pics coming soon - Shak http://t.co/Envfe07P,09/01/2012 23:43,1.56522E+17,en,273,575,2012-01-09 23:43:00,2012-01-09,2012-01,2012,23,Monday,Today during the Ballon d'Or Ceremony. More pics coming soon - Shak http://t.co/Envfe07P,t02549
cristiano,"Congrats @badriyawr  I’ll follow you and you'll win a double ticket for Real Madrid - Real Sociedad match, January 6th",29/12/2012 19:30,2.85106E+17,en,506,1160,2012-12-29 19:30:00,2012-12-29,2012-12,2012,19,Saturday,"Congrats @badriyawr I’ll follow you and you'll win a double ticket for Real Madrid - Real Sociedad match, January 6th",t02550
theellenshow,#StarWars is coming. https://t.co/GGXAuGeJbY,07/12/2015 22:34,6.73994E+17,en,2454,529,2015-12-07 22:34:00,2015-12-07,2015-12,2015,22,Monday,#StarWars is coming. https://t.co/GGXAuGeJbY,t02551
shakira,Retweet / Retweet / Retweet #VoiceSave Kristen ShakHQ http://t.co/0cTV83mQ3L,14/05/2014 00:55,4.66381E+17,en,999,5690,2014-05-14 00:55:00,2014-05-14,2014-05,2014,0,Wednesday,Retweet / Retweet / Retweet #VoiceSave Kristen ShakHQ http://t.co/0cTV83mQ3L,t02552
twitter,"Wherever your New Year's celebrations take you, share it with the world. #GoLive https://t.co/QM34ewSLRK",29/12/2016 16:01,8.14502E+17,en,2643,486,2016-12-29 16:01:00,2016-12-29,2016-12,2016,16,Thursday,"Wherever your New Year's celebrations take you, share it with the world. #GoLive https://t.co/QM34ewSLRK",t02553
theellenshow,6 days to Season 13! Premiere Week starts in LA &amp; ends in NYC! I’m so excited. I haven’t been bicoastal since college http://t.co/wHNwaexHyL,02/09/2015 18:00,6.39136E+17,en,3692,705,2015-09-02 18:00:00,2015-09-02,2015-09,2015,18,Wednesday,6 days to Season 13! Premiere Week starts in LA & ends in NYC! I’m so excited. I haven’t been bicoastal since college http://t.co/wHNwaexHyL,t02554
arianagrande,p.s. I really really really love Portland.,05/09/2015 02:35,6.3999E+17,en,29681,12661,2015-09-05 02:35:00,2015-09-05,2015-09,2015,2,Saturday,p.s. I really really really love Portland.,t02555
ddlovato,#FutureNowTour tix on sale Nov. 7!!! https://t.co/M3cFOcEE6g https://t.co/GW1QUYRwPd,30/10/2015 15:23,6.60115E+17,en,16997,12056,2015-10-30 15:23:00,2015-10-30,2015-10,2015,15,Friday,#FutureNowTour tix on sale Nov. 7!!! https://t.co/M3cFOcEE6g https://t.co/GW1QUYRwPd,t02556
selenagomez,"Go watch my girl @Sammydroke in ""Seconds Apart"" this Saturday the 28th in select theaters near you!!
@sammydroke I hacked you ;)",26/01/2011 04:23,3.01186E+16,en,157,674,2011-01-26 04:23:00,2011-01-26,2011-01,2011,4,Wednesday,"Go watch my girl @Sammydroke in ""Seconds Apart"" this Saturday the 28th in select theaters near you!! @sammydroke I hacked you ;)",t02557
britneyspears,See y'all tomorrow. Kisses and hugs and goodnight! 💋💋💋,26/04/2014 06:17,4.59939E+17,en,5378,2850,2014-04-26 06:17:00,2014-04-26,2014-04,2014,6,Saturday,See y'all tomorrow. Kisses and hugs and goodnight! 💋💋💋,t02558
shakira,"Don't worry guys, they're safe and sound, just in better hands! Evidence attached. Shak http://t.co/OqxF6pNlUm",31/03/2013 17:37,3.18417E+17,en,519,383,2013-03-31 17:37:00,2013-03-31,2013-03,2013,17,Sunday,"Don't worry guys, they're safe and sound, just in better hands! Evidence attached. Shak http://t.co/OqxF6pNlUm",t02559
jtimberlake,"#PeytonManning

Couldn't be happier for you bro!!! You did it!!! You are the GOAT.

--JT",08/02/2016 03:26,6.96536E+17,en,17514,5151,2016-02-08 03:26:00,2016-02-08,2016-02,2016,3,Monday,#PeytonManning Couldn't be happier for you bro!!! You did it!!! You are the GOAT. --JT,t02560
cristiano,"Welcome. My fans are great if you need pointers. @deedsmcd My first day on Twitter, no idea how it works but following @Cristiano Ronaldo.",11/02/2011 21:40,3.61777E+16,en,109,154,2011-02-11 21:40:00,2011-02-11,2011-02,2011,21,Friday,"Welcome. My fans are great if you need pointers. @deedsmcd My first day on Twitter, no idea how it works but following @Cristiano Ronaldo.",t02561
britneyspears,All eyes on US @iamwill #iamangels and #britneyarmy unite!!! #ScreamAndShout,18/11/2012 21:24,2.70276E+17,en,765,2171,2012-11-18 21:24:00,2012-11-18,2012-11,2012,21,Sunday,All eyes on US @iamwill #iamangels and #britneyarmy unite!!! #ScreamAndShout,t02562
selenagomez,This is why I love my job more than anything.. Thank you Mia :) http://plixi.com/p/84196466,15/03/2011 15:24,4.76796E+16,en,634,1489,2011-03-15 15:24:00,2011-03-15,2011-03,2011,15,Tuesday,This is why I love my job more than anything.. Thank you Mia :) http://plixi.com/p/84196466,t02563
youtube,"All Pokémon go to heaven.
Respecting the fallen → https://t.co/hZwmfgKyez https://t.co/C8CdmQqS5O",02/08/2016 00:00,7.60264E+17,en,1205,159,2016-08-02 00:00:00,2016-08-02,2016-08,2016,0,Tuesday,All Pokémon go to heaven. Respecting the fallen → https://t.co/hZwmfgKyez https://t.co/C8CdmQqS5O,t02564
selenagomez,"Into the gloss, thank you! http://t.co/k962LJRdHE",02/10/2014 18:42,5.17746E+17,en,12571,8916,2014-10-02 18:42:00,2014-10-02,2014-10,2014,18,Thursday,"Into the gloss, thank you! http://t.co/k962LJRdHE",t02565
ladygaga,Getting ready to ice myself for #ALS http://t.co/TdxlD1BdWg,18/08/2014 11:49,5.01335E+17,en,4402,3059,2014-08-18 11:49:00,2014-08-18,2014-08,2014,11,Monday,Getting ready to ice myself for #ALS http://t.co/TdxlD1BdWg,t02566
shakira,Are you guys ready for #GERvsGHA? #daretowin Shak,21/06/2014 18:40,4.8042E+17,en,1817,810,2014-06-21 18:40:00,2014-06-21,2014-06,2014,18,Saturday,Are you guys ready for #GERvsGHA? #daretowin Shak,t02567
selenagomez,Remix Time! Watch the premiere of the Love You Like A Love Song Remix video on Celebuzz.... http://t.co/jqTg2fbB,21/10/2011 16:18,1.27419E+17,en,689,2003,2011-10-21 16:18:00,2011-10-21,2011-10,2011,16,Friday,Remix Time! Watch the premiere of the Love You Like A Love Song Remix video on Celebuzz.... http://t.co/jqTg2fbB,t02568
instagram,"Featured submissions from this weekend’s hashtag project: #WHPlightplay
https://t.co/WeD03Xbj8i https://t.co/wknvSoFQam",27/09/2016 00:30,7.80565E+17,en,708,141,2016-09-27 00:30:00,2016-09-27,2016-09,2016,0,Tuesday,Featured submissions from this weekend’s hashtag project: #WHPlightplay https://t.co/WeD03Xbj8i https://t.co/wknvSoFQam,t02569
rihanna,What do you do when stuck in traffic next to these heauxz @leleboo246 @mforde11 ???#SELFIIIEEESSS http://t.co/62gRz1aXn7,02/08/2013 01:15,3.63106E+17,en,1154,1300,2013-08-02 01:15:00,2013-08-02,2013-08,2013,1,Friday,What do you do when stuck in traffic next to these heauxz @leleboo246 @mforde11 ???#SELFIIIEEESSS http://t.co/62gRz1aXn7,t02570
twitter,"Head to Bangkok this #TravelTuesday to visit temples, eat street food, and take in the breathtaking views.… https://t.co/hOD4WeW103",20/09/2016 21:01,7.78338E+17,en,541,152,2016-09-20 21:01:00,2016-09-20,2016-09,2016,21,Tuesday,"Head to Bangkok this #TravelTuesday to visit temples, eat street food, and take in the breathtaking views.… https://t.co/hOD4WeW103",t02571
arianagrande,@HoneymoonShay I gasped out loud,17/08/2016 19:12,7.6599E+17,en,11137,3013,2016-08-17 19:12:00,2016-08-17,2016-08,2016,19,Wednesday,@HoneymoonShay I gasped out loud,t02572
ddlovato,I couldn't be more excited to share the stage with some of my favorite artists and friends.. Not to mention loved ones here as well 🙏🏼❤️,01/12/2015 14:49,6.71703E+17,en,16546,9409,2015-12-01 14:49:00,2015-12-01,2015-12,2015,14,Tuesday,I couldn't be more excited to share the stage with some of my favorite artists and friends.. Not to mention loved ones here as well 🙏🏼❤️,t02573
britneyspears,@GladBritneyCame The boys set it on fire,26/01/2013 03:04,2.95004E+17,en,153,263,2013-01-26 03:04:00,2013-01-26,2013-01,2013,3,Saturday,@GladBritneyCame The boys set it on fire,t02574
cnnbrk,"At least 2 children shot at elementary school in Townville, SC, county official says. https://t.co/AqJfu4OB5T https://t.co/WaAORQWsSe",28/09/2016 18:56,7.81206E+17,en,796,1802,2016-09-28 18:56:00,2016-09-28,2016-09,2016,18,Wednesday,"At least 2 children shot at elementary school in Townville, SC, county official says. https://t.co/AqJfu4OB5T https://t.co/WaAORQWsSe",t02575
kimkardashian,Hi doll!!! https://t.co/FmRuSFYagy,04/07/2016 01:23,7.49776E+17,en,1428,208,2016-07-04 01:23:00,2016-07-04,2016-07,2016,1,Monday,Hi doll!!! https://t.co/FmRuSFYagy,t02576
arianagrande,#5daystildangerouswoman / #sometimes world premiere today on beats1 around 2pm PT/5pm ET ♡ https://t.co/rjJPl1Bkht,15/05/2016 18:23,7.31913E+17,en,20162,8842,2016-05-15 18:23:00,2016-05-15,2016-05,2016,18,Sunday,#5daystildangerouswoman / #sometimes world premiere today on beats1 around 2pm PT/5pm ET ♡ https://t.co/rjJPl1Bkht,t02577
jimmyfallon,Tonight's Late Night http://t.co/TnEU26hbKc The Piercing,02/11/2013 02:31,3.96465E+17,en,338,163,2013-11-02 02:31:00,2013-11-02,2013-11,2013,2,Saturday,Tonight's Late Night http://t.co/TnEU26hbKc The Piercing,t02578
ladygaga,@CantReadMyJudas where is she I need to know her,28/09/2016 05:21,7.81001E+17,en,3177,1131,2016-09-28 05:21:00,2016-09-28,2016-09,2016,5,Wednesday,@CantReadMyJudas where is she I need to know her,t02579
instagram,Fearless nail art with @nailbarbie 💅 #TinyCanvas https://t.co/iD5QAmmlup,22/06/2016 22:30,7.45746E+17,en,833,175,2016-06-22 22:30:00,2016-06-22,2016-06,2016,22,Wednesday,Fearless nail art with @nailbarbie 💅 #TinyCanvas https://t.co/iD5QAmmlup,t02580
barackobama,Climate change's effects are devastating. Denying the science behind it does nothing to help. https://t.co/Rww40wwgD9 #ActOnClimate,12/10/2016 15:25,7.86226E+17,en,3211,1225,2016-10-12 15:25:00,2016-10-12,2016-10,2016,15,Wednesday,Climate change's effects are devastating. Denying the science behind it does nothing to help. https://t.co/Rww40wwgD9 #ActOnClimate,t02581
katyperry,💅 “@yungskeeter: don't even talk to me if you haven't bought #roar today”,12/08/2013 15:16,3.66941E+17,en,1366,1741,2013-08-12 15:16:00,2013-08-12,2013-08,2013,15,Monday,💅 “@yungskeeter: don't even talk to me if you haven't bought #roar today”,t02582
selenagomez,"Who says your not beautiful, party like it's not your birthday 
@AllstarWeekend + my scene = epic summer tour!! Soooo excited :)",26/03/2011 19:29,5.17275E+16,en,594,2089,2011-03-26 19:29:00,2011-03-26,2011-03,2011,19,Saturday,"Who says your not beautiful, party like it's not your birthday @AllstarWeekend + my scene = epic summer tour!! Soooo excited :)",t02583
barackobama,Be part of the team debunking myths with facts—join the @OFA Truth Team: https://t.co/6z9PgSYuSk https://t.co/51zJn9N8qa,23/02/2016 17:19,7.02181E+17,en,2093,626,2016-02-23 17:19:00,2016-02-23,2016-02,2016,17,Tuesday,Be part of the team debunking myths with facts—join the @OFA Truth Team: https://t.co/6z9PgSYuSk https://t.co/51zJn9N8qa,t02584
katyperry,My girl @bonniemckee is l👀king to break the Internet with a combo of this song and dat ass! 🍑#BombASStic🍑 http://t.co/wS6DEPZJvv,28/05/2015 19:47,6.04011E+17,en,10277,5553,2015-05-28 19:47:00,2015-05-28,2015-05,2015,19,Thursday,My girl @bonniemckee is l👀king to break the Internet with a combo of this song and dat ass! 🍑#BombASStic🍑 http://t.co/wS6DEPZJvv,t02585
katyperry,RT if your favorite jelly belly is juicy pear.,08/12/2014 11:33,5.41919E+17,en,9601,7029,2014-12-08 11:33:00,2014-12-08,2014-12,2014,11,Monday,RT if your favorite jelly belly is juicy pear.,t02586
cristiano,Check out my #Mercurial Speed Room 📽⚽️🏃🏽💨premiering in the @Nikefootball App https://t.co/GzCcnReVsP #sparkbrilli... https://t.co/RwyL4HhgLY,26/05/2016 07:00,7.35727E+17,en,22283,5196,2016-05-26 07:00:00,2016-05-26,2016-05,2016,7,Thursday,Check out my #Mercurial Speed Room 📽⚽️🏃🏽💨premiering in the @Nikefootball App https://t.co/GzCcnReVsP #sparkbrilli... https://t.co/RwyL4HhgLY,t02587
jimmyfallon,“@Shannondf: @jimmyfallon THAT did not disappoint! WOW! #DanielRadcliffe” yaaay!! I told you!?!!,29/10/2014 04:11,5.27312E+17,en,781,141,2014-10-29 04:11:00,2014-10-29,2014-10,2014,4,Wednesday,“@Shannondf: @jimmyfallon THAT did not disappoint! WOW! #DanielRadcliffe” yaaay!! I told you!?!!,t02588
arianagrande,me too 💛 love you https://t.co/vjqj93Awwg,14/01/2017 18:47,8.20342E+17,en,16959,3708,2017-01-14 18:47:00,2017-01-14,2017-01,2017,18,Saturday,me too 💛 love you https://t.co/vjqj93Awwg,t02589
shakira,Late night delirium in the studio with Nasri from @ournameisMAGIC and @SupaDups! Shak https://t.co/yit4dm1emd,12/08/2016 19:28,7.64182E+17,en,6250,968,2016-08-12 19:28:00,2016-08-12,2016-08,2016,19,Friday,Late night delirium in the studio with Nasri from @ournameisMAGIC and @SupaDups! Shak https://t.co/yit4dm1emd,t02590
jtimberlake,A lot of fun making this movie...it would be the action sequences and working with great actors. #InTime,28/10/2011 23:33,1.30065E+17,en,27,72,2011-10-28 23:33:00,2011-10-28,2011-10,2011,23,Friday,A lot of fun making this movie...it would be the action sequences and working with great actors. #InTime,t02591
jtimberlake,"“@AlisaApps: If @jtimberlake is so talented, then why does he need four backup singers every time he sings? He has no...” Aaaw. That's cute.",25/09/2013 20:29,3.82965E+17,en,836,802,2013-09-25 20:29:00,2013-09-25,2013-09,2013,20,Wednesday,"“@AlisaApps: If @jtimberlake is so talented, then why does he need four backup singers every time he sings? He has no...” Aaaw. That's cute.",t02592
jimmyfallon,Had a good time talking to Harrison Ford last night. The Han Solo figure not so much. https://t.co/uQs1CrF0dz #StarWars #FallonTonight,02/12/2015 14:06,6.72054E+17,en,1780,397,2015-12-02 14:06:00,2015-12-02,2015-12,2015,14,Wednesday,Had a good time talking to Harrison Ford last night. The Han Solo figure not so much. https://t.co/uQs1CrF0dz #StarWars #FallonTonight,t02593
britneyspears,"@DJPaulyD Thanks, Pauly!! I love birthdays too :)",03/12/2014 05:09,5.4001E+17,en,1148,600,2014-12-03 05:09:00,2014-12-03,2014-12,2014,5,Wednesday,"@DJPaulyD Thanks, Pauly!! I love birthdays too :)",t02594
youtube,"Nature, meet machine. 

 @FlumeMusic’s “TRUST” → https://t.co/TbVROs0s7z https://t.co/cUkOd3n0S1",29/11/2016 00:00,8.03388E+17,en,1091,188,2016-11-29 00:00:00,2016-11-29,2016-11,2016,0,Tuesday,"Nature, meet machine. @FlumeMusic’s “TRUST” → https://t.co/TbVROs0s7z https://t.co/cUkOd3n0S1",t02595
instagram,"No guts, no glory. InstaMeet goers take a freezing plunge at #GlacierNPS in Montana, USA. #LifeOnEarthWWIM13 https://t.co/7TwoxJbyUC",24/04/2016 22:00,7.24357E+17,en,743,132,2016-04-24 22:00:00,2016-04-24,2016-04,2016,22,Sunday,"No guts, no glory. InstaMeet goers take a freezing plunge at #GlacierNPS in Montana, USA. #LifeOnEarthWWIM13 https://t.co/7TwoxJbyUC",t02596
britneyspears,August 26th will be here sooner than you know it. Pre-order #Glory on @GooglePlay now! ▶ https://t.co/XODHhrr5tB,06/08/2016 18:09,7.61988E+17,en,4015,1590,2016-08-06 18:09:00,2016-08-06,2016-08,2016,18,Saturday,August 26th will be here sooner than you know it. Pre-order #Glory on @GooglePlay now! ▶ https://t.co/XODHhrr5tB,t02597
youtube,How skateboarding is changing lives in rural South Africa. https://t.co/uL9PvK5p5E https://t.co/pUsn8CjzyI,14/11/2016 22:00,7.98284E+17,en,934,228,2016-11-14 22:00:00,2016-11-14,2016-11,2016,22,Monday,How skateboarding is changing lives in rural South Africa. https://t.co/uL9PvK5p5E https://t.co/pUsn8CjzyI,t02598
ladygaga,"We are here Israel! I simply cannot wait to perform in Tel Aviv, thank you for the kind welcome. #artRAVETelAviv http://t.co/Uema4rbThT",12/09/2014 16:07,5.1046E+17,en,6379,4418,2014-09-12 16:07:00,2014-09-12,2014-09,2014,16,Friday,"We are here Israel! I simply cannot wait to perform in Tel Aviv, thank you for the kind welcome. #artRAVETelAviv http://t.co/Uema4rbThT",t02599
katyperry,Yes! Baked beans for EVERYONE. “@BethanyKeatley1: Roar is already at #1!! 🐯🇬🇧🐯🇬🇧🐯🇬🇧 @katyperry #IveGotTheEyeOfTheTiger #RoarUK”,01/09/2013 21:50,3.74288E+17,en,1962,2209,2013-09-01 21:50:00,2013-09-01,2013-09,2013,21,Sunday,Yes! Baked beans for EVERYONE. “@BethanyKeatley1: Roar is already at #1!! 🐯🇬🇧🐯🇬🇧🐯🇬🇧 @katyperry #IveGotTheEyeOfTheTiger #RoarUK”,t02600
justinbieber,Canoeing with jazzy and Jaxo http://t.co/bwBrqh5GrW,04/08/2015 16:06,6.28598E+17,en,56380,44763,2015-08-04 16:06:00,2015-08-04,2015-08,2015,16,Tuesday,Canoeing with jazzy and Jaxo http://t.co/bwBrqh5GrW,t02601
cristiano,Probably the one against Porto win MU.e- @TashaIchimaru @Cristiano what is your favourite goal that you have scored?,27/01/2011 20:00,3.07168E+16,en,58,121,2011-01-27 20:00:00,2011-01-27,2011-01,2011,20,Thursday,Probably the one against Porto win MU.e- @TashaIchimaru @Cristiano what is your favourite goal that you have scored?,t02602
youtube,@TrevorDmusic ¯\_(ツ)_/¯ news to us!,19/04/2016 22:25,7.22552E+17,en,60,7,2016-04-19 22:25:00,2016-04-19,2016-04,2016,22,Tuesday,@TrevorDmusic ¯\_(ツ)_/¯ news to us!,t02603
justinbieber,Loving see all these kids dancing to #children @NickDeMoura #PURPOSETOUR,07/03/2016 23:29,7.06985E+17,en,72990,44980,2016-03-07 23:29:00,2016-03-07,2016-03,2016,23,Monday,Loving see all these kids dancing to #children @NickDeMoura #PURPOSETOUR,t02604
jimmyfallon,“@lilkittens: I think @jimmyfallon walks better in heels than I do” not easy. #notjealous,15/11/2014 05:04,5.33486E+17,en,796,98,2014-11-15 05:04:00,2014-11-15,2014-11,2014,5,Saturday,“@lilkittens: I think @jimmyfallon walks better in heels than I do” not easy. #notjealous,t02605
theellenshow,Last chance to win my #CatWeek Watch and Win! No big deal. It could just be worth $10K #LaughDancePartner https://t.co/bZm5FTauMK,30/09/2016 21:34,7.81971E+17,en,1309,157,2016-09-30 21:34:00,2016-09-30,2016-09,2016,21,Friday,Last chance to win my #CatWeek Watch and Win! No big deal. It could just be worth $10K #LaughDancePartner https://t.co/bZm5FTauMK,t02606
britneyspears,To the woman who taught me everything I know about being a mom... Happy Mother's Day mom! 💞 http://t.co/hIECtnziKd,11/05/2014 17:57,4.65551E+17,en,11764,4187,2014-05-11 17:57:00,2014-05-11,2014-05,2014,17,Sunday,To the woman who taught me everything I know about being a mom... Happy Mother's Day mom! 💞 http://t.co/hIECtnziKd,t02607
jimmyfallon,"“@TrevMusicXpert: @jimmyfallon Do you plan on watching Bachelor in Paradise?"" Yes. Addicted.",30/07/2014 14:16,4.94487E+17,en,742,96,2014-07-30 14:16:00,2014-07-30,2014-07,2014,14,Wednesday,"“@TrevMusicXpert: @jimmyfallon Do you plan on watching Bachelor in Paradise?"" Yes. Addicted.",t02608
ladygaga,I will always be stronger than the current I swim against. #ARTPOP #artRaveAthens #OlympicStadium http://t.co/bhOrwhd7vq,19/09/2014 20:44,5.13066E+17,en,4434,3126,2014-09-19 20:44:00,2014-09-19,2014-09,2014,20,Friday,I will always be stronger than the current I swim against. #ARTPOP #artRaveAthens #OlympicStadium http://t.co/bhOrwhd7vq,t02609
theellenshow,"For those asking, Kim Burrell will not be appearing on my show.",03/01/2017 18:53,8.16357E+17,en,37223,10437,2017-01-03 18:53:00,2017-01-03,2017-01,2017,18,Tuesday,"For those asking, Kim Burrell will not be appearing on my show.",t02610
barackobama,LIVE: The President is speaking to the Adas Israel Congregation in celebration of Jewish American Heritage Month. http://t.co/yHfyWCckLt,22/05/2015 14:59,6.01764E+17,en,1005,352,2015-05-22 14:59:00,2015-05-22,2015-05,2015,14,Friday,LIVE: The President is speaking to the Adas Israel Congregation in celebration of Jewish American Heritage Month. http://t.co/yHfyWCckLt,t02611
kimkardashian,Ok I'm done! LOL,12/07/2015 04:20,6.20085E+17,en,8926,2631,2015-07-12 04:20:00,2015-07-12,2015-07,2015,4,Sunday,Ok I'm done! LOL,t02612
arianagrande,"""soon"". &amp; you're getting more than just oneee.  https://t.co/cZOHrm7S7n",13/12/2015 20:30,6.76137E+17,en,22049,10287,2015-12-13 20:30:00,2015-12-13,2015-12,2015,20,Sunday,"""soon"". & you're getting more than just oneee. https://t.co/cZOHrm7S7n",t02613
ddlovato,Cloud 90000000 ☁️💗 #GRAMMYs https://t.co/eGQWMMxPKy,16/02/2016 05:44,6.99469E+17,en,33039,15878,2016-02-16 05:44:00,2016-02-16,2016-02,2016,5,Tuesday,Cloud 90000000 ☁️💗 #GRAMMYs https://t.co/eGQWMMxPKy,t02614
selenagomez,Listen to #GoodForYou every hr on @Z100NewYork &amp; get a 1st look at the video on the @beatsbydre Times Sq. billboard! http://t.co/XFXXXFKIis,22/06/2015 15:10,6.13001E+17,en,14994,9849,2015-06-22 15:10:00,2015-06-22,2015-06,2015,15,Monday,Listen to #GoodForYou every hr on @Z100NewYork & get a 1st look at the video on the @beatsbydre Times Sq. billboard! http://t.co/XFXXXFKIis,t02615
cristiano,"Have a nice Sunday everyone!
http://t.co/1s8k2bGQEG http://t.co/FoQNRaLPoc",09/08/2015 13:29,6.3037E+17,en,16251,5393,2015-08-09 13:29:00,2015-08-09,2015-08,2015,13,Sunday,Have a nice Sunday everyone! http://t.co/1s8k2bGQEG http://t.co/FoQNRaLPoc,t02616
theellenshow,".@TylerOakley went to a haunted house. And he took his friend, @Harto. At least they were friends before.… https://t.co/8YPStE2IVv",24/10/2016 17:59,7.90614E+17,en,5644,975,2016-10-24 17:59:00,2016-10-24,2016-10,2016,17,Monday,".@TylerOakley went to a haunted house. And he took his friend, @Harto. At least they were friends before.… https://t.co/8YPStE2IVv",t02617
justinbieber,Not about the awards but thank u https://t.co/daPQJV3mvg,02/11/2016 16:26,7.93852E+17,en,86308,43720,2016-11-02 16:26:00,2016-11-02,2016-11,2016,16,Wednesday,Not about the awards but thank u https://t.co/daPQJV3mvg,t02618
justinbieber,Music all day,18/08/2015 20:00,6.3373E+17,en,65528,62901,2015-08-18 20:00:00,2015-08-18,2015-08,2015,20,Tuesday,Music all day,t02619
ddlovato,Love you @PaulaAbdul 💕💞,23/11/2015 21:14,6.689E+17,en,7856,4185,2015-11-23 21:14:00,2015-11-23,2015-11,2015,21,Monday,Love you @PaulaAbdul 💕💞,t02620
barackobama,Check out five big victories that made 2015 a great year for progress: https://t.co/QUoecEpNfJ,29/12/2015 16:49,6.8188E+17,en,1779,568,2015-12-29 16:49:00,2015-12-29,2015-12,2015,16,Tuesday,Check out five big victories that made 2015 a great year for progress: https://t.co/QUoecEpNfJ,t02621
theellenshow,".@ProjectRunway is on tonight 9/8c on @Lifetimetv, though my friend @HeidiKlum will have a hard time finding a bett… https://t.co/CKIyDzzZ2i",03/11/2016 19:29,7.9426E+17,en,2761,241,2016-11-03 19:29:00,2016-11-03,2016-11,2016,19,Thursday,".@ProjectRunway is on tonight 9/8c on @Lifetimetv, though my friend @HeidiKlum will have a hard time finding a bett… https://t.co/CKIyDzzZ2i",t02622
ladygaga,"@OscarCOfficial I live for the hustle, that's how I got here. And it's how I'll stay.",28/09/2014 02:39,5.16054E+17,en,1643,980,2014-09-28 02:39:00,2014-09-28,2014-09,2014,2,Sunday,"@OscarCOfficial I live for the hustle, that's how I got here. And it's how I'll stay.",t02623
barackobama,These senators are at odds with 97% of climate scientists and NASA. #ActOnClimate http://t.co/zYUuwl7AFb,23/01/2015 20:41,5.58726E+17,en,6263,6133,2015-01-23 20:41:00,2015-01-23,2015-01,2015,20,Friday,These senators are at odds with 97% of climate scientists and NASA. #ActOnClimate http://t.co/zYUuwl7AFb,t02624
katyperry,This studio session has just taken a turn. http://t.co/tpgsissX,07/02/2013 03:41,2.99362E+17,en,9129,8718,2013-02-07 03:41:00,2013-02-07,2013-02,2013,3,Thursday,This studio session has just taken a turn. http://t.co/tpgsissX,t02625
cristiano,Having fun on set of my #CR7Shirts shoot! http://t.co/RwbrAO7iK5 http://t.co/8nTZ20ShFo,19/10/2015 13:35,6.56101E+17,en,9915,3193,2015-10-19 13:35:00,2015-10-19,2015-10,2015,13,Monday,Having fun on set of my #CR7Shirts shoot! http://t.co/RwbrAO7iK5 http://t.co/8nTZ20ShFo,t02626
youtube,"""It’s not about the voices in your head. It’s about what you do with them."" https://t.co/g8cvH2l6kr #Voices https://t.co/Cx7Xk2JkZ4",09/08/2016 20:39,7.63112E+17,en,4266,944,2016-08-09 20:39:00,2016-08-09,2016-08,2016,20,Tuesday,"""It’s not about the voices in your head. It’s about what you do with them."" https://t.co/g8cvH2l6kr #Voices https://t.co/Cx7Xk2JkZ4",t02627
britneyspears,@SwagyGomez it's definitely possible ;) #BritneySurprise,13/12/2013 13:43,4.11491E+17,en,208,124,2013-12-13 13:43:00,2013-12-13,2013-12,2013,13,Friday,@SwagyGomez it's definitely possible ;) #BritneySurprise,t02628
shakira,"Check out our video highlights of Shak's show in Baku, Azerbaijan at the weekend http://t.co/xpZHxHZo  ShakiraHQ",18/10/2012 19:37,2.59015E+17,en,261,349,2012-10-18 19:37:00,2012-10-18,2012-10,2012,19,Thursday,"Check out our video highlights of Shak's show in Baku, Azerbaijan at the weekend http://t.co/xpZHxHZo ShakiraHQ",t02629
barackobama,Watch the weekly address: The President is working to help the middle class. It's time Congress did the same. http://t.co/8Ej0ZaPFJ7,02/08/2014 15:55,4.95599E+17,en,782,502,2014-08-02 15:55:00,2014-08-02,2014-08,2014,15,Saturday,Watch the weekly address: The President is working to help the middle class. It's time Congress did the same. http://t.co/8Ej0ZaPFJ7,t02630
jimmyfallon,"Dakota Johnson's mom said she doesn't plan on seeing 50 Shades of Grey. In her defense, that's what EVERYONE'S mom is saying. #fallonmono",11/02/2015 01:04,5.65316E+17,en,4636,1326,2015-02-11 01:04:00,2015-02-11,2015-02,2015,1,Wednesday,"Dakota Johnson's mom said she doesn't plan on seeing 50 Shades of Grey. In her defense, that's what EVERYONE'S mom is saying. #fallonmono",t02631
twitter,"What do zombies, wolves &amp; dragons have in common? See @NielsenSocial's list of the most-Tweeted TV shows in 2014: https://t.co/jWIUItAwXa",16/12/2014 22:24,5.44981E+17,en,354,236,2014-12-16 22:24:00,2014-12-16,2014-12,2014,22,Tuesday,"What do zombies, wolves & dragons have in common? See @NielsenSocial's list of the most-Tweeted TV shows in 2014: https://t.co/jWIUItAwXa",t02632
jimmyfallon,Only one week left until Father's Day! http://t.co/piYWJaQGiL https://t.co/TZiHnNyHlm,15/06/2015 15:16,6.10466E+17,en,940,216,2015-06-15 15:16:00,2015-06-15,2015-06,2015,15,Monday,Only one week left until Father's Day! http://t.co/piYWJaQGiL https://t.co/TZiHnNyHlm,t02633
jtimberlake,"“@MyBrewTube: I love you, Memphis. But I'll never forgive you for closing down Platinum Plus. Never. http://t.co/S8nqXIGRf1”#ThePurpleChurch",28/06/2013 18:43,3.50686E+17,en,390,397,2013-06-28 18:43:00,2013-06-28,2013-06,2013,18,Friday,"“@MyBrewTube: I love you, Memphis. But I'll never forgive you for closing down Platinum Plus. Never. http://t.co/S8nqXIGRf1”#ThePurpleChurch",t02634
youtube,@sWooZ1e heyy,09/01/2017 22:47,8.1859E+17,en,172,12,2017-01-09 22:47:00,2017-01-09,2017-01,2017,22,Monday,@sWooZ1e heyy,t02635
youtube,Will it drone? https://t.co/0QhyCaTVB1 https://t.co/I1nPGk2v8p,23/12/2015 22:00,6.79784E+17,en,1663,433,2015-12-23 22:00:00,2015-12-23,2015-12,2015,22,Wednesday,Will it drone? https://t.co/0QhyCaTVB1 https://t.co/I1nPGk2v8p,t02636
jimmyfallon,"Fun St. Patrick's Day show tonight: James Spader, Kermit the Frog &amp; music from @blackfortyseven. #FallonTonight",17/03/2014 17:40,4.45616E+17,en,1465,422,2014-03-17 17:40:00,2014-03-17,2014-03,2014,17,Monday,"Fun St. Patrick's Day show tonight: James Spader, Kermit the Frog & music from @blackfortyseven. #FallonTonight",t02637
kimkardashian,We literally laughed so hard we cried!,01/03/2016 15:35,7.04692E+17,en,5332,1227,2016-03-01 15:35:00,2016-03-01,2016-03,2016,15,Tuesday,We literally laughed so hard we cried!,t02638
barackobama,"""It was not a clash of armies, but a clash of wills; a contest to determine the true meaning of America."" —President Obama #Selma50",07/03/2015 20:30,5.74306E+17,en,1276,837,2015-03-07 20:30:00,2015-03-07,2015-03,2015,20,Saturday,"""It was not a clash of armies, but a clash of wills; a contest to determine the true meaning of America."" —President Obama #Selma50",t02639
youtube,@GloZell @kandeejohnson @Awestruck 😱 It’s a whole new you!,12/01/2017 23:07,8.19682E+17,en,80,6,2017-01-12 23:07:00,2017-01-12,2017-01,2017,23,Thursday,@GloZell @kandeejohnson @Awestruck 😱 It’s a whole new you!,t02640
selenagomez,.@Shazam my performance on tonight's #VSfashionshow to go behind-the-scenes of my @VictoriasSecret Angels lip sync! https://t.co/mKhkHzSVgd,09/12/2015 01:59,6.74408E+17,en,27002,10501,2015-12-09 01:59:00,2015-12-09,2015-12,2015,1,Wednesday,.@Shazam my performance on tonight's #VSfashionshow to go behind-the-scenes of my @VictoriasSecret Angels lip sync! https://t.co/mKhkHzSVgd,t02641
arianagrande,8 hours #FocusTonight https://t.co/WprGVLW1nY,29/10/2015 20:00,6.59822E+17,en,29148,19649,2015-10-29 20:00:00,2015-10-29,2015-10,2015,20,Thursday,8 hours #FocusTonight https://t.co/WprGVLW1nY,t02642
ladygaga,"@LisaVanderpump what a doll you are, many thanks from Me and Tony 💗✨ Asia said to say hi to Jiggy, she thinks he's a sexy man! 😍",28/09/2014 21:37,5.16341E+17,en,1715,963,2014-09-28 21:37:00,2014-09-28,2014-09,2014,21,Sunday,"@LisaVanderpump what a doll you are, many thanks from Me and Tony 💗✨ Asia said to say hi to Jiggy, she thinks he's a sexy man! 😍",t02643
ddlovato,"Holy shit.. The breakdown of ""Yes"" is NO JOKE right now.... 👊🏼💪🏼😱😰",17/11/2015 18:31,6.66685E+17,en,13395,8248,2015-11-17 18:31:00,2015-11-17,2015-11,2015,18,Tuesday,"Holy shit.. The breakdown of ""Yes"" is NO JOKE right now.... 👊🏼💪🏼😱😰",t02644
theellenshow,Had to look for a long time for this one. https://t.co/qD1jtwDX0S,12/07/2016 20:13,7.52959E+17,en,44503,5209,2016-07-12 20:13:00,2016-07-12,2016-07,2016,20,Tuesday,Had to look for a long time for this one. https://t.co/qD1jtwDX0S,t02645
katyperry,#FBF to that one time I was hanging out in the Seahawks' locker room... http://t.co/zHnOVeTavk,31/01/2015 05:58,5.61403E+17,en,10962,4884,2015-01-31 05:58:00,2015-01-31,2015-01,2015,5,Saturday,#FBF to that one time I was hanging out in the Seahawks' locker room... http://t.co/zHnOVeTavk,t02646
katyperry,. @maddisonxperry oh I forgot mental health awareness❗️🙇🏻‍♀️🙇🏼❤️,25/09/2016 06:35,7.79932E+17,en,5481,1164,2016-09-25 06:35:00,2016-09-25,2016-09,2016,6,Sunday,. @maddisonxperry oh I forgot mental health awareness❗️🙇🏻‍♀️🙇🏼❤️,t02647
rihanna,Just posted a photo http://t.co/PvtJIeMm1n,23/07/2013 17:42,3.5973E+17,en,1493,2082,2013-07-23 17:42:00,2013-07-23,2013-07,2013,17,Tuesday,Just posted a photo http://t.co/PvtJIeMm1n,t02648
barackobama,It's time to get real about climate change—starting with the @EPA's plan to cut carbon pollution: http://t.co/13KsRw5wgA #ActOnClimate,08/10/2014 22:57,5.19985E+17,en,1069,635,2014-10-08 22:57:00,2014-10-08,2014-10,2014,22,Wednesday,It's time to get real about climate change—starting with the @EPA's plan to cut carbon pollution: http://t.co/13KsRw5wgA #ActOnClimate,t02649
cnnbrk,Pacific Northwest is bracing for a second storm aiming to pummel the coast today with intense wind and rain.… https://t.co/bM58wgTMdC,15/10/2016 08:07,7.87203E+17,en,331,235,2016-10-15 08:07:00,2016-10-15,2016-10,2016,8,Saturday,Pacific Northwest is bracing for a second storm aiming to pummel the coast today with intense wind and rain.… https://t.co/bM58wgTMdC,t02650
theellenshow,Being adorable is exhausting. https://t.co/QZEkz6ObSx,27/01/2016 00:36,6.92144E+17,en,14622,2812,2016-01-27 00:36:00,2016-01-27,2016-01,2016,0,Wednesday,Being adorable is exhausting. https://t.co/QZEkz6ObSx,t02651
jtimberlake,"""@mightybracewell:  Welcome! and thanks for 'bringing it on down to Athens-ville' Hope you enjoy our #ClassicCity."" Thanks for having us",14/03/2012 21:39,1.80045E+17,en,51,89,2012-03-14 21:39:00,2012-03-14,2012-03,2012,21,Wednesday,"""@mightybracewell: Welcome! and thanks for 'bringing it on down to Athens-ville' Hope you enjoy our #ClassicCity."" Thanks for having us",t02652
instagram,"""Wear what makes you happy and ignore the haters.” —@notoriouslydapp #PerfectlyMe https://t.co/z8aypFWoGB",17/10/2016 16:28,7.88054E+17,en,863,203,2016-10-17 16:28:00,2016-10-17,2016-10,2016,16,Monday,"""Wear what makes you happy and ignore the haters.” —@notoriouslydapp #PerfectlyMe https://t.co/z8aypFWoGB",t02653
taylorswift13,"Sending my biggest congratulations to Simone, Aly, Laurie, Gabby and Madison! YOU DID IT GIRLS!! 🇺🇸  #FinalFive",10/08/2016 19:48,7.63462E+17,en,118165,22756,2016-08-10 19:48:00,2016-08-10,2016-08,2016,19,Wednesday,"Sending my biggest congratulations to Simone, Aly, Laurie, Gabby and Madison! YOU DID IT GIRLS!! 🇺🇸 #FinalFive",t02654
instagram,"#WeeklyFluff, snuggly Swedish shiba edition https://t.co/tRHgf3XnJt",26/04/2016 15:02,7.24977E+17,en,789,135,2016-04-26 15:02:00,2016-04-26,2016-04,2016,15,Tuesday,"#WeeklyFluff, snuggly Swedish shiba edition https://t.co/tRHgf3XnJt",t02655
kimkardashian,"#secretproject ✨coming soon 
@mertalas @macpiggott #mertandmarcus https://t.co/J0CStRT603",02/06/2016 13:52,7.38368E+17,en,11352,2403,2016-06-02 13:52:00,2016-06-02,2016-06,2016,13,Thursday,#secretproject ✨coming soon @mertalas @macpiggott #mertandmarcus https://t.co/J0CStRT603,t02656
shakira,"Thank you! First the album, then ... on the road again! Shak RT @DieguitoMadonna: I want @shakira on tour again I want to see her again &lt;3",10/12/2013 22:12,4.10532E+17,en,531,437,2013-12-10 22:12:00,2013-12-10,2013-12,2013,22,Tuesday,"Thank you! First the album, then ... on the road again! Shak RT @DieguitoMadonna: I want @shakira on tour again I want to see her again <3",t02657
youtube,"If you got the moves, flaunt the moves. https://t.co/WV0uvBqHN6 #DanceCamp #YTRedOriginals https://t.co/bxFaSxC0IK",14/02/2016 19:00,6.98945E+17,en,1284,203,2016-02-14 19:00:00,2016-02-14,2016-02,2016,19,Sunday,"If you got the moves, flaunt the moves. https://t.co/WV0uvBqHN6 #DanceCamp #YTRedOriginals https://t.co/bxFaSxC0IK",t02658
youtube,"@Sia Such an accomplishment! Congratulations, you incredible artist you.",08/09/2016 00:46,7.73684E+17,en,186,49,2016-09-08 00:46:00,2016-09-08,2016-09,2016,0,Thursday,"@Sia Such an accomplishment! Congratulations, you incredible artist you.",t02659
taylorswift13,"The 1989 World Tour has officially started. 
I love you. I love you. I love you.",05/05/2015 14:28,5.95596E+17,en,105594,58605,2015-05-05 14:28:00,2015-05-05,2015-05,2015,14,Tuesday,The 1989 World Tour has officially started. I love you. I love you. I love you.,t02660
rihanna,Im coming to #BROOKLYN @Macys on August 31st! Come try out my new @PerfumesbyRiRi fragrance #RiRi http://t.co/KXNTtDA2dy,27/08/2015 20:28,6.36999E+17,en,20371,8065,2015-08-27 20:28:00,2015-08-27,2015-08,2015,20,Thursday,Im coming to #BROOKLYN @Macys on August 31st! Come try out my new @PerfumesbyRiRi fragrance #RiRi http://t.co/KXNTtDA2dy,t02661
instagram,Making history in the sky with Capt. Katie Higgins ✈️ https://t.co/F47HO3dl3X https://t.co/TEGs0F6zq6,29/05/2016 22:30,7.37048E+17,en,1162,246,2016-05-29 22:30:00,2016-05-29,2016-05,2016,22,Sunday,Making history in the sky with Capt. Katie Higgins ✈️ https://t.co/F47HO3dl3X https://t.co/TEGs0F6zq6,t02662
instagram,Catching waves with @jstersurf’s tintype photos: https://t.co/MjS7uMMPAw https://t.co/NDxUKm2JRr,21/01/2016 16:12,6.90205E+17,en,2028,467,2016-01-21 16:12:00,2016-01-21,2016-01,2016,16,Thursday,Catching waves with @jstersurf’s tintype photos: https://t.co/MjS7uMMPAw https://t.co/NDxUKm2JRr,t02663
jtimberlake,Nothing would make me happier than this costume showing up at Halloween FOREVER. 🏆🎃 https://t.co/l7qZl8oynz,31/10/2015 20:39,6.60557E+17,en,3080,932,2015-10-31 20:39:00,2015-10-31,2015-10,2015,20,Saturday,Nothing would make me happier than this costume showing up at Halloween FOREVER. 🏆🎃 https://t.co/l7qZl8oynz,t02664
rihanna,"Congrats guys, we got #3 Grammy Nods!!! #ThugLife",06/12/2012 05:11,2.76555E+17,en,1955,4236,2012-12-06 05:11:00,2012-12-06,2012-12,2012,5,Thursday,"Congrats guys, we got #3 Grammy Nods!!! #ThugLife",t02665
britneyspears,@GustaveReloaded WORKED #WORKBxxCHoniTunes,16/09/2013 04:17,3.79459E+17,en,102,100,2013-09-16 04:17:00,2013-09-16,2013-09,2013,4,Monday,@GustaveReloaded WORKED #WORKBxxCHoniTunes,t02666
katyperry,Luh ya KATYCATS. We don't even need to prove. Realist.💅,25/08/2014 10:03,5.03845E+17,en,17883,12415,2014-08-25 10:03:00,2014-08-25,2014-08,2014,10,Monday,Luh ya KATYCATS. We don't even need to prove. Realist.💅,t02667
shakira,RT @HispanicEd's Commissioner @Shakira on Early Learning: http://t.co/1fmD9AJs65  #investinus,10/12/2014 15:43,5.42706E+17,en,586,307,2014-12-10 15:43:00,2014-12-10,2014-12,2014,15,Wednesday,RT @HispanicEd's Commissioner @Shakira on Early Learning: http://t.co/1fmD9AJs65 #investinus,t02668
katyperry,Ready?,17/06/2014 17:22,4.78951E+17,en,9121,5433,2014-06-17 17:22:00,2014-06-17,2014-06,2014,17,Tuesday,Ready?,t02669
theellenshow,.@ShawnMendes told me what it feels like to lose to me at ping pong. https://t.co/AxKkbkxc7S https://t.co/cIQ3W0jLOf,27/09/2016 20:16,7.80864E+17,en,22290,7806,2016-09-27 20:16:00,2016-09-27,2016-09,2016,20,Tuesday,.@ShawnMendes told me what it feels like to lose to me at ping pong. https://t.co/AxKkbkxc7S https://t.co/cIQ3W0jLOf,t02670
britneyspears,@TiffanyZeyer Cute! #BritneyJeanListeningParty,05/12/2013 20:42,4.08698E+17,en,166,102,2013-12-05 20:42:00,2013-12-05,2013-12,2013,20,Thursday,@TiffanyZeyer Cute! #BritneyJeanListeningParty,t02671
twitter,"From games to new devices, here's what happened at today's #AppleEvent: https://t.co/M8N02F4eHB https://t.co/HU31raqqIN",07/09/2016 22:10,7.73645E+17,en,1317,422,2016-09-07 22:10:00,2016-09-07,2016-09,2016,22,Wednesday,"From games to new devices, here's what happened at today's #AppleEvent: https://t.co/M8N02F4eHB https://t.co/HU31raqqIN",t02672
jimmyfallon,it's happening http://t.co/t9JKvlseGv,15/12/2013 04:51,4.12083E+17,en,3718,3072,2013-12-15 04:51:00,2013-12-15,2013-12,2013,4,Sunday,it's happening http://t.co/t9JKvlseGv,t02673
jimmyfallon,"Tonight: Doing something fun w/@JLo, plus @SnoopDogg stops by and music from @ZAYNmalik! Don't miss! #ZAYNOnFallon #FallonTonightLA",17/02/2016 16:25,6.99993E+17,en,16545,10415,2016-02-17 16:25:00,2016-02-17,2016-02,2016,16,Wednesday,"Tonight: Doing something fun w/@JLo, plus @SnoopDogg stops by and music from @ZAYNmalik! Don't miss! #ZAYNOnFallon #FallonTonightLA",t02674
cristiano,"What's in it? @Anni__Ronaldo in Georgia we celebrate Christmas all together: Family, friends ! we have a special meal named Christmas pie.",17/12/2010 08:28,1.56847E+16,en,30,57,2010-12-17 08:28:00,2010-12-17,2010-12,2010,8,Friday,"What's in it? @Anni__Ronaldo in Georgia we celebrate Christmas all together: Family, friends ! we have a special meal named Christmas pie.",t02675
justinbieber,Let's go Dorian! #DStrong https://t.co/oipTi2ic7q we got u,29/01/2016 18:14,6.93135E+17,en,69952,43162,2016-01-29 18:14:00,2016-01-29,2016-01,2016,18,Friday,Let's go Dorian! #DStrong https://t.co/oipTi2ic7q we got u,t02676
britneyspears,Absolutely blown away by @Ari_Grooves' performance of Slumber Party!! So amazing! ✨ https://t.co/rIiOttZx7G #BritneyLovesBroadway,28/11/2016 23:57,8.03387E+17,en,3083,894,2016-11-28 23:57:00,2016-11-28,2016-11,2016,23,Monday,Absolutely blown away by @Ari_Grooves' performance of Slumber Party!! So amazing! ✨ https://t.co/rIiOttZx7G #BritneyLovesBroadway,t02677
cristiano,Your first #FindMyCR7Shirt clue is on Sportlobster now! Read it there and go looking! http://t.co/TG9RTMUgxK,05/09/2014 13:23,5.07882E+17,en,2429,1094,2014-09-05 13:23:00,2014-09-05,2014-09,2014,13,Friday,Your first #FindMyCR7Shirt clue is on Sportlobster now! Read it there and go looking! http://t.co/TG9RTMUgxK,t02678
instagram,#RunningManChallenge to the rescue! Featuring @HeatCheck_11 @Jaybrant2 https://t.co/hfpDRjuL1X,07/05/2016 19:30,7.29031E+17,en,784,171,2016-05-07 19:30:00,2016-05-07,2016-05,2016,19,Saturday,#RunningManChallenge to the rescue! Featuring @HeatCheck_11 @Jaybrant2 https://t.co/hfpDRjuL1X,t02679
kimkardashian,Awwww thank you Elle!!!! https://t.co/afWPzcHDpO,24/09/2015 03:51,6.46895E+17,en,2277,416,2015-09-24 03:51:00,2015-09-24,2015-09,2015,3,Thursday,Awwww thank you Elle!!!! https://t.co/afWPzcHDpO,t02680
selenagomez,"Making of my new music video ""Love you Like a Love Song"" come back and see the full video tonight 8:30pm EST,... http://fb.me/U5IR6let",23/06/2011 18:31,8.39653E+16,en,685,2163,2011-06-23 18:31:00,2011-06-23,2011-06,2011,18,Thursday,"Making of my new music video ""Love you Like a Love Song"" come back and see the full video tonight 8:30pm EST,... http://fb.me/U5IR6let",t02681
rihanna,Oh yes!!! #777 pix on instagram http://t.co/WsUiK3Mi,12/11/2012 17:20,2.68041E+17,en,763,1042,2012-11-12 17:20:00,2012-11-12,2012-11,2012,17,Monday,Oh yes!!! #777 pix on instagram http://t.co/WsUiK3Mi,t02682
youtube,Can you believe the whole LonelyGirl15 scandal happened ten years ago? https://t.co/oSRvgxlCyy https://t.co/I76wAy0QyI,16/06/2016 00:00,7.43232E+17,en,1275,172,2016-06-16 00:00:00,2016-06-16,2016-06,2016,0,Thursday,Can you believe the whole LonelyGirl15 scandal happened ten years ago? https://t.co/oSRvgxlCyy https://t.co/I76wAy0QyI,t02683
katyperry,YES CAUSE THEY HV NO VOICES BUT IF THEY DID THEY WOULD PROBABLY SAY STOP!!! :( https://t.co/cmdieciQUA,22/08/2015 06:53,6.34982E+17,en,11300,5740,2015-08-22 06:53:00,2015-08-22,2015-08,2015,6,Saturday,YES CAUSE THEY HV NO VOICES BUT IF THEY DID THEY WOULD PROBABLY SAY STOP!!! :( https://t.co/cmdieciQUA,t02684
selenagomez,A bestie always makes sure she ain't hanging out 😂 #kayimdone #homesick #friendsick http://t.co/58aVzbynQl,19/01/2015 18:26,5.57243E+17,en,15396,9124,2015-01-19 18:26:00,2015-01-19,2015-01,2015,18,Monday,A bestie always makes sure she ain't hanging out 😂 #kayimdone #homesick #friendsick http://t.co/58aVzbynQl,t02685
shakira,In rehearsals working on choreography in Poland / Hoy en ensayos de coreo en Polonia! Shak,26/06/2012 20:13,2.17712E+17,en,466,762,2012-06-26 20:13:00,2012-06-26,2012-06,2012,20,Tuesday,In rehearsals working on choreography in Poland / Hoy en ensayos de coreo en Polonia! Shak,t02686
britneyspears,Backstage moment... Hair  ✔️ Wings  ✔️ http://t.co/3w4t9JmbTp,24/08/2015 20:43,6.35915E+17,en,9894,3935,2015-08-24 20:43:00,2015-08-24,2015-08,2015,20,Monday,Backstage moment... Hair ✔️ Wings ✔️ http://t.co/3w4t9JmbTp,t02687
instagram,"Wishing upon the stars in Japan ⭐️ #TheWeekOnInstagram 
https://t.co/MMPlvm3QIM",13/07/2016 04:00,7.53077E+17,en,990,202,2016-07-13 04:00:00,2016-07-13,2016-07,2016,4,Wednesday,Wishing upon the stars in Japan ⭐️ #TheWeekOnInstagram https://t.co/MMPlvm3QIM,t02688
rihanna,BADDEST fan tonite will get this #HTC One X+ 777 Stockholm Edition I co-designed for my Navy! 1 of 7 in da w http://t.co/FhLDepSG,16/11/2012 19:01,2.69516E+17,en,1185,1639,2012-11-16 19:01:00,2012-11-16,2012-11,2012,19,Friday,BADDEST fan tonite will get this #HTC One X+ 777 Stockholm Edition I co-designed for my Navy! 1 of 7 in da w http://t.co/FhLDepSG,t02689
youtube,"🎶 😱 Deck the halls with lots of screaming. 
AH AH AH AH AH, AH AH AH AH 😱 🎶

#12DeadlyDays is coming →… https://t.co/bEs9hxbhRn",06/12/2016 18:29,8.06204E+17,en,1046,177,2016-12-06 18:29:00,2016-12-06,2016-12,2016,18,Tuesday,"🎶 😱 Deck the halls with lots of screaming. AH AH AH AH AH, AH AH AH AH 😱 🎶 #12DeadlyDays is coming →… https://t.co/bEs9hxbhRn",t02690
cnnbrk,"""You people were vicious."" During rally, Trump tells his supporters they were violent during the campaign. https://t.co/mJUoBAIuGX",17/12/2016 03:03,8.09957E+17,en,951,577,2016-12-17 03:03:00,2016-12-17,2016-12,2016,3,Saturday,"""You people were vicious."" During rally, Trump tells his supporters they were violent during the campaign. https://t.co/mJUoBAIuGX",t02691
twitter,"Do you use Twitter for a business, school, community group or another local organization? Follow @TwitterBusiness for tips and useful info!",27/10/2010 19:39,28918572797,en,114,215,2010-10-27 19:39:00,2010-10-27,2010-10,2010,19,Wednesday,"Do you use Twitter for a business, school, community group or another local organization? Follow @TwitterBusiness for tips and useful info!",t02692
cristiano,@SiwarMh I guess it is! Have a great day.,18/10/2013 12:01,3.91172E+17,en,197,92,2013-10-18 12:01:00,2013-10-18,2013-10,2013,12,Friday,@SiwarMh I guess it is! Have a great day.,t02693
cristiano,"Madeira, my homeland: the 6th Best Island in the world and 2nd in Europe. Visit and discover why @madeira_islands http://t.co/gUGZFhrpMm",01/09/2015 11:29,6.38675E+17,en,13385,4909,2015-09-01 11:29:00,2015-09-01,2015-09,2015,11,Tuesday,"Madeira, my homeland: the 6th Best Island in the world and 2nd in Europe. Visit and discover why @madeira_islands http://t.co/gUGZFhrpMm",t02694
taylorswift13,"Thank you to the thousands of people who came to Hollywood Blvd to watch us play. It made me so emotional, you have no idea. Love you.",24/10/2014 07:28,5.25549E+17,en,17833,8313,2014-10-24 07:28:00,2014-10-24,2014-10,2014,7,Friday,"Thank you to the thousands of people who came to Hollywood Blvd to watch us play. It made me so emotional, you have no idea. Love you.",t02695
jtimberlake,Want to come to the premiere of @InTimeMovie?? Tweet #InTimePremiere and check this out... http://t.co/DnqS9SyH,18/10/2011 18:35,1.26366E+17,en,39,218,2011-10-18 18:35:00,2011-10-18,2011-10,2011,18,Tuesday,Want to come to the premiere of @InTimeMovie?? Tweet #InTimePremiere and check this out... http://t.co/DnqS9SyH,t02696
jimmyfallon,“@Renner4Real: Last tease for Fallon - oh boy.... #avengers #presstour http://t.co/huZdMBk8u9” It was great. Thanks again.,29/04/2015 02:38,5.93243E+17,en,1630,364,2015-04-29 02:38:00,2015-04-29,2015-04,2015,2,Wednesday,“@Renner4Real: Last tease for Fallon - oh boy.... #avengers #presstour http://t.co/huZdMBk8u9” It was great. Thanks again.,t02697
justinbieber,Houston was a movie. Dallas up next,10/04/2016 14:49,7.19176E+17,en,123591,61291,2016-04-10 14:49:00,2016-04-10,2016-04,2016,14,Sunday,Houston was a movie. Dallas up next,t02698
justinbieber,"Get #ColdWater on @AppleMusic
https://t.co/MGd44V9M2z",22/07/2016 04:37,7.56348E+17,en,67748,44868,2016-07-22 04:37:00,2016-07-22,2016-07,2016,4,Friday,Get #ColdWater on @AppleMusic https://t.co/MGd44V9M2z,t02699
britneyspears,Anyone else been playing with the new #iTunesRadio today? LOVE. New bff for the gym. #WORK,19/09/2013 02:26,3.80518E+17,en,1462,1596,2013-09-19 02:26:00,2013-09-19,2013-09,2013,2,Thursday,Anyone else been playing with the new #iTunesRadio today? LOVE. New bff for the gym. #WORK,t02700
cristiano,Arriving Cyprus after 4:30 flight  http://t.co/9z6cYxN,01/09/2011 12:02,1.09235E+17,en,177,328,2011-09-01 12:02:00,2011-09-01,2011-09,2011,12,Thursday,Arriving Cyprus after 4:30 flight http://t.co/9z6cYxN,t02701
cnnbrk,Four suspects face hate crime charges in connection with teen's torture broadcast live on Facebook.… https://t.co/VOqboDKoVs,05/01/2017 20:29,8.17106E+17,en,1505,879,2017-01-05 20:29:00,2017-01-05,2017-01,2017,20,Thursday,Four suspects face hate crime charges in connection with teen's torture broadcast live on Facebook.… https://t.co/VOqboDKoVs,t02702
jtimberlake,"@JeffDauler @ErinAndrews It means you had a dream that 2 random people borrowed you car... Oh, and that you have 2 cavities.",22/03/2012 01:48,1.82645E+17,en,15,20,2012-03-22 01:48:00,2012-03-22,2012-03,2012,1,Thursday,"@JeffDauler @ErinAndrews It means you had a dream that 2 random people borrowed you car... Oh, and that you have 2 cavities.",t02703
britneyspears,"@JWinterberg Hi Jenna! Saw that you'll be at the finale show for X Factor - how exciting, maybe I'll see ya there :) Xo",20/12/2012 00:56,2.81564E+17,en,63,96,2012-12-20 00:56:00,2012-12-20,2012-12,2012,0,Thursday,"@JWinterberg Hi Jenna! Saw that you'll be at the finale show for X Factor - how exciting, maybe I'll see ya there :) Xo",t02704
britneyspears,Honored to have been a part of the Whitney Houston Tribute recently - she will always have a special place in my heart &amp; I miss her...,16/11/2012 18:10,2.69503E+17,en,736,1328,2012-11-16 18:10:00,2012-11-16,2012-11,2012,18,Friday,Honored to have been a part of the Whitney Houston Tribute recently - she will always have a special place in my heart & I miss her...,t02705
justinbieber,send me ur lip sync and dance videos for #whatdoyoumean. Me and @RoryKramer are making a viral. Tag #whatdoyoumeanviral on YouTube,01/09/2015 18:03,6.38774E+17,en,47036,39502,2015-09-01 18:03:00,2015-09-01,2015-09,2015,18,Tuesday,send me ur lip sync and dance videos for #whatdoyoumean. Me and @RoryKramer are making a viral. Tag #whatdoyoumeanviral on YouTube,t02706
jtimberlake,Last chance to win my trip to #VEGAS and help me help #SHRINERS. Raffle tickets are $2...get 'em now. http://t.co/HNNZfGSs,18/09/2011 19:33,1.15509E+17,en,57,152,2011-09-18 19:33:00,2011-09-18,2011-09,2011,19,Sunday,Last chance to win my trip to #VEGAS and help me help #SHRINERS. Raffle tickets are $2...get 'em now. http://t.co/HNNZfGSs,t02707
britneyspears,@IfUSeekVick Thank u sweetie! Xo,29/11/2012 07:06,2.74047E+17,en,53,83,2012-11-29 07:06:00,2012-11-29,2012-11,2012,7,Thursday,@IfUSeekVick Thank u sweetie! Xo,t02708
taylorswift13,Four days!!! Thanks @theellenshow! #RED http://t.co/PzF60DZ0,19/10/2012 04:17,2.59146E+17,en,17473,15520,2012-10-19 04:17:00,2012-10-19,2012-10,2012,4,Friday,Four days!!! Thanks @theellenshow! #RED http://t.co/PzF60DZ0,t02709
katyperry,"Thanks @COVERGIRL for keeping everyone clean-cut and QT at Hudson High, Home of the Poodles. 💋,… https://t.co/Txo3zIPtBl",30/10/2016 06:51,7.9262E+17,en,8386,1932,2016-10-30 06:51:00,2016-10-30,2016-10,2016,6,Sunday,"Thanks @COVERGIRL for keeping everyone clean-cut and QT at Hudson High, Home of the Poodles. 💋,… https://t.co/Txo3zIPtBl",t02710
theellenshow,.@OneDirection told me about life P.Z. (That stands for Post Zayn) #1DonEllen https://t.co/jt6b7VOxH8,18/11/2015 22:57,6.67115E+17,en,4335,1566,2015-11-18 22:57:00,2015-11-18,2015-11,2015,22,Wednesday,.@OneDirection told me about life P.Z. (That stands for Post Zayn) #1DonEllen https://t.co/jt6b7VOxH8,t02711
cristiano,Hello guys. We’re already in Italy. Looking forward for the match tomorrow. Hala Madrid! http://t.co/VztuJjRu75,04/11/2013 16:33,3.97401E+17,en,9065,10077,2013-11-04 16:33:00,2013-11-04,2013-11,2013,16,Monday,Hello guys. We’re already in Italy. Looking forward for the match tomorrow. Hala Madrid! http://t.co/VztuJjRu75,t02712
selenagomez,Get ready for the premiere of 'Hit The Lights' on 11/16 by watching this behind-the-scenes video of all the... http://t.co/SG4MNAmU,11/11/2011 16:05,1.35025E+17,en,701,2188,2011-11-11 16:05:00,2011-11-11,2011-11,2011,16,Friday,Get ready for the premiere of 'Hit The Lights' on 11/16 by watching this behind-the-scenes video of all the... http://t.co/SG4MNAmU,t02713
theellenshow,"East Coast! Thanks for watching @NBCLilBigShots with me! West Coast, you have 1 hour til the fun starts. Plan accordingly. #LittleBigShots",14/03/2016 02:28,7.09205E+17,en,2961,283,2016-03-14 02:28:00,2016-03-14,2016-03,2016,2,Monday,"East Coast! Thanks for watching @NBCLilBigShots with me! West Coast, you have 1 hour til the fun starts. Plan accordingly. #LittleBigShots",t02714
ddlovato,AHHH VMA nomination?!?! Tweet and Insta using #CoolForTheSummerVMA!!!! 😜💗🍒🌴😎 @mtv http://t.co/53d4tbfozV http://t.co/PjsCXntgjK,18/08/2015 23:53,6.33789E+17,en,27084,25232,2015-08-18 23:53:00,2015-08-18,2015-08,2015,23,Tuesday,AHHH VMA nomination?!?! Tweet and Insta using #CoolForTheSummerVMA!!!! 😜💗🍒🌴😎 @mtv http://t.co/53d4tbfozV http://t.co/PjsCXntgjK,t02715
ddlovato,I hate saying goodbye,27/05/2016 12:26,7.36172E+17,en,33576,23421,2016-05-27 12:26:00,2016-05-27,2016-05,2016,12,Friday,I hate saying goodbye,t02716
jtimberlake,Are you watching Jimmy Kimmel Live on ABC right now?!?! #The2020Experience #2of2 #JKL http://t.co/MRPxVR0Zg8,25/09/2013 03:45,3.82712E+17,en,4364,2058,2013-09-25 03:45:00,2013-09-25,2013-09,2013,3,Wednesday,Are you watching Jimmy Kimmel Live on ABC right now?!?! #The2020Experience #2of2 #JKL http://t.co/MRPxVR0Zg8,t02717
britneyspears,Writing and recording all day everyday... http://t.co/adQFIQKqlZ,17/07/2013 22:26,3.57627E+17,en,2866,3917,2013-07-17 22:26:00,2013-07-17,2013-07,2013,22,Wednesday,Writing and recording all day everyday... http://t.co/adQFIQKqlZ,t02718
barackobama,LIVE: President Obama is speaking to @OFA volunteers at the #OFAFallSummit. https://t.co/Ao84Izvixv,09/11/2015 21:51,6.63836E+17,en,577,184,2015-11-09 21:51:00,2015-11-09,2015-11,2015,21,Monday,LIVE: President Obama is speaking to @OFA volunteers at the #OFAFallSummit. https://t.co/Ao84Izvixv,t02719
twitter,"Show the world your world. Snap or upload a photo to share your view. See more #TwitterTips: https://t.co/JMBg3mMb7k
https://t.co/LSM90W4Mpy",16/03/2016 18:30,7.10171E+17,en,861,256,2016-03-16 18:30:00,2016-03-16,2016-03,2016,18,Wednesday,Show the world your world. Snap or upload a photo to share your view. See more #TwitterTips: https://t.co/JMBg3mMb7k https://t.co/LSM90W4Mpy,t02720
taylorswift13,"Stolen kisses, pretty lies.
#TS1989 
#taylorlurking 
http://t.co/JhUZG7ADJ4 http://t.co/gfRH9W4GgC",02/11/2014 22:32,5.29038E+17,en,7541,2934,2014-11-02 22:32:00,2014-11-02,2014-11,2014,22,Sunday,"Stolen kisses, pretty lies. #TS1989 #taylorlurking http://t.co/JhUZG7ADJ4 http://t.co/gfRH9W4GgC",t02721
taylorswift13,"1989 came out 1 year ago today. It's been the best year of my life.
I love you guys.
#HappyBirthday1989 https://t.co/J1Xx2NKIkE",27/10/2015 14:34,6.59015E+17,en,100992,50713,2015-10-27 14:34:00,2015-10-27,2015-10,2015,14,Tuesday,1989 came out 1 year ago today. It's been the best year of my life. I love you guys. #HappyBirthday1989 https://t.co/J1Xx2NKIkE,t02722
britneyspears,Video release AND #BBMAs this week… Huge thanks to @MateFit for keeping me energized!! 💪#matefitme http://t.co/a7YxlkAmXp,14/05/2015 23:49,5.98999E+17,en,4923,2322,2015-05-14 23:49:00,2015-05-14,2015-05,2015,23,Thursday,Video release AND #BBMAs this week… Huge thanks to @MateFit for keeping me energized!! 💪#matefitme http://t.co/a7YxlkAmXp,t02723
youtube,@AmkcccAndy So good! Those eyes are so blue ... so Bunny!,06/09/2016 23:51,7.73308E+17,en,24,4,2016-09-06 23:51:00,2016-09-06,2016-09,2016,23,Tuesday,@AmkcccAndy So good! Those eyes are so blue ... so Bunny!,t02724
taylorswift13,"Look at that face... 😍

#TS1989 
#taylurking 
http://t.co/JhUZG7ADJ4 http://t.co/LzQ9IokMtk",03/11/2014 03:31,5.29114E+17,en,9462,5348,2014-11-03 03:31:00,2014-11-03,2014-11,2014,3,Monday,Look at that face... 😍 #TS1989 #taylurking http://t.co/JhUZG7ADJ4 http://t.co/LzQ9IokMtk,t02725
selenagomez,It's almost here.... http://t.co/DEkWwXZt9i,30/04/2013 15:56,3.29263E+17,en,7062,11118,2013-04-30 15:56:00,2013-04-30,2013-04,2013,15,Tuesday,It's almost here.... http://t.co/DEkWwXZt9i,t02726
theellenshow,Thank you University of Mississippi @OleMissRebels for agreeing to stop using animals in medical training. The animals &amp; I are very grateful,02/04/2015 00:27,5.83425E+17,en,5787,1531,2015-04-02 00:27:00,2015-04-02,2015-04,2015,0,Thursday,Thank you University of Mississippi @OleMissRebels for agreeing to stop using animals in medical training. The animals & I are very grateful,t02727
barackobama,Stay informed. Stay engaged. Speak up. Join the @OFA Truth Team: https://t.co/b0eae4PXDX,14/09/2016 16:40,7.76098E+17,en,1453,350,2016-09-14 16:40:00,2016-09-14,2016-09,2016,16,Wednesday,Stay informed. Stay engaged. Speak up. Join the @OFA Truth Team: https://t.co/b0eae4PXDX,t02728
selenagomez,"From hotel room album listening parties, kitchen dance floor album listening parties to driving on the… http://t.co/1Blq8NLOZz",27/10/2014 16:05,5.26767E+17,en,15501,12891,2014-10-27 16:05:00,2014-10-27,2014-10,2014,16,Monday,"From hotel room album listening parties, kitchen dance floor album listening parties to driving on the… http://t.co/1Blq8NLOZz",t02729
kimkardashian,Happy Fathers Day babe! Thank you for always putting our family first and being the best dad to our babies! https://t.co/O3h5JdbL7a,20/06/2016 03:43,7.44737E+17,en,64199,11411,2016-06-20 03:43:00,2016-06-20,2016-06,2016,3,Monday,Happy Fathers Day babe! Thank you for always putting our family first and being the best dad to our babies! https://t.co/O3h5JdbL7a,t02730
britneyspears,When you get your own slot machine in @PHVegas… 😍🎰 #jackpot #tbt http://t.co/FjNp19IiOE,24/09/2015 17:51,6.47106E+17,en,7958,3273,2015-09-24 17:51:00,2015-09-24,2015-09,2015,17,Thursday,When you get your own slot machine in @PHVegas… 😍🎰 #jackpot #tbt http://t.co/FjNp19IiOE,t02731
taylorswift13,"So happy about the teen choice awards last night. Thanks to you guys, I now have 13 tca's total! Lucky number much? Thank you!!",09/08/2011 05:21,1.00799E+17,en,2317,6603,2011-08-09 05:21:00,2011-08-09,2011-08,2011,5,Tuesday,"So happy about the teen choice awards last night. Thanks to you guys, I now have 13 tca's total! Lucky number much? Thank you!!",t02732
rihanna,SNEAK PEEK! #WORK video ft. @Drake coming Monday https://t.co/YeGLLWFxTl https://t.co/gGphgq6gfa,19/02/2016 20:00,7.00772E+17,en,54740,34342,2016-02-19 20:00:00,2016-02-19,2016-02,2016,20,Friday,SNEAK PEEK! #WORK video ft. @Drake coming Monday https://t.co/YeGLLWFxTl https://t.co/gGphgq6gfa,t02733
kimkardashian,I just downloaded it. I really love this song too https://t.co/Sy7VLykgQ0,16/07/2016 04:57,7.54178E+17,en,5259,763,2016-07-16 04:57:00,2016-07-16,2016-07,2016,4,Saturday,I just downloaded it. I really love this song too https://t.co/Sy7VLykgQ0,t02734
instagram,Backstage with ballerinas at the Vaganova Ballet Academy gala in Moscow https://t.co/VP7B2gORkN,25/06/2016 23:45,7.46852E+17,en,852,154,2016-06-25 23:45:00,2016-06-25,2016-06,2016,23,Saturday,Backstage with ballerinas at the Vaganova Ballet Academy gala in Moscow https://t.co/VP7B2gORkN,t02735
kimkardashian,"Our reaction to @sachabaroncohen's movie ""The Brothers Grimsby""'. You guys are gonna die!!!!! You have to go see it! https://t.co/MIp5GJ1HhD",02/03/2016 01:11,7.04837E+17,en,7312,1265,2016-03-02 01:11:00,2016-03-02,2016-03,2016,1,Wednesday,"Our reaction to @sachabaroncohen's movie ""The Brothers Grimsby""'. You guys are gonna die!!!!! You have to go see it! https://t.co/MIp5GJ1HhD",t02736
jtimberlake,No one told me it was National Santa Day! The pic is blurry because I ran into a restaurant and snuck this photo... Ha! http://t.co/8UOFeJbD,15/12/2012 23:22,2.80091E+17,en,1756,778,2012-12-15 23:22:00,2012-12-15,2012-12,2012,23,Saturday,No one told me it was National Santa Day! The pic is blurry because I ran into a restaurant and snuck this photo... Ha! http://t.co/8UOFeJbD,t02737
theellenshow,Michelle Neither loves when I prank people. So I pranked her with a new @Chevrolet. #LaughDancePartner https://t.co/GlIeGJcwJo,08/02/2016 21:55,6.96815E+17,en,1846,248,2016-02-08 21:55:00,2016-02-08,2016-02,2016,21,Monday,Michelle Neither loves when I prank people. So I pranked her with a new @Chevrolet. #LaughDancePartner https://t.co/GlIeGJcwJo,t02738
instagram,Living in the moment with Beaver Suit https://t.co/aE18GHKhIq https://t.co/oCOYRIZ9NK,19/12/2015 16:04,6.78245E+17,en,1979,428,2015-12-19 16:04:00,2015-12-19,2015-12,2015,16,Saturday,Living in the moment with Beaver Suit https://t.co/aE18GHKhIq https://t.co/oCOYRIZ9NK,t02739
barackobama,Happy #PiDay. https://t.co/gDZPJwKFk7,14/03/2016 21:54,7.09498E+17,en,11368,2976,2016-03-14 21:54:00,2016-03-14,2016-03,2016,21,Monday,Happy #PiDay. https://t.co/gDZPJwKFk7,t02740
rihanna,Went snorkeling by old pirate caves http://t.co/IWRhkUf4xF,28/08/2014 22:31,5.05121E+17,en,18268,6808,2014-08-28 22:31:00,2014-08-28,2014-08,2014,22,Thursday,Went snorkeling by old pirate caves http://t.co/IWRhkUf4xF,t02741
jimmyfallon,Tonight: @RealHughJackman and @kenjeong are here! Plus @ShawnMendes sings your funniest #FallSong tweets and performs! #FallonTonight,22/09/2016 13:03,7.78943E+17,en,2974,687,2016-09-22 13:03:00,2016-09-22,2016-09,2016,13,Thursday,Tonight: @RealHughJackman and @kenjeong are here! Plus @ShawnMendes sings your funniest #FallSong tweets and performs! #FallonTonight,t02742
selenagomez,Thank you so much for all of the amazing birthday wishes!!! Every year gets better and better because of yall! I love you all so much!,22/07/2010 17:08,19269767668,en,1839,4916,2010-07-22 17:08:00,2010-07-22,2010-07,2010,17,Thursday,Thank you so much for all of the amazing birthday wishes!!! Every year gets better and better because of yall! I love you all so much!,t02743
twitter,"I Want My Twitter TV! http://t.co/YPP8kKu (via @fastcompany) Kudos to our @twittermedia team, including the original @ChloeS. #wit11",22/11/2010 19:25,6.79052E+15,en,79,66,2010-11-22 19:25:00,2010-11-22,2010-11,2010,19,Monday,"I Want My Twitter TV! http://t.co/YPP8kKu (via @fastcompany) Kudos to our @twittermedia team, including the original @ChloeS. #wit11",t02744
jimmyfallon,Keep it up guys -- and everyone else tweet at them using their hashtags to show support!! #FingersOnA4x4 #FallonTonight,01/04/2014 11:25,4.50957E+17,en,548,160,2014-04-01 11:25:00,2014-04-01,2014-04,2014,11,Tuesday,Keep it up guys -- and everyone else tweet at them using their hashtags to show support!! #FingersOnA4x4 #FallonTonight,t02745
arianagrande,"The most ridiculous, amazing, unnecessary, yet life-completing things i've ever seen in my life. #AriKeyboard enjoy. https://t.co/OfDfWMLCqO",16/11/2015 20:17,6.66349E+17,en,27273,12620,2015-11-16 20:17:00,2015-11-16,2015-11,2015,20,Monday,"The most ridiculous, amazing, unnecessary, yet life-completing things i've ever seen in my life. #AriKeyboard enjoy. https://t.co/OfDfWMLCqO",t02746
jimmyfallon,Oooh. That's the best stuff. https://t.co/yyR9EAqlEb,10/06/2016 04:20,7.41123E+17,en,1091,114,2016-06-10 04:20:00,2016-06-10,2016-06,2016,4,Friday,Oooh. That's the best stuff. https://t.co/yyR9EAqlEb,t02747
ddlovato,Loving my @nycnewyorkcolor BB Crèmes! 😘😘  Have you tried them yet?? #showcaseNYC,09/02/2015 22:38,5.64916E+17,en,15366,9130,2015-02-09 22:38:00,2015-02-09,2015-02,2015,22,Monday,Loving my @nycnewyorkcolor BB Crèmes! 😘😘 Have you tried them yet?? #showcaseNYC,t02748
youtube,"@tystiklorius ""My top 3:  Darkness &amp; Light, Overload and Right By You."" - @johnlegend",21/12/2016 18:39,8.11642E+17,en,17,2,2016-12-21 18:39:00,2016-12-21,2016-12,2016,18,Wednesday,"@tystiklorius ""My top 3: Darkness & Light, Overload and Right By You."" - @johnlegend",t02749
rihanna,"#RichKid #ELLEcoverstory
 hair: yusefhairnyc 
makeup: @tompecheuxmu 
styled by: @lgoldstein_ltd… http://t.co/Nzl2vlhboc",03/11/2014 16:39,5.29312E+17,en,3261,1666,2014-11-03 16:39:00,2014-11-03,2014-11,2014,16,Monday,#RichKid #ELLEcoverstory hair: yusefhairnyc makeup: @tompecheuxmu styled by: @lgoldstein_ltd… http://t.co/Nzl2vlhboc,t02750
jtimberlake,“@travisboak10: What a night at the entertainment centre @jtimberlake what an amazing show.” Thank you for coming good sir! 🙏,24/09/2014 09:19,5.14706E+17,en,1288,458,2014-09-24 09:19:00,2014-09-24,2014-09,2014,9,Wednesday,“@travisboak10: What a night at the entertainment centre @jtimberlake what an amazing show.” Thank you for coming good sir! 🙏,t02751
cristiano,Always working hard! Caught on set wearing @Cr7Footwear | https://t.co/wNKi1a0bo4 https://t.co/KfSC1pxCAC,12/05/2016 15:52,7.30788E+17,en,15444,3123,2016-05-12 15:52:00,2016-05-12,2016-05,2016,15,Thursday,Always working hard! Caught on set wearing @Cr7Footwear | https://t.co/wNKi1a0bo4 https://t.co/KfSC1pxCAC,t02752
jtimberlake,Numb. Stunned. This can't be real.,21/04/2016 17:25,7.23201E+17,en,29920,11309,2016-04-21 17:25:00,2016-04-21,2016-04,2016,17,Thursday,Numb. Stunned. This can't be real.,t02753
kimkardashian,#WCW ROSIE HUNTINGTON-WHITELEY https://t.co/01qnThtmwY https://t.co/ObgTM5TG3a,06/01/2016 20:04,6.84828E+17,en,4236,764,2016-01-06 20:04:00,2016-01-06,2016-01,2016,20,Wednesday,#WCW ROSIE HUNTINGTON-WHITELEY https://t.co/01qnThtmwY https://t.co/ObgTM5TG3a,t02754
jimmyfallon,"""Pup Quiz"" returns with Kaley Cuoco-Sweeting! https://t.co/qS9Lx0lZ7E #FallonTonight",18/09/2015 13:06,6.4486E+17,en,1290,332,2015-09-18 13:06:00,2015-09-18,2015-09,2015,13,Friday,"""Pup Quiz"" returns with Kaley Cuoco-Sweeting! https://t.co/qS9Lx0lZ7E #FallonTonight",t02755
cnnbrk,President-elect Donald Trump says he will dissolve the Trump Foundation. https://t.co/vYJhauuihg https://t.co/ekk7nXsqCz,24/12/2016 21:41,8.12775E+17,en,577,319,2016-12-24 21:41:00,2016-12-24,2016-12,2016,21,Saturday,President-elect Donald Trump says he will dissolve the Trump Foundation. https://t.co/vYJhauuihg https://t.co/ekk7nXsqCz,t02756
instagram,A Scotland beach clean-up crew helps the planet (and its puppies) 🌍🐶  #wwim13edinburgh #LifeOnEarthWWIM13 https://t.co/0V3Bg5YQ3G,23/04/2016 20:00,7.23965E+17,en,832,184,2016-04-23 20:00:00,2016-04-23,2016-04,2016,20,Saturday,A Scotland beach clean-up crew helps the planet (and its puppies) 🌍🐶 #wwim13edinburgh #LifeOnEarthWWIM13 https://t.co/0V3Bg5YQ3G,t02757
twitter,"Follow the pros, the pundits and the #playoffs. Discover: Basketball on Twitter. http://t.co/QnRQa42",14/04/2011 18:00,5.85905E+16,en,87,139,2011-04-14 18:00:00,2011-04-14,2011-04,2011,18,Thursday,"Follow the pros, the pundits and the #playoffs. Discover: Basketball on Twitter. http://t.co/QnRQa42",t02758
twitter,We’re aware that some users are experiencing frozen timelines and are working to address the issue -- http://bit.ly/9UXpH4,14/03/2010 09:26,10463634765,en,58,693,2010-03-14 09:26:00,2010-03-14,2010-03,2010,9,Sunday,We’re aware that some users are experiencing frozen timelines and are working to address the issue -- http://bit.ly/9UXpH4,t02759
kimkardashian,My Children’s Hospital Award! https://t.co/xcfHGvauP0,24/06/2016 16:44,7.46383E+17,en,2656,461,2016-06-24 16:44:00,2016-06-24,2016-06,2016,16,Friday,My Children’s Hospital Award! https://t.co/xcfHGvauP0,t02760
theellenshow,This is why there is a #WorldElephantDay https://t.co/5y2G94jwmJ,12/08/2016 18:54,7.64173E+17,en,3381,890,2016-08-12 18:54:00,2016-08-12,2016-08,2016,18,Friday,This is why there is a #WorldElephantDay https://t.co/5y2G94jwmJ,t02761
jtimberlake,Darkness cannot drive out darkness; only light can do that. Hate cannot drive out hate; only love can do that --MLK Jr. #Inspiration,21/01/2013 23:43,2.93504E+17,en,3405,9073,2013-01-21 23:43:00,2013-01-21,2013-01,2013,23,Monday,Darkness cannot drive out darkness; only light can do that. Hate cannot drive out hate; only love can do that --MLK Jr. #Inspiration,t02762
shakira,Watch our film of Shak's recent visit to Colombia for the opening of @fpiesdescalzos' new school http://t.co/srbHM5J4ys ShakHQ,11/04/2014 19:24,4.54702E+17,en,675,372,2014-04-11 19:24:00,2014-04-11,2014-04,2014,19,Friday,Watch our film of Shak's recent visit to Colombia for the opening of @fpiesdescalzos' new school http://t.co/srbHM5J4ys ShakHQ,t02763
theellenshow,We look good in each other’s underwear. https://t.co/4G9dmd9Tno,05/02/2016 23:42,6.95754E+17,en,2743,352,2016-02-05 23:42:00,2016-02-05,2016-02,2016,23,Friday,We look good in each other’s underwear. https://t.co/4G9dmd9Tno,t02764
barackobama,"""We may not all be rooting for the Lions, but America is rooting for Detroit."" —President Obama",07/01/2015 21:50,5.52945E+17,en,4695,3539,2015-01-07 21:50:00,2015-01-07,2015-01,2015,21,Wednesday,"""We may not all be rooting for the Lions, but America is rooting for Detroit."" —President Obama",t02765
jimmyfallon,"Tonight: Playing Beer Hockey w/@jhutch1992! Plus Tracey Ullman is here, @Echosmith performs, &amp; your #MyFamilyIsWeird tweets. #FallonTonight",13/11/2014 16:55,5.3294E+17,en,1074,262,2014-11-13 16:55:00,2014-11-13,2014-11,2014,16,Thursday,"Tonight: Playing Beer Hockey w/@jhutch1992! Plus Tracey Ullman is here, @Echosmith performs, & your #MyFamilyIsWeird tweets. #FallonTonight",t02766
jtimberlake,...the last city....#JT2020Tour http://t.co/w5KF8Rhs7F (http://t.co/bBhAXbZxAa),20/10/2014 14:40,5.24209E+17,en,1634,717,2014-10-20 14:40:00,2014-10-20,2014-10,2014,14,Monday,...the last city....#JT2020Tour http://t.co/w5KF8Rhs7F (http://t.co/bBhAXbZxAa),t02767
theellenshow,It’s really happening. http://t.co/I3AoMemkxf,21/04/2015 19:11,5.90594E+17,en,16706,5656,2015-04-21 19:11:00,2015-04-21,2015-04,2015,19,Tuesday,It’s really happening. http://t.co/I3AoMemkxf,t02768
taylorswift13,"Track 13
#1989lyrics 
#TS1989 
4 days http://t.co/qkNqCN5IiI",23/10/2014 17:18,5.25336E+17,en,8564,5381,2014-10-23 17:18:00,2014-10-23,2014-10,2014,17,Thursday,Track 13 #1989lyrics #TS1989 4 days http://t.co/qkNqCN5IiI,t02769
instagram,"Rolling sand dunes and larger-than-life clouds in Japan #TheWeekOnInstagram
https://t.co/I1RmnoEabX",11/10/2016 00:30,7.85639E+17,en,542,101,2016-10-11 00:30:00,2016-10-11,2016-10,2016,0,Tuesday,Rolling sand dunes and larger-than-life clouds in Japan #TheWeekOnInstagram https://t.co/I1RmnoEabX,t02770
arianagrande,honored to be paying homage to my angel tonight. tune in to @greatesthitsabc at 9 ♡ #greatesthits #whitneyhouston https://t.co/4q85OiJ02E,05/08/2016 00:59,7.61366E+17,en,58706,19403,2016-08-05 00:59:00,2016-08-05,2016-08,2016,0,Friday,honored to be paying homage to my angel tonight. tune in to @greatesthitsabc at 9 ♡ #greatesthits #whitneyhouston https://t.co/4q85OiJ02E,t02771
theellenshow,There’s a lot going on in the world right now. I thought you could use this photo of a Weiner dog. #ThursdayThoughts https://t.co/PTdMBmZCFF,11/08/2016 22:30,7.63865E+17,en,27966,6669,2016-08-11 22:30:00,2016-08-11,2016-08,2016,22,Thursday,There’s a lot going on in the world right now. I thought you could use this photo of a Weiner dog. #ThursdayThoughts https://t.co/PTdMBmZCFF,t02772
katyperry,@HillaryClinton Scorpio season is coming ✨ https://t.co/ME2n0IQnoB,20/10/2016 02:26,7.88929E+17,en,1884,626,2016-10-20 02:26:00,2016-10-20,2016-10,2016,2,Thursday,@HillaryClinton Scorpio season is coming ✨ https://t.co/ME2n0IQnoB,t02773
youtube,What. Rachel. Said. #voteIRL https://t.co/tRGZR38u4c,08/11/2016 22:40,7.9612E+17,en,1703,159,2016-11-08 22:40:00,2016-11-08,2016-11,2016,22,Tuesday,What. Rachel. Said. #voteIRL https://t.co/tRGZR38u4c,t02774
ddlovato,"We hurt.
We mourn.
We argue.
We settle.
We need to stop the cycle.
#Orlando #PulseShooting",14/06/2016 20:42,7.42819E+17,en,31993,17921,2016-06-14 20:42:00,2016-06-14,2016-06,2016,20,Tuesday,We hurt. We mourn. We argue. We settle. We need to stop the cycle. #Orlando #PulseShooting,t02775
kimkardashian,SELFISH BOOK – MORE COPIES! https://t.co/Ia4ONOVnsu https://t.co/KwXL82cxHi,08/01/2016 22:00,6.85582E+17,en,6595,1030,2016-01-08 22:00:00,2016-01-08,2016-01,2016,22,Friday,SELFISH BOOK – MORE COPIES! https://t.co/Ia4ONOVnsu https://t.co/KwXL82cxHi,t02776
britneyspears,@SergioEES Thank you so so so so much!,30/08/2016 06:10,7.70504E+17,en,656,136,2016-08-30 06:10:00,2016-08-30,2016-08,2016,6,Tuesday,@SergioEES Thank you so so so so much!,t02777
theellenshow,Congratulations to all of Day 3's home winners of 12 Days! Have you tried all the ways to win yet?… https://t.co/KXiMiWH6sn,28/11/2016 19:47,8.03324E+17,en,2566,307,2016-11-28 19:47:00,2016-11-28,2016-11,2016,19,Monday,Congratulations to all of Day 3's home winners of 12 Days! Have you tried all the ways to win yet?… https://t.co/KXiMiWH6sn,t02778
jtimberlake,"""@brokemogul: zoobeezoobeezoooooo zoobeezoobeezoooooo zoobeezoobeezoooooo"" Ha! What did you think of the season premiere?",26/03/2012 15:02,1.84294E+17,en,77,156,2012-03-26 15:02:00,2012-03-26,2012-03,2012,15,Monday,"""@brokemogul: zoobeezoobeezoooooo zoobeezoobeezoooooo zoobeezoobeezoooooo"" Ha! What did you think of the season premiere?",t02779
arianagrande,@ineedarishug__ he may think all of the dates have already been announced lol. i'll call him. of course i'm coming to italy. ti voglio bene💛,16/10/2016 19:44,7.87741E+17,en,9244,3948,2016-10-16 19:44:00,2016-10-16,2016-10,2016,19,Sunday,@ineedarishug__ he may think all of the dates have already been announced lol. i'll call him. of course i'm coming to italy. ti voglio bene💛,t02780
arianagrande,my. heart. @frankiejgrande @alexaluria https://t.co/IfVft8e1G4,02/06/2015 17:48,6.05793E+17,en,15980,7903,2015-06-02 17:48:00,2015-06-02,2015-06,2015,17,Tuesday,my. heart. @frankiejgrande @alexaluria https://t.co/IfVft8e1G4,t02781
shakira,#TBT to celebrate tomorrow's release of #LaBicicleta -Shak and Gerard cycling in 2013!  ShakHQ 🚲 https://t.co/8Vdt95Pveq,26/05/2016 21:46,7.3595E+17,en,6807,981,2016-05-26 21:46:00,2016-05-26,2016-05,2016,21,Thursday,#TBT to celebrate tomorrow's release of #LaBicicleta -Shak and Gerard cycling in 2013! ShakHQ 🚲 https://t.co/8Vdt95Pveq,t02782
rihanna,#ESQUIREuk Cla$$ic Ellen to get me in the bathroom!!! @ellenvunwerth #themartini http://t.co/RwkkcF4ioJ,04/11/2014 17:43,5.2969E+17,en,3603,1985,2014-11-04 17:43:00,2014-11-04,2014-11,2014,17,Tuesday,#ESQUIREuk Cla$$ic Ellen to get me in the bathroom!!! @ellenvunwerth #themartini http://t.co/RwkkcF4ioJ,t02783
jtimberlake,"Countdown for tonight's #iTunesFestival! Watch JT Live, streaming 9pm GMT at http://t.co/us8RUkHzJM #The2020Experience #2of2 -teamJT",29/09/2013 15:52,3.84345E+17,en,886,1311,2013-09-29 15:52:00,2013-09-29,2013-09,2013,15,Sunday,"Countdown for tonight's #iTunesFestival! Watch JT Live, streaming 9pm GMT at http://t.co/us8RUkHzJM #The2020Experience #2of2 -teamJT",t02784
shakira,Shak supports @WFP's School Meals Programme with @Activia. Learn how you can help too! http://t.co/CMZ7XZKJ7s ShakHQ,06/06/2014 14:33,4.74922E+17,en,604,288,2014-06-06 14:33:00,2014-06-06,2014-06,2014,14,Friday,Shak supports @WFP's School Meals Programme with @Activia. Learn how you can help too! http://t.co/CMZ7XZKJ7s ShakHQ,t02785
ddlovato,We complain about how unfair paparazzi and tabloid rumors are but still buy the magazines to find out who's fucking who and who wore it best,23/06/2016 19:32,7.46063E+17,en,24618,12911,2016-06-23 19:32:00,2016-06-23,2016-06,2016,19,Thursday,We complain about how unfair paparazzi and tabloid rumors are but still buy the magazines to find out who's fucking who and who wore it best,t02786
katyperry,When you write such a fire lyric that you give yourself hives 🔥⛑😵,17/09/2016 06:28,7.77032E+17,en,22196,6261,2016-09-17 06:28:00,2016-09-17,2016-09,2016,6,Saturday,When you write such a fire lyric that you give yourself hives 🔥⛑😵,t02787
jtimberlake,Preaching to the choir. http://t.co/bxH4JMqfR1,22/02/2013 10:44,3.04905E+17,en,697,1082,2013-02-22 10:44:00,2013-02-22,2013-02,2013,10,Friday,Preaching to the choir. http://t.co/bxH4JMqfR1,t02788
shakira,Celebrating the @RecordingAcad nomination for Try Everything in São Paulo! Shak #GRAMMYs https://t.co/trYcO5rXDL,06/12/2016 18:37,8.06206E+17,en,9540,1585,2016-12-06 18:37:00,2016-12-06,2016-12,2016,18,Tuesday,Celebrating the @RecordingAcad nomination for Try Everything in São Paulo! Shak #GRAMMYs https://t.co/trYcO5rXDL,t02789
youtube,.@POTUS reads mean tweets 😁😁😁 https://t.co/bQR1ljWaXb https://t.co/PeRbiUuikJ,25/10/2016 19:00,7.90991E+17,en,1170,265,2016-10-25 19:00:00,2016-10-25,2016-10,2016,19,Tuesday,.@POTUS reads mean tweets 😁😁😁 https://t.co/bQR1ljWaXb https://t.co/PeRbiUuikJ,t02790
britneyspears,@_lovewithlouis &lt;3 you too. #PerfumeVideoPremiere,10/12/2013 20:13,4.10503E+17,en,148,95,2013-12-10 20:13:00,2013-12-10,2013-12,2013,20,Tuesday,@_lovewithlouis <3 you too. #PerfumeVideoPremiere,t02791
instagram,Building a family business with Maria Solovey https://t.co/1HR0BVaDTE,23/06/2016 22:30,7.46108E+17,en,668,140,2016-06-23 22:30:00,2016-06-23,2016-06,2016,22,Thursday,Building a family business with Maria Solovey https://t.co/1HR0BVaDTE,t02792
youtube,Alright stop! Toddler time. https://t.co/m9lb8YyzEk https://t.co/VITBaXERFu,23/04/2016 16:00,7.23904E+17,en,1368,210,2016-04-23 16:00:00,2016-04-23,2016-04,2016,16,Saturday,Alright stop! Toddler time. https://t.co/m9lb8YyzEk https://t.co/VITBaXERFu,t02793
theellenshow,ED by Ellen mugs: Perfect for holding tiny bunnies. https://t.co/nse7fiY1pi,16/01/2017 20:52,8.21098E+17,en,9315,1191,2017-01-16 20:52:00,2017-01-16,2017-01,2017,20,Monday,ED by Ellen mugs: Perfect for holding tiny bunnies. https://t.co/nse7fiY1pi,t02794
kimkardashian,🎼🎼🎼 Friiiiiiday!!!! New music!!!! #EveryFriday #Swish #RealFriends 🎼🎼🎼 🔥🔥🔥,08/01/2016 06:53,6.85354E+17,en,24358,18122,2016-01-08 06:53:00,2016-01-08,2016-01,2016,6,Friday,🎼🎼🎼 Friiiiiiday!!!! New music!!!! #EveryFriday #Swish #RealFriends 🎼🎼🎼 🔥🔥🔥,t02795
britneyspears,The biggest thank u to my Britney Army &amp; everyone else who voted for my teens last night. Love love love u all!,07/12/2012 03:44,2.76895E+17,en,1048,1652,2012-12-07 03:44:00,2012-12-07,2012-12,2012,3,Friday,The biggest thank u to my Britney Army & everyone else who voted for my teens last night. Love love love u all!,t02796
barackobama,Make sure to check this off your list: https://t.co/obg1pKy0Bk #GetCovered https://t.co/I17bWv0MDt,10/11/2015 22:07,6.64203E+17,en,1104,349,2015-11-10 22:07:00,2015-11-10,2015-11,2015,22,Tuesday,Make sure to check this off your list: https://t.co/obg1pKy0Bk #GetCovered https://t.co/I17bWv0MDt,t02797
ladygaga,My fav is when he falls down and gets right back up to dance! 🤗 https://t.co/0vpVIs4TfA,24/09/2016 04:48,7.79543E+17,en,13629,4752,2016-09-24 04:48:00,2016-09-24,2016-09,2016,4,Saturday,My fav is when he falls down and gets right back up to dance! 🤗 https://t.co/0vpVIs4TfA,t02798
theellenshow,Brielle played Heads Up! for kids and OMG it’s adorable. #SesameStreet https://t.co/7np9xgyeS3,30/01/2016 22:00,6.93554E+17,en,1482,223,2016-01-30 22:00:00,2016-01-30,2016-01,2016,22,Saturday,Brielle played Heads Up! for kids and OMG it’s adorable. #SesameStreet https://t.co/7np9xgyeS3,t02799
instagram,A toppling tower of Post-its rises again #BoomerangOfTheWeek https://t.co/C10pPo1Cvk,28/05/2016 18:30,7.36626E+17,en,694,119,2016-05-28 18:30:00,2016-05-28,2016-05,2016,18,Saturday,A toppling tower of Post-its rises again #BoomerangOfTheWeek https://t.co/C10pPo1Cvk,t02800
ddlovato,@irobotyoujane I'm so proud of you... For those who haven't seen this talented man act.. GO SEE #SPOOKNIGHT!!,05/10/2015 00:07,6.50825E+17,en,3913,2841,2015-10-05 00:07:00,2015-10-05,2015-10,2015,0,Monday,@irobotyoujane I'm so proud of you... For those who haven't seen this talented man act.. GO SEE #SPOOKNIGHT!!,t02801
arianagrande,"peace 2016 
and thank you ✌🏼️
☄️🙏🏼♡ 
we're gonna be alright 💫💡
♡ 🐇 https://t.co/WtuXfwutzU",31/12/2016 20:38,8.15296E+17,en,85477,29245,2016-12-31 20:38:00,2016-12-31,2016-12,2016,20,Saturday,peace 2016 and thank you ✌🏼️ ☄️🙏🏼♡ we're gonna be alright 💫💡 ♡ 🐇 https://t.co/WtuXfwutzU,t02802
youtube,"What do you do if you want to surf in a landlocked forest? 

BASE jump off the board, duh → https://t.co/CkdyU9lFUp https://t.co/YtQ2Tk8HuW",10/11/2016 21:00,7.9682E+17,en,613,99,2016-11-10 21:00:00,2016-11-10,2016-11,2016,21,Thursday,"What do you do if you want to surf in a landlocked forest? BASE jump off the board, duh → https://t.co/CkdyU9lFUp https://t.co/YtQ2Tk8HuW",t02803
youtube,@GloZell Congratulations GloZell! You are going to be the COOLEST MOM.,05/08/2016 22:34,7.61692E+17,en,558,91,2016-08-05 22:34:00,2016-08-05,2016-08,2016,22,Friday,@GloZell Congratulations GloZell! You are going to be the COOLEST MOM.,t02804
katyperry,GAVE MYSELF THE BEST BIRTHDAY PRESENT EVER BY VOTING TODAY❗️Wish hillaryclinton a Happy Birthday… https://t.co/F53ik6Tkg9,26/10/2016 02:07,7.91099E+17,en,12150,3003,2016-10-26 02:07:00,2016-10-26,2016-10,2016,2,Wednesday,GAVE MYSELF THE BEST BIRTHDAY PRESENT EVER BY VOTING TODAY❗️Wish hillaryclinton a Happy Birthday… https://t.co/F53ik6Tkg9,t02805
cristiano,Thank you! @josegylson With a beautiful performance of @Cristiano .The real madrid beat Ajax by a score of 4 x0. Congratulations.,24/11/2010 19:26,7.51532E+15,en,31,91,2010-11-24 19:26:00,2010-11-24,2010-11,2010,19,Wednesday,Thank you! @josegylson With a beautiful performance of @Cristiano .The real madrid beat Ajax by a score of 4 x0. Congratulations.,t02806
taylorswift13,Hope you guys had a great weekend! Ours was suuuuper coastal. @karliekloss amandygriffith http://t.co/oIUfzdYiwz,30/06/2014 01:35,4.83423E+17,en,12916,8275,2014-06-30 01:35:00,2014-06-30,2014-06,2014,1,Monday,Hope you guys had a great weekend! Ours was suuuuper coastal. @karliekloss amandygriffith http://t.co/oIUfzdYiwz,t02807
britneyspears,@RichardKemmerer Always be true to yourself! 😘 #PrettyGirlTalk,15/05/2015 21:39,5.99328E+17,en,593,304,2015-05-15 21:39:00,2015-05-15,2015-05,2015,21,Friday,@RichardKemmerer Always be true to yourself! 😘 #PrettyGirlTalk,t02808
youtube,Today is #WorldNutellaDay. Eat it. https://t.co/3BNltngJmZ https://t.co/vpab3PjTiB,06/02/2016 01:00,6.95774E+17,en,3107,930,2016-02-06 01:00:00,2016-02-06,2016-02,2016,1,Saturday,Today is #WorldNutellaDay. Eat it. https://t.co/3BNltngJmZ https://t.co/vpab3PjTiB,t02809
shakira,Taking a small break from the studio to get my nails done with @EsterDean on a Sunday afternoon / Un pequeño descanso … http://t.co/zAvx1MQJ,26/03/2012 01:33,1.84091E+17,en,233,332,2012-03-26 01:33:00,2012-03-26,2012-03,2012,1,Monday,Taking a small break from the studio to get my nails done with @EsterDean on a Sunday afternoon / Un pequeño descanso … http://t.co/zAvx1MQJ,t02810
katyperry,BUT I am SO thankful to be on this incredible worldwide journey seeing people filled w/joy night after night. Happy THANKSgiving everyone! 🍗,28/11/2014 02:56,5.38164E+17,en,12488,5617,2014-11-28 02:56:00,2014-11-28,2014-11,2014,2,Friday,BUT I am SO thankful to be on this incredible worldwide journey seeing people filled w/joy night after night. Happy THANKSgiving everyone! 🍗,t02811
ddlovato,Today was the first day I changed my wallpaper since Buddy passed... Hurts my heart.. He will never ever EVER be replaced.. I miss you baby,07/09/2015 09:30,6.40819E+17,en,32877,16925,2015-09-07 09:30:00,2015-09-07,2015-09,2015,9,Monday,Today was the first day I changed my wallpaper since Buddy passed... Hurts my heart.. He will never ever EVER be replaced.. I miss you baby,t02812
barackobama,"""We cannot condemn our children and their children to a future they do not have the capacity to repair."" —President Obama #ActOnClimate",23/09/2014 17:09,5.14462E+17,en,1445,1339,2014-09-23 17:09:00,2014-09-23,2014-09,2014,17,Tuesday,"""We cannot condemn our children and their children to a future they do not have the capacity to repair."" —President Obama #ActOnClimate",t02813
instagram,Participate in this weekend’s hashtag project: #WHPnocturnal https://t.co/OHnRJdrKIZ https://t.co/GR785mqghc,29/01/2016 22:50,6.93205E+17,en,1972,485,2016-01-29 22:50:00,2016-01-29,2016-01,2016,22,Friday,Participate in this weekend’s hashtag project: #WHPnocturnal https://t.co/OHnRJdrKIZ https://t.co/GR785mqghc,t02814
theellenshow,Happy L.L. Cool Day! @LLCoolJ https://t.co/Vg0cebiHSA,14/01/2017 17:57,8.20329E+17,en,5640,639,2017-01-14 17:57:00,2017-01-14,2017-01,2017,17,Saturday,Happy L.L. Cool Day! @LLCoolJ https://t.co/Vg0cebiHSA,t02815
ladygaga,Happy Birthday Darlene! Some people are just so sweet and special and that's you #ahshotel #family… https://t.co/WFV9GtB7yI,17/10/2015 17:01,6.55429E+17,en,4692,2396,2015-10-17 17:01:00,2015-10-17,2015-10,2015,17,Saturday,Happy Birthday Darlene! Some people are just so sweet and special and that's you #ahshotel #family… https://t.co/WFV9GtB7yI,t02816
cristiano,Just launched a new free app that gives you instant access to my news & has exclusive never before seen photos! … http://t.co/5NGsRY82,22/02/2012 17:08,1.72367E+17,en,268,524,2012-02-22 17:08:00,2012-02-22,2012-02,2012,17,Wednesday,Just launched a new free app that gives you instant access to my news & has exclusive never before seen photos! … http://t.co/5NGsRY82,t02817
cristiano,Discover the new Time Force contest and win a Cristiano Ronaldo Limited Edition watch- http://goo.gl/ihnXX,24/05/2011 18:14,7.30895E+16,en,186,318,2011-05-24 18:14:00,2011-05-24,2011-05,2011,18,Tuesday,Discover the new Time Force contest and win a Cristiano Ronaldo Limited Edition watch- http://goo.gl/ihnXX,t02818
justinbieber,Enjoy the show. After the #WhatDoYouMean music video goes live! http://t.co/N7PFqMcWAK http://t.co/O3UBRa4Fow,31/08/2015 01:21,6.3816E+17,en,83979,75586,2015-08-31 01:21:00,2015-08-31,2015-08,2015,1,Monday,Enjoy the show. After the #WhatDoYouMean music video goes live! http://t.co/N7PFqMcWAK http://t.co/O3UBRa4Fow,t02819
jimmyfallon,Breakin' with Brad Pitt http://t.co/7SS6uD4GjO #FuryMovie #breakdance,16/10/2014 15:46,5.22775E+17,en,1344,668,2014-10-16 15:46:00,2014-10-16,2014-10,2014,15,Thursday,Breakin' with Brad Pitt http://t.co/7SS6uD4GjO #FuryMovie #breakdance,t02820
kimkardashian,Thank u Mr. Ralph Lauren for making Saint this jacket. It's so special! We will cherish it forever! #ItsRalphThough https://t.co/Cu4TPgJgDk,09/02/2016 07:57,6.96966E+17,en,24213,4767,2016-02-09 07:57:00,2016-02-09,2016-02,2016,7,Tuesday,Thank u Mr. Ralph Lauren for making Saint this jacket. It's so special! We will cherish it forever! #ItsRalphThough https://t.co/Cu4TPgJgDk,t02821
ladygaga,And I take that same vow. https://t.co/u8CTN5giLk,10/11/2016 21:47,7.96832E+17,en,31224,14649,2016-11-10 21:47:00,2016-11-10,2016-11,2016,21,Thursday,And I take that same vow. https://t.co/u8CTN5giLk,t02822
taylorswift13,"True love.
#TS1989 
#taylurking http://t.co/ATCjhHlclA",30/10/2014 20:31,5.27921E+17,en,9242,3875,2014-10-30 20:31:00,2014-10-30,2014-10,2014,20,Thursday,True love. #TS1989 #taylurking http://t.co/ATCjhHlclA,t02823
britneyspears,@HeartdaBart So far so good :),31/07/2013 02:58,3.62407E+17,en,156,149,2013-07-31 02:58:00,2013-07-31,2013-07,2013,2,Wednesday,@HeartdaBart So far so good :),t02824
barackobama,"""If you haven’t looked at your new coverage options, you’ve still got time to get covered."" —President Obama https://t.co/YlrvNmY65K",23/01/2016 20:54,6.91001E+17,en,3018,782,2016-01-23 20:54:00,2016-01-23,2016-01,2016,20,Saturday,"""If you haven’t looked at your new coverage options, you’ve still got time to get covered."" —President Obama https://t.co/YlrvNmY65K",t02825
ddlovato,So..... I'm all caught up on @ScandalABC.... 😔 #ihatethisfeeling,19/03/2016 21:40,7.11306E+17,en,17655,6527,2016-03-19 21:40:00,2016-03-19,2016-03,2016,21,Saturday,So..... I'm all caught up on @ScandalABC.... 😔 #ihatethisfeeling,t02826
ladygaga,"""Kindness is a free currency from a well that will never dry up"" -Lady Gaga on why every city can afford kindness https://t.co/5DxD2BcAZf",26/06/2016 17:34,7.47121E+17,en,20820,8008,2016-06-26 17:34:00,2016-06-26,2016-06,2016,17,Sunday,"""Kindness is a free currency from a well that will never dry up"" -Lady Gaga on why every city can afford kindness https://t.co/5DxD2BcAZf",t02827
twitter,Film &amp; TV producer @BrianGrazer is stopping by Twitter HQ today to host a Q&amp;A at 3pm PST. Tweet your questions using #GrazerIsCurious.,16/01/2015 20:30,5.56187E+17,en,487,238,2015-01-16 20:30:00,2015-01-16,2015-01,2015,20,Friday,Film & TV producer @BrianGrazer is stopping by Twitter HQ today to host a Q&A at 3pm PST. Tweet your questions using #GrazerIsCurious.,t02828
ddlovato,Kicking off a new tour in my app today in Asia! What country would you want to visit? 🌏 https://t.co/4rkoI3SFrk https://t.co/TsQKOQaINw,26/03/2016 19:03,7.13804E+17,en,16609,6594,2016-03-26 19:03:00,2016-03-26,2016-03,2016,19,Saturday,Kicking off a new tour in my app today in Asia! What country would you want to visit? 🌏 https://t.co/4rkoI3SFrk https://t.co/TsQKOQaINw,t02829
theellenshow,My Trunk of Dreams made it to a party in MO! They brought a wonderful gift #ChevyMalibu https://t.co/uSZLVoOpAs https://t.co/yNEikqot8r,08/03/2016 20:56,7.07309E+17,en,1951,281,2016-03-08 20:56:00,2016-03-08,2016-03,2016,20,Tuesday,My Trunk of Dreams made it to a party in MO! They brought a wonderful gift #ChevyMalibu https://t.co/uSZLVoOpAs https://t.co/yNEikqot8r,t02830
justinbieber,. @thatrygood is all about a little usher on Friday nights. Watching https://t.co/P6YeHVs7x1,17/09/2016 04:31,7.77002E+17,en,59891,25201,2016-09-17 04:31:00,2016-09-17,2016-09,2016,4,Saturday,. @thatrygood is all about a little usher on Friday nights. Watching https://t.co/P6YeHVs7x1,t02831
barackobama,"""If we're going to be connected, then we need to be protected."" —President Obama #Cybersecurity",12/01/2015 17:27,5.54691E+17,en,1416,942,2015-01-12 17:27:00,2015-01-12,2015-01,2015,17,Monday,"""If we're going to be connected, then we need to be protected."" —President Obama #Cybersecurity",t02832
britneyspears,Have a little lunch break at rehearsals right now…think I should follow some of you all? #BritneyRehearsalFollowSpree,15/11/2013 23:03,4.01486E+17,en,2627,1863,2013-11-15 23:03:00,2013-11-15,2013-11,2013,23,Friday,Have a little lunch break at rehearsals right now…think I should follow some of you all? #BritneyRehearsalFollowSpree,t02833
cnnbrk,A federal judge has denied the Standing Rock Sioux Tribe's motion to stop work on the Dakota Access oil pipeline. https://t.co/UjkKxjEl0M,09/09/2016 19:25,7.74328E+17,en,510,629,2016-09-09 19:25:00,2016-09-09,2016-09,2016,19,Friday,A federal judge has denied the Standing Rock Sioux Tribe's motion to stop work on the Dakota Access oil pipeline. https://t.co/UjkKxjEl0M,t02834
twitter,"Now live: new ways to tap into @video on Twitter so you can shoot, watch, and create more! https://t.co/mdnG7Jly1n https://t.co/8XSZxELKCt",21/06/2016 13:03,7.45241E+17,en,1119,586,2016-06-21 13:03:00,2016-06-21,2016-06,2016,13,Tuesday,"Now live: new ways to tap into @video on Twitter so you can shoot, watch, and create more! https://t.co/mdnG7Jly1n https://t.co/8XSZxELKCt",t02835
kimkardashian,Kim Kardashian: Hollywood will receive a North American Excellence Award for the integration of KARL LAGERFELD 🎉 https://t.co/kY9lJyoS4R,03/02/2016 20:35,6.94983E+17,en,4174,771,2016-02-03 20:35:00,2016-02-03,2016-02,2016,20,Wednesday,Kim Kardashian: Hollywood will receive a North American Excellence Award for the integration of KARL LAGERFELD 🎉 https://t.co/kY9lJyoS4R,t02836
arianagrande,love,20/10/2016 05:37,7.88977E+17,en,43673,20052,2016-10-20 05:37:00,2016-10-20,2016-10,2016,5,Thursday,love,t02837
kimkardashian,Have you guys been using the new 4th of July Kimoji's? https://t.co/iebssXjFW2,05/07/2016 00:45,7.50128E+17,en,5735,758,2016-07-05 00:45:00,2016-07-05,2016-07,2016,0,Tuesday,Have you guys been using the new 4th of July Kimoji's? https://t.co/iebssXjFW2,t02838
jtimberlake,.@rickjames405 Never! I've loved the Lakers forever but I put ON for my city!!!,13/05/2012 19:12,2.01752E+17,en,34,57,2012-05-13 19:12:00,2012-05-13,2012-05,2012,19,Sunday,.@rickjames405 Never! I've loved the Lakers forever but I put ON for my city!!!,t02839
arianagrande,"Y'all!! My best friend @LizGillies' new show airs tonight at 10 on FX &amp; I couldn't possibly be prouder. Tune in to #SDRR!! Love you, dingus.",16/07/2015 16:24,6.21717E+17,en,23522,12196,2015-07-16 16:24:00,2015-07-16,2015-07,2015,16,Thursday,"Y'all!! My best friend @LizGillies' new show airs tonight at 10 on FX & I couldn't possibly be prouder. Tune in to #SDRR!! Love you, dingus.",t02840
twitter,@MissBanga You're welcome. Happy we could help :),24/02/2011 23:16,4.0913E+16,en,45,24,2011-02-24 23:16:00,2011-02-24,2011-02,2011,23,Thursday,@MissBanga You're welcome. Happy we could help :),t02841
arianagrande,and now........ Zzzzzzzzzzzzzzzzzzzzzzzzzzzzzzzzzzzz...............,10/08/2015 03:22,6.3058E+17,en,35567,18464,2015-08-10 03:22:00,2015-08-10,2015-08,2015,3,Monday,and now........ Zzzzzzzzzzzzzzzzzzzzzzzzzzzzzzzzzzzz...............,t02842
kimkardashian,"let's all welcome @ChloeGMoretz to twitter, since no one knows who she is. your nylon cover is cute boo",08/03/2016 05:58,7.07083E+17,en,169388,105890,2016-03-08 05:58:00,2016-03-08,2016-03,2016,5,Tuesday,"let's all welcome @ChloeGMoretz to twitter, since no one knows who she is. your nylon cover is cute boo",t02843
theellenshow,"This is the best reason I’ve ever seen to eat your Wheaties. Congratulations, Leah Still. You are a champion. http://t.co/6AiEujHtvv",20/08/2015 21:24,6.34476E+17,en,6449,1740,2015-08-20 21:24:00,2015-08-20,2015-08,2015,21,Thursday,"This is the best reason I’ve ever seen to eat your Wheaties. Congratulations, Leah Still. You are a champion. http://t.co/6AiEujHtvv",t02844
jtimberlake,@theyungcalf NICE!!,21/03/2012 20:48,1.82569E+17,en,13,12,2012-03-21 20:48:00,2012-03-21,2012-03,2012,20,Wednesday,@theyungcalf NICE!!,t02845
youtube,"Phone home, @ActionMovieKid! https://t.co/ghUX7wDdXp https://t.co/syWJ1oSjM5",20/06/2016 23:00,7.45028E+17,en,2144,574,2016-06-20 23:00:00,2016-06-20,2016-06,2016,23,Monday,"Phone home, @ActionMovieKid! https://t.co/ghUX7wDdXp https://t.co/syWJ1oSjM5",t02846
theellenshow,.@KendallJenner is off Instagram. Here's why. https://t.co/qYs8s1hA4v,16/11/2016 17:51,7.98946E+17,en,1751,256,2016-11-16 17:51:00,2016-11-16,2016-11,2016,17,Wednesday,.@KendallJenner is off Instagram. Here's why. https://t.co/qYs8s1hA4v,t02847
instagram,Turning a rainy day into an opportunity #WHPsightsandsounds https://t.co/vYzAtJVtCm,01/03/2016 18:00,7.04728E+17,en,986,188,2016-03-01 18:00:00,2016-03-01,2016-03,2016,18,Tuesday,Turning a rainy day into an opportunity #WHPsightsandsounds https://t.co/vYzAtJVtCm,t02848
rihanna,"“@RihannaArgntina: @rihanna FourFiveSeconds is #1 on the US iTunes. Congrats 👏👏” Wow Im super grateful, THANK YOU! http://t.co/StRMf33FMo",09/02/2015 22:21,5.64912E+17,en,7092,3932,2015-02-09 22:21:00,2015-02-09,2015-02,2015,22,Monday,"“@RihannaArgntina: @rihanna FourFiveSeconds is #1 on the US iTunes. Congrats 👏👏” Wow Im super grateful, THANK YOU! http://t.co/StRMf33FMo",t02849
shakira,Yesterday in the afternoon making music and at night at the stadium celebrating Barça's victory. Shak http://t.co/GdctNFxs9J,29/08/2013 13:14,3.73071E+17,en,1094,762,2013-08-29 13:14:00,2013-08-29,2013-08,2013,13,Thursday,Yesterday in the afternoon making music and at night at the stadium celebrating Barça's victory. Shak http://t.co/GdctNFxs9J,t02850
cnnbrk,"Archbishop Desmond Tutu readmitted to South African hospital, his family said, 10 days after he had surgery. https://t.co/DuH5oENjhT",17/09/2016 10:28,7.77092E+17,en,277,229,2016-09-17 10:28:00,2016-09-17,2016-09,2016,10,Saturday,"Archbishop Desmond Tutu readmitted to South African hospital, his family said, 10 days after he had surgery. https://t.co/DuH5oENjhT",t02851
jimmyfallon,"Tonight: @MelBrooks, @RitaOra, music from @banksandsteelz and new Tonight Show Suggestion Box! #FallonTonight",30/08/2016 18:00,7.70683E+17,en,1668,275,2016-08-30 18:00:00,2016-08-30,2016-08,2016,18,Tuesday,"Tonight: @MelBrooks, @RitaOra, music from @banksandsteelz and new Tonight Show Suggestion Box! #FallonTonight",t02852
britneyspears,That's it!! Thx so much for listening through the album w/ me :) I love reading what u guys think of the songs! #BritneyJeanListeningParty,05/12/2013 21:04,4.08703E+17,en,1226,997,2013-12-05 21:04:00,2013-12-05,2013-12,2013,21,Thursday,That's it!! Thx so much for listening through the album w/ me :) I love reading what u guys think of the songs! #BritneyJeanListeningParty,t02853
kimkardashian,Awwww thank you so much!  https://t.co/MgowcpxM5s,05/08/2016 22:25,7.6169E+17,en,1500,194,2016-08-05 22:25:00,2016-08-05,2016-08,2016,22,Friday,Awwww thank you so much! https://t.co/MgowcpxM5s,t02854
taylorswift13,"My dad just gave me ten lint rollers for Christmas, not for lint but 'because you always have glitter all over you'.
Great start, Swifts.",24/12/2014 22:00,5.47875E+17,en,74739,26112,2014-12-24 22:00:00,2014-12-24,2014-12,2014,22,Wednesday,"My dad just gave me ten lint rollers for Christmas, not for lint but 'because you always have glitter all over you'. Great start, Swifts.",t02855
shakira,"With my two real gurus #LoveRocks Shak 
https://t.co/GEE7CATQv0 http://t.co/lQ1QjIsXHX",15/10/2015 09:19,6.54587E+17,en,5545,1745,2015-10-15 09:19:00,2015-10-15,2015-10,2015,9,Thursday,With my two real gurus #LoveRocks Shak https://t.co/GEE7CATQv0 http://t.co/lQ1QjIsXHX,t02856
taylorswift13,"In silent screams, 
In wildest dreams, 
I never dreamed of this.
#TS1989 
#taylurking http://t.co/7q8JMkkL6g",29/10/2014 12:03,5.27431E+17,en,10254,4607,2014-10-29 12:03:00,2014-10-29,2014-10,2014,12,Wednesday,"In silent screams, In wildest dreams, I never dreamed of this. #TS1989 #taylurking http://t.co/7q8JMkkL6g",t02857
cristiano,It’s almost time! ⏰ ⚽ See how I spent yesterday preparing for the fastest match on 🌎 #StrikeSeries... https://t.co/oI605XnILm,02/12/2016 17:18,8.04736E+17,en,10468,2030,2016-12-02 17:18:00,2016-12-02,2016-12,2016,17,Friday,It’s almost time! ⏰ ⚽ See how I spent yesterday preparing for the fastest match on 🌎 #StrikeSeries... https://t.co/oI605XnILm,t02858
youtube,".@ladygaga’s got a million reasons for you to be excited for “Joanne.”

Hear the new single now →… https://t.co/rh5f9ymn8l",06/10/2016 23:30,7.84174E+17,en,1370,541,2016-10-06 23:30:00,2016-10-06,2016-10,2016,23,Thursday,.@ladygaga’s got a million reasons for you to be excited for “Joanne.” Hear the new single now →… https://t.co/rh5f9ymn8l,t02859
rihanna,"#BHS #facts they participated in the relay for life for the American Cancer Society and raised $700,000",22/03/2013 22:01,3.15222E+17,en,725,958,2013-03-22 22:01:00,2013-03-22,2013-03,2013,22,Friday,"#BHS #facts they participated in the relay for life for the American Cancer Society and raised $700,000",t02860
ddlovato,HOLY SHIT I'M PLAYING @nbcsnl ON OCT 17TH!!!!!!!,01/09/2015 16:29,6.3875E+17,en,21464,12489,2015-09-01 16:29:00,2015-09-01,2015-09,2015,16,Tuesday,HOLY SHIT I'M PLAYING @nbcsnl ON OCT 17TH!!!!!!!,t02861
ladygaga,"Obsessed with my #JOANNE stickers, thank u Twitter! 💞 https://t.co/vxI3bArUJJ",21/10/2016 21:02,7.89572E+17,en,8524,3333,2016-10-21 21:02:00,2016-10-21,2016-10,2016,21,Friday,"Obsessed with my #JOANNE stickers, thank u Twitter! 💞 https://t.co/vxI3bArUJJ",t02862
taylorswift13,"You took a Polaroid of us.

#TS1989 
#taylorlurking 
http://t.co/JhUZG7ADJ4 http://t.co/yKXDSx3UFW",02/11/2014 22:40,5.2904E+17,en,8153,3174,2014-11-02 22:40:00,2014-11-02,2014-11,2014,22,Sunday,You took a Polaroid of us. #TS1989 #taylorlurking http://t.co/JhUZG7ADJ4 http://t.co/yKXDSx3UFW,t02863
katyperry,When life gets overwhelming just watch tiny hamsters eating tiny burritos: http://t.co/Klz9ETpHgn thank you internet.,30/04/2014 17:08,4.61553E+17,en,6873,4687,2014-04-30 17:08:00,2014-04-30,2014-04,2014,17,Wednesday,When life gets overwhelming just watch tiny hamsters eating tiny burritos: http://t.co/Klz9ETpHgn thank you internet.,t02864
selenagomez,What an amazing crowd! Thank you  @1033ampradio #AmpBdayBash Getting stoked for my tour! http://t.co/i7Jw47HddB,30/06/2013 23:03,3.51476E+17,en,17430,17728,2013-06-30 23:03:00,2013-06-30,2013-06,2013,23,Sunday,What an amazing crowd! Thank you @1033ampradio #AmpBdayBash Getting stoked for my tour! http://t.co/i7Jw47HddB,t02865
youtube,When you show up to the anti-gravity party woefully unprepared. https://t.co/mktSOEfnL8 https://t.co/qzSNukdQUn,15/08/2016 20:00,7.65277E+17,en,1728,348,2016-08-15 20:00:00,2016-08-15,2016-08,2016,20,Monday,When you show up to the anti-gravity party woefully unprepared. https://t.co/mktSOEfnL8 https://t.co/qzSNukdQUn,t02866
katyperry,when your fragrance is 🔥#madpotion https://t.co/UfyPQIwIj4,23/07/2015 18:25,6.24284E+17,en,11067,5670,2015-07-23 18:25:00,2015-07-23,2015-07,2015,18,Thursday,when your fragrance is 🔥#madpotion https://t.co/UfyPQIwIj4,t02867
barackobama,"Last night, President Obama banned the use of solitary confinement for juveniles in federal prisons. Read more: https://t.co/A1qQL1clRt",26/01/2016 21:54,6.92103E+17,en,3886,1587,2016-01-26 21:54:00,2016-01-26,2016-01,2016,21,Tuesday,"Last night, President Obama banned the use of solitary confinement for juveniles in federal prisons. Read more: https://t.co/A1qQL1clRt",t02868
selenagomez,Just posted a photo http://t.co/ZqDnmp2H0O,23/08/2013 03:05,3.70744E+17,en,4442,5258,2013-08-23 03:05:00,2013-08-23,2013-08,2013,3,Friday,Just posted a photo http://t.co/ZqDnmp2H0O,t02869
twitter,"#TNF kicks off now. 🙌 

Tune in for #OAKvsKC streaming LIVE on Twitter!
https://t.co/WdzHD9qrrO",09/12/2016 01:27,8.07034E+17,en,375,132,2016-12-09 01:27:00,2016-12-09,2016-12,2016,1,Friday,#TNF kicks off now. 🙌 Tune in for #OAKvsKC streaming LIVE on Twitter! https://t.co/WdzHD9qrrO,t02870
barackobama,"""We gotta make sure boys and girls in those communities are loved and cherished and nurtured and invested in."" —President Obama",14/07/2015 21:45,6.21073E+17,en,1912,1045,2015-07-14 21:45:00,2015-07-14,2015-07,2015,21,Tuesday,"""We gotta make sure boys and girls in those communities are loved and cherished and nurtured and invested in."" —President Obama",t02871
selenagomez,Look who I met at subway.. http://t.co/LfHecjgN,16/01/2013 23:09,2.91684E+17,en,19228,20353,2013-01-16 23:09:00,2013-01-16,2013-01,2013,23,Wednesday,Look who I met at subway.. http://t.co/LfHecjgN,t02872
cristiano,Happy to be in the https://t.co/7YiIciMNZj Team of the Year for the 11th time! Thanks to all the fans who voted!… https://t.co/xBTniZec9V,05/01/2017 18:48,8.1708E+17,en,34933,9512,2017-01-05 18:48:00,2017-01-05,2017-01,2017,18,Thursday,Happy to be in the https://t.co/7YiIciMNZj Team of the Year for the 11th time! Thanks to all the fans who voted!… https://t.co/xBTniZec9V,t02873
kimkardashian,@JoeBleedsBlue my assistant will dm you for your address to send you the shoes,08/06/2016 22:53,7.40678E+17,en,1237,280,2016-06-08 22:53:00,2016-06-08,2016-06,2016,22,Wednesday,@JoeBleedsBlue my assistant will dm you for your address to send you the shoes,t02874
ddlovato,@marqueshouston aww thank you Marques!!,17/10/2015 05:20,6.55252E+17,en,3000,2019,2015-10-17 05:20:00,2015-10-17,2015-10,2015,5,Saturday,@marqueshouston aww thank you Marques!!,t02875
cristiano,RT this if you’re ready to watch @realmadrid and me in the @intchampionscup next week!,22/07/2013 14:30,3.5932E+17,en,1601,6579,2013-07-22 14:30:00,2013-07-22,2013-07,2013,14,Monday,RT this if you’re ready to watch @realmadrid and me in the @intchampionscup next week!,t02876
justinbieber,@InTheJon @samandude @ZoeKravitz get it,23/09/2015 20:23,6.46782E+17,en,21091,15768,2015-09-23 20:23:00,2015-09-23,2015-09,2015,20,Wednesday,@InTheJon @samandude @ZoeKravitz get it,t02877
katyperry,@katycatghita @Mark_KatyCat @ShannonFlynn2 @iwasdivine @KatysMyHabibi undiagnosed add to be exact. Gonna web MD it.,10/09/2016 20:58,7.74714E+17,en,2029,568,2016-09-10 20:58:00,2016-09-10,2016-09,2016,20,Saturday,@katycatghita @Mark_KatyCat @ShannonFlynn2 @iwasdivine @KatysMyHabibi undiagnosed add to be exact. Gonna web MD it.,t02878
jimmyfallon,Biiiig fun show tonight!! https://t.co/oLQtz6rDxB #FallonTonight,13/06/2015 02:04,6.09542E+17,en,888,180,2015-06-13 02:04:00,2015-06-13,2015-06,2015,2,Saturday,Biiiig fun show tonight!! https://t.co/oLQtz6rDxB #FallonTonight,t02879
ladygaga,. @brandonvmaxwell yes m*therf*%ker. We're ready to be inspired. #highfashion #hausofgaga #brandonmaxwell https://t.co/mQBBTPx87W,14/08/2015 01:49,6.32006E+17,en,4189,2047,2015-08-14 01:49:00,2015-08-14,2015-08,2015,1,Friday,. @brandonvmaxwell yes m*therf*%ker. We're ready to be inspired. #highfashion #hausofgaga #brandonmaxwell https://t.co/mQBBTPx87W,t02880
selenagomez,Thank YOU for making Bang Bang Bang a trending topic!,04/06/2011 03:52,7.68589E+16,en,1495,5246,2011-06-04 03:52:00,2011-06-04,2011-06,2011,3,Saturday,Thank YOU for making Bang Bang Bang a trending topic!,t02881
rihanna,About to get on my private plane #PhuckYoG5 #HTC #777tour http://t.co/XqQiMC6n,14/11/2012 20:08,2.68808E+17,en,3071,3564,2012-11-14 20:08:00,2012-11-14,2012-11,2012,20,Wednesday,About to get on my private plane #PhuckYoG5 #HTC #777tour http://t.co/XqQiMC6n,t02882
theellenshow,"Win a $500 Container Store gift card in the Ellen Shop today! I’m so excited I can’t contain myself, which is ironic. http://t.co/32vpLzfNQC",07/04/2015 21:09,5.8555E+17,en,2437,546,2015-04-07 21:09:00,2015-04-07,2015-04,2015,21,Tuesday,"Win a $500 Container Store gift card in the Ellen Shop today! I’m so excited I can’t contain myself, which is ironic. http://t.co/32vpLzfNQC",t02883
youtube,"Happens to every ferret owner, sometimes this does. https://t.co/lq1UhBKhSg https://t.co/xU18w1yqpo",07/01/2016 21:06,6.85206E+17,en,2349,737,2016-01-07 21:06:00,2016-01-07,2016-01,2016,21,Thursday,"Happens to every ferret owner, sometimes this does. https://t.co/lq1UhBKhSg https://t.co/xU18w1yqpo",t02884
jimmyfallon,Congrats to the U.S. team for winning their opening World Cup game! They did the impossible. Getting Americans to watch soccer. #fallonmono,17/06/2014 23:00,4.79036E+17,en,6969,3136,2014-06-17 23:00:00,2014-06-17,2014-06,2014,23,Tuesday,Congrats to the U.S. team for winning their opening World Cup game! They did the impossible. Getting Americans to watch soccer. #fallonmono,t02885
cristiano,Good result against Bilbao : 3-0,09/04/2011 21:19,5.68285E+16,en,350,922,2011-04-09 21:19:00,2011-04-09,2011-04,2011,21,Saturday,Good result against Bilbao : 3-0,t02886
ladygaga,@Nurse0nTheRight trolls! Setting me up!,14/09/2014 16:59,5.11197E+17,en,1603,913,2014-09-14 16:59:00,2014-09-14,2014-09,2014,16,Sunday,@Nurse0nTheRight trolls! Setting me up!,t02887
katyperry,Penelope &amp; me. http://t.co/4Mfp3eVOqp,27/04/2013 15:11,3.28165E+17,en,7120,6521,2013-04-27 15:11:00,2013-04-27,2013-04,2013,15,Saturday,Penelope & me. http://t.co/4Mfp3eVOqp,t02888
jtimberlake,That is tough…we shot #FWB in NYC. I got to see some of the best parts of the city and NYC is the best city in the world! #askjt,19/07/2011 23:16,9.34592E+16,en,48,124,2011-07-19 23:16:00,2011-07-19,2011-07,2011,23,Tuesday,That is tough…we shot #FWB in NYC. I got to see some of the best parts of the city and NYC is the best city in the world! #askjt,t02889
ddlovato,@druidDUDE @nbcsnl thank you!!!,20/10/2015 22:29,6.56598E+17,en,3805,2404,2015-10-20 22:29:00,2015-10-20,2015-10,2015,22,Tuesday,@druidDUDE @nbcsnl thank you!!!,t02890
instagram,"Sometimes, it's a work in progress #WHPthisislove  
https://t.co/qV9VMGbNds",20/02/2016 12:00,7.01013E+17,en,1240,232,2016-02-20 12:00:00,2016-02-20,2016-02,2016,12,Saturday,"Sometimes, it's a work in progress #WHPthisislove https://t.co/qV9VMGbNds",t02891
katyperry,GUYS! Get to bed early tonight so you can tune into the WORLD premiere of #WhoYouLove on @GMA starting at 8am EST! http://t.co/7c7fMlNdVY,17/12/2013 00:46,4.12746E+17,en,16146,10862,2013-12-17 00:46:00,2013-12-17,2013-12,2013,0,Tuesday,GUYS! Get to bed early tonight so you can tune into the WORLD premiere of #WhoYouLove on @GMA starting at 8am EST! http://t.co/7c7fMlNdVY,t02892
shakira,Camp Nou today / Hoy en el Camp Nou. Shak http://t.co/bKPpJQCwtL,05/08/2015 20:55,6.29033E+17,en,5310,2355,2015-08-05 20:55:00,2015-08-05,2015-08,2015,20,Wednesday,Camp Nou today / Hoy en el Camp Nou. Shak http://t.co/bKPpJQCwtL,t02893
britneyspears,Can't wait to watch! So proud! https://t.co/aAOS03OC0w,27/06/2016 00:13,7.47221E+17,en,4250,1086,2016-06-27 00:13:00,2016-06-27,2016-06,2016,0,Monday,Can't wait to watch! So proud! https://t.co/aAOS03OC0w,t02894
jimmyfallon,“@JazzM87: @jimmyfallon you and your buddy back at camp!” Yes,04/01/2014 22:26,4.19596E+17,en,373,21,2014-01-04 22:26:00,2014-01-04,2014-01,2014,22,Saturday,“@JazzM87: @jimmyfallon you and your buddy back at camp!” Yes,t02895
instagram,"Happy birthday, @Drake! 🎉  https://t.co/xr3AccRy2d",24/10/2016 21:41,7.90669E+17,en,1002,291,2016-10-24 21:41:00,2016-10-24,2016-10,2016,21,Monday,"Happy birthday, @Drake! 🎉 https://t.co/xr3AccRy2d",t02896
kimkardashian,You should google Kerry Max Cook his story is fascinating and heart breaking #RightThisWrong,14/06/2016 04:17,7.42572E+17,en,2145,331,2016-06-14 04:17:00,2016-06-14,2016-06,2016,4,Tuesday,You should google Kerry Max Cook his story is fascinating and heart breaking #RightThisWrong,t02897
britneyspears,@jamievandekamp Luv it! Xo!,23/11/2013 03:05,4.04083E+17,en,103,78,2013-11-23 03:05:00,2013-11-23,2013-11,2013,3,Saturday,@jamievandekamp Luv it! Xo!,t02898
cristiano,"I've been following Superman all my life, and I can't wait to see #ManofSteel. Looks amazing! 
http://t.co/wSnrw9TEyp",15/06/2013 14:00,3.45904E+17,en,2591,4501,2013-06-15 14:00:00,2013-06-15,2013-06,2013,14,Saturday,"I've been following Superman all my life, and I can't wait to see #ManofSteel. Looks amazing! http://t.co/wSnrw9TEyp",t02899
taylorswift13,That Seattle crowd went ABSOLUTELY INSANE when @Ciara and @DangeRussWilson walked out!! I LOVED TONIGHT. http://t.co/3wrbupx05U,09/08/2015 06:16,6.30261E+17,en,31126,11303,2015-08-09 06:16:00,2015-08-09,2015-08,2015,6,Sunday,That Seattle crowd went ABSOLUTELY INSANE when @Ciara and @DangeRussWilson walked out!! I LOVED TONIGHT. http://t.co/3wrbupx05U,t02900
arianagrande,i love you more https://t.co/IPQbBbfMu3,29/09/2015 17:18,6.4891E+17,en,13077,5323,2015-09-29 17:18:00,2015-09-29,2015-09,2015,17,Tuesday,i love you more https://t.co/IPQbBbfMu3,t02901
youtube,You know it’s a tough decision when a whale’s gonna die no matter what. 🐋 🤔 #RLBuddySystem https://t.co/bJUbKpjuhp https://t.co/FPtYkAR8lL,21/11/2016 16:55,8.00745E+17,en,1944,304,2016-11-21 16:55:00,2016-11-21,2016-11,2016,16,Monday,You know it’s a tough decision when a whale’s gonna die no matter what. 🐋 🤔 #RLBuddySystem https://t.co/bJUbKpjuhp https://t.co/FPtYkAR8lL,t02902
justinbieber,New single tonight. #coldwater https://t.co/ElHFNO0Vw1,21/07/2016 14:57,7.56141E+17,en,121540,72922,2016-07-21 14:57:00,2016-07-21,2016-07,2016,14,Thursday,New single tonight. #coldwater https://t.co/ElHFNO0Vw1,t02903
ladygaga,"White &amp; Gold, Thank you Cavalli #TelAviv Touchdown http://t.co/mfZ74CCRzx",12/09/2014 16:59,5.10473E+17,en,2675,1766,2014-09-12 16:59:00,2014-09-12,2014-09,2014,16,Friday,"White & Gold, Thank you Cavalli #TelAviv Touchdown http://t.co/mfZ74CCRzx",t02904
ddlovato,Happy #FFF guys!! I used my mist and moisturizer to keep my skin hydrated in the snow!! ❄️💙 https://t.co/LdAbm0F4h4 https://t.co/Fc9ZgCwlS1,12/02/2016 18:46,6.98217E+17,en,35085,15042,2016-02-12 18:46:00,2016-02-12,2016-02,2016,18,Friday,Happy #FFF guys!! I used my mist and moisturizer to keep my skin hydrated in the snow!! ❄️💙 https://t.co/LdAbm0F4h4 https://t.co/Fc9ZgCwlS1,t02905
katyperry,If cuttlefish really cuddle call me a mermaid and drop me in a tank of them pls.,05/03/2014 01:01,4.41016E+17,en,11827,8851,2014-03-05 01:01:00,2014-03-05,2014-03,2014,1,Wednesday,If cuttlefish really cuddle call me a mermaid and drop me in a tank of them pls.,t02906
shakira,New video interview with Shak ahead of Monday's @NBCTheVoice  season premiere. ShakHQ https://t.co/lEM1AR7PNa,20/03/2013 16:42,3.14417E+17,en,258,356,2013-03-20 16:42:00,2013-03-20,2013-03,2013,16,Wednesday,New video interview with Shak ahead of Monday's @NBCTheVoice season premiere. ShakHQ https://t.co/lEM1AR7PNa,t02907
instagram,Photographer Abbie Trayler-Smith has her #EyesOn civilians living in conflict zones https://t.co/jyr0gO8FoJ,03/11/2016 17:30,7.9423E+17,en,561,95,2016-11-03 17:30:00,2016-11-03,2016-11,2016,17,Thursday,Photographer Abbie Trayler-Smith has her #EyesOn civilians living in conflict zones https://t.co/jyr0gO8FoJ,t02908
kimkardashian,#BTS AUSTRALIA SUNDAY TIMES https://t.co/fY7rJUceWB https://t.co/ihGQXd7Kc5,19/03/2016 19:15,7.1127E+17,en,9010,1593,2016-03-19 19:15:00,2016-03-19,2016-03,2016,19,Saturday,#BTS AUSTRALIA SUNDAY TIMES https://t.co/fY7rJUceWB https://t.co/ihGQXd7Kc5,t02909
barackobama,Americans across the country agree that we need bold action in the fight against climate change. #ActOnClimate https://t.co/znuajZ6CmE,08/08/2016 16:40,7.6269E+17,en,7505,1748,2016-08-08 16:40:00,2016-08-08,2016-08,2016,16,Monday,Americans across the country agree that we need bold action in the fight against climate change. #ActOnClimate https://t.co/znuajZ6CmE,t02910
britneyspears,What You Need: …That was fun 😜 #GloryStreamingParty,27/08/2016 18:41,7.69606E+17,en,3936,1664,2016-08-27 18:41:00,2016-08-27,2016-08,2016,18,Saturday,What You Need: …That was fun 😜 #GloryStreamingParty,t02911
barackobama,LIVE: President Obama is speaking at the @CDCGov in Atlanta. Tune in here: http://t.co/ZSBRpbTbH0,16/09/2014 20:05,5.11969E+17,en,590,316,2014-09-16 20:05:00,2014-09-16,2014-09,2014,20,Tuesday,LIVE: President Obama is speaking at the @CDCGov in Atlanta. Tune in here: http://t.co/ZSBRpbTbH0,t02912
theellenshow,Consider my mood boosted. Watch the whole video on ellentube: http://t.co/Knc3MEK7M8 https://t.co/25VBHamHxb,17/09/2015 22:00,6.44632E+17,en,8850,3899,2015-09-17 22:00:00,2015-09-17,2015-09,2015,22,Thursday,Consider my mood boosted. Watch the whole video on ellentube: http://t.co/Knc3MEK7M8 https://t.co/25VBHamHxb,t02913
katyperry,"And so far we've raised nearly $250,000 with the USA &amp; Canada shows alone! I'm proud of us BB'S 🙌",01/08/2014 20:43,4.95309E+17,en,8265,4187,2014-08-01 20:43:00,2014-08-01,2014-08,2014,20,Friday,"And so far we've raised nearly $250,000 with the USA & Canada shows alone! I'm proud of us BB'S 🙌",t02914
cristiano,Hey guys! Wanna help me choose the best haircut? http://t.co/6I1Y4LZ5K5 http://t.co/QtU0PgOEHl,05/08/2015 13:58,6.28928E+17,en,13320,4834,2015-08-05 13:58:00,2015-08-05,2015-08,2015,13,Wednesday,Hey guys! Wanna help me choose the best haircut? http://t.co/6I1Y4LZ5K5 http://t.co/QtU0PgOEHl,t02915
jimmyfallon,"Tyler Perry's expecting his 1st child with his girlfriend. He's excited to be a dad, and even MORE excited to be a grandmother. #fallonmono",25/09/2014 23:35,5.15283E+17,en,3809,1073,2014-09-25 23:35:00,2014-09-25,2014-09,2014,23,Thursday,"Tyler Perry's expecting his 1st child with his girlfriend. He's excited to be a dad, and even MORE excited to be a grandmother. #fallonmono",t02916
twitter,Words from @evan (the other Evan) on open engineering at Twitter: http://bit.ly/bVPRJh,23/02/2010 21:07,9542743708,en,47,75,2010-02-23 21:07:00,2010-02-23,2010-02,2010,21,Tuesday,Words from @evan (the other Evan) on open engineering at Twitter: http://bit.ly/bVPRJh,t02917
shakira,.@Anna_Isabel05 kids are able 2 comprehend more than we think-It’s never too early 2 start teaching&amp;exposing them to books even as newborns,10/12/2014 15:16,5.42699E+17,en,358,164,2014-12-10 15:16:00,2014-12-10,2014-12,2014,15,Wednesday,.@Anna_Isabel05 kids are able 2 comprehend more than we think-It’s never too early 2 start teaching&exposing them to books even as newborns,t02918
barackobama,We're just two days away from another shutdown—your voice matters more than ever. Add your name: http://t.co/BCsbHIV3cc #EnoughAlready,25/02/2015 22:31,5.70713E+17,en,1387,1410,2015-02-25 22:31:00,2015-02-25,2015-02,2015,22,Wednesday,We're just two days away from another shutdown—your voice matters more than ever. Add your name: http://t.co/BCsbHIV3cc #EnoughAlready,t02919
katyperry,"Typically, I hate mornings, but this morning is unlike any other morning! I get to see the @sunriseon7! 20 more min until I'm LIVE on air!",28/10/2013 20:15,3.9492E+17,en,3867,3523,2013-10-28 20:15:00,2013-10-28,2013-10,2013,20,Monday,"Typically, I hate mornings, but this morning is unlike any other morning! I get to see the @sunriseon7! 20 more min until I'm LIVE on air!",t02920
katyperry,"SYDNEY! I'll b back, but my pop-up shop won't 😩 LAST DAY to shop exclusive Oz merch TODAY! 624 George St, 10a-6p http://t.co/8DWf8Dm5Yu",27/11/2014 23:01,5.38105E+17,en,15941,8051,2014-11-27 23:01:00,2014-11-27,2014-11,2014,23,Thursday,"SYDNEY! I'll b back, but my pop-up shop won't 😩 LAST DAY to shop exclusive Oz merch TODAY! 624 George St, 10a-6p http://t.co/8DWf8Dm5Yu",t02921
britneyspears,"@AdamSandler I'm impressed!!! You took that like a champ. And now I'm excited to see Betty White's, good one!!",20/08/2014 02:35,5.0192E+17,en,1160,863,2014-08-20 02:35:00,2014-08-20,2014-08,2014,2,Wednesday,"@AdamSandler I'm impressed!!! You took that like a champ. And now I'm excited to see Betty White's, good one!!",t02922
twitter,Discover: Literature http://t.co/e5pUEXlX,24/02/2012 19:51,1.73133E+17,en,147,155,2012-02-24 19:51:00,2012-02-24,2012-02,2012,19,Friday,Discover: Literature http://t.co/e5pUEXlX,t02923
youtube,@JimmyKimmelLive Wow what a throwback!,07/07/2016 22:01,7.51174E+17,en,36,4,2016-07-07 22:01:00,2016-07-07,2016-07,2016,22,Thursday,@JimmyKimmelLive Wow what a throwback!,t02924
jtimberlake,Can't wait ‼️ #Eurovision  https://t.co/chREtx8rnz,09/05/2016 16:29,7.2971E+17,en,4560,2254,2016-05-09 16:29:00,2016-05-09,2016-05,2016,16,Monday,Can't wait ‼️ #Eurovision https://t.co/chREtx8rnz,t02925
taylorswift13,"That Lexington crowd was INCREDIBLE. And 17,000 strong. So happy right now.",28/04/2013 02:36,3.28337E+17,en,8592,9384,2013-04-28 02:36:00,2013-04-28,2013-04,2013,2,Sunday,"That Lexington crowd was INCREDIBLE. And 17,000 strong. So happy right now.",t02926
cristiano,It´s my turn to support my “team”! Help us make Madeira win World´s Leading Destination 2016. Vote here… https://t.co/qGMObKYGZ2,08/10/2016 17:01,7.84801E+17,en,14862,2399,2016-10-08 17:01:00,2016-10-08,2016-10,2016,17,Saturday,It´s my turn to support my “team”! Help us make Madeira win World´s Leading Destination 2016. Vote here… https://t.co/qGMObKYGZ2,t02927
youtube,Wetness is the essence of death on the next episode of #EscapeTheNight. Can you guess who’s coming over?♓ #Cluesday https://t.co/rrdVYFBO0S,26/07/2016 19:38,7.58024E+17,en,1337,205,2016-07-26 19:38:00,2016-07-26,2016-07,2016,19,Tuesday,Wetness is the essence of death on the next episode of #EscapeTheNight. Can you guess who’s coming over?♓ #Cluesday https://t.co/rrdVYFBO0S,t02928
kimkardashian,It is! So much has happened since last season!  https://t.co/9ntS0AvVGw,02/05/2016 05:55,7.27014E+17,en,2229,296,2016-05-02 05:55:00,2016-05-02,2016-05,2016,5,Monday,It is! So much has happened since last season! https://t.co/9ntS0AvVGw,t02929
taylorswift13,Just clipped my cat's claws all by myself. Didn't get mauled. Celebrate life's little victories.,26/09/2012 05:18,2.50827E+17,en,9587,10750,2012-09-26 05:18:00,2012-09-26,2012-09,2012,5,Wednesday,Just clipped my cat's claws all by myself. Didn't get mauled. Celebrate life's little victories.,t02930
kimkardashian,SUNBATHING BABES https://t.co/7E4ti2kylk https://t.co/vDqUfMWm63,07/11/2015 00:29,6.62789E+17,en,25728,6368,2015-11-07 00:29:00,2015-11-07,2015-11,2015,0,Saturday,SUNBATHING BABES https://t.co/7E4ti2kylk https://t.co/vDqUfMWm63,t02931
instagram,Rethinking what architecture can be with Chris Dove: https://t.co/ZWVvyDF8Lh https://t.co/MKWbpb1CeF,06/03/2016 22:07,7.06602E+17,en,1245,263,2016-03-06 22:07:00,2016-03-06,2016-03,2016,22,Sunday,Rethinking what architecture can be with Chris Dove: https://t.co/ZWVvyDF8Lh https://t.co/MKWbpb1CeF,t02932
theellenshow,"What do @ericstonestreet, @NotoriousROD, &amp; mattresses have in common? Well, not much, but you have to see this. https://t.co/qCqsHdjlcx",12/04/2016 19:27,7.1997E+17,en,1304,173,2016-04-12 19:27:00,2016-04-12,2016-04,2016,19,Tuesday,"What do @ericstonestreet, @NotoriousROD, & mattresses have in common? Well, not much, but you have to see this. https://t.co/qCqsHdjlcx",t02933
justinbieber,@kanyewest congrats on adidas my guy,01/07/2016 05:46,7.48755E+17,en,48794,24840,2016-07-01 05:46:00,2016-07-01,2016-07,2016,5,Friday,@kanyewest congrats on adidas my guy,t02934
youtube,"That’s not a cucumber, little buddy! https://t.co/GywRpPNKON 🙀🙀🙀 https://t.co/GZrC0MfftK",01/08/2016 19:35,7.60197E+17,en,1843,304,2016-08-01 19:35:00,2016-08-01,2016-08,2016,19,Monday,"That’s not a cucumber, little buddy! https://t.co/GywRpPNKON 🙀🙀🙀 https://t.co/GZrC0MfftK",t02935
jtimberlake,THIS IS MYSPACE http://t.co/pPKObXyB #NEWMYSPACE,24/09/2012 19:02,2.50309E+17,en,410,1396,2012-09-24 19:02:00,2012-09-24,2012-09,2012,19,Monday,THIS IS MYSPACE http://t.co/pPKObXyB #NEWMYSPACE,t02936
kimkardashian,thank you! worked so hard on it! https://t.co/R6lUcdISf2,14/09/2015 16:05,6.43455E+17,en,1166,272,2015-09-14 16:05:00,2015-09-14,2015-09,2015,16,Monday,thank you! worked so hard on it! https://t.co/R6lUcdISf2,t02937
taylorswift13,"Was watching MTV last night and the commercial for the VMAs that I'm in came on and I was all ""!!!!!!!!!!!!!!!!!!""",27/08/2012 17:02,2.40132E+17,en,5609,7835,2012-08-27 17:02:00,2012-08-27,2012-08,2012,17,Monday,"Was watching MTV last night and the commercial for the VMAs that I'm in came on and I was all ""!!!!!!!!!!!!!!!!!!""",t02938
justinbieber,I really like you :) http://t.co/EWIk9v3mYL,14/04/2015 21:42,5.88095E+17,en,103878,93499,2015-04-14 21:42:00,2015-04-14,2015-04,2015,21,Tuesday,I really like you :) http://t.co/EWIk9v3mYL,t02939
kimkardashian,CAPE CRAZE https://t.co/p5vZuIDTxX https://t.co/W4RPkLf7T4,08/12/2015 21:21,6.74338E+17,en,10211,2016,2015-12-08 21:21:00,2015-12-08,2015-12,2015,21,Tuesday,CAPE CRAZE https://t.co/p5vZuIDTxX https://t.co/W4RPkLf7T4,t02940
taylorswift13,...'til you put me down.,06/01/2013 01:21,2.87731E+17,en,28510,48932,2013-01-06 01:21:00,2013-01-06,2013-01,2013,1,Sunday,...'til you put me down.,t02941
twitter,Support for Japan http://t.co/X1oypWH,13/03/2011 03:15,4.67713E+16,en,168,1015,2011-03-13 03:15:00,2011-03-13,2011-03,2011,3,Sunday,Support for Japan http://t.co/X1oypWH,t02942
kimkardashian,he really is! I'm so lucky https://t.co/pH0OWXosiM,08/08/2016 01:22,7.62459E+17,en,3970,721,2016-08-08 01:22:00,2016-08-08,2016-08,2016,1,Monday,he really is! I'm so lucky https://t.co/pH0OWXosiM,t02943
selenagomez,"Happy 4th of July!!!!!! 

http://www.youtube.com/watch?v=aJbfDHMOKZw",04/07/2010 19:04,17738925783,en,347,900,2010-07-04 19:04:00,2010-07-04,2010-07,2010,19,Sunday,Happy 4th of July!!!!!! http://www.youtube.com/watch?v=aJbfDHMOKZw,t02944
youtube,100 years of Chinese beauty → https://t.co/B8Vzazh8Sc https://t.co/P674y4dxBs,15/12/2015 02:00,6.76582E+17,en,1105,225,2015-12-15 02:00:00,2015-12-15,2015-12,2015,2,Tuesday,100 years of Chinese beauty → https://t.co/B8Vzazh8Sc https://t.co/P674y4dxBs,t02945
cristiano,One of my favourite #CR7Shirts for Autumn/Winter. Check out http://t.co/RwbrAO7iK5 to see all of our new styles! http://t.co/hRVfMbN5qm,01/09/2015 15:34,6.38737E+17,en,12936,3950,2015-09-01 15:34:00,2015-09-01,2015-09,2015,15,Tuesday,One of my favourite #CR7Shirts for Autumn/Winter. Check out http://t.co/RwbrAO7iK5 to see all of our new styles! http://t.co/hRVfMbN5qm,t02946
ddlovato,"Why doesn't @Starbucks at least make the cups about the actual season: winter? (snowflakes, snowmen..etc.) ❄️☃🌨",10/11/2015 14:57,6.64095E+17,en,18388,9955,2015-11-10 14:57:00,2015-11-10,2015-11,2015,14,Tuesday,"Why doesn't @Starbucks at least make the cups about the actual season: winter? (snowflakes, snowmen..etc.) ❄️☃🌨",t02947
rihanna,So hype bout headlining @MIAfestival Labor Day weekend!! See you soon Philly! #MadeInAmerica https://t.co/xysPvONu0M https://t.co/O112hezlEF,20/06/2016 21:01,7.44999E+17,en,14239,5617,2016-06-20 21:01:00,2016-06-20,2016-06,2016,21,Monday,So hype bout headlining @MIAfestival Labor Day weekend!! See you soon Philly! #MadeInAmerica https://t.co/xysPvONu0M https://t.co/O112hezlEF,t02948
taylorswift13,Woah Omaha. That first show was SO much fun and I can't wait to see you again tomorrow!!,28/05/2011 04:42,7.43347E+16,en,956,2216,2011-05-28 04:42:00,2011-05-28,2011-05,2011,4,Saturday,Woah Omaha. That first show was SO much fun and I can't wait to see you again tomorrow!!,t02949
britneyspears,First live show tonight. SO pumped. Counting down... #5HoursToXFactorLive,31/10/2012 19:01,2.63717E+17,en,608,1422,2012-10-31 19:01:00,2012-10-31,2012-10,2012,19,Wednesday,First live show tonight. SO pumped. Counting down... #5HoursToXFactorLive,t02950
twitter,"PUPPIES! 🐶 #NationalPuppyDay

https://t.co/G5Zm4v9ulK

https://t.co/bTgUwViJF8",23/03/2016 20:25,7.12737E+17,en,4737,1686,2016-03-23 20:25:00,2016-03-23,2016-03,2016,20,Wednesday,PUPPIES! 🐶 #NationalPuppyDay https://t.co/G5Zm4v9ulK https://t.co/bTgUwViJF8,t02951
barackobama,Find out how one young organizer is turning her outrage on the gender wage gap into action. http://t.co/FD1NKHdPwb,24/08/2015 18:05,6.35876E+17,en,819,337,2015-08-24 18:05:00,2015-08-24,2015-08,2015,18,Monday,Find out how one young organizer is turning her outrage on the gender wage gap into action. http://t.co/FD1NKHdPwb,t02952
cnnbrk,New Zealand Prime Minister John Key has resigned after being in power since 2008. https://t.co/8YYgqCJYD8 https://t.co/ybAsuXwlXO,05/12/2016 00:27,8.05569E+17,en,295,360,2016-12-05 00:27:00,2016-12-05,2016-12,2016,0,Monday,New Zealand Prime Minister John Key has resigned after being in power since 2008. https://t.co/8YYgqCJYD8 https://t.co/ybAsuXwlXO,t02953
arianagrande,i love you,21/11/2016 05:11,8.00567E+17,en,80842,36708,2016-11-21 05:11:00,2016-11-21,2016-11,2016,5,Monday,i love you,t02954
theellenshow,I’m at Google with the cast of #FindingDory! You can watch me in 360 degrees! My best degree is 239. https://t.co/JOcVrRV0eh,08/06/2016 20:36,7.40644E+17,en,3434,456,2016-06-08 20:36:00,2016-06-08,2016-06,2016,20,Wednesday,I’m at Google with the cast of #FindingDory! You can watch me in 360 degrees! My best degree is 239. https://t.co/JOcVrRV0eh,t02955
ddlovato,#CONFIDENT video teaser #2 coming later today!!! Follow @MarriottRewards to see it first!!!,04/10/2015 16:13,6.50705E+17,en,13145,8649,2015-10-04 16:13:00,2015-10-04,2015-10,2015,16,Sunday,#CONFIDENT video teaser #2 coming later today!!! Follow @MarriottRewards to see it first!!!,t02956
ladygaga,#Lovewins over chaos. https://t.co/j7cUhTewPm,26/06/2015 17:52,6.14491E+17,en,11562,7444,2015-06-26 17:52:00,2015-06-26,2015-06,2015,17,Friday,#Lovewins over chaos. https://t.co/j7cUhTewPm,t02957
jimmyfallon,Biiiiiig show tonight!!! Timberlake. Ellen. Macklemore &amp; Ryan Lewis.,09/09/2015 13:58,6.41612E+17,en,8651,2141,2015-09-09 13:58:00,2015-09-09,2015-09,2015,13,Wednesday,Biiiiiig show tonight!!! Timberlake. Ellen. Macklemore & Ryan Lewis.,t02958
twitter,"Get lifted with week's @Vine #SongCollab featuring @HumblePimp 🎤

https://t.co/Ov58ihoiI0
https://t.co/bFkUltAbXW",26/05/2016 17:33,7.35887E+17,en,822,155,2016-05-26 17:33:00,2016-05-26,2016-05,2016,17,Thursday,Get lifted with week's @Vine #SongCollab featuring @HumblePimp 🎤 https://t.co/Ov58ihoiI0 https://t.co/bFkUltAbXW,t02959
katyperry,I wanna predict that my mate @samsmithworld is gonna be like a male Adele but I don't want it to go to his head...😜👏,20/05/2014 14:39,4.68763E+17,en,10132,5974,2014-05-20 14:39:00,2014-05-20,2014-05,2014,14,Tuesday,I wanna predict that my mate @samsmithworld is gonna be like a male Adele but I don't want it to go to his head...😜👏,t02960
rihanna,"#TelAviv THANK YOU for making tonight so big for me! We sold out, and became biggest female show in histoRIH to play in your home!! #NAVY",22/10/2013 22:13,3.92776E+17,en,2539,2814,2013-10-22 22:13:00,2013-10-22,2013-10,2013,22,Tuesday,"#TelAviv THANK YOU for making tonight so big for me! We sold out, and became biggest female show in histoRIH to play in your home!! #NAVY",t02961
theellenshow,"I sent some of my favorite people to interview the winners of the #CMAawards: Jeannie, Andy and Jack (Daniels). https://t.co/aCvlKTzZ33",05/11/2015 21:59,6.62389E+17,en,1613,233,2015-11-05 21:59:00,2015-11-05,2015-11,2015,21,Thursday,"I sent some of my favorite people to interview the winners of the #CMAawards: Jeannie, Andy and Jack (Daniels). https://t.co/aCvlKTzZ33",t02962
justinbieber,Hey @KennyHamilton ... Good guys always win :),24/06/2015 18:10,6.13771E+17,en,59488,46171,2015-06-24 18:10:00,2015-06-24,2015-06,2015,18,Wednesday,Hey @KennyHamilton ... Good guys always win :),t02963
instagram,A snowboarder caught mid-loop https://t.co/EOqpcVjkmy,23/04/2016 04:06,7.23725E+17,en,951,172,2016-04-23 04:06:00,2016-04-23,2016-04,2016,4,Saturday,A snowboarder caught mid-loop https://t.co/EOqpcVjkmy,t02964
theellenshow,I remember filming this scene. I still have water in my ears. #HaveYouSeenHer #YoullSeeHerSoon https://t.co/Z3nh7LjS1I,09/02/2016 16:00,6.97088E+17,en,19406,5283,2016-02-09 16:00:00,2016-02-09,2016-02,2016,16,Tuesday,I remember filming this scene. I still have water in my ears. #HaveYouSeenHer #YoullSeeHerSoon https://t.co/Z3nh7LjS1I,t02965
cnnbrk,"Money raised from Ice Bucket Challenge has led to important breakthrough, ALS group says. https://t.co/ZhVLClD6Oj https://t.co/eIo1CtBmm0",27/07/2016 08:53,7.58224E+17,en,2592,1631,2016-07-27 08:53:00,2016-07-27,2016-07,2016,8,Wednesday,"Money raised from Ice Bucket Challenge has led to important breakthrough, ALS group says. https://t.co/ZhVLClD6Oj https://t.co/eIo1CtBmm0",t02966
ddlovato,Can't wait to get back and watch my friend @iamjamiefoxx in his new film that opened this weekend!! 😊 @SleeplessMovie,15/01/2017 18:23,8.20698E+17,en,15359,3898,2017-01-15 18:23:00,2017-01-15,2017-01,2017,18,Sunday,Can't wait to get back and watch my friend @iamjamiefoxx in his new film that opened this weekend!! 😊 @SleeplessMovie,t02967
jtimberlake,@kaleyljohnson Don't pee your pants.,04/05/2012 21:35,1.98526E+17,en,11,23,2012-05-04 21:35:00,2012-05-04,2012-05,2012,21,Friday,@kaleyljohnson Don't pee your pants.,t02968
jtimberlake,"""@TiffanieSBaine: @jtimberlake lol i believe the term you're looking for is santacon!"" SantaCon?!?! Where have I been?! This is pure genius.",15/12/2012 23:27,2.80092E+17,en,155,104,2012-12-15 23:27:00,2012-12-15,2012-12,2012,23,Saturday,"""@TiffanieSBaine: @jtimberlake lol i believe the term you're looking for is santacon!"" SantaCon?!?! Where have I been?! This is pure genius.",t02969
barackobama,"""I’m setting a new goal: By the end of this decade, let’s enroll six million children in high-quality preschool."" —President Obama",02/10/2014 18:54,5.17749E+17,en,1144,662,2014-10-02 18:54:00,2014-10-02,2014-10,2014,18,Thursday,"""I’m setting a new goal: By the end of this decade, let’s enroll six million children in high-quality preschool."" —President Obama",t02970
twitter,Sharing Tweets just got easier! http://t.co/xrENLANl Starting today you can email Tweets to anyone from http://t.co/coKFdEQL,15/11/2012 22:46,2.6921E+17,en,212,413,2012-11-15 22:46:00,2012-11-15,2012-11,2012,22,Thursday,Sharing Tweets just got easier! http://t.co/xrENLANl Starting today you can email Tweets to anyone from http://t.co/coKFdEQL,t02971
youtube,Step into a world of wow. 360° live-streaming and spatial audio are here. https://t.co/pCxQUu5hTu https://t.co/meLX9c0TWV,18/04/2016 18:16,7.22127E+17,en,1411,355,2016-04-18 18:16:00,2016-04-18,2016-04,2016,18,Monday,Step into a world of wow. 360° live-streaming and spatial audio are here. https://t.co/pCxQUu5hTu https://t.co/meLX9c0TWV,t02972
kimkardashian,How was everyone's weekend? I saw The Revenant &amp; The Danish Girl. They both are so good!!!!!,28/12/2015 18:34,6.81544E+17,en,5814,723,2015-12-28 18:34:00,2015-12-28,2015-12,2015,18,Monday,How was everyone's weekend? I saw The Revenant & The Danish Girl. They both are so good!!!!!,t02973
shakira,"Watch Shakira's speech from the launch of the ""First Things First"" early childhood development initiative http://t.co/QIfgXZL4 ShakiraHQ",17/04/2012 17:42,1.92307E+17,en,123,185,2012-04-17 17:42:00,2012-04-17,2012-04,2012,17,Tuesday,"Watch Shakira's speech from the launch of the ""First Things First"" early childhood development initiative http://t.co/QIfgXZL4 ShakiraHQ",t02974
katyperry,HOUSTON! Second show added October 11! http://t.co/s7UCGWYhqc,23/01/2014 16:21,4.26389E+17,en,2896,1903,2014-01-23 16:21:00,2014-01-23,2014-01,2014,16,Thursday,HOUSTON! Second show added October 11! http://t.co/s7UCGWYhqc,t02975
kimkardashian,"Thank you so much and my apologies on the spelling error, this expecting Mommy is a tad sleep deprived. ;-) https://t.co/Lzt8XL2SFe",16/06/2015 22:14,6.10933E+17,en,8798,2213,2015-06-16 22:14:00,2015-06-16,2015-06,2015,22,Tuesday,"Thank you so much and my apologies on the spelling error, this expecting Mommy is a tad sleep deprived. ;-) https://t.co/Lzt8XL2SFe",t02976
youtube,@IISuperwomanII That’s the work ethic we should all strive to have. 💪,12/01/2017 23:05,8.19682E+17,en,369,48,2017-01-12 23:05:00,2017-01-12,2017-01,2017,23,Thursday,@IISuperwomanII That’s the work ethic we should all strive to have. 💪,t02977
katyperry,Purposefully spaced out my consumption of OITNB so that I wouldn't starve till 2015 but den I came to AUS...no netflix zone🙅 #missupiper,11/11/2014 07:49,5.32078E+17,en,12162,7468,2014-11-11 07:49:00,2014-11-11,2014-11,2014,7,Tuesday,Purposefully spaced out my consumption of OITNB so that I wouldn't starve till 2015 but den I came to AUS...no netflix zone🙅 #missupiper,t02978
theellenshow,Happy #ThrowbackThursday! #TBT #GameofThrones https://t.co/81CzIx92UO,28/04/2016 21:09,7.25794E+17,en,5763,926,2016-04-28 21:09:00,2016-04-28,2016-04,2016,21,Thursday,Happy #ThrowbackThursday! #TBT #GameofThrones https://t.co/81CzIx92UO,t02979
ladygaga,@FREEARTIST2 save me a seat and a pint 🍻 cheers,15/10/2014 10:24,5.22332E+17,en,1336,705,2014-10-15 10:24:00,2014-10-15,2014-10,2014,10,Wednesday,@FREEARTIST2 save me a seat and a pint 🍻 cheers,t02980
ddlovato,There's yelling and everything!!! 😱 this is almost... ALMOST as good as Scandal...,07/06/2015 12:30,6.07525E+17,en,17897,10066,2015-06-07 12:30:00,2015-06-07,2015-06,2015,12,Sunday,There's yelling and everything!!! 😱 this is almost... ALMOST as good as Scandal...,t02981
justinbieber,@RyanSeacrest thank you. See u tomorrow for the announcement ;),29/07/2015 02:42,6.26221E+17,en,38957,32834,2015-07-29 02:42:00,2015-07-29,2015-07,2015,2,Wednesday,@RyanSeacrest thank you. See u tomorrow for the announcement ;),t02982
jimmyfallon,"Plus very excited to have @Simone_Biles, @Aly_Raisman, @lzhernandez02, @gabrielledoug &amp; @MadisonKocian here! #FinalFiveFallon #FallonTonight",23/08/2016 13:07,7.68072E+17,en,5868,795,2016-08-23 13:07:00,2016-08-23,2016-08,2016,13,Tuesday,"Plus very excited to have @Simone_Biles, @Aly_Raisman, @lzhernandez02, @gabrielledoug & @MadisonKocian here! #FinalFiveFallon #FallonTonight",t02983
selenagomez,@IrishBieberNavy Love them both equally one is for my littles and one is for the older crowd.,29/09/2012 17:09,2.52093E+17,en,550,1044,2012-09-29 17:09:00,2012-09-29,2012-09,2012,17,Saturday,@IrishBieberNavy Love them both equally one is for my littles and one is for the older crowd.,t02984
jtimberlake,2 more days... 😳 https://t.co/iDIX09zeIU,04/05/2016 19:18,7.2794E+17,en,4982,2641,2016-05-04 19:18:00,2016-05-04,2016-05,2016,19,Wednesday,2 more days... 😳 https://t.co/iDIX09zeIU,t02985
taylorswift13,"The best people in life are free.
#taylurking 
#TS1989 http://t.co/h57ruxwfAg",28/10/2014 14:22,5.27103E+17,en,11397,5230,2014-10-28 14:22:00,2014-10-28,2014-10,2014,14,Tuesday,The best people in life are free. #taylurking #TS1989 http://t.co/h57ruxwfAg,t02986
kimkardashian,"My ring shined bright 4 our ❤️in Rome! Celebrating our 2yr anniversary in Italy, the country we got married#Blessed https://t.co/fpeW8xCMst",24/05/2016 07:19,7.35007E+17,en,33305,6306,2016-05-24 07:19:00,2016-05-24,2016-05,2016,7,Tuesday,"My ring shined bright 4 our ❤️in Rome! Celebrating our 2yr anniversary in Italy, the country we got married#Blessed https://t.co/fpeW8xCMst",t02987
theellenshow,I sent these twins to the red carpet of the #GoldenGlobes. They’re also my new bouncers. https://t.co/nYV7z5YhM9,12/01/2016 23:07,6.87048E+17,en,2565,334,2016-01-12 23:07:00,2016-01-12,2016-01,2016,23,Tuesday,I sent these twins to the red carpet of the #GoldenGlobes. They’re also my new bouncers. https://t.co/nYV7z5YhM9,t02988
cnnbrk,Israel denies Syrian claim its military shot down an Israeli warplane near Syrian border with the Golan Heights. https://t.co/fzK1lhLApd,13/09/2016 08:01,7.75605E+17,en,253,271,2016-09-13 08:01:00,2016-09-13,2016-09,2016,8,Tuesday,Israel denies Syrian claim its military shot down an Israeli warplane near Syrian border with the Golan Heights. https://t.co/fzK1lhLApd,t02989
rihanna,"Man my album is complete, and I need a fucking drink and a roll up! It was quite the journey, but it's all part of our story! #UNAPOLOGETIC",05/11/2012 05:56,2.65332E+17,en,4273,8311,2012-11-05 05:56:00,2012-11-05,2012-11,2012,5,Monday,"Man my album is complete, and I need a fucking drink and a roll up! It was quite the journey, but it's all part of our story! #UNAPOLOGETIC",t02990
jtimberlake,“@Aloveeeeee: Starting the night off right #21stbirthday @jtimberlake @Sauza901 http://t.co/cYjWXlmQpc” 🎉🏆,28/12/2014 05:28,5.49074E+17,en,1859,436,2014-12-28 05:28:00,2014-12-28,2014-12,2014,5,Sunday,“@Aloveeeeee: Starting the night off right #21stbirthday @jtimberlake @Sauza901 http://t.co/cYjWXlmQpc” 🎉🏆,t02991
rihanna,Happy birthday Ursy @ursulastephen big up to Taraji http://t.co/6PqEHSel,09/11/2012 07:07,2.66799E+17,en,606,663,2012-11-09 07:07:00,2012-11-09,2012-11,2012,7,Friday,Happy birthday Ursy @ursulastephen big up to Taraji http://t.co/6PqEHSel,t02992
selenagomez,I'm sorry but did you see my last post? My fans care about others in a manner I can't even begin to explain. Proud. Let's change the world!,20/01/2015 01:25,5.57348E+17,en,30598,22522,2015-01-20 01:25:00,2015-01-20,2015-01,2015,1,Tuesday,I'm sorry but did you see my last post? My fans care about others in a manner I can't even begin to explain. Proud. Let's change the world!,t02993
katyperry,#RISE above it all: https://t.co/ToeZNtE4rE,18/07/2016 05:32,7.54912E+17,en,27822,11774,2016-07-18 05:32:00,2016-07-18,2016-07,2016,5,Monday,#RISE above it all: https://t.co/ToeZNtE4rE,t02994
theellenshow,".@AllisonHolker is in the #DWTS finals! She’s married to my friend, @official_tWitch! Vote for her! She’s incredible! http://t.co/UEAtgaxtuN",19/05/2015 01:00,6.00466E+17,en,4649,1845,2015-05-19 01:00:00,2015-05-19,2015-05,2015,1,Tuesday,".@AllisonHolker is in the #DWTS finals! She’s married to my friend, @official_tWitch! Vote for her! She’s incredible! http://t.co/UEAtgaxtuN",t02995
justinbieber,i'm back. #whatdoyoumean on @spotify now. http://t.co/guDqrRG3My http://t.co/U9vKVTaI8I,28/08/2015 11:03,6.37219E+17,en,110628,117221,2015-08-28 11:03:00,2015-08-28,2015-08,2015,11,Friday,i'm back. #whatdoyoumean on @spotify now. http://t.co/guDqrRG3My http://t.co/U9vKVTaI8I,t02996
jimmyfallon,What ever happened to fun?!?!! Comedians in Cars Getting Coffee -@cicgcshow with me and @JerrySeinfeld: Part 1: http://t.co/WjnIPis9QY,18/12/2014 17:20,5.4563E+17,en,1465,450,2014-12-18 17:20:00,2014-12-18,2014-12,2014,17,Thursday,What ever happened to fun?!?!! Comedians in Cars Getting Coffee -@cicgcshow with me and @JerrySeinfeld: Part 1: http://t.co/WjnIPis9QY,t02997
arianagrande,far from perfect but pretty damn cute ✨ http://t.co/ftGAfS1U6S,06/10/2015 18:47,6.51469E+17,en,52336,28424,2015-10-06 18:47:00,2015-10-06,2015-10,2015,18,Tuesday,far from perfect but pretty damn cute ✨ http://t.co/ftGAfS1U6S,t02998
barackobama,Tune in at 3:40 p.m. ET to watch President Obama lay out new steps to increase access to #BetterBroadband: http://t.co/FJ0YJyn6GR,14/01/2015 18:52,5.55437E+17,en,793,332,2015-01-14 18:52:00,2015-01-14,2015-01,2015,18,Wednesday,Tune in at 3:40 p.m. ET to watch President Obama lay out new steps to increase access to #BetterBroadband: http://t.co/FJ0YJyn6GR,t02999
