tweet_id,created_at,date,month,year,hour,weekday,author,tweet_text_raw,likes,retweets,sentiment_negative,sentiment_neutral,sentiment_positive,sentiment_score,sentiment,sentiment_conf
t00000,2011-07-19 23:17:00,2011-07-19,2011-07,2011,23,Tuesday,jtimberlake,"In the current situation, 100% #askjt",47,61,0.0244,0.9027,0.0729,0.0485,Neutral,0.9027
t00001,2014-09-11 13:53:00,2014-09-11,2014-09,2014,13,Thursday,jimmyfallon,Pool Bowling with @RealHughJackman https://t.co/qQjWvngps2 #FallonTonight http://t.co/IEDGsQZ3hz,1678,600,0.003,0.9198,0.0773,0.0743,Neutral,0.9198
t00002,2017-01-12 13:37:00,2017-01-12,2017-01,2017,13,Thursday,jimmyfallon,"Stevie Wonder performs ""Isn't She Lovely"" & ""My Cherie Amour"" in a special medley for @FLOTUS https://t.co/alrsYiuH6f #FallonTonight",2702,593,0.0018,0.4746,0.5235,0.5217,Positive,0.5235
t00003,2015-04-09 17:59:00,2015-04-09,2015-04,2015,17,Thursday,jimmyfallon,The @Madonna performance tonight exceeds all expectations. You can see why Madonna is Madonna. Inspiring. #BitchImMadonna,2238,891,0.0056,0.0136,0.9808,0.9752,Positive,0.9808
t00004,2016-09-29 02:24:00,2016-09-29,2016-09,2016,2,Thursday,cnnbrk,"Man killed in officer-involved shooting in CA pointed a vape at a cop before being shot and tased, police said… https://t.co/zcHKGnMBJp",496,417,0.5646,0.4255,0.0099,-0.5547,Negative,0.5646
t00005,2016-09-30 17:10:00,2016-09-30,2016-09,2016,17,Friday,cnnbrk,"Wells Fargo's culture led bank to force some hourly employees to work late without overtime pay, former workers say. https://t.co/bdl8B6jUw7",402,331,0.6347,0.3534,0.0119,-0.6228,Negative,0.6347
t00006,2010-12-15 07:03:00,2010-12-15,2010-12,2010,7,Wednesday,twitter,And the award for the year's Most Retweeted Tweet goes to...@StephenAtHome! See the Top 10 here: http://t.co/kWIsGGE #Hindsight2010,171,276,0.0036,0.1825,0.814,0.8104,Positive,0.814
t00007,2014-01-06 02:57:00,2014-01-06,2014-01,2014,2,Monday,jimmyfallon,"So many great writers on our show. Tough to give them all props. But AD Miles, Mike Dicenzo, Gerard Bradford and Amy Ozols gave me 50 bucks.",828,142,0.0093,0.0284,0.9624,0.9531,Positive,0.9624
t00008,2016-10-09 16:25:00,2016-10-09,2016-10,2016,16,Sunday,jimmyfallon,Haaa. Youse. https://t.co/iWC0LNv2Bm,1779,203,0.0494,0.5744,0.3762,0.3268,Neutral,0.5744
t00009,2016-09-22 20:25:00,2016-09-22,2016-09,2016,20,Thursday,rihanna,.@fhollande Did you see my letter? Waiting on your answer! We need your leadership on #EducationCannotWait,26132,24276,0.0615,0.5017,0.4367,0.3752,Neutral,0.5017
t00010,2010-10-04 12:08:00,2010-10-04,2010-10,2010,12,Monday,cristiano,Strong showing from Real Madrid yesterday! #RealMadrid... http://say.ly/hpg3J3,69,266,0.0022,0.0337,0.9641,0.9619,Positive,0.9641
t00011,2013-11-27 18:38:00,2013-11-27,2013-11,2013,18,Wednesday,britneyspears,@bspearssource same!!!!!! :) #6DaysTillBritneyJean,105,74,0.0015,0.0371,0.9614,0.9599,Positive,0.9614
t00012,2016-03-17 19:13:00,2016-03-17,2016-03,2016,19,Thursday,arianagrande,baby you just gotta make up your mind that every lil thing is gonna be alright ♡,47984,29388,0.0175,0.1783,0.8042,0.7867,Positive,0.8042
t00013,2014-02-19 03:50:00,2014-02-19,2014-02,2014,3,Wednesday,jimmyfallon,@StevenHolcomb Congratulations! You were fantastic.,121,14,0.0054,0.0106,0.984,0.9786,Positive,0.984
t00014,2016-02-03 15:33:00,2016-02-03,2016-02,2016,15,Wednesday,jimmyfallon,"Excited to be back with new episodes! Tonight: Martin Scorsese, @GillianJacobs & music from @TheChainsmokers! #FallonTonight",2249,375,0.001,0.0116,0.9874,0.9863,Positive,0.9874
t00015,2015-11-27 00:48:00,2015-11-27,2015-11,2015,0,Friday,instagram,"Grab a seat at our Thanksgiving table. If you’re in the US, tap Explore to celebrate with us! #IGThanksgiving",2296,411,0.003,0.1726,0.8244,0.8214,Positive,0.8244
t00016,2014-05-30 00:03:00,2014-05-30,2014-05,2014,0,Friday,jimmyfallon,"“@mrskingle: @jimmyfallon @CanadiensMTL @NYRangers Sorry, Jimmy, what size jersey do you need? #GoHabsGo #NHLplayoffs” ha ha",629,155,0.1361,0.728,0.1359,-0.0002,Neutral,0.728
t00017,2015-12-21 22:44:00,2015-12-21,2015-12,2015,22,Monday,instagram,Featured submissions from this weekend’s hashtag project: #WHPwonderland https://t.co/3qhKTpxSHZ https://t.co/RHLoMYY00c,2163,492,0.0045,0.8334,0.1622,0.1577,Neutral,0.8334
t00018,2015-12-11 21:03:00,2015-12-11,2015-12,2015,21,Friday,twitter,"And the award for ""Longest Commute Home"" goes to: https://t.co/EUnjuFk1AL 🚀 https://t.co/5rN8eodgbD",1279,415,0.0028,0.3502,0.647,0.6442,Positive,0.647
t00019,2016-09-29 02:13:00,2016-09-29,2016-09,2016,2,Thursday,cnnbrk,Congress has cleared a bill to fund the government and the federal response to Zika through December 9 https://t.co/oZYdZ1e8PO,371,193,0.0062,0.8505,0.1433,0.1371,Neutral,0.8505
t00020,2014-08-27 20:37:00,2014-08-27,2014-08,2014,20,Wednesday,barackobama,"To celebrate the power of grassroots organizing, @OFA is giving away this free sticker. Get yours today: http://t.co/jYNyf68IsD",636,260,0.002,0.0906,0.9074,0.9054,Positive,0.9074
t00021,2014-10-02 17:47:00,2014-10-02,2014-10,2014,17,Thursday,rihanna,"Excited 2 perform at #TheConcertforValor in honor of America's veterans & their families on 11/11. Airs live from Washington, DC on @HBO.",6684,4345,0.0014,0.0129,0.9857,0.9843,Positive,0.9857
t00022,2012-08-07 10:03:00,2012-08-07,2012-08,2012,10,Tuesday,cristiano,I'm proud being named as the top player of the http://t.co/z55vCy1G 50. Thank you http://t.co/0mq6fNNp,1057,2513,0.0024,0.0129,0.9847,0.9824,Positive,0.9847
t00023,2011-03-08 06:02:00,2011-03-08,2011-03,2011,6,Tuesday,selenagomez,"@perezhilton awwwww thanks I hope you like it, miss you too",209,748,0.004,0.0144,0.9816,0.9776,Positive,0.9816
t00024,2016-12-07 03:30:00,2016-12-07,2016-12,2016,3,Wednesday,instagram,Fancy feet leap for #WHPmagic https://t.co/Q3zFTHzD4w,548,100,0.0059,0.2636,0.7305,0.7246,Positive,0.7305
t00025,2014-09-16 04:57:00,2014-09-16,2014-09,2014,4,Tuesday,ladygaga,"Nature Boy was composed in 1941 by eden ahbez, a wandering man from Brooklyn with long hair. It was recorded first by Nat King Cole in 1947.",3362,2052,0.008,0.8811,0.111,0.103,Neutral,0.8811
t00026,2016-02-23 02:17:00,2016-02-23,2016-02,2016,2,Tuesday,instagram,A portal to @Simone_Rocha_’s very personal work https://t.co/4QqCLKwb3X #LFW,1083,177,0.0047,0.7347,0.2607,0.256,Neutral,0.7347
t00027,2016-01-18 20:36:00,2016-01-18,2016-01,2016,20,Monday,theellenshow,Happy #MondayMotivation #MoodBooster https://t.co/079F91Ga5L,7271,2364,0.0029,0.014,0.9831,0.9802,Positive,0.9831
t00028,2013-08-03 21:56:00,2013-08-03,2013-08,2013,21,Saturday,britneyspears,@britneyspearns <3 u too #30MillionBritneyArmy,216,222,0.0049,0.1522,0.843,0.8381,Positive,0.843
t00029,2015-10-20 19:04:00,2015-10-20,2015-10,2015,19,Tuesday,barackobama,Action on climate change can't wait—which is why the Clean Power Plan is so important. https://t.co/pOTxkVudYu,2094,1601,0.005,0.0963,0.8988,0.8938,Positive,0.8988
t00030,2013-04-06 09:37:00,2013-04-06,2013-04,2013,9,Saturday,rihanna,Me and Mama Fenty doing some bday damage! She's radical man! #phuckyobirthday http://t.co/FydiLrgrmY,1001,1359,0.5387,0.3525,0.1088,-0.43,Negative,0.5387
t00031,2012-10-22 19:44:00,2012-10-22,2012-10,2012,19,Monday,rihanna,Smokin Diamonds http://t.co/HzJbTRa9,2658,4926,0.0156,0.8193,0.1651,0.1495,Neutral,0.8193
t00032,2013-04-22 22:19:00,2013-04-22,2013-04,2013,22,Monday,rihanna,“@AdrianaLima: Very emotional on Rihanas concert....” Love this woman,1031,1045,0.0033,0.0221,0.9746,0.9713,Positive,0.9746
t00033,2013-05-31 01:27:00,2013-05-31,2013-05,2013,1,Friday,katyperry,"Psst. I do not have an Instagram account. Well, yet.",4899,6274,0.136,0.8123,0.0517,-0.0844,Neutral,0.8123
t00034,2013-09-04 13:26:00,2013-09-04,2013-09,2013,13,Wednesday,jtimberlake,“@ericrodwell: @jtimberlake looking forward to The Short Game as I'm trying to get my daughter more involved... You are going to LOVE it.,256,235,0.0019,0.0088,0.9893,0.9874,Positive,0.9893
t00035,2014-10-27 02:54:00,2014-10-27,2014-10,2014,2,Monday,britneyspears,A little birdie told me there are new @IntimateBritney arrivals... and they're GORGEOUS! 😍 Who's seen them?! http://t.co/yAQpRZjfeM,2206,1308,0.0023,0.0139,0.9838,0.9816,Positive,0.9838
t00036,2015-07-16 07:13:00,2015-07-16,2015-07,2015,7,Thursday,arianagrande,"alright forreal this time... sweet dreams, babes. I love you. 💞",26275,13933,0.0035,0.0129,0.9837,0.9802,Positive,0.9837
t00037,2014-05-02 04:54:00,2014-05-02,2014-05,2014,4,Friday,jtimberlake,"#PLAYITLOUD: ""Love Never Felt So Good"" duet version @michaeljackson #MJandJT #MJXSCAPE http://t.co/XtgwKcGHro",2999,2811,0.0055,0.8675,0.127,0.1215,Neutral,0.8675
t00038,2014-04-30 00:55:00,2014-04-30,2014-04,2014,0,Wednesday,shakira,RT @ShakiraMedia RETWEET to #VoiceSave Tess!,645,3730,0.0282,0.8087,0.1631,0.1349,Neutral,0.8087
t00039,2013-12-03 18:53:00,2013-12-03,2013-12,2013,18,Tuesday,britneyspears,@ugxly That's amazing! #BritneyJeanOutNow,99,64,0.0032,0.0138,0.983,0.9799,Positive,0.983
t00040,2015-11-10 18:02:00,2015-11-10,2015-11,2015,18,Tuesday,arianagrande,"i love you, i do",42353,29361,0.0092,0.0512,0.9396,0.9304,Positive,0.9396
t00041,2016-06-15 16:42:00,2016-06-15,2016-06,2016,16,Wednesday,ddlovato,"Meet @devonnebydemi’s newest product, Acne Rescue Treatment! I’ve been using it every day 😊 https://t.co/LdAbm0nsSu https://t.co/1inO7Ang1S",15297,6937,0.0013,0.0326,0.9661,0.9649,Positive,0.9661
t00042,2016-07-13 20:07:00,2016-07-13,2016-07,2016,20,Wednesday,britneyspears,My new fragrance Private Show just got a spot on the small screen ✨#TakeABow https://t.co/1kZEkCXpX9,14579,6585,0.002,0.1462,0.8518,0.8499,Positive,0.8518
t00043,2015-06-22 19:45:00,2015-06-22,2015-06,2015,19,Monday,selenagomez,Thank you! This next record will be my perspective on the past two years. From kindness to pain. This is me. https://t.co/UfuQv6QlKO,14934,11188,0.009,0.0954,0.8956,0.8866,Positive,0.8956
t00044,2013-09-30 12:50:00,2013-09-30,2013-09,2013,12,Monday,katyperry,👀 “@KatySlaysUrFav: @katyperry omg please just tweet me before I cry and eat my body weight in nutella”,1311,1489,0.3701,0.4514,0.1785,-0.1917,Neutral,0.4514
t00045,2015-04-27 16:30:00,2015-04-27,2015-04,2015,16,Monday,barackobama,"Congratulations to Loretta Lynch, who was sworn in as U.S. attorney general today, the first African-American woman to hold the post.",7829,5444,0.0021,0.0538,0.944,0.9419,Positive,0.944
t00046,2015-07-02 19:13:00,2015-07-02,2015-07,2015,19,Thursday,barackobama,"""In America, a hard day's work deserves a fair day's pay."" —President Obama",2394,1043,0.0095,0.1721,0.8184,0.809,Positive,0.8184
t00047,2017-01-04 17:56:00,2017-01-04,2017-01,2017,17,Wednesday,kimkardashian,my son ❤ https://t.co/YJq352YzoA,238133,51192,0.0068,0.0803,0.9129,0.9061,Positive,0.9129
t00048,2012-11-02 20:15:00,2012-11-02,2012-11,2012,20,Friday,cristiano,Say hello to Himanshu Yadav and all my friends from #India. I will come shortly with more news. http://t.co/60xEW67c,566,903,0.0021,0.1978,0.8001,0.798,Positive,0.8001
t00049,2014-04-01 23:04:00,2014-04-01,2014-04,2014,23,Tuesday,shakira,Thanks! So pleased you like it. Shak RT @PacifictoPark Absolutely obsessed with the new @shakira album #Empire #TheOneThing,594,312,0.0018,0.0076,0.9906,0.9888,Positive,0.9906
t00050,2013-11-27 00:01:00,2013-11-27,2013-11,2013,0,Wednesday,britneyspears,".@ETonlineAlert @meetscottyb Broccoli casserole, butter beans and cornbread!",483,350,0.0046,0.6961,0.2993,0.2948,Neutral,0.6961
t00051,2016-10-18 00:50:00,2016-10-18,2016-10,2016,0,Tuesday,theellenshow,Do u know someone who could use a little extra love this holiday season? I wanna hear about them #BeKindToOneAnother https://t.co/b1kvadCkXU,3186,613,0.0083,0.202,0.7897,0.7813,Positive,0.7897
t00052,2016-12-10 19:55:00,2016-12-10,2016-12,2016,19,Saturday,cnnbrk,"Church collapse kills as many as 50 people in Nigeria, officials say. https://t.co/e4pvXwhLvD",348,599,0.822,0.1705,0.0075,-0.8144,Negative,0.822
t00053,2014-09-12 20:53:00,2014-09-12,2014-09,2014,20,Friday,ladygaga,Goodnight monsters. I can't wait for you to see the @HSN special 2morrow. It's a very personal look into the recording process #CheekToCheek,4075,2626,0.0015,0.0173,0.9812,0.9797,Positive,0.9812
t00054,2013-06-04 19:39:00,2013-06-04,2013-06,2013,19,Tuesday,selenagomez,"Check out the Premium ""Stars Dance"" Pre-Order Package: http://t.co/FGxTE1VXe0",5931,9425,0.0045,0.7985,0.197,0.1925,Neutral,0.7985
t00055,2011-08-12 02:56:00,2011-08-12,2011-08,2011,2,Friday,selenagomez,@Betsy_Smith aw glad I could make a little difference. Say hi to the little for me. God Bless.,283,774,0.0046,0.0154,0.98,0.9754,Positive,0.98
t00056,2014-07-02 01:10:00,2014-07-02,2014-07,2014,1,Wednesday,britneyspears,@_FranPorto Cute!! Xo,777,629,0.0062,0.0317,0.9621,0.9559,Positive,0.9621
t00057,2015-09-15 03:24:00,2015-09-15,2015-09,2015,3,Tuesday,ladygaga,. @formichetti #fuckfashion #NYFW attending @Brandonmaxwell 🚬👠 http://t.co/13KEkgNoKH,8520,4364,0.6364,0.3474,0.0162,-0.6203,Negative,0.6364
t00058,2016-06-09 20:07:00,2016-06-09,2016-06,2016,20,Thursday,theellenshow,"Wanna have a little fun today? Play “Have a Little Fun Today” casino game in the DoubleDown app, & you surely will. https://t.co/oKWB8FGuAS",1390,171,0.0016,0.0511,0.9473,0.9457,Positive,0.9473
t00059,2015-12-10 19:40:00,2015-12-10,2015-12,2015,19,Thursday,shakira,#TBT That time in Dec 2009 when we helped four fans achieve their dream of seeing Shakira perform... https://t.co/JWSgxILZ8b ShakHQ,1049,335,0.0029,0.4455,0.5515,0.5486,Positive,0.5515
t00060,2016-05-22 18:28:00,2016-05-22,2016-05,2016,18,Sunday,britneyspears,And PS… you can @Shazam my performance tonight to win 2 tickets to #PieceOfMe in Vegas!,4701,1606,0.0025,0.2103,0.7872,0.7848,Positive,0.7872
t00061,2016-07-09 18:15:00,2016-07-09,2016-07,2016,18,Saturday,instagram,"Happy Independence Day, Argentina! 🇦🇷 https://t.co/0Jk0zT6vbB",1249,485,0.0019,0.0112,0.9869,0.985,Positive,0.9869
t00062,2012-11-22 03:26:00,2012-11-22,2012-11,2012,3,Thursday,britneyspears,"@Purple_Dianna Yes u do, thanks sweetie!",39,66,0.0028,0.0121,0.9852,0.9824,Positive,0.9852
t00063,2016-06-22 17:31:00,2016-06-22,2016-06,2016,17,Wednesday,barackobama,The kind of obstruction we're seeing from Senate leaders is unprecedented. #DoYourJob https://t.co/W4TbswBwvS,13139,4729,0.8774,0.1125,0.0101,-0.8674,Negative,0.8774
t00064,2015-04-11 16:57:00,2015-04-11,2015-04,2015,16,Saturday,theellenshow,.@JTimberlake and @JessicaBiel had a baby! Silas Randall Timberlake is here! I also hear he's hosting SNL tonight.,7808,2553,0.0022,0.2949,0.7029,0.7008,Positive,0.7029
t00065,2016-04-29 20:28:00,2016-04-29,2016-04,2016,20,Friday,theellenshow,A surprise guest played Pie Face w/ @MarioLopezExtra. Give ya a hint—It's not Kelly Kapowski https://t.co/uzNG2XbAMj https://t.co/e3rqCo3tKu,2049,260,0.0198,0.7794,0.2008,0.181,Neutral,0.7794
t00066,2016-03-10 08:06:00,2016-03-10,2016-03,2016,8,Thursday,justinbieber,Thank you Seattle #PurposeTour https://t.co/fjp7r5oRTy,177903,106565,0.0024,0.024,0.9735,0.9711,Positive,0.9735
t00067,2016-08-04 14:24:00,2016-08-04,2016-08,2016,14,Thursday,barackobama,One last birthday as Organizer-in-Chief. Help make it a good one—sign the card now: https://t.co/B5SHzEgogW https://t.co/5CDfypnatQ,10362,2144,0.0022,0.0482,0.9496,0.9475,Positive,0.9496
t00068,2015-04-20 08:55:00,2015-04-20,2015-04,2015,8,Monday,ddlovato,"In honor of our former escapades, I thought you'd like this to remember your first blaze.. Happy #420… https://t.co/D6p3RMzhJj",20205,14450,0.0019,0.0304,0.9677,0.9658,Positive,0.9677
t00069,2015-10-16 21:47:00,2015-10-16,2015-10,2015,21,Friday,arianagrande,hello,32927,18237,0.0827,0.5091,0.4082,0.3255,Neutral,0.5091
t00070,2016-07-19 19:47:00,2016-07-19,2016-07,2016,19,Tuesday,kimkardashian,5 WEDDING STYLE RULES I LOVE TO BREAK https://t.co/NstXkpFHi8,3992,552,0.0153,0.1884,0.7963,0.781,Positive,0.7963
t00071,2016-04-07 14:49:00,2016-04-07,2016-04,2016,14,Thursday,justinbieber,#Company remix @TheKnocks. They are coming with me to Canada on the #PurposeTour https://t.co/dzJt5karYg,73260,43156,0.0021,0.7078,0.2901,0.2879,Neutral,0.7078
t00072,2016-06-06 04:42:00,2016-06-06,2016-06,2016,4,Monday,ddlovato,@PaigeVanzantUFC so nice meeting you!! 💗,4689,2353,0.004,0.0083,0.9876,0.9836,Positive,0.9876
t00073,2014-08-05 17:45:00,2014-08-05,2014-08,2014,17,Tuesday,jtimberlake,San Antonio & @theTNKids... Get ready to ruuuummmble!!!!!!! http://t.co/lQX6SlYOFR,2363,1068,0.0025,0.2113,0.7863,0.7838,Positive,0.7863
t00074,2015-08-11 09:43:00,2015-08-11,2015-08,2015,9,Tuesday,ddlovato,"Hi, I'm literally 2 ft. tall...... #littlejoey #Australia #COOLFORTHESUMMER https://t.co/tnznvQuW4f",10762,6728,0.0128,0.3815,0.6057,0.593,Positive,0.6057
t00075,2016-07-29 10:03:00,2016-07-29,2016-07,2016,10,Friday,katyperry,@thedutchass untrue,3042,857,0.5338,0.431,0.0351,-0.4987,Negative,0.5338
t00076,2010-09-15 00:46:00,2010-09-15,2010-09,2010,0,Wednesday,selenagomez,Interview Selena. http://bit.ly/ba2vW2 #interviewselena,192,633,0.0067,0.8802,0.1131,0.1064,Neutral,0.8802
t00077,2013-10-28 09:46:00,2013-10-28,2013-10,2013,9,Monday,rihanna,"“@Faiz_Fenty: u had snakes on u, but they scare u?” Go figure! They fly around way too fast for me! Im dead ass in Leandra n Noella room now",1171,1299,0.7569,0.2059,0.0372,-0.7197,Negative,0.7569
t00078,2014-08-26 18:59:00,2014-08-26,2014-08,2014,18,Tuesday,shakira,Exclusive film of the recording of Shak's new album added to her mobile app iPhone http://t.co/DfqZibjeu9 Android http://t.co/zPkLTg1WS6 SHQ,871,512,0.0036,0.8208,0.1756,0.172,Neutral,0.8208
t00079,2015-11-10 19:11:00,2015-11-10,2015-11,2015,19,Tuesday,justinbieber,My Beliebers still got it lol second show added for Staples on Friday https://t.co/5qyd2nYmbf,52212,42401,0.0035,0.1469,0.8496,0.8462,Positive,0.8496
t00080,2016-04-15 18:33:00,2016-04-15,2016-04,2016,18,Friday,katyperry,...the first 💯 pre-orders get a Perry Panther lipstick signed by me!,13911,5134,0.0039,0.3967,0.5994,0.5956,Positive,0.5994
t00081,2016-01-13 02:34:00,2016-01-13,2016-01,2016,2,Wednesday,barackobama,"""America is about giving everybody willing to work a chance."" —President Obama #SOTU",2368,1256,0.005,0.1214,0.8735,0.8685,Positive,0.8735
t00082,2016-11-29 12:12:00,2016-11-29,2016-11,2016,12,Tuesday,cnnbrk,Obamacare critic Tom Price is Trump's pick for health secretary. https://t.co/d3NeU4Hcob https://t.co/0IttYJcoHX,348,197,0.1989,0.7744,0.0267,-0.1721,Neutral,0.7744
t00083,2015-10-29 20:54:00,2015-10-29,2015-10,2015,20,Thursday,instagram,Dream-inspired fairy tales with @ancienthearts https://t.co/wSgosS5174 https://t.co/ZAp0HuJFUM,1963,481,0.0038,0.5024,0.4938,0.4899,Neutral,0.5024
t00084,2015-08-22 23:00:00,2015-08-22,2015-08,2015,23,Saturday,selenagomez,Listen to my @SaturdayOnline interview with @OnAirRomeo tonight at 8:30pET. + request Good For You #SelenaOnSNOL http://t.co/ixQ3ajf7xO,16062,10105,0.003,0.7098,0.2872,0.2842,Neutral,0.7098
t00085,2015-06-11 17:30:00,2015-06-11,2015-06,2015,17,Thursday,kimkardashian,Just finished a great workout!,5008,883,0.0045,0.0157,0.9798,0.9753,Positive,0.9798
t00086,2016-10-16 19:55:00,2016-10-16,2016-10,2016,19,Sunday,arianagrande,@salutesgrande on my way,6543,1837,0.0184,0.7094,0.2722,0.2538,Neutral,0.7094
t00087,2016-02-19 23:32:00,2016-02-19,2016-02,2016,23,Friday,youtube,"""Heyyyy Michelle!"" @POTUS and @FLOTUS celebrate #BlackHistoryMonth at the White House. https://t.co/vmshHw2Fkk https://t.co/uBbhlvXHdy",1402,273,0.0012,0.0362,0.9626,0.9614,Positive,0.9626
t00088,2016-03-21 13:40:00,2016-03-21,2016-03,2016,13,Monday,twitter,"Glad we get to ""See You Again"" and again on Twitter! Thanks, @wizkhalifa. #LoveTwitter https://t.co/qfjDM8Tm0k",1013,280,0.0019,0.0105,0.9876,0.9857,Positive,0.9876
t00089,2013-09-30 17:30:00,2013-09-30,2013-09,2013,17,Monday,katyperry,1 hour 'till showtime! With my ladies @iconapop and @iggyazalea kicking things off at #iTunesFestival! DON'T MISS IT! http://t.co/U4HASUNAFx,2074,2551,0.0011,0.0373,0.9616,0.9604,Positive,0.9616
t00090,2016-08-02 20:06:00,2016-08-02,2016-08,2016,20,Tuesday,ladygaga,"A best friend for many years is fighting stage4 breast, brain & lung cancer. If u could #PrayForSonja #ThinkOfSonja https://t.co/pTgZxcnqYp",33960,8917,0.0486,0.3196,0.6318,0.5832,Positive,0.6318
t00091,2016-01-06 02:17:00,2016-01-06,2016-01,2016,2,Wednesday,jimmyfallon,Preview of our show tonight: https://t.co/6WH6K683OG #FallonTonight,1456,352,0.0032,0.7459,0.2509,0.2477,Neutral,0.7459
t00092,2015-01-19 21:16:00,2015-01-19,2015-01,2015,21,Monday,ddlovato,Buddy loves his #DevonneByDemi products.... Do you?!!!? 😝😍💕 http://t.co/7VOLfgi9xp http://t.co/otFqCG8SXE,14839,9925,0.0014,0.0128,0.9858,0.9844,Positive,0.9858
t00093,2016-08-10 22:35:00,2016-08-10,2016-08,2016,22,Wednesday,shakira,Video: @natalia.rincontorres on Instagram #LaBicicletaKids 🚲 ShakHQ @carlosvives https://t.co/6CF9exERbm,3201,431,0.0081,0.941,0.0508,0.0427,Neutral,0.941
t00094,2016-07-12 00:48:00,2016-07-12,2016-07,2016,0,Tuesday,arianagrande,this is crazy. #IntoYou X #OneInAMillion S/o to Shinji the 7th! thank you! ♡ ♩ ☾ https://t.co/UOHcR14VEH,29493,10676,0.0025,0.0253,0.9722,0.9697,Positive,0.9722
t00095,2016-06-19 19:38:00,2016-06-19,2016-06,2016,19,Sunday,instagram,“Fatherhood is a miracle and an honor. To be loved and greeted with gratitude from your child for this gift is fulfilling.” —@BennyHarlem,723,300,0.0024,0.0103,0.9874,0.985,Positive,0.9874
t00096,2015-10-05 17:21:00,2015-10-05,2015-10,2015,17,Monday,theellenshow,You got it. Feel free to keep winning. https://t.co/l3GwkOOV17,1955,385,0.0059,0.0342,0.9598,0.9539,Positive,0.9598
t00097,2016-02-02 22:00:00,2016-02-02,2016-02,2016,22,Tuesday,youtube,And to your left you’ll see a dwarf planet named Ceres. https://t.co/Qpi7UZe0sw https://t.co/iOHcsPN6V5,1135,192,0.0049,0.8116,0.1835,0.1786,Neutral,0.8116
t00098,2013-06-07 17:02:00,2013-06-07,2013-06,2013,17,Friday,britneyspears,Congratulations to all the new graduates out there! xoxo http://t.co/lFhYu8qpfQ,3847,3186,0.0025,0.0084,0.9892,0.9867,Positive,0.9892
t00099,2016-09-26 22:18:00,2016-09-26,2016-09,2016,22,Monday,youtube,It’s time to flip #NationalPancakeDay on its head. https://t.co/dMikYESOII https://t.co/wj9Mwat8Hb,696,98,0.2051,0.5748,0.2201,0.015,Neutral,0.5748
t00100,2016-10-10 02:27:00,2016-10-10,2016-10,2016,2,Monday,ladygaga,I just told @nbcwashington who I think is winning. Cast your vote now! #Debates #NBC4DC https://t.co/WU0xmfEzPR,4382,1466,0.0088,0.541,0.4501,0.4413,Neutral,0.541
t00101,2016-02-09 21:30:00,2016-02-09,2016-02,2016,21,Tuesday,kimkardashian,UGLY CRY https://t.co/PRZek2KPPE https://t.co/oLCkwumu6r,6732,1848,0.5637,0.3935,0.0428,-0.5208,Negative,0.5637
t00102,2015-10-24 18:25:00,2015-10-24,2015-10,2015,18,Saturday,jimmyfallon,My adventure begins! I have arrived in one of my favorite cities - Boston. #HarvardLampoon,3526,562,0.0013,0.0239,0.9747,0.9734,Positive,0.9747
t00103,2014-01-20 22:09:00,2014-01-20,2014-01,2014,22,Monday,katyperry,In celebration of tomorrow's PRISMATIC WORLD TOUR PRESALE may I exclusively present a SNEAK PEEK of my custom STAGE: http://t.co/meZ5lGFILH,15154,9467,0.0015,0.0921,0.9065,0.905,Positive,0.9065
t00104,2012-12-31 16:57:00,2012-12-31,2012-12,2012,16,Monday,cristiano,Here´s the top 15. #Celebrate15M,279,499,0.0032,0.2804,0.7164,0.7132,Positive,0.7164
t00105,2015-10-15 14:10:00,2015-10-15,2015-10,2015,14,Thursday,jimmyfallon,"Tonight: Kid Theater returns w/@TomHanks! Plus @jes_chastain is here, @PTXofficial performs & your #WhyDidISayThat tweets! #FallonTonight",2049,495,0.0023,0.4453,0.5523,0.55,Positive,0.5523
t00106,2016-01-09 22:45:00,2016-01-09,2016-01,2016,22,Saturday,ladygaga,Out now THIS WEEKEND! Based on true events #TheForest @theforestisreal Starring Natalie Dormer + @TaylorKinney111 https://t.co/uWcDBlNiYS,8541,3357,0.0028,0.726,0.2711,0.2683,Neutral,0.726
t00107,2016-04-13 13:00:00,2016-04-13,2016-04,2016,13,Wednesday,instagram,"Colorful shadows, curves and reflections from @ARoSKunst #WHPlightandshadow https://t.co/VqCiLNq1Yz",964,194,0.0036,0.2059,0.7905,0.7869,Positive,0.7905
t00108,2015-03-30 01:31:00,2015-03-30,2015-03,2015,1,Monday,ddlovato,Jesus on Easter be like......... https://t.co/DkVTKsccly,15069,9926,0.0135,0.7772,0.2094,0.1959,Neutral,0.7772
t00109,2013-02-15 19:13:00,2013-02-15,2013-02,2013,19,Friday,cristiano,"Hey guys, today I've been filming. Have a nice weekend everyone. http://t.co/haEHznzI",6084,5929,0.0023,0.018,0.9797,0.9774,Positive,0.9797
t00110,2015-02-08 11:19:00,2015-02-08,2015-02,2015,11,Sunday,ddlovato,Fuck trying to make music that will appeal to the masses for the sake of hit songs. It's time to share my lane... MY SOUND.. Because no one,31167,21995,0.82,0.1585,0.0215,-0.7985,Negative,0.82
t00111,2016-07-15 04:48:00,2016-07-15,2016-07,2016,4,Friday,katyperry,Thank you for boppin babe ❤️ https://t.co/akTvNaB4ZS,9720,2976,0.0026,0.0116,0.9858,0.9832,Positive,0.9858
t00112,2016-07-20 17:30:00,2016-07-20,2016-07,2016,17,Wednesday,instagram,Making the moon with Caroline Arnecke #MoonDay 🌕 https://t.co/xX8dUfGxny,759,131,0.0031,0.38,0.6169,0.6138,Positive,0.6169
t00113,2016-12-04 21:23:00,2016-12-04,2016-12,2016,21,Sunday,ladygaga,Watch me! #GagaOnXfactor singing my song #MillionReasons from my new album #Joanne 🇬🇧🎤 https://t.co/gb1XB3XGsD,7644,3672,0.0022,0.3156,0.6823,0.6801,Positive,0.6823
t00114,2016-01-27 21:11:00,2016-01-27,2016-01,2016,21,Wednesday,theellenshow,"Jack Black shook his groove thing for charity. It may never be the same. Thanks, Chideo! #LaughDancePartner https://t.co/0mIPHHyb71",1892,258,0.035,0.2279,0.7371,0.7021,Positive,0.7371
t00115,2013-08-27 09:48:00,2013-08-27,2013-08,2013,9,Tuesday,cristiano,Great win for @realmadrid against Granada last night. http://t.co/yfwgtyF11m,3894,4924,0.0018,0.0138,0.9844,0.9825,Positive,0.9844
t00116,2013-11-04 13:01:00,2013-11-04,2013-11,2013,13,Monday,cristiano,@Ronaldolovers7 Hello. You too have a good day.,272,133,0.0057,0.0258,0.9684,0.9627,Positive,0.9684
t00117,2013-06-03 17:44:00,2013-06-03,2013-06,2013,17,Monday,selenagomez,Collecting your questions throughout the day for #selenalivechat at 4pm PST. Be sure to #askselena with your questions. See ya soon. XOXO,5723,9069,0.0032,0.3921,0.6046,0.6014,Positive,0.6046
t00118,2013-05-27 04:42:00,2013-05-27,2013-05,2013,4,Monday,taylorswift13,Dallas. Thank you for a memory I'll replay in my mind on rainy days. http://t.co/aIznwsRUbx,19299,14683,0.0041,0.0232,0.9728,0.9687,Positive,0.9728
t00119,2015-08-12 23:41:00,2015-08-12,2015-08,2015,23,Wednesday,theellenshow,This is hilarious. http://t.co/fBJjztfY4G,1495,216,0.0132,0.0451,0.9418,0.9286,Positive,0.9418
t00120,2016-11-23 05:47:00,2016-11-23,2016-11,2016,5,Wednesday,theellenshow,What a wonderful day. https://t.co/NfiOS6ULUE,12138,2007,0.0058,0.0106,0.9836,0.9778,Positive,0.9836
t00121,2015-05-21 00:08:00,2015-05-21,2015-05,2015,0,Thursday,theellenshow,"Tonight is David @Letterman’s final show. What a wonderful, inspiring, hilarious, groundbreaking, amazing ride. #ThanksDave",6230,1830,0.0026,0.0102,0.9872,0.9846,Positive,0.9872
t00122,2013-09-07 01:52:00,2013-09-07,2013-09,2013,1,Saturday,jimmyfallon,Promo for tonight’s show: http://t.co/BMpINBd4qD #LateNight,212,145,0.0028,0.8671,0.1301,0.1273,Neutral,0.8671
t00123,2014-03-25 18:30:00,2014-03-25,2014-03,2014,18,Tuesday,jimmyfallon,“@shainaviix: @jimmyfallon What about Night News Now? That was my favorite thing ever.” Ask @80miles he writes that type of stuff.,255,26,0.0041,0.0339,0.9619,0.9578,Positive,0.9619
t00124,2016-08-22 20:40:00,2016-08-22,2016-08,2016,20,Monday,britneyspears,@ItsTwitneyB1tch @RedCross @crowdrise Thank you so much David!,379,104,0.0035,0.0166,0.9798,0.9763,Positive,0.9798
t00125,2012-12-06 03:20:00,2012-12-06,2012-12,2012,3,Thursday,britneyspears,SO proud of @Diamondkwhite and @CarlyRoseMusic tonight... wow wow wow!,740,1208,0.0048,0.0089,0.9863,0.9815,Positive,0.9863
t00126,2010-07-23 17:55:00,2010-07-23,2010-07,2010,17,Friday,cristiano,Olá! I wanted to share some of my hobbies with you. What are yours?... http://say.ly/TJS2Pn,123,302,0.0037,0.324,0.6724,0.6687,Positive,0.6724
t00127,2015-06-27 14:28:00,2015-06-27,2015-06,2015,14,Saturday,kimkardashian,Happy Birthday @khloekardashian !!!!! Come party with us in Kim Kardashian Hollywood! http://t.co/WinH85hpSN,6788,1508,0.0013,0.0108,0.9878,0.9865,Positive,0.9878
t00128,2016-10-06 00:26:00,2016-10-06,2016-10,2016,0,Thursday,ladygaga,"@itsbllaken I'll never leave your side either. Love, xoxo Joanne",2192,701,0.0055,0.0299,0.9646,0.9591,Positive,0.9646
t00129,2016-03-20 18:00:00,2016-03-20,2016-03,2016,18,Sunday,youtube,If “Surfing With The Stars” was a thing these two would win every time. https://t.co/yG2z378vaH https://t.co/IQe2rW7a6q,1736,311,0.0049,0.0832,0.9119,0.907,Positive,0.9119
t00130,2016-09-30 06:01:00,2016-09-30,2016-09,2016,6,Friday,justinbieber,@MartinGarrix don't sleep,45129,22556,0.0988,0.8208,0.0804,-0.0184,Neutral,0.8208
t00131,2015-10-08 03:03:00,2015-10-08,2015-10,2015,3,Thursday,ladygaga,. @MsKathyBates I love you Kathy! Already an inspiring journey through the mind of Iris ❤️,7482,3254,0.0037,0.0111,0.9853,0.9816,Positive,0.9853
t00132,2015-04-22 02:29:00,2015-04-22,2015-04,2015,2,Wednesday,theellenshow,It turns out being a princess isn't as great as I thought. Don't miss @IamWandaSykes tomorrow! http://t.co/mElMSnwfiM,1687,329,0.816,0.142,0.042,-0.774,Negative,0.816
t00133,2013-02-22 00:41:00,2013-02-22,2013-02,2013,0,Friday,katyperry,Oy! Do me a favor & check out my friend @jonlovett's new show 1600 Penn tonight at 9:30 on NBC because it's... funny! WHY ELSE?!,1912,3163,0.0037,0.0359,0.9604,0.9567,Positive,0.9604
t00134,2014-11-12 16:10:00,2014-11-12,2014-11,2014,16,Wednesday,jimmyfallon,Tonight on the show: @channingtatum and Eddie Redmayne are here! Plus @Logic301 performs with @TheRoots. #FallonTonight,2529,929,0.002,0.5832,0.4149,0.4129,Neutral,0.5832
t00135,2016-10-26 17:30:00,2016-10-26,2016-10,2016,17,Wednesday,instagram,"Creating bold, extravagant looks with makeup artist @ryburk https://t.co/ZNzxjwIdtt",537,106,0.0058,0.2716,0.7226,0.7168,Positive,0.7226
t00136,2016-09-22 01:10:00,2016-09-22,2016-09,2016,1,Thursday,ladygaga,@BraveForGaga95 that's exactly right :),2921,1002,0.0029,0.0163,0.9808,0.978,Positive,0.9808
t00137,2014-04-04 11:33:00,2014-04-04,2014-04,2014,11,Friday,cristiano,You can also sign up using @GAMEbyRonaldo mobile apps. Download them at http://t.co/LgwDTXSqAv http://t.co/88vB7zMmRA Have fun!,2470,1630,0.0011,0.0489,0.9499,0.9488,Positive,0.9499
t00138,2015-12-11 16:07:00,2015-12-11,2015-12,2015,16,Friday,justinbieber,Europe. Pre-sale for the #PurposeWorldTour is now available on https://t.co/zW6vmksJaF. See u soon https://t.co/482JHkyIPM,73988,46289,0.0027,0.5443,0.4529,0.4502,Neutral,0.5443
t00139,2013-08-22 22:53:00,2013-08-22,2013-08,2013,22,Thursday,rihanna,#STAGE48 tonight!!! Come and get jiggy wit @leleboo246 #movietypeshit http://t.co/1Wxuqf4KDo,696,851,0.0028,0.1381,0.8592,0.8564,Positive,0.8592
t00140,2012-04-05 16:57:00,2012-04-05,2012-04,2012,16,Thursday,jtimberlake,".@BluePhoenix1 Definitely a great couple of weeks in sports... NCAA, The Masters, MLB Opening Day... #themostwonderfultimeoftheyear",24,91,0.0017,0.0084,0.99,0.9883,Positive,0.99
t00141,2016-10-27 03:27:00,2016-10-27,2016-10,2016,3,Thursday,cnnbrk,The Cubs have evened the World Series at a game apiece. https://t.co/iJMP665O8G,1283,377,0.004,0.8463,0.1496,0.1456,Neutral,0.8463
t00142,2013-11-03 20:12:00,2013-11-03,2013-11,2013,20,Sunday,rihanna,God = Dat Nigga,12158,18077,0.2424,0.5626,0.195,-0.0474,Neutral,0.5626
t00143,2014-09-24 16:29:00,2014-09-24,2014-09,2014,16,Wednesday,ladygaga,".@0andoni0 I feel freer singing jazz, it's my roots. It's rebellious. The more rules u break the better u r at improvising. #AskTonyAndGaga",2015,1086,0.0212,0.2199,0.7589,0.7377,Positive,0.7589
t00144,2015-08-10 03:19:00,2015-08-10,2015-08,2015,3,Monday,arianagrande,love u babe https://t.co/ky6kPtB0Tc,17361,6251,0.0074,0.0312,0.9614,0.954,Positive,0.9614
t00145,2016-10-27 23:41:00,2016-10-27,2016-10,2016,23,Thursday,theellenshow,The only thing scary about this costume is how adorable it is. https://t.co/mPjjONy92H,13357,2652,0.2623,0.293,0.4447,0.1824,Positive,0.4447
t00146,2015-11-25 21:36:00,2015-11-25,2015-11,2015,21,Wednesday,ddlovato,You're so sweet @ThisIsRobThomas!! Hope you're well!!,10229,5012,0.0044,0.0081,0.9875,0.9831,Positive,0.9875
t00147,2014-10-07 15:09:00,2014-10-07,2014-10,2014,15,Tuesday,jimmyfallon,Tonight: Kristen Stewart & Artie Lange (@artiequitter) are here! Plus @Jason_Aldean performs & @Nas sits in with @TheRoots! #FallonTonight,933,412,0.002,0.586,0.412,0.41,Neutral,0.586
t00148,2014-02-02 17:22:00,2014-02-02,2014-02,2014,17,Sunday,jimmyfallon,Download new U2 song 'Invisible' for FREE now and $1 goes to support @RED's fight against AIDS. http://t.co/hy2RagpfRf,767,1419,0.0056,0.4191,0.5754,0.5698,Positive,0.5754
t00149,2015-08-25 22:58:00,2015-08-25,2015-08,2015,22,Tuesday,theellenshow,I love scaring people. Especially in a museum. https://t.co/p9JRpLXvds,8117,2284,0.0938,0.1813,0.7249,0.6311,Positive,0.7249
t00150,2015-09-06 14:12:00,2015-09-06,2015-09,2015,14,Sunday,justinbieber,@MTV and they made mine,28345,23377,0.0195,0.7014,0.2791,0.2596,Neutral,0.7014
t00151,2016-10-05 20:14:00,2016-10-05,2016-10,2016,20,Wednesday,youtube,"@YouTube Sorry for the glitch with #TATINOF, guys! We’re working to resolve the Google Play issue now. Should be fixed soon ☺",13536,2464,0.1812,0.5696,0.2492,0.0679,Neutral,0.5696
t00152,2011-02-08 17:30:00,2011-02-08,2011-02,2011,17,Tuesday,cristiano,I have always wanted to be a football player. @Diana11_ @Cristiano what do you wanted to be when you were a little kid?,62,131,0.0182,0.4059,0.5759,0.5576,Positive,0.5759
t00153,2015-11-19 18:47:00,2015-11-19,2015-11,2015,18,Thursday,theellenshow,Playing Bananagrams with Portia and she refuses to believe JZQYYOK is a word.,4143,585,0.5574,0.4057,0.0369,-0.5205,Negative,0.5574
t00154,2015-04-05 15:07:00,2015-04-05,2015-04,2015,15,Sunday,ddlovato,Now it's time for the gym with the one and only @mistercamacho.. LET'S DO THIS!!! #BeastMode 💪👊,17407,10085,0.0025,0.0556,0.9419,0.9394,Positive,0.9419
t00155,2013-08-13 23:43:00,2013-08-13,2013-08,2013,23,Tuesday,jtimberlake,“@AllisonCarries: Ordered the signature drink without even knowing it. #fresquila #901tequila Me and my crew call it a #PalmSprings Enjoy!!,272,171,0.0023,0.0573,0.9404,0.9381,Positive,0.9404
t00156,2016-09-14 11:56:00,2016-09-14,2016-09,2016,11,Wednesday,jimmyfallon,Playing The Whisper Challenge with the incredible Carol Burnett https://t.co/Ar7lBYsPSW #FallonTonight,1595,256,0.0021,0.2287,0.7691,0.767,Positive,0.7691
t00157,2017-01-15 18:00:00,2017-01-15,2017-01,2017,18,Sunday,youtube,You won’t believe what @bradhall_shoes does in these YEEZY Season 3s. https://t.co/XVXAIVCBNj https://t.co/3k4rRg5Z1d,865,98,0.0046,0.1624,0.833,0.8284,Positive,0.833
t00158,2015-06-23 17:12:00,2015-06-23,2015-06,2015,17,Tuesday,kimkardashian,should I post it? I think people would love to hear the voice notes u send me! https://t.co/a6lO8pxL2k,4464,825,0.0034,0.0789,0.9177,0.9142,Positive,0.9177
t00159,2015-05-13 15:10:00,2015-05-13,2015-05,2015,15,Wednesday,britneyspears,@ArissaAyala @IGGYAZALEA It was! We had so much fun 👯 #PrettyGirlsMusicVideo,778,459,0.0022,0.007,0.9908,0.9886,Positive,0.9908
t00160,2012-02-06 03:43:00,2012-02-06,2012-02,2012,3,Monday,twitter,"In the final three minutes of the Super Bowl tonight, there were an average of 10,000 Tweets per second.",612,8541,0.0084,0.8813,0.1103,0.1019,Neutral,0.8813
t00161,2016-12-21 19:12:00,2016-12-21,2016-12,2016,19,Wednesday,arianagrande,i miss y'all https://t.co/BvhOF595rh,17205,3992,0.0754,0.4581,0.4666,0.3912,Positive,0.4666
t00162,2014-03-07 19:39:00,2014-03-07,2014-03,2014,19,Friday,jimmyfallon,"And tonight we've got Stephen Colbert (@StephenAtHome), Keri Russell & music from @broken_bells. Plus, #ThankYouNotes. #FallonTonight",1087,315,0.0016,0.1103,0.888,0.8864,Positive,0.888
t00163,2016-04-24 16:00:00,2016-04-24,2016-04,2016,16,Sunday,instagram,An InstaMeet on a volcano that has us like 😱 #wwim13_lanzarote #LifeOnEarthWWIM13 https://t.co/VB10c3C0QG,924,186,0.032,0.7717,0.1964,0.1644,Neutral,0.7717
t00164,2011-03-10 18:09:00,2011-03-10,2011-03,2011,18,Thursday,selenagomez,"@DanceChampion thank you so much, I do have a facebook page. Facebook.com/selena",201,574,0.0031,0.0953,0.9015,0.8984,Positive,0.9015
t00165,2013-03-31 03:18:00,2013-03-31,2013-03,2013,3,Sunday,taylorswift13,"""..But I don't wanna dance if I'm not dancing with you."" http://t.co/aZUe2UFmMJ",25616,24036,0.453,0.5014,0.0456,-0.4074,Neutral,0.5014
t00166,2013-06-03 21:14:00,2013-06-03,2013-06,2013,21,Monday,shakira,Watch @NBCTheVoice tonight at 8/7c. Then #VOTESASHA at http://t.co/sRNIUIvxiH & make Shak do this again! http://t.co/6XoOLCmv1l ShakiraHQ,202,231,0.0043,0.5143,0.4814,0.4771,Neutral,0.5143
t00167,2015-07-04 00:07:00,2015-07-04,2015-07,2015,0,Saturday,kimkardashian,The struggle is real! We cannot go out of the house like this!!! LOL http://t.co/OmkQ5fkgk0,27852,7502,0.8033,0.1621,0.0347,-0.7686,Negative,0.8033
t00168,2016-08-30 00:39:00,2016-08-30,2016-08,2016,0,Tuesday,kimkardashian,So happy I got to introduce my friend @britneyspears last night! I'm obsessed with #Glory. Go get the album! Let's #MakeBritneyNumberOne,19348,6255,0.0024,0.0068,0.9908,0.9884,Positive,0.9908
t00169,2014-04-15 20:28:00,2014-04-15,2014-04,2014,20,Tuesday,jimmyfallon,"""Spotted in Birmingham last night http://t.co/Zga05aW4sT” Son? #WWE",7279,2624,0.0069,0.9604,0.0327,0.0258,Neutral,0.9604
t00170,2016-03-11 00:26:00,2016-03-11,2016-03,2016,0,Friday,theellenshow,"First Adele, now Bieber. Lydia Lee is obviously working her way through the alphabet. https://t.co/IO5TkOLQQu",2359,384,0.0166,0.6473,0.3361,0.3195,Neutral,0.6473
t00171,2013-09-20 17:18:00,2013-09-20,2013-09,2013,17,Friday,britneyspears,@AS_adurm U are lovely!!! Muah #PieceOfMeTickets,124,111,0.003,0.0088,0.9882,0.9852,Positive,0.9882
t00172,2014-09-19 18:05:00,2014-09-19,2014-09,2014,18,Friday,barackobama,Take the pledge to help make a fundamental shift in our culture around sexual assault: http://t.co/ZtCVaiURjD #ItsOnUs,843,604,0.0594,0.7603,0.1803,0.1209,Neutral,0.7603
t00173,2016-03-29 06:19:00,2016-03-29,2016-03,2016,6,Tuesday,arianagrande,i love you more more https://t.co/AFxYwIsJ1M,15097,4474,0.0053,0.0227,0.972,0.9667,Positive,0.972
t00174,2016-06-21 22:30:00,2016-06-21,2016-06,2016,22,Tuesday,instagram,Celebrating #WorldGiraffeDay with @MarieMcG23 https://t.co/pnS0zAMimn,795,148,0.0012,0.0368,0.962,0.9609,Positive,0.962
t00175,2016-02-16 19:19:00,2016-02-16,2016-02,2016,19,Tuesday,ladygaga,As the first drop of paint begins to transform the artist a lighting bolt strikes in his mind. A… https://t.co/FeJRqcvtmj,5505,2436,0.0233,0.8408,0.1359,0.1125,Neutral,0.8408
t00176,2011-01-27 21:30:00,2011-01-27,2011-01,2011,21,Thursday,cristiano,Many thanks. Please come watch when you visit. @YramNoaj Keep it up Cristiano! I hope to see your team play when i visit spain again!,38,75,0.0021,0.0136,0.9844,0.9823,Positive,0.9844
t00177,2012-02-13 16:33:00,2012-02-13,2012-02,2012,16,Monday,shakira,"""The human eye can encompass the beauty of the universe"" Leonardo Davinci http://t.co/WkXo7QYb",331,616,0.0046,0.2199,0.7755,0.7709,Positive,0.7755
t00178,2015-12-25 17:02:00,2015-12-25,2015-12,2015,17,Friday,kimkardashian,Live streaming in a sec! You guys are gonna die when you see my Christmas pressies!!!!,5295,774,0.0066,0.0835,0.9099,0.9033,Positive,0.9099
t00179,2015-11-01 16:48:00,2015-11-01,2015-11,2015,16,Sunday,justinbieber,Today. #IllShowYou #PURPOSE https://t.co/ZWMJvhasht https://t.co/0ioROVgHTF,74912,68131,0.0042,0.5908,0.405,0.4007,Neutral,0.5908
t00180,2010-11-26 19:00:00,2010-11-26,2010-11,2010,19,Friday,cristiano,Thank you! Hope you had a wonderful day. @Stefaniya @Cristiano Thank you! You are welcome to join us for a traditional family feast!,31,61,0.0025,0.0074,0.9901,0.9876,Positive,0.9901
t00181,2015-10-08 18:04:00,2015-10-08,2015-10,2015,18,Thursday,theellenshow,"If you love Heads Up!, I'm about to blow your mind. Check out my free new game, Psych! http://t.co/yCH5WcaUds http://t.co/XYGbihkqlC",808,205,0.002,0.015,0.983,0.981,Positive,0.983
t00182,2012-10-01 15:33:00,2012-10-01,2012-10,2012,15,Monday,selenagomez,@JonahHill is hilarious. Tell us what you'd vote for and make our video. http://t.co/dmuDKZoI #Vote4stuff,1356,2230,0.0161,0.1698,0.8141,0.7979,Positive,0.8141
t00183,2013-03-15 22:42:00,2013-03-15,2013-03,2013,22,Friday,selenagomez,"Had an amazing time shooting the cover of Harper's Bazaar, check out our video to go along with the article: http://t.co/J8kQFztuyS",6047,7825,0.0016,0.011,0.9874,0.9858,Positive,0.9874
t00184,2014-01-23 15:50:00,2014-01-23,2014-01,2014,15,Thursday,katyperry,BOSTON! Second show for you: August 2! Password RAINBOW http://t.co/QDNne2sJ6f,2869,1829,0.0018,0.3134,0.6848,0.683,Positive,0.6848
t00185,2015-10-15 20:39:00,2015-10-15,2015-10,2015,20,Thursday,theellenshow,.@BernieSanders knows how to get down. https://t.co/GKU1FaWnQR,7004,3374,0.0956,0.6287,0.2758,0.1802,Neutral,0.6287
t00186,2016-03-23 12:59:00,2016-03-23,2016-03,2016,12,Wednesday,theellenshow,"Renée Zellweger shared the new trailer for ""Bridget Jones's Baby”. I hope they name it Ellen. https://t.co/d4kh2NuVBz",3721,750,0.0136,0.4551,0.5313,0.5177,Positive,0.5313
t00187,2016-04-28 21:32:00,2016-04-28,2016-04,2016,21,Thursday,youtube,@TheGabbieShow Sounds riveting. We'd watch.,139,16,0.0032,0.0344,0.9624,0.9592,Positive,0.9624
t00188,2013-12-19 22:03:00,2013-12-19,2013-12,2013,22,Thursday,taylorswift13,It's not possible for her to be cuter or for this day to be more festive. haileesteinfeld http://t.co/jFewBESrD5,7816,6583,0.3739,0.336,0.2901,-0.0837,Negative,0.3739
t00189,2015-11-20 00:40:00,2015-11-20,2015-11,2015,0,Friday,theellenshow,Roll some breadcrumbs on her and she’s ready for the fryer. https://t.co/JwWUKxg2Dw,6432,1000,0.0085,0.6521,0.3394,0.3309,Neutral,0.6521
t00190,2016-11-14 21:00:00,2016-11-14,2016-11,2016,21,Monday,youtube,Dontcha wish your bearfriend was hot like her? https://t.co/FGlXKbRTCI https://t.co/Y3HOt2EpOn,1102,238,0.0426,0.3349,0.6225,0.5799,Positive,0.6225
t00191,2014-09-16 16:44:00,2014-09-16,2014-09,2014,16,Tuesday,ladygaga,Haven't heard it yet? 'NATURE BOY' is streaming NOW: http://t.co/W1l8C9IZdV RT Pre-Order: http://t.co/zu4nMBCmZq #7daysTillCheekToCheek 🎺🐾,3450,2690,0.007,0.7214,0.2717,0.2647,Neutral,0.7214
t00192,2016-09-13 15:00:00,2016-09-13,2016-09,2016,15,Tuesday,barackobama,The Supreme Court must remain above partisanship. Senate leaders: The time to fill the vacant seat is now. https://t.co/7mmbuXjsPO,10215,3478,0.0195,0.7529,0.2276,0.2081,Neutral,0.7529
t00193,2016-02-13 16:26:00,2016-02-13,2016-02,2016,16,Saturday,kimkardashian,FITTINGS- Givenchy X Yeezy X Anti Social Social Club https://t.co/aqjVtZ6c0o,20537,7553,0.0142,0.9263,0.0594,0.0452,Neutral,0.9263
t00194,2016-04-19 21:39:00,2016-04-19,2016-04,2016,21,Tuesday,theellenshow,Get @Chosen & take the #CuterThanKidChallenge. It's the Olympics of cute pets. https://t.co/aQlOs8MrYz https://t.co/IUbXzaWYn9,2890,373,0.0024,0.046,0.9516,0.9492,Positive,0.9516
t00195,2016-01-13 02:38:00,2016-01-13,2016-01,2016,2,Wednesday,barackobama,"""That spirit of discovery is in our DNA. America is Thomas Edison and the Wright Brothers and George Washington Carver."" —President Obama",2507,1078,0.0059,0.2563,0.7378,0.732,Positive,0.7378
t00196,2016-04-18 03:09:00,2016-04-18,2016-04,2016,3,Monday,arianagrande,new song #LetMeLoveYou ft. @LilTunechi from my forthcoming album #DangerousWoman is out now —> https://t.co/X1TBDlUe50,39635,21937,0.0033,0.704,0.2927,0.2893,Neutral,0.704
t00197,2013-06-13 16:43:00,2013-06-13,2013-06,2013,16,Thursday,shakira,"This week, Shakira met with @HardRock to donate items from her personal closet to their collection. See pics… http://t.co/L0lwFDeYL6. ShakHQ",215,243,0.0024,0.7262,0.2714,0.2689,Neutral,0.7262
t00198,2013-08-05 07:13:00,2013-08-05,2013-08,2013,7,Monday,katyperry,"Sounds like you're stalking us 😜 @nic_kathryn: @katyperry saw the #PRISM truck twice in Kansas #roadtrip http://t.co/giWlPaRngF""",2037,2081,0.0773,0.782,0.1407,0.0634,Neutral,0.782
t00199,2017-01-18 01:30:00,2017-01-18,2017-01,2017,1,Wednesday,youtube,You’re gonna flip for this one. First female wheelchair backflip → https://t.co/JtYreYmX0s https://t.co/ISQCHRpaPh,1431,305,0.0085,0.3833,0.6082,0.5997,Positive,0.6082
t00200,2016-07-29 22:00:00,2016-07-29,2016-07,2016,22,Friday,youtube,Might need a thousand more cowbells. https://t.co/GEHdsOrJ5n https://t.co/Q1nZbaLyUb,834,122,0.2227,0.6348,0.1425,-0.0802,Neutral,0.6348
t00201,2017-01-12 20:39:00,2017-01-12,2017-01,2017,20,Thursday,cnnbrk,Senate passes waiver to allow retired Gen. James Mattis to serve as defense secretary. House will consider it Friday https://t.co/Ye46dublYm,853,382,0.0078,0.9037,0.0885,0.0807,Neutral,0.9037
t00202,2016-03-21 19:11:00,2016-03-21,2016-03,2016,19,Monday,youtube,.@chairlifted’s @carolineplz belts it out from the #YouTubeMusic stage at #SXSW. https://t.co/lgANVqFjEX,1036,109,0.0028,0.7518,0.2454,0.2426,Neutral,0.7518
t00203,2016-08-03 16:20:00,2016-08-03,2016-08,2016,16,Wednesday,youtube,"With eyes that big, you can see straight to his soul. https://t.co/Y62mYMvsx5 https://t.co/bHQCpFWck7",2183,499,0.0115,0.376,0.6125,0.601,Positive,0.6125
t00204,2013-12-27 06:56:00,2013-12-27,2013-12,2013,6,Friday,britneyspears,Can't believe the 1st show is almost here!!! #PieceOfMe http://t.co/66KyF0IKfb,7799,5140,0.0019,0.0169,0.9813,0.9794,Positive,0.9813
t00205,2015-11-18 17:47:00,2015-11-18,2015-11,2015,17,Wednesday,theellenshow,Things got real with @OneDirection #NeverHaveIEver #1DonEllen https://t.co/Klj11mHoS2,5353,2958,0.0074,0.4894,0.5032,0.4958,Positive,0.5032
t00206,2015-08-14 21:09:00,2015-08-14,2015-08,2015,21,Friday,theellenshow,Did you hear about the circle who joined the Knights of the Round Table? They called him Sir Cumference. #ClassicJokeFriday,5458,2197,0.0215,0.8732,0.1053,0.0838,Neutral,0.8732
t00207,2014-07-13 19:02:00,2014-07-13,2014-07,2014,19,Sunday,rihanna,For my German boys http://t.co/cRzlNINBuf,35847,29468,0.016,0.7415,0.2425,0.2265,Neutral,0.7415
t00208,2015-09-10 19:19:00,2015-09-10,2015-09,2015,19,Thursday,justinbieber,@NaughtyNiceRob best part of the show was the after show :),19348,15526,0.0019,0.0108,0.9873,0.9853,Positive,0.9873
t00209,2014-10-29 22:49:00,2014-10-29,2014-10,2014,22,Wednesday,taylorswift13,"This week, @Amareisreal helped me make my first and probably last layup. Stoked about the @nyknicks game tonight! http://t.co/89ITZyU4cT",9229,4946,0.0015,0.0188,0.9798,0.9783,Positive,0.9798
t00210,2016-12-09 21:39:00,2016-12-09,2016-12,2016,21,Friday,cnnbrk,"Rudy Giuliani pulls himself from consideration for a position in Donald Trump's administration, Trump says. https://t.co/jbWpuPwjG7",1432,640,0.1653,0.815,0.0197,-0.1456,Neutral,0.815
t00211,2013-05-22 13:55:00,2013-05-22,2013-05,2013,13,Wednesday,selenagomez,take the rest of the day and try and get better for tomorrow. So Sorry :( Love you guys.,9787,15914,0.0952,0.2525,0.6523,0.5571,Positive,0.6523
t00212,2016-07-13 02:12:00,2016-07-13,2016-07,2016,2,Wednesday,arianagrande,@arianasvibe 😂😩 I just want y'all to know what's real lmaooo! I really do love y'all so much. I miss talking to my babies all the time.,9232,3174,0.0069,0.0118,0.9813,0.9743,Positive,0.9813
t00213,2016-06-18 15:31:00,2016-06-18,2016-06,2016,15,Saturday,barackobama,President Obama has taken unprecedented steps to protect our land and water for future generations. https://t.co/D5PNr4itC5,21609,5318,0.0037,0.0835,0.9128,0.9091,Positive,0.9128
t00214,2015-01-13 03:08:00,2015-01-13,2015-01,2015,3,Tuesday,ladygaga,"""What do Judy Garland and Lady Gaga have in common?..they’re both bad bitches who don’t give a f**k what people think.” - thanku @girlsHBO !",8802,5075,0.4798,0.2776,0.2425,-0.2373,Negative,0.4798
t00215,2015-12-08 00:26:00,2015-12-08,2015-12,2015,0,Tuesday,arianagrande,on the first day of Christmas when u gave me all them kisses boy,35116,18260,0.0173,0.3163,0.6664,0.6491,Positive,0.6664
t00216,2012-05-09 23:21:00,2012-05-09,2012-05,2012,23,Wednesday,jtimberlake,.@JeremyV_ Wow!! Thanks!,22,25,0.0059,0.0159,0.9782,0.9723,Positive,0.9782
t00217,2014-05-22 17:59:00,2014-05-22,2014-05,2014,17,Thursday,rihanna,@itsallDonn dat nigga recognized me in a wig bruh!!! Haa,2381,1377,0.0641,0.5343,0.4017,0.3376,Neutral,0.5343
t00218,2013-12-23 04:00:00,2013-12-23,2013-12,2013,4,Monday,britneyspears,Just got chill bumps watching that footage. Next time you see me on that stage it will be the real deal! #IAmBritneyJean,2192,1278,0.0036,0.038,0.9584,0.9548,Positive,0.9584
t00219,2011-10-14 05:41:00,2011-10-14,2011-10,2011,5,Friday,selenagomez,@johnjayandrich I'll see y'all December 2nd :D!!!,235,718,0.0013,0.0432,0.9555,0.9543,Positive,0.9555
t00220,2015-09-28 04:01:00,2015-09-28,2015-09,2015,4,Monday,kimkardashian,DASH DOLLS is on now west coast! Tune into E!,2044,466,0.0031,0.4091,0.5877,0.5846,Positive,0.5877
t00221,2011-08-24 12:09:00,2011-08-24,2011-08,2011,12,Wednesday,selenagomez,When does Nicole Scherzingers album come out? Don't Hold Your Breath is my jam :),1088,3312,0.004,0.0794,0.9166,0.9126,Positive,0.9166
t00222,2016-02-15 20:26:00,2016-02-15,2016-02,2016,20,Monday,theellenshow,Happy #PresidentsDay @BarackObama @POTUS https://t.co/l1Fz3tkUTV,13737,2658,0.0026,0.0152,0.9823,0.9797,Positive,0.9823
t00223,2017-01-12 23:30:00,2017-01-12,2017-01,2017,23,Thursday,instagram,One man’s trash = another man’s treasure. (This couldn't be truer for artist Artur Bordalo.) https://t.co/qC2bVvwRtN,747,180,0.0663,0.4596,0.4742,0.4079,Positive,0.4742
t00224,2016-03-31 20:45:00,2016-03-31,2016-03,2016,20,Thursday,kimkardashian,#TBT FLIPPING MY HAIR IN THAILAND https://t.co/DUXlYwGu6i https://t.co/j1d1f32LmD,2638,501,0.0166,0.889,0.0944,0.0778,Neutral,0.889
t00225,2016-07-28 01:07:00,2016-07-28,2016-07,2016,1,Thursday,kimkardashian,I know I'm a late but HBD @jlo We had the best time in Vegas celebrating your birthday!!! Forever my inspiration! https://t.co/prMTMZAZSl,25249,2736,0.0027,0.0062,0.9911,0.9884,Positive,0.9911
t00226,2016-01-26 23:53:00,2016-01-26,2016-01,2016,23,Tuesday,theellenshow,I don’t need someone to brush my teeth. Carol has been with me for years. #EllenQandA https://t.co/JfX1ekYmCf,1911,219,0.0439,0.6056,0.3505,0.3066,Neutral,0.6056
t00227,2016-10-27 20:24:00,2016-10-27,2016-10,2016,20,Thursday,barackobama,"If you're willing to work hard and play by the rules, you should be able to get ahead. https://t.co/394hdJttgO",6298,1562,0.0102,0.1385,0.8513,0.8411,Positive,0.8513
t00228,2015-07-17 04:03:00,2015-07-17,2015-07,2015,4,Friday,jimmyfallon,Coming up right now is one of the most fun things we've ever done on our show. #BillHader #SpitPolice,2940,421,0.0019,0.0144,0.9837,0.9819,Positive,0.9837
t00229,2015-10-15 17:24:00,2015-10-15,2015-10,2015,17,Thursday,barackobama,Climate change denial is at a record low—just not in Congress. Read more: http://t.co/0sVnLm05NQ #ActOnClimate,1434,767,0.4382,0.5215,0.0403,-0.398,Neutral,0.5215
t00230,2016-12-04 23:30:00,2016-12-04,2016-12,2016,23,Sunday,instagram,Welcome to @bakedideas’ world of cookies #NationalCookieDay https://t.co/kMBAwaA25Y,563,108,0.0012,0.0418,0.9569,0.9557,Positive,0.9569
t00231,2015-10-01 00:33:00,2015-10-01,2015-10,2015,0,Thursday,kimkardashian,@jemalone122 so sweet thank you so much for this!!!,207,75,0.0133,0.0142,0.9724,0.9591,Positive,0.9724
t00232,2016-05-18 01:02:00,2016-05-18,2016-05,2016,1,Wednesday,youtube,@ruinshawnny EXACTLY. Favorite part?,14,3,0.0117,0.0798,0.9086,0.8969,Positive,0.9086
t00233,2016-01-08 05:01:00,2016-01-08,2016-01,2016,5,Friday,ddlovato,"#ShadesOfBlue reminds me of a scripted ""The Seven Five"" 👍🏼",13624,6726,0.0207,0.366,0.6133,0.5926,Positive,0.6133
t00234,2016-06-26 22:00:00,2016-06-26,2016-06,2016,22,Sunday,kimkardashian,Tune into Keeping Up W The Kardashians tonight! Let's live tweet! Love this Kimoji pic Not sure where Kendall is lol https://t.co/KsXbkvlSdh,9604,1401,0.0036,0.0448,0.9515,0.9479,Positive,0.9515
t00235,2014-08-27 14:20:00,2014-08-27,2014-08,2014,14,Wednesday,cristiano,Ready to try my new Mercurial Superfly http://t.co/0IvEBzFuw8 http://t.co/yNNp5OnSlZ,16668,10865,0.0024,0.2191,0.7785,0.7762,Positive,0.7785
t00236,2015-07-14 12:29:00,2015-07-14,2015-07,2015,12,Tuesday,ladygaga,@gagasgrande I just like talking to everyone it's interesting what people say,2463,1200,0.0098,0.1394,0.8508,0.841,Positive,0.8508
t00237,2014-04-10 17:26:00,2014-04-10,2014-04,2014,17,Thursday,shakira,Here's an exclusive pic of Shak chilling during the shoot for the Empire video (http://t.co/Biq3c78tQK) ShakHQ http://t.co/oGytLZtApB,1057,468,0.0052,0.8514,0.1434,0.1383,Neutral,0.8514
t00238,2016-10-04 14:30:00,2016-10-04,2016-10,2016,14,Tuesday,instagram,"A local shepherd at home with his flock in Rupea, Romania #WHPlocallegends https://t.co/1CR1YChoWn",617,107,0.0073,0.8925,0.1002,0.0929,Neutral,0.8925
t00239,2014-11-02 23:15:00,2014-11-02,2014-11,2014,23,Sunday,taylorswift13,I can make the bad guys good for a weekend. 💋 http://t.co/JhUZG7ADJ4 #TS1989 #taylorlurking http://t.co/M8dQ3RaU61,8090,5207,0.0138,0.2527,0.7335,0.7197,Positive,0.7335
t00240,2016-09-02 19:19:00,2016-09-02,2016-09,2016,19,Friday,theellenshow,"Chillin’ on Friday in my Ellen gear, just waiting for the Season 14 Premiere. https://t.co/PeXDMNEw4d https://t.co/RxdQqNtJLv",4756,394,0.0025,0.2062,0.7913,0.7888,Positive,0.7913
t00241,2016-02-10 22:10:00,2016-02-10,2016-02,2016,22,Wednesday,theellenshow,".@ddlovato told me she’s ready for a ring. I hope you’re listening, @WValderrama. https://t.co/APGoZZwILH",3531,1336,0.0046,0.258,0.7373,0.7327,Positive,0.7373
t00242,2013-06-24 13:24:00,2013-06-24,2013-06,2013,13,Monday,rihanna,#ratedR a modern take on that era http://t.co/sY7Dz8uzG7,747,955,0.016,0.9046,0.0795,0.0635,Neutral,0.9046
t00243,2014-10-29 12:33:00,2014-10-29,2014-10,2014,12,Wednesday,taylorswift13,"Nothing lasts forever, but this is getting good now. #TS1989 #taylurking http://t.co/p8raI218jI",9388,4117,0.004,0.0515,0.9445,0.9406,Positive,0.9445
t00244,2016-04-14 21:00:00,2016-04-14,2016-04,2016,21,Thursday,youtube,.@PTXOfficial and @jasonderulo take it back to the 90s with a tribute to Shai. https://t.co/xS2FUnF8HX https://t.co/yhKzVgK3PJ,2858,692,0.0032,0.4946,0.5022,0.499,Positive,0.5022
t00245,2016-07-23 06:09:00,2016-07-23,2016-07,2016,6,Saturday,katyperry,"@winesandlines @Sam_inColour that was a ""hi"" not a ""bye""",2168,808,0.2888,0.6781,0.0331,-0.2557,Neutral,0.6781
t00246,2013-11-07 05:13:00,2013-11-07,2013-11,2013,5,Thursday,taylorswift13,I'm never going to forget this. Ever ever ever. @TheEllenShow @MickJagger @jtimberlake #CMAawards http://t.co/WqkwcQ3olz,16929,12197,0.0091,0.0794,0.9116,0.9025,Positive,0.9116
t00247,2015-12-27 16:25:00,2015-12-27,2015-12,2015,16,Sunday,instagram,The Week on Instagram | 215 https://t.co/QWtvNIiJWa https://t.co/dtkU1kTspi,2067,429,0.0055,0.935,0.0596,0.0541,Neutral,0.935
t00248,2016-07-26 12:55:00,2016-07-26,2016-07,2016,12,Tuesday,jimmyfallon,"Tonight on the show: Frozen Blackjack with Michael Fassbender, @elliottdotabby stops by, and music from @bastilledan! #FallonTonight",2589,456,0.0021,0.4833,0.5145,0.5124,Positive,0.5145
t00249,2014-10-19 20:23:00,2014-10-19,2014-10,2014,20,Sunday,selenagomez,Happy Sunday! @iamashleycook @vanessahudgens n Austin! ☺️ 💜Hillsong http://t.co/7SjXNjp4DX,11644,7566,0.0016,0.0092,0.9892,0.9876,Positive,0.9892
t00250,2014-01-06 03:49:00,2014-01-06,2014-01,2014,3,Monday,jimmyfallon,Head Swap #BestOfFallon all Gerard Bradford on this one.,533,68,0.0417,0.6655,0.2929,0.2512,Neutral,0.6655
t00251,2010-07-08 14:53:00,2010-07-08,2010-07,2010,14,Thursday,cristiano,Olá @kingjames. Welcome to twitter and good luck for the next season.,93,310,0.0032,0.0236,0.9732,0.97,Positive,0.9732
t00252,2015-11-30 02:35:00,2015-11-30,2015-11,2015,2,Monday,justinbieber,Thanks https://t.co/MLgQBxAmTx,46124,27971,0.0119,0.2212,0.7669,0.755,Positive,0.7669
t00253,2016-10-22 23:45:00,2016-10-22,2016-10,2016,23,Saturday,instagram,"At the cross-section of recreation and art in Manisa, Turkey https://t.co/4nL2k4rddC #TheWeekOnInstagram",651,113,0.0045,0.8076,0.1878,0.1833,Neutral,0.8076
t00254,2015-05-06 22:35:00,2015-05-06,2015-05,2015,22,Wednesday,justinbieber,@Skrillex music,43661,35929,0.0358,0.8263,0.1379,0.1021,Neutral,0.8263
t00255,2015-05-15 21:40:00,2015-05-15,2015-05,2015,21,Friday,britneyspears,@obriennipples Fancy! I love the video so much #PrettyGirlTalk,565,270,0.004,0.008,0.9881,0.9841,Positive,0.9881
t00256,2014-01-13 14:41:00,2014-01-13,2014-01,2014,14,Monday,rihanna,CAN’T REMEMBER TO FORGET YOU #VEVO ------> http://t.co/CXvMKjN1dk,5762,7546,0.0219,0.423,0.5551,0.5332,Positive,0.5551
t00257,2012-03-15 18:45:00,2012-03-15,2012-03,2012,18,Thursday,cristiano,Here are some photos from yesterday's game. Real Madrid 4-1 CSKA Moscow http://t.co/SgtdqoNt,527,963,0.0052,0.9507,0.0441,0.0389,Neutral,0.9507
t00258,2013-09-05 21:26:00,2013-09-05,2013-09,2013,21,Thursday,katyperry,☝“@elizagilham: Been waiting for @katyperry new video all day :) didn't disappoint <3”,1108,1448,0.0017,0.009,0.9894,0.9877,Positive,0.9894
t00259,2016-10-01 02:14:00,2016-10-01,2016-10,2016,2,Saturday,ladygaga,@burningcoIors do u have any Angels? Talk to them,2870,979,0.0334,0.925,0.0417,0.0083,Neutral,0.925
t00260,2013-01-15 20:01:00,2013-01-15,2013-01,2013,20,Tuesday,katyperry,"Today I finally get to shoot with my favorite photographer ever, Mr. Tim Walker. Nice way to kick off the new year...",3507,5213,0.0013,0.0095,0.9892,0.9879,Positive,0.9892
t00261,2014-11-15 04:59:00,2014-11-15,2014-11,2014,4,Saturday,jimmyfallon,“@TheMavrovic: @jimmyfallon you have inspired me to be your successor.” I dare you.,751,91,0.0234,0.2948,0.6818,0.6584,Positive,0.6818
t00262,2016-03-21 22:31:00,2016-03-21,2016-03,2016,22,Monday,twitter,@ElaneDz Your wait is over! #LoveTwitter https://t.co/zj1tklByw5,83,21,0.002,0.0192,0.9789,0.9769,Positive,0.9789
t00263,2014-03-04 17:12:00,2014-03-04,2014-03,2014,17,Tuesday,jtimberlake,"Yup. Yep. Yeah. Yes. “@theshadowboxers: HAPPY #COVERTUESDAY Here's Stevie's ""All In Love Is Fair"" http://t.co/oTx4h0svYK”",1716,773,0.0014,0.0265,0.9721,0.9707,Positive,0.9721
t00264,2016-03-13 02:00:00,2016-03-13,2016-03,2016,2,Sunday,instagram,Gearing up for the @NickelodeonTV #KCA with @charlieputh https://t.co/pmnnCWp6oD,2125,527,0.0039,0.902,0.0941,0.0903,Neutral,0.902
t00265,2010-04-30 21:25:00,2010-04-30,2010-04,2010,21,Friday,twitter,Twitter for Android: Robots like to share too. http://bit.ly/9tSleZ,99,353,0.0056,0.5109,0.4835,0.4779,Neutral,0.5109
t00266,2016-09-28 19:30:00,2016-09-28,2016-09,2016,19,Wednesday,instagram,“The best part of the adventure lies in the unknown.” —@tyler_metcalfe https://t.co/yqoWdWvOjL,689,131,0.0026,0.0735,0.9239,0.9213,Positive,0.9239
t00267,2012-10-18 08:55:00,2012-10-18,2012-10,2012,8,Thursday,rihanna,I don't wanna give you the wrong impression... I need Love&Affection #UNAPOLOGETIC,2098,7446,0.321,0.5774,0.1016,-0.2194,Neutral,0.5774
t00268,2016-10-17 18:23:00,2016-10-17,2016-10,2016,18,Monday,cnnbrk,Melania Trump sits down with Anderson Cooper -- watch AC360 on CNN at 8 p.m. ET on Monday. https://t.co/9gHeCAQp3d https://t.co/kf5sLLKCkW,586,310,0.0039,0.9512,0.0448,0.0409,Neutral,0.9512
t00269,2016-09-24 00:30:00,2016-09-24,2016-09,2016,0,Saturday,instagram,Watch our Instagram story to go behind the scenes at @Versace with Donatella (and Audrey 🐶) https://t.co/3obalTdFFl #MFW,762,129,0.0031,0.8811,0.1158,0.1127,Neutral,0.8811
t00270,2017-01-05 20:42:00,2017-01-05,2017-01,2017,20,Thursday,theellenshow,"Happy birthday, @Diane_Keaton! I'm toasting you with some chilled red wine. https://t.co/UNsHkmT9EO",5873,686,0.0021,0.0094,0.9885,0.9864,Positive,0.9885
t00271,2012-06-27 01:51:00,2012-06-27,2012-06,2012,1,Wednesday,jtimberlake,".@znvjwij Beautiful place and culture... Also, I mostly rate places on how I feel about the food. #Icantstopeatinghere",93,167,0.0074,0.0209,0.9718,0.9644,Positive,0.9718
t00272,2015-02-03 21:39:00,2015-02-03,2015-02,2015,21,Tuesday,jimmyfallon,“@alfonso_ribeiro: Check out my dance on the Tonight Show with last night: http://t.co/aJReYN0q0F” You are the coolest. One take!!,2036,751,0.0023,0.0119,0.9859,0.9836,Positive,0.9859
t00273,2015-06-01 17:12:00,2015-06-01,2015-06,2015,17,Monday,theellenshow,My hope for the world is that we can all be as brave as @Caitlyn_Jenner. http://t.co/WlJmAjv4iv,48847,24230,0.0046,0.0615,0.9339,0.9293,Positive,0.9339
t00274,2012-01-16 19:39:00,2012-01-16,2012-01,2012,19,Monday,selenagomez,@GiftedSelGomez @LOVATICSLUVSDEMI @AMAZINGSELGOMEZ In May... http://t.co/dCO8WUEB will keep you updated.,467,1337,0.0072,0.8278,0.165,0.1578,Neutral,0.8278
t00275,2015-07-20 20:44:00,2015-07-20,2015-07,2015,20,Monday,arianagrande,can't stop cryin today / not sure why... my heart feels exceptionally full & I think it's pouring out of my eyes ??? jones is laughing at me,27506,14779,0.3399,0.273,0.3872,0.0473,Positive,0.3872
t00276,2013-06-10 09:43:00,2013-06-10,2013-06,2013,9,Monday,jtimberlake,"Had a great time with you last night, London. We should do it again soon...",2296,2178,0.0023,0.0088,0.9889,0.9866,Positive,0.9889
t00277,2012-08-13 16:55:00,2012-08-13,2012-08,2012,16,Monday,shakira,"The Get It Started video is about to hit 5m views! So, who can guess which city Shak was filmed in? http://t.co/CbDMc9XD ShakHQ",197,260,0.0044,0.5239,0.4717,0.4673,Neutral,0.5239
t00278,2012-12-19 15:29:00,2012-12-19,2012-12,2012,15,Wednesday,twitter,Your Twitter archive is being gradually rolled out to users. Learn more about how to revisit your old Tweets here: http://t.co/ONhrS4ix,1682,2420,0.0043,0.6729,0.3228,0.3184,Neutral,0.6729
t00279,2015-07-07 04:06:00,2015-07-07,2015-07,2015,4,Tuesday,taylorswift13,Back on the road! Insane crowd in Ottawa tonight! #1989TourOttawa http://t.co/svXgPxzSNC,38701,14376,0.0065,0.0879,0.9057,0.8992,Positive,0.9057
t00280,2015-11-20 02:31:00,2015-11-20,2015-11,2015,2,Friday,justinbieber,I don't know if everyone is ready for tonight and the #SecretHandshake @jimmyfallon :) https://t.co/yBKnaXnZ0E,43622,28491,0.3928,0.456,0.1512,-0.2416,Neutral,0.456
t00281,2015-11-01 19:07:00,2015-11-01,2015-11,2015,19,Sunday,twitter,"#DaylightSavingTime immunity, captured in Tweets: https://t.co/HeYqyPX3S4 How'd you spend your extra hour?",928,372,0.0064,0.816,0.1776,0.1712,Neutral,0.816
t00282,2013-06-07 23:08:00,2013-06-07,2013-06,2013,23,Friday,cristiano,With your fantastic support we achieved a great win today! http://t.co/GWxiDwVO06 #VivaPortugal #VivaRonaldo http://t.co/KdtrMqWQjE,2145,2508,0.0018,0.0097,0.9884,0.9866,Positive,0.9884
t00283,2016-11-18 12:32:00,2016-11-18,2016-11,2016,12,Friday,shakira,"Thanks to my fans for these two Grammys, @carlosvives, Afo Verde, my team, my angels Sasha and Milan and the love o… https://t.co/ZxvCgIc735",6636,1277,0.0024,0.0172,0.9804,0.9781,Positive,0.9804
t00284,2015-02-23 02:40:00,2015-02-23,2015-02,2015,2,Monday,ladygaga,Me & my red gloves on the red carpet! I live for fashion like this ❤️ thank you so much Mr. Alaia Je vous adore! http://t.co/Wub4SUqU1M,20260,12035,0.0033,0.0092,0.9875,0.9842,Positive,0.9875
t00285,2014-10-23 16:06:00,2014-10-23,2014-10,2014,16,Thursday,taylorswift13,The reviews are in: New York Times #TS1989 http://t.co/bjYeTg0bPb,8114,4846,0.0143,0.9458,0.0399,0.0257,Neutral,0.9458
t00286,2016-04-06 18:42:00,2016-04-06,2016-04,2016,18,Wednesday,youtube,#FoursomeShow (Un)dateable tip 3: There’s no time for hesitation when love’s on the line. 😻 https://t.co/APv283MuD3 https://t.co/UjsTRm7AKs,1077,151,0.0072,0.14,0.8529,0.8457,Positive,0.8529
t00287,2014-08-01 20:35:00,2014-08-01,2014-08,2014,20,Friday,barackobama,It's been 53 straight months of private sector job growth—that's the longest streak on record. #ActOnJobs http://t.co/pLlLydr2DI,1866,1676,0.0057,0.2124,0.7819,0.7762,Positive,0.7819
t00288,2015-07-31 02:30:00,2015-07-31,2015-07,2015,2,Friday,ladygaga,Just posted a photo https://t.co/wiAT5G8tyZ,3971,2084,0.0081,0.7373,0.2546,0.2465,Neutral,0.7373
t00289,2015-10-05 18:12:00,2015-10-05,2015-10,2015,18,Monday,kimkardashian,Can't wait to share this coral lip tutorial I did with @patrickta on my app! http://t.co/lRPj6gDfZh,5614,1143,0.0012,0.0094,0.9894,0.9882,Positive,0.9894
t00290,2015-11-25 16:37:00,2015-11-25,2015-11,2015,16,Wednesday,kimkardashian,I really did miss you and your amazing tweets! So happy you are back! https://t.co/xMxMv4RgA2,2788,439,0.0029,0.0096,0.9875,0.9846,Positive,0.9875
t00291,2016-09-30 19:19:00,2016-09-30,2016-09,2016,19,Friday,cnnbrk,Alabama Chief Justice Roy Moore has been suspended for directing judges to enforce the state's same-sex marriage ba… https://t.co/lyEvsavp8Y,677,352,0.3396,0.6492,0.0112,-0.3284,Neutral,0.6492
t00292,2012-09-17 17:49:00,2012-09-17,2012-09,2012,17,Monday,taylorswift13,Just found out about the 5 MTV Europe Awards nominations!! IS THIS ACTUALLY HAPPENING?? I seriously just paced around the room in disbelief.,3272,5714,0.2464,0.3856,0.368,0.1215,Neutral,0.3856
t00293,2013-12-11 14:22:00,2013-12-11,2013-12,2013,14,Wednesday,taylorswift13,"On another note, watching @cd_henderson try to cure a headache with Skittles and Red Bull before the show was truly inspiring.",8473,6098,0.0044,0.0298,0.9659,0.9615,Positive,0.9659
t00294,2016-09-12 20:24:00,2016-09-12,2016-09,2016,20,Monday,barackobama,ICYMI: This is a really big deal. https://t.co/raNeUV5fRd,8488,2591,0.0552,0.3529,0.5919,0.5367,Positive,0.5919
t00295,2016-12-07 15:16:00,2016-12-07,2016-12,2016,15,Wednesday,cnnbrk,"Donald Trump offers Iowa Gov. Terry Branstad the post of US ambassador to China, sources tell CNN.… https://t.co/3lmRBYYY3O",247,182,0.0113,0.9603,0.0283,0.017,Neutral,0.9603
t00296,2013-08-23 02:16:00,2013-08-23,2013-08,2013,2,Friday,jtimberlake,Check out the newest trailer for Inside Llewyn Davis: http://t.co/jFPlGT0gXR -teamJT,549,579,0.0046,0.8234,0.172,0.1675,Neutral,0.8234
t00297,2015-08-24 21:25:00,2015-08-24,2015-08,2015,21,Monday,justinbieber,Almost famous!! Thanks so much Kate! https://t.co/6Cm4B6qIWl,37182,31643,0.0027,0.01,0.9873,0.9846,Positive,0.9873
t00298,2014-03-12 00:47:00,2014-03-12,2014-03,2014,0,Wednesday,shakira,#TeamShakira is complete! Can't wait to bring in @mirandalambert for the #Battles #WatchingBlinds,1797,707,0.0013,0.0201,0.9786,0.9773,Positive,0.9786
t00299,2015-03-10 18:10:00,2015-03-10,2015-03,2015,18,Tuesday,barackobama,"""I sent Congress a bold new plan to bring down the cost of community college to zero."" —President Obama #CollegeOpportunity",2188,1061,0.0056,0.199,0.7953,0.7897,Positive,0.7953
t00300,2015-08-27 17:00:00,2015-08-27,2015-08,2015,17,Thursday,ladygaga,When your bedroom is your office. 👠🔪💋xxx Countess http://t.co/nHpjxuJ4uH,22926,14475,0.0069,0.5886,0.4045,0.3976,Neutral,0.5886
t00301,2014-12-06 16:00:00,2014-12-06,2014-12,2014,16,Saturday,ladygaga,A French manicure for my baby frenchie! She loves all the compliments pretty girl! 💅👑💎 http://t.co/tieEB0CBZI,4447,4673,0.0024,0.0092,0.9884,0.986,Positive,0.9884
t00302,2017-01-05 20:59:00,2017-01-05,2017-01,2017,20,Thursday,cnnbrk,Chris Berman stepping away from being the face of ESPN's NFL coverage. https://t.co/6fWrDNxkwp https://t.co/aMTmUcJ7XJ,475,327,0.113,0.8594,0.0276,-0.0855,Neutral,0.8594
t00303,2012-12-24 12:44:00,2012-12-24,2012-12,2012,12,Monday,cristiano,Merry Xmas for everyone.,3785,11902,0.0045,0.0263,0.9693,0.9648,Positive,0.9693
t00304,2016-04-09 16:00:00,2016-04-09,2016-04,2016,16,Saturday,youtube,They will rock you. https://t.co/geTIyonkLn https://t.co/hD2ScUDP28,1257,208,0.0029,0.0279,0.9692,0.9663,Positive,0.9692
t00305,2013-11-26 06:01:00,2013-11-26,2013-11,2013,6,Tuesday,katyperry,"Olivia Wise, I can hear you singing with the angels now. Your spirit & strength has inspired me & so many others... May you rest in peace.",8816,7802,0.004,0.0253,0.9707,0.9667,Positive,0.9707
t00306,2015-10-27 22:39:00,2015-10-27,2015-10,2015,22,Tuesday,theellenshow,Thanks for being here. And for dancing like this. https://t.co/MYnugnpIOS https://t.co/b5hAjNIXhp,2573,407,0.0029,0.0407,0.9564,0.9535,Positive,0.9564
t00307,2014-09-04 14:39:00,2014-09-04,2014-09,2014,14,Thursday,jimmyfallon,New classroom instrument mix tonight! What song? #MusicRoom,1603,353,0.0032,0.6543,0.3425,0.3393,Neutral,0.6543
t00308,2013-01-22 00:59:00,2013-01-22,2013-01,2013,0,Tuesday,rihanna,"Diamonds World Tour. It's approaching so quickly, and I'm hype az shit! Big ups to my niggaz who got tickets http://t.co/21HkRdBQ",1466,2965,0.0021,0.0095,0.9884,0.9863,Positive,0.9884
t00309,2013-09-30 14:32:00,2013-09-30,2013-09,2013,14,Monday,cristiano,"REAL Players, REAL Teams, REAL Matches, REAL Football. Take part in the competition! Follow @GAMEbyRonaldo.",1349,2226,0.004,0.2557,0.7404,0.7364,Positive,0.7404
t00310,2011-01-22 17:07:00,2011-01-22,2011-01,2011,17,Saturday,cristiano,Thanks for your support! @Mvd55 @Cristiano killer goal last game! Hala madrid! Hala CR7!,43,99,0.0028,0.009,0.9882,0.9854,Positive,0.9882
t00311,2014-05-08 04:25:00,2014-05-08,2014-05,2014,4,Thursday,selenagomez,"Instead, ill pray above for what I have. So thankful for a well deserved break. Thinking about all of… http://t.co/OgsnXgbdjT",9896,6870,0.0052,0.0311,0.9636,0.9584,Positive,0.9636
t00312,2015-10-29 05:30:00,2015-10-29,2015-10,2015,5,Thursday,ladygaga,The world can be such a dangerous place. 💋,13685,10694,0.737,0.2238,0.0393,-0.6977,Negative,0.737
t00313,2016-08-09 19:50:00,2016-08-09,2016-08,2016,19,Tuesday,arianagrande,@jasonsproblem I'll hit @BriLoveLife @iamSkot & tell them y'all want a tutorial,9890,2866,0.033,0.8363,0.1307,0.0976,Neutral,0.8363
t00314,2014-10-08 19:44:00,2014-10-08,2014-10,2014,19,Wednesday,barackobama,"It's not just workers: According to a new survey, support is high among employers to #RaiseTheWage. http://t.co/0oytm1L3yD",876,413,0.0048,0.2029,0.7923,0.7875,Positive,0.7923
t00315,2010-12-16 00:29:00,2010-12-16,2010-12,2010,0,Thursday,twitter,Follow @toptweets to make sure you don't miss the most popular Tweets of the day from accounts you may or may not follow. #discovertwitter,139,191,0.007,0.3857,0.6073,0.6003,Positive,0.6073
t00316,2011-10-27 11:15:00,2011-10-27,2011-10,2011,11,Thursday,cristiano,Thank you for your support. What you guys think of the game? http://t.co/UltFUEHo,140,290,0.0022,0.0503,0.9476,0.9454,Positive,0.9476
t00317,2016-08-24 18:48:00,2016-08-24,2016-08,2016,18,Wednesday,cnnbrk,"Death toll in Italy quake rises to at least 120, Prime Minister Matteo Renzi says. https://t.co/rEVIAuTDIr https://t.co/3o2M0kVeMB",372,509,0.5283,0.46,0.0118,-0.5165,Negative,0.5283
t00318,2013-12-07 21:04:00,2013-12-07,2013-12,2013,21,Saturday,jimmyfallon,So lucky to tour with these funny comedians: @natebargatze @nickthune @Thezog & @julezmac. http://t.co/PoXSGgeP3y I wanna do it again!!!,793,168,0.0029,0.0071,0.99,0.9872,Positive,0.99
t00319,2010-09-28 23:18:00,2010-09-28,2010-09,2010,23,Tuesday,cristiano,Real Madrid 1- Auxerre 0,96,631,0.0222,0.9292,0.0486,0.0264,Neutral,0.9292
t00320,2016-08-04 02:52:00,2016-08-04,2016-08,2016,2,Thursday,arianagrande,you are my true love @wholefoods 🐣 https://t.co/k72MEBGfNo,29900,9141,0.0031,0.0124,0.9845,0.9814,Positive,0.9845
t00321,2015-09-21 14:07:00,2015-09-21,2015-09,2015,14,Monday,kimkardashian,workout time,4572,1113,0.0285,0.5668,0.4046,0.3761,Neutral,0.5668
t00322,2015-04-24 17:45:00,2015-04-24,2015-04,2015,17,Friday,theellenshow,Happy birthday @Kelly_Clarkson & @BarbraStreisand! I think this means y’all should do a duet. You can call it “Since U Been The Way We Were”,4135,1000,0.0014,0.0122,0.9863,0.9849,Positive,0.9863
t00323,2013-05-08 01:20:00,2013-05-08,2013-05,2013,1,Wednesday,selenagomez,@pr1denialler thank you! xoxo,822,887,0.0072,0.0397,0.9531,0.9458,Positive,0.9531
t00324,2014-06-11 01:15:00,2014-06-11,2014-06,2014,1,Wednesday,jimmyfallon,"Lawmakers in Jamaica may legalize marijuana. While lawmakers in Italy may legalize spaghetti, and Ireland may legalize whiskey. #fallonmono",5228,2815,0.0293,0.914,0.0567,0.0274,Neutral,0.914
t00325,2015-07-18 03:33:00,2015-07-18,2015-07,2015,3,Saturday,justinbieber,Love u too bro http://t.co/dJmo0z37qP @Skrillex,53948,45154,0.0036,0.0195,0.977,0.9734,Positive,0.977
t00326,2014-12-11 00:31:00,2014-12-11,2014-12,2014,0,Thursday,jimmyfallon,"Ebola was 2014's most popular U.S. Facebook topic. The World Cup was 6th. So in America, even ebola's more popular than soccer. #fallonmono",6355,3408,0.0095,0.22,0.7705,0.761,Positive,0.7705
t00327,2010-06-10 21:51:00,2010-06-10,2010-06,2010,21,Thursday,selenagomez,"Round and Round single artwork, I have a sneak peek of the song coming soon!! Music video premiere on Disney... http://bit.ly/boAnvm",207,586,0.0022,0.419,0.5787,0.5765,Positive,0.5787
t00328,2014-09-26 22:34:00,2014-09-26,2014-09,2014,22,Friday,katyperry,"SOUTH AMERICA! I have SO much planned for you, but for now, I would like to announce…",11521,9741,0.0041,0.0894,0.9065,0.9023,Positive,0.9065
t00329,2015-08-15 23:26:00,2015-08-15,2015-08,2015,23,Saturday,britneyspears,Saturday hotel room yoga! http://t.co/RnEyYyViYh,8617,3021,0.004,0.6775,0.3185,0.3145,Neutral,0.6775
t00330,2011-06-16 00:05:00,2011-06-16,2011-06,2011,0,Thursday,selenagomez,@billyontheradio Thank you so much for having me out. Ryder is adorable!!!!!,222,771,0.0033,0.0071,0.9896,0.9863,Positive,0.9896
t00331,2016-07-28 15:11:00,2016-07-28,2016-07,2016,15,Thursday,youtube,Feeling inspired by @dulcecandy’s speech at #DNC2016. https://t.co/SoCSfRJK8u https://t.co/wkBJ8pFkiO,793,83,0.0018,0.0439,0.9543,0.9525,Positive,0.9543
t00332,2016-10-22 17:30:00,2016-10-22,2016-10,2016,17,Saturday,instagram,Nail artist Aki Hirayama is all about a #tinycanvas challenge https://t.co/sxoew6qHQy,598,97,0.0057,0.72,0.2743,0.2686,Neutral,0.72
t00333,2015-08-21 17:23:00,2015-08-21,2015-08,2015,17,Friday,justinbieber,What Do You Mean? Chris Martin from @coldplay legend thanks #7days http://t.co/IR3z4yxEQW,50034,43890,0.0031,0.1471,0.8498,0.8467,Positive,0.8498
t00334,2015-04-08 20:49:00,2015-04-08,2015-04,2015,20,Wednesday,jimmyfallon,"Hashtag game! Tweet out a funny, weird, or embarrassing thing about a family member and tag with #MyCrazyFamily. Could be on our show!",2135,607,0.045,0.6674,0.2877,0.2427,Neutral,0.6674
t00335,2015-06-23 08:35:00,2015-06-23,2015-06,2015,8,Tuesday,kimkardashian,Just landed in Cannes! Love that my mom & Kylie are here too! #CannesLions,8111,1354,0.0019,0.0093,0.9888,0.987,Positive,0.9888
t00336,2014-10-03 21:22:00,2014-10-03,2014-10,2014,21,Friday,selenagomez,Have a good day y'all! x :),26376,21411,0.004,0.0129,0.9831,0.9792,Positive,0.9831
t00337,2011-11-06 18:14:00,2011-11-06,2011-11,2011,18,Sunday,selenagomez,Pink carpet is open. Go to http://t.co/8GMNPzmt http://t.co/8PT7CZwY,799,2849,0.0038,0.5682,0.428,0.4242,Neutral,0.5682
t00338,2016-06-12 20:44:00,2016-06-12,2016-06,2016,20,Sunday,ladygaga,"Stand strong w/ ur pride, it belongs to u. Love is opposite of hate. My sincerest mourning 4 LGBTQ's suffering 2day https://t.co/0n3A143GEg",49053,21427,0.1618,0.4019,0.4363,0.2746,Positive,0.4363
t00339,2017-01-06 19:13:00,2017-01-06,2017-01,2017,19,Friday,cnnbrk,"Five people killed in the shooting at Fort Lauderdale airport, a law enforcement official says.… https://t.co/ExLoOXrKSr",955,2479,0.7972,0.1964,0.0064,-0.7908,Negative,0.7972
t00340,2015-10-16 19:19:00,2015-10-16,2015-10,2015,19,Friday,justinbieber,It's great http://t.co/ZWMJvgSRpV https://t.co/HEN6q7P6WO,17165,14330,0.0028,0.0142,0.983,0.9801,Positive,0.983
t00341,2016-06-14 02:50:00,2016-06-14,2016-06,2016,2,Tuesday,kimkardashian,Never give up on hope https://t.co/vBzFQ1UGiY,4513,596,0.0359,0.1994,0.7647,0.7288,Positive,0.7647
t00342,2015-01-21 02:50:00,2015-01-21,2015-01,2015,2,Wednesday,barackobama,"""When what you're doing hasn't worked for 50 years, it's time to try something new."" —President Obama #SOTU",5274,5100,0.048,0.5128,0.4392,0.3912,Neutral,0.5128
t00343,2016-10-06 18:22:00,2016-10-06,2016-10,2016,18,Thursday,ladygaga,@holyh00ker I'm definitely gonna peak at 75,3035,968,0.012,0.2324,0.7556,0.7435,Positive,0.7556
t00344,2016-08-15 23:00:00,2016-08-15,2016-08,2016,23,Monday,youtube,.@Tinashe gets her C.J. Parker on in #SUPERLOVE. https://t.co/aMZ98nRemM https://t.co/f2uvV9Mlya,1473,286,0.0029,0.7179,0.2792,0.2764,Neutral,0.7179
t00345,2015-06-26 09:54:00,2015-06-26,2015-06,2015,9,Friday,taylorswift13,"Remembering this incredible Manchester crowd from the other night, and getting ALL EXCITED FOR HYDE PARK TOMORROW. http://t.co/oZnmmVtePY",37227,15131,0.0014,0.0069,0.9917,0.9903,Positive,0.9917
t00346,2015-09-09 20:03:00,2015-09-09,2015-09,2015,20,Wednesday,cristiano,Introducing my debut fragrance for men - Cristiano Ronaldo Legacy - go to http://t.co/xxisDWV99f for more! https://t.co/T1oRWjuYo1,6359,2530,0.0023,0.2432,0.7546,0.7523,Positive,0.7546
t00347,2015-09-25 13:55:00,2015-09-25,2015-09,2015,13,Friday,shakira,"In around 45 min, Shak will perform at the Opening Ceremony of the @UN's General Assembly in NY. Watch: http://t.co/BjGXAa41cx ShakHQ #UNGA",1134,422,0.0033,0.8867,0.1099,0.1066,Neutral,0.8867
t00348,2014-11-19 21:26:00,2014-11-19,2014-11,2014,21,Wednesday,shakira,Shak's on the cover of the new anniversary edition of @GraziaMexico! / Shak en la portada de #GraziaMexico! ShakHQ http://t.co/aW96f0bIHe,1570,713,0.0025,0.3618,0.6357,0.6333,Positive,0.6357
t00349,2016-12-30 23:12:00,2016-12-30,2016-12,2016,23,Friday,twitter,"@adinkolansky A fam that Tweets together, stays together.",43,18,0.0074,0.4224,0.5702,0.5629,Positive,0.5702
t00350,2016-12-13 07:12:00,2016-12-13,2016-12,2016,7,Tuesday,cnnbrk,Two Georgia police officers were shot Monday. Six GA officers have been shot in six days. Two of them were killed.… https://t.co/PBkdFqwean,325,397,0.8384,0.1563,0.0053,-0.8331,Negative,0.8384
t00351,2016-04-28 01:00:00,2016-04-28,2016-04,2016,1,Thursday,youtube,Grandpa @d_TRIX gets his groove on in this week's #PrankAcademy. https://t.co/fukvVK2GQ5 https://t.co/rMieEMyPBH,2886,616,0.0026,0.2481,0.7492,0.7466,Positive,0.7492
t00352,2013-04-19 01:15:00,2013-04-19,2013-04,2013,1,Friday,katyperry,@diplo oh. How kind!,1107,1639,0.0212,0.039,0.9399,0.9187,Positive,0.9399
t00353,2015-02-15 21:37:00,2015-02-15,2015-02,2015,21,Sunday,jtimberlake,Tonight...#SNL40,13232,6348,0.007,0.7858,0.2072,0.2002,Neutral,0.7858
t00354,2015-09-30 15:07:00,2015-09-30,2015-09,2015,15,Wednesday,barackobama,Enter now and you could meet President Obama in D.C. this fall: http://t.co/HDxcIuds0r,950,304,0.0031,0.5081,0.4889,0.4858,Neutral,0.5081
t00355,2016-07-09 12:48:00,2016-07-09,2016-07,2016,12,Saturday,rihanna,Why I love @startrekmovie in 50 seconds! #Sledgehammer https://t.co/XiRrLke0M0,26261,7983,0.0024,0.0141,0.9836,0.9812,Positive,0.9836
t00356,2015-05-28 20:57:00,2015-05-28,2015-05,2015,20,Thursday,theellenshow,"Thanks everyone who came to the Heads Up! Game Show contestant open call. If ya missed it, there’s another tomorrow! http://t.co/STgcDTG22s",1414,202,0.0022,0.057,0.9408,0.9385,Positive,0.9408
t00357,2016-04-19 20:58:00,2016-04-19,2016-04,2016,20,Tuesday,ddlovato,Want a chance to win my custom Civic or LA trip to meet @nickjonas + me? https://t.co/gAQ31u41yL US/18+ https://t.co/UDYMJcUdOG @HondaStage,10316,4914,0.0038,0.5011,0.4951,0.4912,Neutral,0.5011
t00358,2011-10-04 19:02:00,2011-10-04,2011-10,2011,19,Tuesday,jtimberlake,Have you submitted your photo yet? http://t.co/8re4n3Q2 #InTime #PhotoContest,62,130,0.005,0.8136,0.1813,0.1763,Neutral,0.8136
t00359,2014-11-04 00:30:00,2014-11-04,2014-11,2014,0,Tuesday,jtimberlake,17 days till #JT2020Tour...so time to learn a bit about Mr. @LyleBeniga. #MeetTheTNKids: http://t.co/Mk38zgx3Z1 -teamJT,1397,493,0.0029,0.5178,0.4793,0.4763,Neutral,0.5178
t00360,2016-09-10 21:31:00,2016-09-10,2016-09,2016,21,Saturday,katyperry,@thinagedream be still my heart,3201,918,0.0088,0.1634,0.8278,0.819,Positive,0.8278
t00361,2016-02-03 00:34:00,2016-02-03,2016-02,2016,0,Wednesday,shakira,Strike! https://t.co/lFG8vQnGTt,5218,1189,0.1429,0.631,0.226,0.0831,Neutral,0.631
t00362,2016-08-20 18:23:00,2016-08-20,2016-08,2016,18,Saturday,kimkardashian,HOW TO WEAR OLYMPIC BRONZE METALS https://t.co/9zTKFeTaMg,2263,339,0.0235,0.8963,0.0802,0.0567,Neutral,0.8963
t00363,2016-08-09 20:42:00,2016-08-09,2016-08,2016,20,Tuesday,shakira,Video: @josebw on Instagram #LaBicicletaKids 🚲🚲🚲 ShakHQ https://t.co/yeC1v8GONy,2259,335,0.0077,0.9221,0.0702,0.0625,Neutral,0.9221
t00364,2013-08-01 15:33:00,2013-08-01,2013-08,2013,15,Thursday,cristiano,Hey guys. Today you can win a personalized mousepad by @mystarautograph. Send your photos with #weare20million.,638,906,0.0028,0.1473,0.8499,0.8472,Positive,0.8499
t00365,2013-10-13 14:28:00,2013-10-13,2013-10,2013,14,Sunday,rihanna,"Hellooo Mama Africa, how are you? http://t.co/pgqXQqNBTW",2087,3428,0.0076,0.2212,0.7712,0.7636,Positive,0.7712
t00366,2016-08-27 18:07:00,2016-08-27,2016-08,2016,18,Saturday,britneyspears,Make Me…: Yes @G_Eazy bringing the swagger!! @thisisBURNS did such an amazing job bringing this song to life #GloryStreamingParty,4722,1902,0.0023,0.008,0.9897,0.9874,Positive,0.9897
t00367,2016-09-19 21:35:00,2016-09-19,2016-09,2016,21,Monday,arianagrande,#DangerousWomanTour dates & venues https://t.co/6eNDWRNfk8 pre-sale tomorrow. more to come. I promise. ✉️ https://t.co/lp89UJA6vz,25203,10146,0.0041,0.2918,0.7041,0.6999,Positive,0.7041
t00368,2016-10-03 21:29:00,2016-10-03,2016-10,2016,21,Monday,youtube,@MatPatGT Here's a theory: you were always fated to win a #Streamys. Congrats! 🏆 https://t.co/AnlnjKwagd,166,20,0.0026,0.0174,0.98,0.9774,Positive,0.98
t00369,2013-04-06 19:51:00,2013-04-06,2013-04,2013,19,Saturday,rihanna,"""Real nigga all day and tomorrow.""",3169,9234,0.0237,0.4651,0.5113,0.4876,Positive,0.5113
t00370,2016-11-04 23:09:00,2016-11-04,2016-11,2016,23,Friday,twitter,"#ElectionNight coverage from @BuzzFeedNews is streaming LIVE on Twitter! Go to ⚡️ Moments or https://t.co/PykFISpFT6 on Tuesday, 6pm ET.",731,279,0.0035,0.8535,0.143,0.1395,Neutral,0.8535
t00371,2014-05-21 02:12:00,2014-05-21,2014-05,2014,2,Wednesday,shakira,Excited about @coldplay performing today on my last night on the Voice! Shak,2844,1168,0.0013,0.0099,0.9888,0.9875,Positive,0.9888
t00372,2016-10-05 18:18:00,2016-10-05,2016-10,2016,18,Wednesday,britneyspears,Thank you for having me @loosewomen!! Call me next time you ladies want more dance lessons 👯 https://t.co/t2xxxjutcw,4258,1128,0.0016,0.0172,0.9812,0.9796,Positive,0.9812
t00373,2013-10-09 15:32:00,2013-10-09,2013-10,2013,15,Wednesday,twitter,Our partnership with @Comcast and @NBCUniversal lets users tune in to a TV show directly from a Tweet: https://t.co/vOWzAK43Rs,607,1119,0.0046,0.8152,0.1802,0.1755,Neutral,0.8152
t00374,2015-05-30 21:05:00,2015-05-30,2015-05,2015,21,Saturday,arianagrande,happy birthday my love @dalinaway!!! there are no words. i love u for life. #mysistamysista… https://t.co/JJn1ThxZEV,22682,10766,0.0037,0.0067,0.9895,0.9858,Positive,0.9895
t00375,2015-06-26 17:25:00,2015-06-26,2015-06,2015,17,Friday,arianagrande,look who cleared his busy schedule and flew in for the occasion. 🎂 https://t.co/6o2PbIzjmM,21753,11207,0.0034,0.1169,0.8798,0.8764,Positive,0.8798
t00376,2016-03-24 20:14:00,2016-03-24,2016-03,2016,20,Thursday,theellenshow,".@JessicaBiel is here today to gush all about our crush, @JTimberlake. https://t.co/D8gJqBfIL0 https://t.co/1HHPamRhlW",3709,435,0.0025,0.088,0.9095,0.907,Positive,0.9095
t00377,2014-01-27 18:19:00,2014-01-27,2014-01,2014,18,Monday,cristiano,Share a photo or video on http://t.co/NfLwVV8dbW! I’ll pick my favourite & post it on my FB and Twitter. @VivaRonaldo http://t.co/C8OL52VTpC,3980,2698,0.0045,0.5947,0.4008,0.3962,Neutral,0.5947
t00378,2015-04-11 02:09:00,2015-04-11,2015-04,2015,2,Saturday,justinbieber,When you're too polite with @kingbach https://t.co/vE7KGOntlL,106026,82446,0.2833,0.6277,0.089,-0.1943,Neutral,0.6277
t00379,2014-10-15 22:41:00,2014-10-15,2014-10,2014,22,Wednesday,barackobama,Make this simple commitment: Say you'll help spread the word about health care enrollment. http://t.co/Z65LzbRibw,908,555,0.0158,0.6429,0.3413,0.3255,Neutral,0.6429
t00380,2015-10-13 16:52:00,2015-10-13,2015-10,2015,16,Tuesday,arianagrande,currently having a heart attack 💜💜💜💜💜 @TheAMAs http://t.co/IyoS2SRYuQ thank you so much for the nominations & to my babes for voting 💜💜💜💜💜💜,23108,13406,0.0052,0.0142,0.9806,0.9753,Positive,0.9806
t00381,2016-10-14 00:25:00,2016-10-14,2016-10,2016,0,Friday,katyperry,There's a lot of women making HERstory this election cycle! Find them up AND down the ballot Nov… https://t.co/HVEup5Qoia,8931,2153,0.0056,0.2525,0.7419,0.7363,Positive,0.7419
t00382,2013-10-03 14:15:00,2013-10-03,2013-10,2013,14,Thursday,rihanna,Waiting in line at the #MAC store for my #RiRiHeartsMAC collection in stores and online today!!! It's… http://t.co/rgpWPE6xw7,1331,1564,0.0018,0.1863,0.8119,0.81,Positive,0.8119
t00383,2015-08-28 17:15:00,2015-08-28,2015-08,2015,17,Friday,ddlovato,#CoolForTheSummer is finally out in the UK!!! Get it on iTunes: http://t.co/X2SlZ44TaE and listen on Spotify http://t.co/FUS33M0ePr !!!!,12348,8810,0.0011,0.0525,0.9465,0.9454,Positive,0.9465
t00384,2011-08-14 19:51:00,2011-08-14,2011-08,2011,19,Sunday,jtimberlake,Tickets for my charity concert benefiting Shriners Hospitals for Children go on sale tomorrow @ 10am PT. Who's coming? It's for the kids.,97,400,0.0027,0.3665,0.6308,0.6281,Positive,0.6308
t00385,2014-08-14 09:07:00,2014-08-14,2014-08,2014,9,Thursday,selenagomez,Procrastination at its finest. This is me reading all your lovely/hilarious tweets before bed. http://t.co/1XcN3cfCbU,11465,8393,0.0263,0.1254,0.8483,0.822,Positive,0.8483
t00386,2015-12-23 15:32:00,2015-12-23,2015-12,2015,15,Wednesday,youtube,@ZozeeBo A very YouTube Christmas indeed! Now that's a party we'd want to attend.,757,67,0.003,0.0238,0.9732,0.9702,Positive,0.9732
t00387,2013-12-02 10:48:00,2013-12-02,2013-12,2013,10,Monday,cristiano,@luis_cr7_RM I'm sure we will meet one day.,433,215,0.0038,0.0869,0.9093,0.9055,Positive,0.9093
t00388,2013-03-22 04:01:00,2013-03-22,2013-03,2013,4,Friday,rihanna,#DETROIT was revved the phuck up tonight! Wooiiiiii!! Can't wait to come back! Wunna show me nuff love!! #DiamondsWorldTour,1318,2236,0.0026,0.0078,0.9895,0.9869,Positive,0.9895
t00389,2012-12-31 19:31:00,2012-12-31,2012-12,2012,19,Monday,cristiano,Well done @_markusLFC_ I’ll follow you and you win a Portugal’s CR autographed jersey.,484,705,0.0029,0.0342,0.9629,0.96,Positive,0.9629
t00390,2016-11-01 18:33:00,2016-11-01,2016-11,2016,18,Tuesday,taylorswift13,Feeling really honored... https://t.co/SlxoWgxBBQ,52258,13420,0.0053,0.016,0.9787,0.9734,Positive,0.9787
t00391,2015-11-07 16:22:00,2015-11-07,2015-11,2015,16,Saturday,justinbieber,I love you https://t.co/RYCrqwdKi1,69323,65439,0.0064,0.0493,0.9443,0.9379,Positive,0.9443
t00392,2014-10-25 05:52:00,2014-10-25,2014-10,2014,5,Saturday,taylorswift13,"Bonus Track (Only available at Target) #1989lyrics 2 days, guys. http://t.co/JIqByfCQNU",8535,5677,0.0045,0.7359,0.2596,0.255,Neutral,0.7359
t00393,2016-02-25 17:04:00,2016-02-25,2016-02,2016,17,Thursday,arianagrande,morning my babes ♡ excited for today !,39704,17893,0.0034,0.009,0.9876,0.9842,Positive,0.9876
t00394,2011-02-02 07:00:00,2011-02-02,2011-02,2011,7,Wednesday,cristiano,I always look forward to the start @manar141 do you still get nervous before a match or you're already too used to it to get nervous?,110,130,0.0068,0.1495,0.8437,0.8368,Positive,0.8437
t00395,2010-12-09 18:42:00,2010-12-09,2010-12,2010,18,Thursday,cristiano,We won! Real Madrid 4- Auxerre 0,71,514,0.0026,0.0803,0.9171,0.9145,Positive,0.9171
t00396,2014-10-08 12:15:00,2014-10-08,2014-10,2014,12,Wednesday,taylorswift13,It's so wild being back in London when Shake It Off is in its 3rd week at #1 and I get in the car and… http://t.co/Wn8Tf1z0iI,11699,6662,0.0033,0.1174,0.8794,0.8761,Positive,0.8794
t00397,2015-12-17 14:10:00,2015-12-17,2015-12,2015,14,Thursday,jimmyfallon,"Will Ferrell stops by to announce that he's the ""newer"" Santa Claus https://t.co/AwPKf5DNi8 #FallonTonight",2069,626,0.0025,0.5551,0.4424,0.4399,Neutral,0.5551
t00398,2016-08-03 15:02:00,2016-08-03,2016-08,2016,15,Wednesday,kimkardashian,OUR FAMILY PETS https://t.co/3ioewIQlOl,2609,363,0.0204,0.791,0.1887,0.1683,Neutral,0.791
t00399,2013-11-27 20:03:00,2013-11-27,2013-11,2013,20,Wednesday,rihanna,Thank you @RobinsonCano and @SkyDigg4 for getting on board with @UNICEF to help the people of the Philippines!! http://t.co/SRvYXn3jXj,2189,1870,0.002,0.018,0.98,0.978,Positive,0.98
t00400,2016-03-22 00:18:00,2016-03-22,2016-03,2016,0,Tuesday,britneyspears,"If you're going to celebrate a birthday, Vegas is the best place to do it 🎉 #LoveTwitter https://t.co/yWAWZs57PR",5882,1760,0.002,0.0148,0.9833,0.9813,Positive,0.9833
t00401,2015-11-30 22:11:00,2015-11-30,2015-11,2015,22,Monday,theellenshow,"Cricket Wireless is the launch partner for my new game, Psych! What can I say? I’m Psyched. https://t.co/Z8nzMZSPDD https://t.co/CtBFhuO70O",2058,326,0.0014,0.0203,0.9783,0.9769,Positive,0.9783
t00402,2016-04-07 05:13:00,2016-04-07,2016-04,2016,5,Thursday,justinbieber,I tour in #mycalvins. Follow @calvinklein + RT their #PURPOSETOURxCK post to win tix https://t.co/hkWtECH70B,115879,70045,0.0055,0.6568,0.3378,0.3323,Neutral,0.6568
t00403,2014-12-18 19:42:00,2014-12-18,2014-12,2014,19,Thursday,shakira,Shoot for @VanityFair in September 2009 / Foto para la revista Vanity Fair - Septiembre 2009 ShakHQ #TBT http://t.co/omcNcgdqRT,2164,900,0.0066,0.9509,0.0425,0.036,Neutral,0.9509
t00404,2016-09-06 04:33:00,2016-09-06,2016-09,2016,4,Tuesday,cnnbrk,"Actor Hugh O'Brian, known for his role in ""The Life and Legend of Wyatt Earp,"" has died. He was 91. https://t.co/EB5PzOg5cY",466,238,0.0551,0.8952,0.0497,-0.0054,Neutral,0.8952
t00405,2016-02-13 18:00:00,2016-02-13,2016-02,2016,18,Saturday,youtube,"Whoever said a mixtape couldn't make it to the #Grammys, allow us to introduce Kehlani: https://t.co/cVKLA5FT6a https://t.co/1WT1oSdHIC",2261,1133,0.0584,0.6849,0.2567,0.1983,Neutral,0.6849
t00406,2016-04-19 16:31:00,2016-04-19,2016-04,2016,16,Tuesday,kimkardashian,On top of a glacier! @TheKingDream @kourtneykardash https://t.co/ADeNWTe8du,8218,1235,0.0038,0.6069,0.3893,0.3855,Neutral,0.6069
t00407,2014-11-06 15:31:00,2014-11-06,2014-11,2014,15,Thursday,jimmyfallon,"In case you missed: @StevieNicks performs an acoustic version of ""Rhiannon"" http://t.co/2HFWkNdGUw Get her new album: http://t.co/FZS81VMzvQ",942,299,0.0022,0.7125,0.2852,0.283,Neutral,0.7125
t00408,2016-10-07 13:01:00,2016-10-07,2016-10,2016,13,Friday,theellenshow,It’s time for Episode 3 of #GrandDesign! This might be the grandest one yet. #LaughDancePartner… https://t.co/hwfftdjESq,2102,193,0.0012,0.0297,0.9691,0.9678,Positive,0.9691
t00409,2014-03-17 12:46:00,2014-03-17,2014-03,2014,12,Monday,jimmyfallon,Happy St. Patrick's Day!!!,5470,2631,0.0024,0.0098,0.9877,0.9853,Positive,0.9877
t00410,2014-06-15 14:33:00,2014-06-15,2014-06,2014,14,Sunday,rihanna,Happy Father's Day Pops! I love you deeply and unconditionally! You've taught me so much about myself! #DAD http://t.co/bmJhZSvOb4,8618,2965,0.0032,0.0068,0.9901,0.9869,Positive,0.9901
t00411,2016-09-09 00:30:00,2016-09-09,2016-09,2016,0,Friday,instagram,Seeking out the little things at #NYFW with @Cassidy_Araiza https://t.co/jEI2oTh8mh,606,101,0.0029,0.2838,0.7133,0.7104,Positive,0.7133
t00412,2016-07-21 20:50:00,2016-07-21,2016-07,2016,20,Thursday,barackobama,Ida is one of the millions of people getting new opportunities to go solar and save money. Find out more: https://t.co/GTDwZu2lNT,2558,633,0.0034,0.1445,0.8521,0.8487,Positive,0.8521
t00413,2016-10-27 22:30:00,2016-10-27,2016-10,2016,22,Thursday,instagram,Louisville Jack-O-Lantern Spectacular = 😍 🎃 https://t.co/5r2HUKP9Fc,532,105,0.0015,0.0715,0.9269,0.9254,Positive,0.9269
t00414,2015-10-23 05:32:00,2015-10-23,2015-10,2015,5,Friday,kimkardashian,"Luv this pic pulling into AT&T park,blind folded, w an orchestra playing & had no idea what was about to happen!!! 💍 https://t.co/Gd1sDe5TJV",6641,1185,0.0037,0.0262,0.9702,0.9665,Positive,0.9702
t00415,2015-11-13 13:58:00,2015-11-13,2015-11,2015,13,Friday,jimmyfallon,.@ElizabethBanks and I play Catchphrase against Jon Glaser and @TheTimMcGraw https://t.co/iWccLcCIQO #FallonTonight,1086,182,0.0032,0.9183,0.0785,0.0752,Neutral,0.9183
t00416,2012-07-16 15:06:00,2012-07-16,2012-07,2012,15,Monday,selenagomez,Happy BDay to the @RyanFoundation at @ChildrensPhila! The studio is 1 yr old! Congrats to @Ryanseacrest’s... http://t.co/wlkD4G8C,1812,3699,0.0019,0.0076,0.9905,0.9886,Positive,0.9905
t00417,2016-10-09 13:55:00,2016-10-09,2016-10,2016,13,Sunday,cnnbrk,Hurricane Matthew death toll rises to 14 in US: • 7 in North Carolina • 4 in Florida • 3 in Georgia… https://t.co/aZM84sbCrX,822,1116,0.4688,0.5174,0.0138,-0.4551,Neutral,0.5174
t00418,2013-05-25 12:10:00,2013-05-25,2013-05,2013,12,Saturday,cristiano,"So, you think you know me? Prove it on the Viva Ronaldo iOS app. Download it at http://t.co/rxBw6wGDdl #VivaRonaldo",1067,1797,0.0066,0.5713,0.4221,0.4155,Neutral,0.5713
t00419,2014-11-25 12:35:00,2014-11-25,2014-11,2014,12,Tuesday,ladygaga,Me and my dear friend Jean-Paul Goude after he enjoyed the artRave. I could laugh with him for hours… http://t.co/BdDaogujoB,3327,2075,0.0023,0.0193,0.9784,0.9761,Positive,0.9784
t00420,2015-10-05 17:01:00,2015-10-05,2015-10,2015,17,Monday,shakira,Shakira Bird is starring in this week’s #AngryBirdsFriends #LoveRocks Tournament! -> http://t.co/q2lLjgusn0 ShakHQ http://t.co/mbbK0sdq4d,1044,375,0.0054,0.7452,0.2494,0.244,Neutral,0.7452
t00421,2014-03-16 20:01:00,2014-03-16,2014-03,2014,20,Sunday,shakira,"Shak has partnered with @Activia for their new ""Dare to Feel Good"" campaign. Watch the ad now! http://t.co/PKwyJfdeNt ShakHQ",880,513,0.0019,0.1808,0.8173,0.8154,Positive,0.8173
t00422,2017-01-05 09:58:00,2017-01-05,2017-01,2017,9,Thursday,cnnbrk,"Family of Texas girl who was slammed to ground by police after 2015 pool party sues city, police and ex-cop.… https://t.co/HieyRVNNiz",653,245,0.4542,0.5348,0.011,-0.4433,Neutral,0.5348
t00423,2016-12-16 00:00:00,2016-12-16,2016-12,2016,0,Friday,jtimberlake,#RIPCraigSager You made basketball BETTER. There will never be another you. Prayers to your family and loved ones. -JT,9119,1763,0.0179,0.0609,0.9212,0.9034,Positive,0.9212
t00424,2017-01-21 00:15:00,2017-01-21,2017-01,2017,0,Saturday,theellenshow,Did you hear that people who curse more are more intelligent? I did a whole f&@%ing monologue about it. https://t.co/hts1fZWtjE,11119,1476,0.2512,0.4466,0.3023,0.0511,Neutral,0.4466
t00425,2016-07-10 18:12:00,2016-07-10,2016-07,2016,18,Sunday,theellenshow,"Happy birthday to my fellow CoverGirl, @SofiaVergara! She’s breezy. I’m easy.",9786,1105,0.0028,0.0114,0.9858,0.983,Positive,0.9858
t00426,2010-10-13 17:59:00,2010-10-13,2010-10,2010,17,Wednesday,twitter,#newTwitter for everyone! All users now have access to the new Twitter. Check for the yellow button http://t.co/AyGxbN2,227,1150,0.0024,0.2171,0.7805,0.7782,Positive,0.7805
t00427,2013-01-01 16:33:00,2013-01-01,2013-01,2013,16,Tuesday,selenagomez,"Hope everyone had a fun safe night last night. Here's to a happy, healthy, successful 2013 for everyone. I love you guys!!",11784,18485,0.0028,0.008,0.9892,0.9864,Positive,0.9892
t00428,2016-05-04 20:09:00,2016-05-04,2016-05,2016,20,Wednesday,theellenshow,Happy #StarWarsDay! Can’t think of a better way to celebrate than w/ a Star Wars @HeadsUp deck. #MayThe4thBeWithYou https://t.co/bdLhFFFTBo,3077,538,0.0016,0.0069,0.9915,0.99,Positive,0.9915
t00429,2016-10-08 20:54:00,2016-10-08,2016-10,2016,20,Saturday,cnnbrk,'It's sexual assault': Biden condemns Trump comments in which candidate brags about groping women.… https://t.co/5L8wJK5CKs,2236,999,0.5847,0.4028,0.0125,-0.5722,Negative,0.5847
t00430,2016-12-29 15:07:00,2016-12-29,2016-12,2016,15,Thursday,youtube,What a year 🙁 A playlist of vids to remember 2016's fallen heroes → https://t.co/I9ZjNmNUkK https://t.co/PcpQOcy04c,2020,415,0.6842,0.234,0.0818,-0.6024,Negative,0.6842
t00431,2012-11-26 17:45:00,2012-11-26,2012-11,2012,17,Monday,britneyspears,What a sweet little girl - love you too! RT @hannahspears @britneyspears awww thanks mommy - I love you!,487,1010,0.0047,0.0077,0.9876,0.9829,Positive,0.9876
t00432,2015-11-03 14:28:00,2015-11-03,2015-11,2015,14,Tuesday,jimmyfallon,".@BryanCranston and I share clips from our 90's soap opera ""Suspended Suspense"" https://t.co/62Ok680ih1 #FallonTonight",1031,242,0.004,0.8867,0.1093,0.1054,Neutral,0.8867
t00433,2013-12-04 07:36:00,2013-12-04,2013-12,2013,7,Wednesday,taylorswift13,The RedTour is doing Secret Santa. Just found this in my dressing room and ran down the halls screaming 'SANTA!!!' http://t.co/1fdgUXpM63,16348,9216,0.0209,0.2609,0.7182,0.6972,Positive,0.7182
t00434,2014-01-21 17:34:00,2014-01-21,2014-01,2014,17,Tuesday,jimmyfallon,"Excited to have @BillGates on the show tonight!! Plus, @nbcsnl's Kate McKinnon & music from @wildcubmusic. #LateNight #LNJF",672,247,0.0011,0.0114,0.9875,0.9865,Positive,0.9875
t00435,2015-02-07 00:15:00,2015-02-07,2015-02,2015,0,Saturday,ladygaga,"Afternoon Camel pose, and then off to MusiCares to celebrate Bob Dylan! What a crazy weekend! 🙏… http://t.co/z8P2xNzT8k",4856,2999,0.0017,0.0241,0.9742,0.9725,Positive,0.9742
t00436,2016-09-08 00:44:00,2016-09-08,2016-09,2016,0,Thursday,youtube,@quintabrunson Congrats Quinta! We cannot wait for this show to come out.,37,2,0.0023,0.0067,0.9909,0.9886,Positive,0.9909
t00437,2015-10-07 17:49:00,2015-10-07,2015-10,2015,17,Wednesday,cristiano,"Tickets are now on sale for @RonaldoFilm, in cinemas Nov 9: http://t.co/Quq6edyZbg 🎥🎬 More cinemas coming soon! http://t.co/P1MxMEIK4p",8055,3616,0.0018,0.3676,0.6306,0.6288,Positive,0.6306
t00438,2016-01-13 22:43:00,2016-01-13,2016-01,2016,22,Wednesday,youtube,@ZARvideos We do not know that dance. Please demonstrate.,13,2,0.3723,0.5904,0.0373,-0.335,Neutral,0.5904
t00439,2016-09-29 15:14:00,2016-09-29,2016-09,2016,15,Thursday,kimkardashian,On the way to Balmain https://t.co/veZI9vvLXp,43619,15437,0.0061,0.757,0.2369,0.2308,Neutral,0.757
t00440,2013-12-05 00:08:00,2013-12-05,2013-12,2013,0,Thursday,taylorswift13,Sydney. Just look at you.... #RedTour http://t.co/LkgCgpDrjD,7437,6231,0.0405,0.6097,0.3498,0.3093,Neutral,0.6097
t00441,2014-03-22 04:59:00,2014-03-22,2014-03,2014,4,Saturday,rihanna,The. MonstER. Tour. http://t.co/Qal34Oi9SA,4285,3508,0.009,0.8864,0.1046,0.0956,Neutral,0.8864
t00442,2016-08-09 20:28:00,2016-08-09,2016-08,2016,20,Tuesday,shakira,Thank you for all the amazing #LaBicicletaKids videos. Here are some of our favorites… ShakHQ 🚲,1598,321,0.0018,0.0133,0.9849,0.9831,Positive,0.9849
t00443,2015-08-27 09:02:00,2015-08-27,2015-08,2015,9,Thursday,taylorswift13,Unforgettable night thanks to that LA crowd..... And @jtimberlake. http://t.co/ooB3FdUPw2,49108,22112,0.0022,0.0111,0.9867,0.9844,Positive,0.9867
t00444,2013-09-10 22:50:00,2013-09-10,2013-09,2013,22,Tuesday,britneyspears,"Work Bitch will be available on @iTunesMusic that night at 12:01am ET, Sept 17th... are u ready?! #YouBettaWorkB #1Week",2721,5254,0.0069,0.4372,0.5558,0.5489,Positive,0.5558
t00445,2016-08-26 00:50:00,2016-08-26,2016-08,2016,0,Friday,kimkardashian,I'm watching these beauty blogger audition tapes for my new show!!!! So many amazing people to choose from. This is going to be so much fun!,13935,1107,0.0028,0.0069,0.9903,0.9876,Positive,0.9903
t00446,2013-03-25 18:42:00,2013-03-25,2013-03,2013,18,Monday,selenagomez,The best: Selenators Are Excited For Come And Get It,10973,19967,0.0017,0.0101,0.9881,0.9864,Positive,0.9881
t00447,2015-03-26 21:54:00,2015-03-26,2015-03,2015,21,Thursday,selenagomez,Drac's pack is back. #HotelT2 http://t.co/tMWh3JGD5b,23423,14012,0.0036,0.5751,0.4214,0.4178,Neutral,0.5751
t00448,2016-11-28 01:45:00,2016-11-28,2016-11,2016,1,Monday,britneyspears,This is amazing ❤️❤️❤️ @haileyknoxmusic https://t.co/zwIK3TUXxt,4001,1043,0.0043,0.0076,0.9881,0.9838,Positive,0.9881
t00449,2016-10-07 11:37:00,2016-10-07,2016-10,2016,11,Friday,jimmyfallon,I’m calling in in an half an hour. @nfl football hoodie HANDS HIGH. It’s should be fun! #TodaysSpecial https://t.co/TlQ7h7UkzL,894,137,0.0013,0.0262,0.9726,0.9713,Positive,0.9726
t00450,2012-10-22 00:06:00,2012-10-22,2012-10,2012,0,Monday,taylorswift13,4 hours. #RED,5867,13320,0.0468,0.8641,0.0891,0.0423,Neutral,0.8641
t00451,2016-02-11 22:42:00,2016-02-11,2016-02,2016,22,Thursday,arianagrande,I LOVE YOU TOO https://t.co/PHoyKwoQzX,14483,4804,0.0194,0.0678,0.9128,0.8934,Positive,0.9128
t00452,2016-05-10 16:16:00,2016-05-10,2016-05,2016,16,Tuesday,youtube,.@zaynmalik gets his TRON on in #LIKEIWOULD. https://t.co/GWw0jQIPiG https://t.co/9RDky7p5Z4,1411,376,0.0036,0.8172,0.1792,0.1756,Neutral,0.8172
t00453,2016-07-19 09:42:00,2016-07-19,2016-07,2016,9,Tuesday,cnnbrk,"Turkey has requested U.S. extradite cleric it blames for coup attempt, PM says. https://t.co/VwNDOmYLCb https://t.co/HbJoxKjUVh",172,139,0.1904,0.7949,0.0147,-0.1757,Neutral,0.7949
t00454,2016-06-17 00:30:00,2016-06-17,2016-06,2016,0,Friday,youtube,[LIVE] @BernieSanders addresses his supporters to discuss the road ahead. https://t.co/w7TRmEHq02 https://t.co/Ht02sNv2WT,1956,668,0.0036,0.9208,0.0756,0.072,Neutral,0.9208
t00455,2016-09-14 23:30:00,2016-09-14,2016-09,2016,23,Wednesday,youtube,This is why you don’t let robots go outside unsupervised. https://t.co/1roUv9psde https://t.co/bX0a7UZgLd,1002,184,0.2707,0.6811,0.0482,-0.2225,Neutral,0.6811
t00456,2015-04-16 17:35:00,2015-04-16,2015-04,2015,17,Thursday,theellenshow,"If you want to see what happens right before my show, you can today. Be ready at 3:15pm PST & make sure you’re following me on #Periscope.",1636,353,0.0031,0.6257,0.3712,0.3681,Neutral,0.6257
t00457,2015-09-03 17:07:00,2015-09-03,2015-09,2015,17,Thursday,cristiano,No one at the National Team is indifferent to Europe’s refuggee crisis. All our thoughts are with those people. http://t.co/Gf9wvXEuNJ,17653,10243,0.2537,0.6527,0.0936,-0.1601,Neutral,0.6527
t00458,2013-08-25 15:13:00,2013-08-25,2013-08,2013,15,Sunday,shakira,Shooting a new spot with @akerlund_jonas! @crest @oralb #3DWhite #comingsoon #smile Shak http://t.co/pHKVC0YXsw,1645,1142,0.0033,0.5569,0.4399,0.4366,Neutral,0.5569
t00459,2015-06-02 16:35:00,2015-06-02,2015-06,2015,16,Tuesday,barackobama,When all Americans are treated equally—no matter who they are or whom they love—our country will be a better place. http://t.co/KmQ9Ugo7eV,4725,2580,0.0131,0.1188,0.868,0.8549,Positive,0.868
t00460,2012-10-05 18:36:00,2012-10-05,2012-10,2012,18,Friday,twitter,It's time for the @MLB #postseason. Don't miss a single pitch: http://t.co/h58L2ze9,133,171,0.0034,0.2684,0.7282,0.7248,Positive,0.7282
t00461,2015-10-16 05:04:00,2015-10-16,2015-10,2015,5,Friday,arianagrande,"welp.. cried the whole show. thank you El Paso.💜 to anybody who's attended to the Honeymoon Tour, I love you. this has been a dream. 4 more.",31788,15385,0.0047,0.0114,0.9839,0.9792,Positive,0.9839
t00462,2016-11-15 21:08:00,2016-11-15,2016-11,2016,21,Tuesday,twitter,Celebrating 20 years of the original squad goals. 🐰🏀 https://t.co/worH22UfYt,1949,966,0.0015,0.0536,0.945,0.9435,Positive,0.945
t00463,2016-09-03 20:55:00,2016-09-03,2016-09,2016,20,Saturday,rihanna,Pull up Philly! Exclusive merch on sale at #MadeInAmerica https://t.co/ZyRi1kmkwZ https://t.co/0AyfzLFxNK,12982,3758,0.0027,0.4717,0.5256,0.5228,Positive,0.5256
t00464,2016-10-21 22:21:00,2016-10-21,2016-10,2016,22,Friday,theellenshow,It’s a baby candy corn. https://t.co/maTUeoq9AM,16179,3713,0.0958,0.7325,0.1718,0.076,Neutral,0.7325
t00465,2016-03-21 20:35:00,2016-03-21,2016-03,2016,20,Monday,twitter,@KuneCoco For you it can! #LoveTwitter https://t.co/2CrhxnBIQo,92,16,0.002,0.0233,0.9747,0.9727,Positive,0.9747
t00466,2016-02-09 22:17:00,2016-02-09,2016-02,2016,22,Tuesday,kimkardashian,Isn't it just called maternity leave? If coming to NYC support my husband & have so enjoyed my time at home with my babies & family.,6996,1103,0.0059,0.0781,0.9159,0.91,Positive,0.9159
t00467,2015-10-05 22:55:00,2015-10-05,2015-10,2015,22,Monday,shakira,At U2's awesome concert! Shak http://t.co/3FLMdD26Ze,5811,1696,0.0017,0.0111,0.9872,0.9855,Positive,0.9872
t00468,2015-04-26 02:20:00,2015-04-26,2015-04,2015,2,Sunday,barackobama,LIVE: Watch the 2015 White House Correspondents' Dinner. http://t.co/JYRHmvEGSV #WHCD,1738,791,0.0045,0.9258,0.0697,0.0652,Neutral,0.9258
t00469,2016-03-08 00:00:00,2016-03-08,2016-03,2016,0,Tuesday,instagram,We're not sure what this is either. But we like it. Open Explore 🔍 and get hooked on #SurrealGraphics videos https://t.co/xK0v84BZ5h,952,167,0.004,0.055,0.941,0.937,Positive,0.941
t00470,2015-06-30 17:14:00,2015-06-30,2015-06,2015,17,Tuesday,barackobama,TONIGHT: Don't miss your chance to see Hawaii. Enter before the deadline. http://t.co/rBwNcVI05c http://t.co/B2SF6XLc4g,1081,367,0.0022,0.1511,0.8468,0.8446,Positive,0.8468
t00471,2016-05-14 19:40:00,2016-05-14,2016-05,2016,19,Saturday,jtimberlake,It's an honor to share the #Eurovision stage tonight with so many talented artists from all over Europe... https://t.co/M9Y2qdho9X,24154,7132,0.0021,0.0115,0.9864,0.9843,Positive,0.9864
t00472,2015-10-06 21:08:00,2015-10-06,2015-10,2015,21,Tuesday,theellenshow,"If you love playing Epic or Fail as much as I do, check out the first episode of the Epic or Fail show on @ellentube http://t.co/bkFQzHRt3E",1078,213,0.0042,0.0988,0.897,0.8928,Positive,0.897
t00473,2016-08-02 16:45:00,2016-08-02,2016-08,2016,16,Tuesday,kimkardashian,Find out why Karl made me cry on my 1st shoot w him 😂 but don't worry he made it up to me https://t.co/M0m4mjqwvP https://t.co/kGNi7GmbE3,4667,652,0.2329,0.5041,0.263,0.0301,Neutral,0.5041
t00474,2016-05-03 20:30:00,2016-05-03,2016-05,2016,20,Tuesday,youtube,Which R.R. writer has the sickest flow? https://t.co/F4LiSUPsmm https://t.co/ZFqlR0FCK4,929,128,0.3843,0.5514,0.0644,-0.3199,Neutral,0.5514
t00475,2014-12-05 19:43:00,2014-12-05,2014-12,2014,19,Friday,shakira,Our Nativity! / Nuestro Pesebre! Shak http://t.co/YsOmu6CIbe,3167,1493,0.0031,0.3715,0.6255,0.6224,Positive,0.6255
t00476,2011-12-06 21:05:00,2011-12-06,2011-12,2011,21,Tuesday,twitter,Part 4 of Twitter's #YearInReview: the top Tweets per Second (TPS) of 2011. http://t.co/7ApFEUsP http://t.co/37Lu59kn,130,200,0.0081,0.8697,0.1222,0.1141,Neutral,0.8697
t00477,2014-10-05 20:22:00,2014-10-05,2014-10,2014,20,Sunday,katyperry,SO happy that my tour gets to learn the gift of Transcendental Meditation today! Imagine the⚡️that's gonna come out of us moving forward! 🙇,8547,4421,0.0019,0.0067,0.9914,0.9894,Positive,0.9914
t00478,2013-04-01 18:55:00,2013-04-01,2013-04,2013,18,Monday,selenagomez,So excited to be joining this film. http://t.co/RvqSgoR49k,4388,7240,0.0024,0.0072,0.9904,0.988,Positive,0.9904
t00479,2014-04-29 01:36:00,2014-04-29,2014-04,2014,1,Tuesday,jimmyfallon,“@PrivysTake: Cano on @jimmyfallon BOOOOOOOO” ha. This guy is gonna laugh when he sees the show tonight.,504,84,0.0202,0.1695,0.8104,0.7902,Positive,0.8104
t00480,2013-10-17 22:43:00,2013-10-17,2013-10,2013,22,Thursday,katyperry,"What do Italy, Ireland, Slovakia, Slovenia have in common? They all get #PRISM Friday! DON'T WORRY if it's not in stores for you yet...",1961,2145,0.1289,0.5377,0.3334,0.2045,Neutral,0.5377
t00481,2015-09-23 16:41:00,2015-09-23,2015-09,2015,16,Wednesday,barackobama,"""Michelle and I extend our wishes for an easy fast to all those observing Yom Kippur."" —President Obama",2746,880,0.0038,0.1282,0.868,0.8643,Positive,0.868
t00482,2015-02-27 06:41:00,2015-02-27,2015-02,2015,6,Friday,ddlovato,Post workout xo's ❤️💋🐶 https://t.co/Yy3v1QXSXW,14706,10107,0.0039,0.2661,0.73,0.7261,Positive,0.73
t00483,2015-12-18 16:51:00,2015-12-18,2015-12,2015,16,Friday,barackobama,Lend a hand—chip in to show your support for this grassroots movement. https://t.co/YaGm6yDvaY https://t.co/DmR1NUHnbr,3335,786,0.0063,0.3592,0.6345,0.6282,Positive,0.6345
t00484,2016-01-13 02:19:00,2016-01-13,2016-01,2016,2,Wednesday,barackobama,"""We made change work for us, always extending America’s promise outward, to the next frontier, to more people."" —President Obama #SOTU",1336,548,0.0037,0.044,0.9523,0.9486,Positive,0.9523
t00485,2017-01-03 23:30:00,2017-01-03,2017-01,2017,23,Tuesday,instagram,🐱 + 🐶 = 💕 (and today’s #WeeklyFluff!) https://t.co/CsXx83aoWW,961,178,0.0018,0.1127,0.8855,0.8837,Positive,0.8855
t00486,2016-09-19 13:37:00,2016-09-19,2016-09,2016,13,Monday,cnnbrk,Officials say they believe Ahmad Khan Rahami is man seen on surveillance near NY bombing https://t.co/KJDhyP01wT https://t.co/ML4GeSzCGi,301,430,0.0888,0.8922,0.019,-0.0698,Neutral,0.8922
t00487,2016-10-27 12:01:00,2016-10-27,2016-10,2016,12,Thursday,jimmyfallon,.@jtimberlake and I return to Camp Winnipesaukee https://t.co/WD1H5GlaQc #FallonTonight #JTonFallon,3094,937,0.0035,0.7974,0.199,0.1955,Neutral,0.7974
t00488,2013-09-22 09:03:00,2013-09-22,2013-09,2013,9,Sunday,rihanna,In LOVE with this video! Thank U @JColeNC for the beautiful message in this art piece #pleasereconsideryourwarondrugs http://t.co/bIyzbSCSq2,2195,3012,0.0036,0.0095,0.987,0.9834,Positive,0.987
t00489,2016-01-13 02:46:00,2016-01-13,2016-01,2016,2,Wednesday,barackobama,"""The United States of America is the most powerful nation on Earth. Period."" —President Obama #SOTU",4059,2224,0.0033,0.047,0.9496,0.9463,Positive,0.9496
t00490,2012-10-10 15:54:00,2012-10-10,2012-10,2012,15,Wednesday,twitter,"TweetDeck has a new look! Try out the light theme and more in our updated web, Chrome, Mac and Windows apps http://t.co/fCAsIcTw",151,333,0.0026,0.2136,0.7838,0.7811,Positive,0.7838
t00491,2016-02-14 20:47:00,2016-02-14,2016-02,2016,20,Sunday,arianagrande,@boocaprincesses love you princesses,10497,3848,0.0055,0.0209,0.9735,0.968,Positive,0.9735
t00492,2016-10-28 12:31:00,2016-10-28,2016-10,2016,12,Friday,jimmyfallon,Bumped into Martin Short and @SteveMartinToGo backstage before the show last night https://t.co/xT6RpNLrcW #FallonTonight,1145,182,0.0031,0.8107,0.1862,0.1831,Neutral,0.8107
t00493,2016-03-16 19:12:00,2016-03-16,2016-03,2016,19,Wednesday,britneyspears,My baby sister 💕 https://t.co/5Hp0Rd1r1E,12257,3318,0.0024,0.0124,0.9852,0.9827,Positive,0.9852
t00494,2013-08-05 04:21:00,2013-08-05,2013-08,2013,4,Monday,jtimberlake,Big congrats to @DaveEvangelist and mashellsd ! #finderskeepers #LOTS http://t.co/8YgpZA7TS5,325,286,0.0028,0.0139,0.9833,0.9806,Positive,0.9833
t00495,2015-07-13 17:33:00,2015-07-13,2015-07,2015,17,Monday,ladygaga,"Incredible read. On the more ""unsentimental,"" intellectual side of mental illness...and by that case… https://t.co/zRm5KMkyIW",3447,1968,0.0137,0.1193,0.8669,0.8532,Positive,0.8669
t00496,2016-09-15 21:00:00,2016-09-15,2016-09,2016,21,Thursday,twitter,#TNF is LIVE on Twitter tonight! Who you got? Watch LIVE at 8pm ET ➡️ https://t.co/vHwCiwcRH9,451,157,0.003,0.8062,0.1908,0.1877,Neutral,0.8062
t00497,2015-07-02 18:55:00,2015-07-02,2015-07,2015,18,Thursday,barackobama,"""Today our high school graduation rate is at an all-time high."" —President Obama",1986,787,0.0064,0.1736,0.82,0.8136,Positive,0.82
t00498,2016-10-23 23:46:00,2016-10-23,2016-10,2016,23,Sunday,cnnbrk,"Hundreds block highway, law enforcement shoots down ‘threatening’ drone amid Dakota Access Pipeline protests.… https://t.co/QmbJRuxrfL",752,630,0.717,0.2752,0.0078,-0.7091,Negative,0.717
t00499,2015-12-30 17:14:00,2015-12-30,2015-12,2015,17,Wednesday,ddlovato,2015 was pretty amazing. Let's do this 2016!!!! https://t.co/wSA2BKtyrI,28228,17274,0.0035,0.0155,0.981,0.9774,Positive,0.981
t00500,2016-09-17 15:38:00,2016-09-17,2016-09,2016,15,Saturday,ddlovato,LA!! Last show tonight which means its our last #CastOnTour series. You guys will definitely want to be here for it https://t.co/nIIULV5v6U,14335,4484,0.0017,0.0311,0.9673,0.9656,Positive,0.9673
t00501,2013-06-17 14:38:00,2013-06-17,2013-06,2013,14,Monday,britneyspears,"@girlyoumine Yay, so glad you like it :) Hi Poland!",131,164,0.0033,0.0081,0.9886,0.9853,Positive,0.9886
t00502,2015-08-30 18:15:00,2015-08-30,2015-08,2015,18,Sunday,taylorswift13,Sunbathing in San Diego. http://t.co/PRl7kCyYDw,49104,15531,0.0039,0.742,0.2542,0.2503,Neutral,0.742
t00503,2016-07-30 04:28:00,2016-07-30,2016-07,2016,4,Saturday,cnnbrk,"Wing part found on Tanzanian island ""highly likely"" from #MH370, Australia's transport minister says. https://t.co/k7JLJ7iDN7",431,439,0.2177,0.7676,0.0147,-0.2029,Neutral,0.7676
t00504,2016-01-09 21:24:00,2016-01-09,2016-01,2016,21,Saturday,instagram,Stripping down silhouettes with Maria Sainte https://t.co/yYLLecgDeu https://t.co/tXACbBhA8B,1506,326,0.0056,0.9164,0.0779,0.0723,Neutral,0.9164
t00505,2013-05-08 03:48:00,2013-05-08,2013-05,2013,3,Wednesday,taylorswift13,"Louisville, Kentucky. What an epic crowd tonight!!",6218,6688,0.0028,0.0119,0.9853,0.9824,Positive,0.9853
t00506,2016-03-21 21:08:00,2016-03-21,2016-03,2016,21,Monday,twitter,@Manoj_Chandra11 Here's to ten more. At least. #LoveTwitter https://t.co/Z2dMZKtvU9,78,17,0.0024,0.0225,0.9751,0.9726,Positive,0.9751
t00507,2016-08-08 17:25:00,2016-08-08,2016-08,2016,17,Monday,twitter,"Live from #Rio2016, day three is underway! Hit follow to get the best #Olympics updates right in your timeline ⬇️ https://t.co/mBvPYxMt1l",688,174,0.0029,0.3295,0.6676,0.6648,Positive,0.6676
t00508,2014-03-20 19:16:00,2014-03-20,2014-03,2014,19,Thursday,jimmyfallon,Obama/Putin phone call http://t.co/d73fWeoe7B #FallonTonight #exclusive #noFilter,967,660,0.021,0.924,0.0551,0.0341,Neutral,0.924
t00509,2014-10-02 00:46:00,2014-10-02,2014-10,2014,0,Thursday,selenagomez,Sometimes we think we aren't good enough. But then I realize when I think I'm alone I have God.,41801,39371,0.1499,0.5017,0.3483,0.1984,Neutral,0.5017
t00510,2017-01-08 12:23:00,2017-01-08,2017-01,2017,12,Sunday,cnnbrk,"At least four people were killed in a vehicular attack in Jerusalem, Israel's emergency services said. https://t.co/YiUepD1BLx",384,435,0.8017,0.1922,0.0061,-0.7957,Negative,0.8017
t00511,2016-05-09 21:57:00,2016-05-09,2016-05,2016,21,Monday,youtube,@updatedphan lol nah,575,103,0.1223,0.7046,0.1732,0.0509,Neutral,0.7046
t00512,2012-11-09 22:14:00,2012-11-09,2012-11,2012,22,Friday,selenagomez,"Can't wait! Doing something fun for @DOLbySel this weekend in White Plains, NY. Stay tuned for the details :)... http://t.co/M1bYimfT",2744,4806,0.001,0.0087,0.9903,0.9893,Positive,0.9903
t00513,2016-10-08 11:31:00,2016-10-08,2016-10,2016,11,Saturday,cnnbrk,"German police are carrying out a major operation due to “suspected preparation of an attack with explosives."" https://t.co/kiop0GL77A",535,653,0.2874,0.6875,0.0251,-0.2622,Neutral,0.6875
t00514,2015-07-10 23:44:00,2015-07-10,2015-07,2015,23,Friday,britneyspears,Hanging out in the studio with the coolest kid around @AlexDaKid http://t.co/uxhWKZDgZx,4832,2314,0.0017,0.0188,0.9795,0.9778,Positive,0.9795
t00515,2016-11-17 17:19:00,2016-11-17,2016-11,2016,17,Thursday,cnnbrk,"NJ train engineer in fatal crash had undiagnosed sleep apnea, lawyer says. https://t.co/BM1T42yqqP",277,208,0.4192,0.5661,0.0146,-0.4046,Neutral,0.5661
t00516,2014-08-06 23:46:00,2014-08-06,2014-08,2014,23,Wednesday,jimmyfallon,"The President's approval rating has hit a new low of just 40%. Or as Obama put it, ""60 under par!"" #fallonmono",2590,1130,0.71,0.2537,0.0363,-0.6737,Negative,0.71
t00517,2015-08-05 16:34:00,2015-08-05,2015-08,2015,16,Wednesday,barackobama,“This deal is not just the best choice among alternatives—this is the strongest non-proliferation agreement ever.” —President Obama,832,349,0.0045,0.0497,0.9458,0.9412,Positive,0.9458
t00518,2015-06-07 19:46:00,2015-06-07,2015-06,2015,19,Sunday,katyperry,🐴Y'ALL!🐴 Last day to vote for me & @KaceyMusgrave's Roar from #Crossroads for @CMT Performance of the Year http://t.co/fiitPM6tGc #CMTawards,9559,4883,0.0037,0.4477,0.5485,0.5448,Positive,0.5485
t00519,2016-10-19 14:06:00,2016-10-19,2016-10,2016,14,Wednesday,ladygaga,This is amazing! 👅👅👅@lucanapp98,5269,1314,0.0068,0.0138,0.9794,0.9726,Positive,0.9794
t00520,2014-08-10 18:59:00,2014-08-10,2014-08,2014,18,Sunday,rihanna,Eskimo Horror Cover Story @Wmag September Issue http://t.co/beEMf3EN8Y,10700,5608,0.0089,0.9509,0.0402,0.0313,Neutral,0.9509
t00521,2014-12-23 05:11:00,2014-12-23,2014-12,2014,5,Tuesday,ladygaga,"""Lady Gaga Reflects On Her Year With Tony, Taylor, and the Acid-like Effect of ARTPOP."" By John Norris https://t.co/l9cFjWO81N",5345,3567,0.0049,0.9384,0.0567,0.0518,Neutral,0.9384
t00522,2016-07-20 22:51:00,2016-07-20,2016-07,2016,22,Wednesday,britneyspears,Britney Army... I salute you on this one 🇺🇸 #MakeMe https://t.co/cGuJ0NQCPy https://t.co/pxAodGekgE,7934,3959,0.0035,0.0246,0.9719,0.9684,Positive,0.9719
t00523,2015-08-26 19:11:00,2015-08-26,2015-08,2015,19,Wednesday,kimkardashian,13. Mr. Hughes,29816,32208,0.0158,0.864,0.1202,0.1044,Neutral,0.864
t00524,2015-06-24 17:51:00,2015-06-24,2015-06,2015,17,Wednesday,selenagomez,My inspiration to wake up every single morning.... My perfectly imperfect momma. She's the light of my life. http://t.co/p9NW6TTZQo,48332,25645,0.0047,0.0168,0.9785,0.9738,Positive,0.9785
t00525,2016-03-21 20:06:00,2016-03-21,2016-03,2016,20,Monday,twitter,@LadySarahWoo Our kind of story time! #LoveTwitter https://t.co/5pG9iEjSIF,109,14,0.0017,0.0157,0.9826,0.9808,Positive,0.9826
t00526,2015-10-21 12:21:00,2015-10-21,2015-10,2015,12,Wednesday,justinbieber,Hello UK,58063,43023,0.0149,0.3226,0.6625,0.6477,Positive,0.6625
t00527,2014-08-26 15:22:00,2014-08-26,2014-08,2014,15,Tuesday,barackobama,Watch: Austan Goolsbee talks about why Congress should act to build economic #OpportunityForAll. http://t.co/fK2sO84a3I,491,199,0.0046,0.6352,0.3601,0.3555,Neutral,0.6352
t00528,2015-06-19 18:21:00,2015-06-19,2015-06,2015,18,Friday,theellenshow,"Happy birthday, @Macklemore! Sending love to you and your partner, @RyanLewis. MUSIC PARTNER. I meant music partner.",5003,1171,0.0019,0.0067,0.9914,0.9895,Positive,0.9914
t00529,2016-07-09 21:01:00,2016-07-09,2016-07,2016,21,Saturday,ddlovato,@LifeOfDesiigner thank YOU for joining us!! #HondaCivicTour #FutureNow,4072,2073,0.0012,0.0142,0.9846,0.9834,Positive,0.9846
t00530,2013-11-18 09:00:00,2013-11-18,2013-11,2013,9,Monday,katyperry,ECSTATIC to announce: http://t.co/F75dul8G9a,15761,12390,0.0067,0.882,0.1112,0.1045,Neutral,0.882
t00531,2014-12-09 23:49:00,2014-12-09,2014-12,2014,23,Tuesday,barackobama,President Obama's #ImmigrationAction could give our economy a big boost: http://t.co/W5qmEptbCh http://t.co/rSaxD8OTAX,487,530,0.0024,0.0437,0.9538,0.9514,Positive,0.9538
t00532,2016-09-28 20:37:00,2016-09-28,2016-09,2016,20,Wednesday,twitter,Express yourself with more than just words. Get creative with polls and #Stickers. #TwitterTips https://t.co/G3IQWi3XCp,811,247,0.0125,0.4064,0.581,0.5685,Positive,0.581
t00533,2014-05-01 18:27:00,2014-05-01,2014-05,2014,18,Thursday,jimmyfallon,"Tonight: Andrew Garfield and I are going to race pocket bikes, talk with Mary Lynn @Rajskub and music from @CHVRCHES. #FallonTonight",1177,324,0.0026,0.532,0.4654,0.4629,Neutral,0.532
t00534,2016-12-07 01:58:00,2016-12-07,2016-12,2016,1,Wednesday,ladygaga,I wrote a letter sharing my experience w/ PTSD. I want 2 help others understand what it is + how to get or give help https://t.co/7wmuvNLcT5,9700,4332,0.0411,0.8229,0.136,0.0949,Neutral,0.8229
t00535,2015-11-17 19:29:00,2015-11-17,2015-11,2015,19,Tuesday,justinbieber,Thank you. #PURPOSE https://t.co/ZWMJvgSRpV,40874,31097,0.0041,0.0545,0.9413,0.9372,Positive,0.9413
t00536,2016-04-27 22:20:00,2016-04-27,2016-04,2016,22,Wednesday,barackobama,Add your name if you support global efforts to tackle climate change: https://t.co/IQJzH7sb2C,1876,605,0.0165,0.6568,0.3267,0.3102,Neutral,0.6568
t00537,2015-10-04 03:39:00,2015-10-04,2015-10,2015,3,Sunday,ddlovato,Let's do this @SugaRashadEvans!!!! #UFC192,9318,5221,0.0032,0.0837,0.9131,0.9099,Positive,0.9131
t00538,2016-09-24 09:10:00,2016-09-24,2016-09,2016,9,Saturday,cnnbrk,"At least 8 people were killed when militants attacked a police checkpoint in Tikrit, Iraq, an official says.… https://t.co/zKsCCduREH",173,154,0.8322,0.1622,0.0056,-0.8267,Negative,0.8322
t00539,2013-05-22 18:03:00,2013-05-22,2013-05,2013,18,Wednesday,shakira,"Check out Shak's performance with #TeamShakira on last night's @NBCTheVoice! (Apologies, this vid is US only) http://t.co/4ylgEC1LPP ShakHQ",225,297,0.0051,0.5648,0.4301,0.425,Neutral,0.5648
t00540,2014-06-26 17:39:00,2014-06-26,2014-06,2014,17,Thursday,rihanna,Sweeeeeet ass goal Ronaldo!!!,11536,9679,0.1718,0.1908,0.6374,0.4656,Positive,0.6374
t00541,2014-10-16 23:26:00,2014-10-16,2014-10,2014,23,Thursday,taylorswift13,Here it is... your behind the scenes look at the #1989SecretSessions. Love you guys so much. http://t.co/0dxlZtW6TJ,14428,11882,0.0025,0.0157,0.9818,0.9793,Positive,0.9818
t00542,2013-05-08 01:27:00,2013-05-08,2013-05,2013,1,Wednesday,selenagomez,@sleazydemetria thank you! xoxo,829,857,0.0072,0.0397,0.9531,0.9458,Positive,0.9531
t00543,2014-02-07 05:04:00,2014-02-07,2014-02,2014,5,Friday,britneyspears,#tbt Being interviewed by the amazing @jayleno....thanks for making us smile for so many years :) http://t.co/Nnn1Auz3Y6,6814,3193,0.0018,0.0089,0.9892,0.9874,Positive,0.9892
t00544,2016-08-23 23:45:00,2016-08-23,2016-08,2016,23,Tuesday,instagram,Calm water = a magic mirror #TheWeekOnInstagram https://t.co/0rT1U4sGdP,696,132,0.0061,0.2932,0.7006,0.6945,Positive,0.7006
t00545,2016-09-16 02:57:00,2016-09-16,2016-09,2016,2,Friday,cnnbrk,"3 bodies found in Ohio after woman calls 911 while her alleged abductor slept, police say. https://t.co/LZB2HLOiL0 https://t.co/ZFNeqjxAtM",355,313,0.3298,0.6587,0.0115,-0.3183,Neutral,0.6587
t00546,2015-07-19 00:44:00,2015-07-19,2015-07,2015,0,Sunday,ddlovato,Accidental cover 💁🏻 thanks @stylewatchmag!! #supyonce https://t.co/3c3fOKxCTA,9996,6533,0.0021,0.0421,0.9558,0.9538,Positive,0.9558
t00547,2016-06-06 20:51:00,2016-06-06,2016-06,2016,20,Monday,twitter,@KeshaTedder we think so too! https://t.co/AbR24YjCJ7,217,62,0.0035,0.1744,0.8222,0.8187,Positive,0.8222
t00548,2016-09-23 00:01:00,2016-09-23,2016-09,2016,0,Friday,twitter,#TNF is back. Tap 👇 now to catch the @HoustonTexans take on the @Patriots LIVE on Twitter! https://t.co/eCsgy1y604,645,281,0.0028,0.7207,0.2765,0.2737,Neutral,0.7207
t00549,2016-10-30 02:30:00,2016-10-30,2016-10,2016,2,Sunday,instagram,Happy Halloween weekend! Watch our story for more shenanigans 🎃 https://t.co/0ZMkk1j23w https://t.co/pp7QXlNNUq,1114,229,0.0014,0.0201,0.9785,0.9772,Positive,0.9785
t00550,2016-10-10 03:34:00,2016-10-10,2016-10,2016,3,Monday,twitter,"Tonight's #debate was the most Tweeted ever, with more than 17 million debate-related Tweets sent.",4880,2475,0.0031,0.2395,0.7573,0.7542,Positive,0.7573
t00551,2017-01-08 02:05:00,2017-01-08,2017-01,2017,2,Sunday,arianagrande,we love you we can't wait to see you,39278,12220,0.0024,0.009,0.9886,0.9863,Positive,0.9886
t00552,2014-07-06 23:15:00,2014-07-06,2014-07,2014,23,Sunday,rihanna,@Mariners @RobinsonCano Congrats!!! #ROCNATION,3274,1591,0.0035,0.0142,0.9824,0.9789,Positive,0.9824
t00553,2014-02-21 18:38:00,2014-02-21,2014-02,2014,18,Friday,shakira,Shak is back on @NBCTheVoice from Monday! Watch their exclusive interview about Shak's new passion for sports… http://t.co/QdTsUVCnlq ShakHQ,606,331,0.0024,0.5391,0.4585,0.4561,Neutral,0.5391
t00554,2015-07-22 20:57:00,2015-07-22,2015-07,2015,20,Wednesday,barackobama,The President's #ImmigrationAction will be good for the economy—but opponents are standing in the way: http://t.co/jpWzOdt71b,1307,629,0.0911,0.5593,0.3496,0.2585,Neutral,0.5593
t00555,2016-11-22 15:30:00,2016-11-22,2016-11,2016,15,Tuesday,instagram,A colorful treat for the eyes from Cartagena #WHPfamilyfeast https://t.co/0czw2o7Dhl,582,109,0.0018,0.059,0.9392,0.9374,Positive,0.9392
t00556,2012-12-23 07:34:00,2012-12-23,2012-12,2012,7,Sunday,rihanna,“@RorreyFenty: @rihanna bless you http://t.co/7gzy3vuN” thanks broski #granDolly,585,856,0.0038,0.0252,0.971,0.9672,Positive,0.971
t00557,2014-11-01 16:16:00,2014-11-01,2014-11,2014,16,Saturday,taylorswift13,"Windows down, you pass my street The memories start. #TS1989 #taylurking http://t.co/C6sw3Sic4M",8356,3325,0.0086,0.7084,0.2831,0.2745,Neutral,0.7084
t00558,2011-02-04 01:33:00,2011-02-04,2011-02,2011,1,Friday,twitter,Welcome back Brian! RT @SFGiants Watch the exclusive video of The Return of @BrianWIlson38 to @Twitter http://t.co/kEkf2XB @MLB,75,54,0.0021,0.222,0.7759,0.7737,Positive,0.7759
t00559,2013-03-26 05:33:00,2013-03-26,2013-03,2013,5,Tuesday,katyperry,Step away from the snare sounds... #ocdrecording,3007,4554,0.2959,0.6586,0.0455,-0.2504,Neutral,0.6586
t00560,2014-05-11 22:06:00,2014-05-11,2014-05,2014,22,Sunday,shakira,Video courtesy of my 11 year old cameraman! Thanks #WangoTango--I had a blast! Shak http://t.co/ZzyeGJhqKn,777,323,0.0018,0.0096,0.9886,0.9868,Positive,0.9886
t00561,2015-09-05 05:18:00,2015-09-05,2015-09,2015,5,Saturday,arianagrande,wow I really do love y'all a lot................ damn. how'd I get so lucky? thanks for your sweetness. time to sleep til I'm 42. night bbs.,35516,18118,0.0085,0.0133,0.9782,0.9697,Positive,0.9782
t00562,2015-09-22 03:48:00,2015-09-22,2015-09,2015,3,Tuesday,kimkardashian,Wow thank you @Allure_magazine for this honor!!!! https://t.co/lAMqNUEgbP,1115,294,0.0066,0.0115,0.9819,0.9753,Positive,0.9819
t00563,2016-09-14 22:16:00,2016-09-14,2016-09,2016,22,Wednesday,youtube,".@justinbieber, @MAJORLAZER & @MOMOMOYOUTH dropped the dance vid for #ColdWater and it’s 🔥 →https://t.co/34uHYckelQ https://t.co/5lDi2yqyg1",1479,625,0.002,0.0792,0.9188,0.9167,Positive,0.9188
t00564,2014-05-21 14:17:00,2014-05-21,2014-05,2014,14,Wednesday,cristiano,Hey all @realmadrid fans! Come cheer us #APorLaDécima. Your support is our strenght. http://t.co/qPVmohXb81,3857,4085,0.002,0.0214,0.9765,0.9745,Positive,0.9765
t00565,2014-03-04 02:07:00,2014-03-04,2014-03,2014,2,Tuesday,shakira,"When in doubt, reference history and the boys won’t know what to argue #BlindsContinue @NBCTheVoice",3279,1301,0.1013,0.7235,0.1752,0.0738,Neutral,0.7235
t00566,2016-12-08 17:04:00,2016-12-08,2016-12,2016,17,Thursday,cristiano,Had a lot of fun creating The Private Edition scent. Watch here!https://t.co/KLGGg0yU8I https://t.co/hvTMyo2ohc,15067,2467,0.0017,0.0148,0.9835,0.9819,Positive,0.9835
t00567,2014-07-01 00:39:00,2014-07-01,2014-07,2014,0,Tuesday,rihanna,Missing you today and always! #RIPDollyMyBaby http://t.co/z2hUZHFION,14666,5558,0.0854,0.1798,0.7348,0.6494,Positive,0.7348
t00568,2016-06-30 14:42:00,2016-06-30,2016-06,2016,14,Thursday,justinbieber,Miami pop up store opens tomorrow. #PurposeTourMerch https://t.co/xgV1fFSArI,75859,37513,0.0032,0.8396,0.1573,0.1541,Neutral,0.8396
t00569,2015-09-28 15:13:00,2015-09-28,2015-09,2015,15,Monday,cristiano,"I’m in a photoshoot for the new collection of #CR7footwear, in stores soon. Hope you enjoy! http://t.co/dZCXGKchyp http://t.co/0okHRPadUl",8411,2798,0.001,0.0376,0.9613,0.9603,Positive,0.9613
t00570,2015-11-22 07:39:00,2015-11-22,2015-11,2015,7,Sunday,britneyspears,Thank you to everyone who made today wonderful! I love you all ❤️ https://t.co/vP7uxBqDyk,7934,2454,0.0039,0.0065,0.9896,0.9857,Positive,0.9896
t00571,2016-02-16 16:36:00,2016-02-16,2016-02,2016,16,Tuesday,ladygaga,"Thank you to the incredible Nile Rodgers, Raphael Saadiq, Richard Jackson. https://t.co/13UtX6OLsm",11211,4423,0.0024,0.0312,0.9665,0.9641,Positive,0.9665
t00572,2016-12-03 18:34:00,2016-12-03,2016-12,2016,18,Saturday,justinbieber,Get @bestfiends for free from https://t.co/y3yApdlFSq and help to #endAIDS with @RED and @AppStoreGames… https://t.co/pGM6zOp41S,78627,38389,0.0052,0.3326,0.6622,0.657,Positive,0.6622
t00573,2016-09-21 12:05:00,2016-09-21,2016-09,2016,12,Wednesday,cnnbrk,"Hundreds of scientists, including Stephen Hawking, issue open letter criticizing Donald Trump over climate change… https://t.co/iNOFUa7QRt",2352,1280,0.1894,0.7842,0.0265,-0.1629,Neutral,0.7842
t00574,2016-12-07 05:20:00,2016-12-07,2016-12,2016,5,Wednesday,arianagrande,never leave me without love,62876,30065,0.1201,0.3632,0.5167,0.3965,Positive,0.5167
t00575,2012-10-30 03:02:00,2012-10-30,2012-10,2012,3,Tuesday,britneyspears,"Don't forget to watch us on @JayLeno tonight. @SimonCowell actually behaved, I was impressed ;) http://t.co/jb1xP4m5",2185,1926,0.0017,0.0107,0.9877,0.986,Positive,0.9877
t00576,2016-09-13 21:14:00,2016-09-13,2016-09,2016,21,Tuesday,barackobama,Time is almost up for Senate leaders to do the right thing and fill the #SCOTUS vacancy. https://t.co/rPbzUkZAUE #DoYourJob,2125,589,0.0797,0.6535,0.2669,0.1872,Neutral,0.6535
t00577,2017-01-17 11:06:00,2017-01-17,2017-01,2017,11,Tuesday,cnnbrk,CNN/ORC poll: Most in US disapprove of Trump transition; 53% are less confident because of his actions since Nov. 8… https://t.co/eCgwmCknvx,985,655,0.7511,0.2407,0.0082,-0.743,Negative,0.7511
t00578,2011-01-28 10:00:00,2011-01-28,2011-01,2011,10,Friday,cristiano,Thank you very much. @dq3d007 @Cristiano i wish ur good luck too..from korea fan!,33,60,0.0026,0.0146,0.9828,0.9801,Positive,0.9828
t00579,2015-05-20 02:01:00,2015-05-20,2015-05,2015,2,Wednesday,theellenshow,Come back anytime. Preferably without a shirt. https://t.co/9qJ29abf6K,7104,1963,0.0122,0.4669,0.521,0.5088,Positive,0.521
t00580,2015-10-02 00:23:00,2015-10-02,2015-10,2015,0,Friday,theellenshow,"Glad to have a partner like @ULTA_Beauty who gives back the way I do - with dignity, respect & head stockings. #BCAM http://t.co/P3QzORXlTK",1461,229,0.0042,0.0163,0.9795,0.9753,Positive,0.9795
t00581,2016-12-24 05:52:00,2016-12-24,2016-12,2016,5,Saturday,ladygaga,@DereKills #JOANNE will always have your back & be the angel on your shoulder,2034,630,0.004,0.0623,0.9337,0.9297,Positive,0.9337
t00582,2013-03-22 22:56:00,2013-03-22,2013-03,2013,22,Friday,rihanna,#BHS thank you man!!! You guys RULE!!! I love this school!!!,1059,1429,0.0043,0.0069,0.9888,0.9845,Positive,0.9888
t00583,2016-04-20 21:18:00,2016-04-20,2016-04,2016,21,Wednesday,instagram,Dreaming of a more inclusive world with Paola Mayté Zarazúa https://t.co/NUTrP2WkaR https://t.co/6oM4JRpZWe,1176,258,0.0036,0.2296,0.7669,0.7633,Positive,0.7669
t00584,2017-01-20 23:29:00,2017-01-20,2017-01,2017,23,Friday,theellenshow,".@KenJeong had a dream, and I’m in the business of making dreams come true. https://t.co/UZkKIv8PRG https://t.co/Ay1Id0V2sY",2833,253,0.0022,0.0535,0.9442,0.942,Positive,0.9442
t00585,2013-11-10 07:23:00,2013-11-10,2013-11,2013,7,Sunday,selenagomez,Just posted a photo http://t.co/zHZeRnsAfT,5410,5426,0.0081,0.7373,0.2546,0.2465,Neutral,0.7373
t00586,2011-11-05 17:47:00,2011-11-05,2011-11,2011,17,Saturday,selenagomez,Day 2 done. We had an amazing rehearsal today. See you tomorrow #Belfast #MTVEMA http://t.co/nXEPB6Yk,692,2205,0.0012,0.0147,0.9841,0.983,Positive,0.9841
t00587,2016-03-29 01:00:00,2016-03-29,2016-03,2016,1,Tuesday,youtube,They go gorillas for Easter eggs. https://t.co/wViHsZS4wK https://t.co/G81relZ8YB,1453,302,0.0484,0.82,0.1316,0.0832,Neutral,0.82
t00588,2011-02-11 20:05:00,2011-02-11,2011-02,2011,20,Friday,cristiano,Congratulations. Share a picture? @Audrey_Kathleen Just bought my first @cristiano jersey. YAY!,60,80,0.0017,0.0107,0.9876,0.9859,Positive,0.9876
t00589,2013-09-05 18:29:00,2013-09-05,2013-09,2013,18,Thursday,shakira,My first pepper and eggplants from my garden! ¡Mi primer pimiento y las primeras berenjenas de mi… http://t.co/Ih4vfrpiH1,526,523,0.002,0.0941,0.9038,0.9018,Positive,0.9038
t00590,2011-03-15 21:11:00,2011-03-15,2011-03,2011,21,Tuesday,twitter,Making Twitter more secure: HTTPS http://t.co/lZS4yEh,203,913,0.0071,0.4099,0.5831,0.576,Positive,0.5831
t00591,2016-03-02 08:11:00,2016-03-02,2016-03,2016,8,Wednesday,ddlovato,@aldcbutera knowing that I deserve to FEEL great!!,3207,1717,0.0041,0.0207,0.9751,0.971,Positive,0.9751
t00592,2014-04-03 17:16:00,2014-04-03,2014-04,2014,17,Thursday,katyperry,MEXICO CITY! Get your tickets now! http://t.co/FaNgrdfO8Y #PRISMATICWORLDTOUR,4688,2676,0.0029,0.3007,0.6965,0.6936,Positive,0.6965
t00593,2016-12-22 18:11:00,2016-12-22,2016-12,2016,18,Thursday,theellenshow,"Happy birthday, @Meghan_Trainor! I’ve been calling you all day and can’t get through. Are you sure your number is NO?",9102,1360,0.2074,0.2761,0.5165,0.3092,Positive,0.5165
t00594,2013-03-29 20:22:00,2013-03-29,2013-03,2013,20,Friday,rihanna,It's only March people... #2013isalreadyowned #staytuned #MoneyOvaBitchez http://t.co/OKI3EU2pe2,1127,1853,0.0127,0.5996,0.3877,0.375,Neutral,0.5996
t00595,2011-01-08 07:17:00,2011-01-08,2011-01,2011,7,Saturday,selenagomez,I guess I need to buy criminal minds on iTunes @AllisonKaye haha you're awesome!!,469,1184,0.0031,0.0194,0.9775,0.9744,Positive,0.9775
t00596,2015-10-06 19:14:00,2015-10-06,2015-10,2015,19,Tuesday,theellenshow,You don’t have to be at the beach to enjoy an @OceanSprayInc. Hope this clip doesn’t bog you down #LaughDancePartner http://t.co/QCB7v2VHis,2058,298,0.1731,0.4964,0.3305,0.1574,Neutral,0.4964
t00597,2016-10-05 21:23:00,2016-10-05,2016-10,2016,21,Wednesday,theellenshow,Dolls are getting more and more lifelike. https://t.co/fhKnreaVJi,5875,612,0.0034,0.0876,0.909,0.9055,Positive,0.909
t00598,2015-10-22 04:01:00,2015-10-22,2015-10,2015,4,Thursday,kimkardashian,He had all of my family & close friends come dressed up as their best pregnant Kim look (fake baby bumps provided on arrival!),10271,2481,0.0882,0.4717,0.4401,0.3518,Neutral,0.4717
t00599,2013-06-21 18:05:00,2013-06-21,2013-06,2013,18,Friday,britneyspears,Now u can bid on the boa & handcuffs from the tour & help support @soles4souls...such an amazing cause! More info on http://t.co/uHWm2ZDRzv!,808,1143,0.0018,0.0232,0.9749,0.9731,Positive,0.9749
t00600,2016-10-20 01:00:00,2016-10-20,2016-10,2016,1,Thursday,youtube,"[LIVE] It's the last #debatenight of 2016. Watch now, and #voteIRL on Election Day: https://t.co/L1DeEcRbSy https://t.co/Xpys2rQewd",539,135,0.0095,0.905,0.0855,0.076,Neutral,0.905
t00601,2016-07-12 04:16:00,2016-07-12,2016-07,2016,4,Tuesday,selenagomez,The reason I do what I do https://t.co/YDu4r5Eijv,150905,64410,0.0254,0.5456,0.429,0.4036,Neutral,0.5456
t00602,2014-09-17 14:35:00,2014-09-17,2014-09,2014,14,Wednesday,cristiano,What a fantastic @realmadrid team work with the win last night. #HalaMadrid http://t.co/ZaJsMAoqcf,11624,8093,0.0028,0.0088,0.9884,0.9855,Positive,0.9884
t00603,2016-05-09 01:35:00,2016-05-09,2016-05,2016,1,Monday,kimkardashian,such a cool episode! its so emotional and fun! https://t.co/f6YlWh4yal,1445,237,0.0029,0.0067,0.9904,0.9875,Positive,0.9904
t00604,2010-06-27 13:07:00,2010-06-27,2010-06,2010,13,Sunday,selenagomez,Hey Everyone-- Thanks to everyone who has been supporting Round and Round! If you haven’t had a chance to check... http://fb.me/Dcas8rff,174,514,0.0016,0.0309,0.9675,0.9659,Positive,0.9675
t00605,2015-07-22 21:28:00,2015-07-22,2015-07,2015,21,Wednesday,katyperry,"🔮✨⚡️RT @katyperrypopup For all you #KatyCats in the USA @KatyPerry’s #MadPotion is available to buy now, right here!! http://t.co/x77j5v9nD9",10479,5265,0.0032,0.3093,0.6875,0.6844,Positive,0.6875
t00606,2012-09-21 10:32:00,2012-09-21,2012-09,2012,10,Friday,katyperry,Err... Something else... RT @MDMOLINARI: If I get a kiss 💋 you get a prince 👑 @ Telaga Tista Water Palace http://t.co/rSgMj39a,1132,1836,0.0117,0.7456,0.2428,0.2311,Neutral,0.7456
t00607,2016-01-11 01:30:00,2016-01-11,2016-01,2016,1,Monday,instagram,"Congrats, @Racheldoesstuff! #GoldenGlobes https://t.co/skZP2MgGqM",1460,276,0.0034,0.0125,0.9841,0.9806,Positive,0.9841
t00608,2016-05-02 22:39:00,2016-05-02,2016-05,2016,22,Monday,arianagrande,"I love & am grateful for my incredible band, this song, my babes, the ability to do what I love,… https://t.co/wbWHZtzYLB",28959,11597,0.0026,0.0093,0.9881,0.9855,Positive,0.9881
t00609,2015-10-15 03:57:00,2015-10-15,2015-10,2015,3,Thursday,jimmyfallon,Crazy!?! Thanks guys!! #YouUp ? #HandsHigh #PITZ https://t.co/f3bjxVvZow,1383,267,0.0021,0.0275,0.9704,0.9683,Positive,0.9704
t00610,2016-11-20 01:20:00,2016-11-20,2016-11,2016,1,Sunday,ladygaga,#AMAs Rehearsal! #Joanne and her vibes are rollin' though!! 💕💕 https://t.co/cp7jQ8GT2s,14004,5083,0.0017,0.0147,0.9836,0.9819,Positive,0.9836
t00611,2012-10-21 19:54:00,2012-10-21,2012-10,2012,19,Sunday,taylorswift13,8 hours til #RED.,7152,17132,0.0174,0.8464,0.1362,0.1189,Neutral,0.8464
t00612,2015-09-10 03:13:00,2015-09-10,2015-09,2015,3,Thursday,jimmyfallon,25 minutes away! #FallonTonight on NBC. I'm telling you first!! History of Rap 6. Ellen Lip Sync Battle. Macklemore & Ryan DOWNTOWN!,4421,1117,0.0021,0.1863,0.8116,0.8094,Positive,0.8116
t00613,2016-12-16 00:33:00,2016-12-16,2016-12,2016,0,Friday,theellenshow,Tonight is my office holiday party! Tomorrow is my awkward office board meeting.,7942,562,0.0218,0.4375,0.5407,0.519,Positive,0.5407
t00614,2015-08-29 06:08:00,2015-08-29,2015-08,2015,6,Saturday,arianagrande,"@scooterbraun u love a mysterious, suspenseful, provocative tweet",16353,8937,0.0561,0.4346,0.5093,0.4533,Positive,0.5093
t00615,2016-03-09 23:00:00,2016-03-09,2016-03,2016,23,Wednesday,youtube,This is snowmo-blowing our minds right now. https://t.co/0W1BIN02oP https://t.co/nmhK4fgZ28,1054,169,0.2088,0.4038,0.3874,0.1785,Neutral,0.4038
t00616,2016-09-27 16:57:00,2016-09-27,2016-09,2016,16,Tuesday,barackobama,"As long as Senate leaders keep refusing to do their jobs, @OFA supporters will continue speaking out against their… https://t.co/DkmDKpMhOw",8395,2827,0.8538,0.1389,0.0074,-0.8464,Negative,0.8538
t00617,2012-08-03 16:05:00,2012-08-03,2012-08,2012,16,Friday,jtimberlake,"""@DABIGDOG72: Sharks Have a week dedicated to @jtimberlake"" #ThatJTLife",126,194,0.0075,0.541,0.4515,0.444,Neutral,0.541
t00618,2015-10-23 01:52:00,2015-10-23,2015-10,2015,1,Friday,ddlovato,"Maui, you're next!!! Meet and greets up now!!! https://t.co/4ILGeylmUy #CONFIDENT",8735,5466,0.0049,0.169,0.8261,0.8211,Positive,0.8261
t00619,2013-03-17 07:50:00,2013-03-17,2013-03,2013,7,Sunday,rihanna,Wrist to wrist!!! #grangrandolly http://t.co/FBKc293q8D,775,1043,0.008,0.3915,0.6005,0.5925,Positive,0.6005
t00620,2015-08-24 03:45:00,2015-08-24,2015-08,2015,3,Monday,jtimberlake,Truth. https://t.co/wxKCTwMXhH,4292,2378,0.0403,0.7587,0.201,0.1606,Neutral,0.7587
t00621,2014-04-03 16:59:00,2014-04-03,2014-04,2014,16,Thursday,shakira,A big thank you to US fans for getting the new album and giving me my best debut yet on the @Billboard 200! Shak,1569,829,0.0023,0.0089,0.9889,0.9866,Positive,0.9889
t00622,2012-12-10 02:11:00,2012-12-10,2012-12,2012,2,Monday,jtimberlake,"""@Caiterlynn27: When will @jtimberlake reply to one of my tweets??"" Right now!!",296,153,0.028,0.8719,0.1001,0.0721,Neutral,0.8719
t00623,2015-07-27 06:04:00,2015-07-27,2015-07,2015,6,Monday,arianagrande,you too my love https://t.co/RnCFSPuKvk,15378,5718,0.0054,0.0437,0.9508,0.9454,Positive,0.9508
t00624,2016-08-05 22:48:00,2016-08-05,2016-08,2016,22,Friday,cnnbrk,"Salmonella outbreak blamed on alfalfa sprouts infects 30 people in 9 states, CDC says. https://t.co/zre9isLD76",207,335,0.7166,0.2742,0.0092,-0.7074,Negative,0.7166
t00625,2014-05-20 14:32:00,2014-05-20,2014-05,2014,14,Tuesday,cristiano,Would u like to fly to the final in Brazil?Pre-register: http://t.co/qvWsCbE1mp & qualify to win a signed Team Shirt. http://t.co/KM5VlsyeFP,3368,1827,0.0045,0.684,0.3114,0.3069,Neutral,0.684
t00626,2015-02-05 00:30:00,2015-02-05,2015-02,2015,0,Thursday,rihanna,@harpersbazaarus getting you ready for summer with our March #COVER http://t.co/tie1OLfKSJ,10906,6331,0.0025,0.3734,0.6241,0.6216,Positive,0.6241
t00627,2014-10-15 00:08:00,2014-10-15,2014-10,2014,0,Wednesday,barackobama,LAST CALL: Add your name tonight to tell the EPA you support cutting carbon pollution. http://t.co/0yKo0i4uPh,902,526,0.0128,0.8661,0.1211,0.1083,Neutral,0.8661
t00628,2014-09-24 15:01:00,2014-09-24,2014-09,2014,15,Wednesday,cristiano,"You asked: Hello from Los Angeles California, how are you today? http://t.co/6CrT9DlIG1",2093,750,0.005,0.8226,0.1724,0.1673,Neutral,0.8226
t00629,2014-12-18 11:43:00,2014-12-18,2014-12,2014,11,Thursday,ladygaga,WATCH @itstonybennett and Me on Jimmy Fallon right here!!!----> http://t.co/JtGG5HfLx9,3646,2372,0.0023,0.6196,0.3782,0.3759,Neutral,0.6196
t00630,2016-09-22 19:28:00,2016-09-22,2016-09,2016,19,Thursday,ladygaga,Work it girl! Let out that rage for a real love! #PERFECTILLUSION https://t.co/vX2WjsO9p1,12212,4378,0.0064,0.0403,0.9533,0.9469,Positive,0.9533
t00631,2011-12-12 20:11:00,2011-12-12,2011-12,2011,20,Monday,taylorswift13,"CMT Artists of the Year premieres tomorrow, December 13th, at 9/8c. #CMTAOTY. Also on the schedule for tomorrow is me turning 22.",1254,3569,0.0027,0.7502,0.2471,0.2445,Neutral,0.7502
t00632,2015-04-23 23:29:00,2015-04-23,2015-04,2015,23,Thursday,theellenshow,"Congratulations, #LorettaLynch! The 1st black female appointed Attorney General. Incredible. I thought for sure it would be Olivia Pope.",6861,2247,0.0041,0.0197,0.9762,0.9721,Positive,0.9762
t00633,2016-11-10 13:01:00,2016-11-10,2016-11,2016,13,Thursday,jimmyfallon,Eddie Redmayne and @lilycollins face off playing Know It All https://t.co/K0kQoPE3Hc #FallonTonight,1286,239,0.0025,0.8933,0.1041,0.1016,Neutral,0.8933
t00634,2016-03-30 15:10:00,2016-03-30,2016-03,2016,15,Wednesday,barackobama,A free flight to Chicago. A free hotel room. Tickets to see the legendary James Taylor. Enter now: https://t.co/2frBiqy0q5,1738,385,0.0018,0.1837,0.8145,0.8127,Positive,0.8145
t00635,2012-08-06 00:48:00,2012-08-06,2012-08,2012,0,Monday,taylorswift13,She's actually watching the Olympics. http://t.co/khPTAOIe,9577,10386,0.0038,0.7499,0.2463,0.2425,Neutral,0.7499
t00636,2011-11-03 22:01:00,2011-11-03,2011-11,2011,22,Thursday,selenagomez,Ummm im obsessed with the app Postcards on the Run!! I've been sending them like crazy lol,874,2498,0.0031,0.0107,0.9862,0.983,Positive,0.9862
t00637,2014-12-10 15:17:00,2014-12-10,2014-12,2014,15,Wednesday,shakira,.@DJRarela showing leaders how early ed gives back & sharing success stories of transformed communities strengthens the case for investing,306,146,0.0045,0.0697,0.9258,0.9213,Positive,0.9258
t00638,2015-04-17 15:15:00,2015-04-17,2015-04,2015,15,Friday,jimmyfallon,Check out our tech correspondent @joshuatopolsky's new podcast. https://t.co/ryog9zClI6,764,181,0.0035,0.4474,0.5491,0.5456,Positive,0.5491
t00639,2015-10-03 18:29:00,2015-10-03,2015-10,2015,18,Saturday,barackobama,"""Congress should do its job, stop kicking the can down the road, and pass a serious budget."" —President Obama http://t.co/HsE9QjkfLD",2751,1059,0.0741,0.5695,0.3564,0.2823,Neutral,0.5695
t00640,2016-06-01 21:35:00,2016-06-01,2016-06,2016,21,Wednesday,instagram,Even drying laundry is beautiful in Italy. #veniceinmotion https://t.co/RbKrmEdKTF,762,166,0.0049,0.0339,0.9612,0.9563,Positive,0.9612
t00641,2011-11-20 23:46:00,2011-11-20,2011-11,2011,23,Sunday,taylorswift13,Headed to the AMAs... http://t.co/jGr7HaFa,1041,2295,0.0052,0.9296,0.0652,0.06,Neutral,0.9296
t00642,2013-03-17 23:43:00,2013-03-17,2013-03,2013,23,Sunday,jtimberlake,"“@imjustloganbell: it sucks that no matter how many times I tweet @jtimberlake, he'll never see it... Now why would you think that? #Iseeyou",1264,420,0.9331,0.0621,0.0048,-0.9283,Negative,0.9331
t00643,2015-10-15 21:33:00,2015-10-15,2015-10,2015,21,Thursday,arianagrande,@Savan_Kotecha mishu. so excited to see you soooooon. #webefocused,9403,4215,0.0021,0.0073,0.9906,0.9885,Positive,0.9906
t00644,2015-08-14 17:06:00,2015-08-14,2015-08,2015,17,Friday,kimkardashian,Just went on the hardest hike ever today with @robkardashian,12286,1444,0.7211,0.2391,0.0399,-0.6812,Negative,0.7211
t00645,2016-01-05 23:10:00,2016-01-05,2016-01,2016,23,Tuesday,theellenshow,Thanks for the heads up. https://t.co/hwjsdGNjdj,8874,2099,0.0151,0.2341,0.7508,0.7358,Positive,0.7508
t00646,2015-08-20 04:22:00,2015-08-20,2015-08,2015,4,Thursday,ddlovato,@WValderrama @Power106LA @EricDlux @J_Credible that was so fun!!! Thanks for having me!! Hahaha,7251,4916,0.0028,0.0067,0.9905,0.9877,Positive,0.9905
t00647,2015-06-15 20:26:00,2015-06-15,2015-06,2015,20,Monday,ladygaga,@MisterBroRo because my mom took it on her phone,4513,2756,0.0561,0.9047,0.0392,-0.0168,Neutral,0.9047
t00648,2016-02-20 20:00:00,2016-02-20,2016-02,2016,20,Saturday,ddlovato,"#FreeKesha 💗 this is only gonna make you stronger, you brave and beautiful girl. Prayers are with you 🙏🏼 @KeshaRose",73664,52043,0.0066,0.0238,0.9697,0.9631,Positive,0.9697
t00649,2016-11-30 03:29:00,2016-11-30,2016-11,2016,3,Wednesday,justinbieber,Thank you Europe,153771,67155,0.0054,0.0516,0.943,0.9376,Positive,0.943
t00650,2015-09-08 18:38:00,2015-09-08,2015-09,2015,18,Tuesday,theellenshow,I can't think of a better way for @Pink to celebrate her birthday than on my NYC show! Come by at 5pm and wish her a happy birthday.,3827,617,0.0023,0.0076,0.99,0.9877,Positive,0.99
t00651,2011-08-19 14:08:00,2011-08-19,2011-08,2011,14,Friday,selenagomez,Heading to the KMart on market street in Philly hope to see you all there.,727,2147,0.0032,0.2547,0.7421,0.7389,Positive,0.7421
t00652,2016-04-25 17:28:00,2016-04-25,2016-04,2016,17,Monday,barackobama,Show your support for bold moves to combat climate change—add your name: https://t.co/Wof6TIp08t #ActOnClimate,1456,493,0.0151,0.4501,0.5348,0.5197,Positive,0.5348
t00653,2016-01-20 16:01:00,2016-01-20,2016-01,2016,16,Wednesday,selenagomez,The official video for “Hands To Myself” is now on VEVO!🚨 Watch it here: https://t.co/86lxEoJOTt #WatchHandsToMyselfOnVEVO,30274,17959,0.0029,0.6907,0.3064,0.3035,Neutral,0.6907
t00654,2015-10-16 19:18:00,2015-10-16,2015-10,2015,19,Friday,justinbieber,Missed u https://t.co/BMgvjHOVBE,17742,13967,0.0476,0.38,0.5723,0.5247,Positive,0.5723
t00655,2016-09-20 23:09:00,2016-09-20,2016-09,2016,23,Tuesday,arianagrande,@drxwsariiana i love you more,9450,2513,0.0066,0.0191,0.9742,0.9676,Positive,0.9742
t00656,2015-05-13 19:22:00,2015-05-13,2015-05,2015,19,Wednesday,taylorswift13,Catastrophe vs. Knockout #BadBloodMusicVideo http://t.co/FPLXLHg7xy,53796,33333,0.0277,0.9189,0.0534,0.0258,Neutral,0.9189
t00657,2011-01-13 18:47:00,2011-01-13,2011-01,2011,18,Thursday,cristiano,"Glad you enjoy it. @theRealWheeler 1st go at CR7penalty and got 86500 on mad moire, sense this will be addictive. @Cristiano great game",24,70,0.0022,0.0127,0.985,0.9828,Positive,0.985
t00658,2016-09-30 07:37:00,2016-09-30,2016-09,2016,7,Friday,katyperry,meaningful lyrical connection + bit of math + makes your head bob = 👍🏼 pop song recipe,14776,4513,0.0069,0.1363,0.8569,0.85,Positive,0.8569
t00659,2015-05-17 05:16:00,2015-05-17,2015-05,2015,5,Sunday,arianagrande,remember when we were 8 and promised we'd go to paris together when we were 21? @alexaluria #yaasqueent https://t.co/4Mx7YBDBiI,23368,12364,0.0107,0.7763,0.2131,0.2024,Neutral,0.7763
t00660,2016-07-04 22:30:00,2016-07-04,2016-07,2016,22,Monday,instagram,Featured submissions from this weekend’s hashtag project: #WHPilluminate https://t.co/vaYtPYc4XP https://t.co/RWsC9XdL7Y,1203,282,0.0048,0.8691,0.126,0.1212,Neutral,0.8691
t00661,2016-11-26 20:15:00,2016-11-26,2016-11,2016,20,Saturday,instagram,We're hanging out with @RiflePaperCo. Watch the rest on our story! #SmallBizSat https://t.co/nYTEawYB7d,1183,257,0.003,0.6291,0.3679,0.3649,Neutral,0.6291
t00662,2016-04-07 21:25:00,2016-04-07,2016-04,2016,21,Thursday,theellenshow,#TBT to that time in South Africa with @NICKIMINAJ. https://t.co/QXMn6KK1u7,14268,4417,0.0044,0.9166,0.079,0.0746,Neutral,0.9166
t00663,2011-07-13 19:31:00,2011-07-13,2011-07,2011,19,Wednesday,twitter,Twitter for Android – Now with Push Notifications and Multiple Accounts http://t.co/032yV6f,139,503,0.0068,0.813,0.1802,0.1734,Neutral,0.813
t00664,2012-10-09 02:42:00,2012-10-09,2012-10,2012,2,Tuesday,jtimberlake,"""@MyClosetByCARTD: @jtimberlake @Mz908 @901Silver - do you really talk like that? in real life?"" Ummm?? No.",58,54,0.6533,0.3351,0.0116,-0.6417,Negative,0.6533
t00665,2014-06-09 15:59:00,2014-06-09,2014-06,2014,15,Monday,taylorswift13,"Great crowd tonight, Singapore! See you again later this week for show #2!",14153,8973,0.0023,0.0087,0.989,0.9867,Positive,0.989
t00666,2016-05-17 19:04:00,2016-05-17,2016-05,2016,19,Tuesday,barackobama,"Judge Garland's former clerks have a lot to say about his record, work-life balance, and more—take a look: https://t.co/eHIgwaid6N",2269,621,0.0152,0.8682,0.1166,0.1014,Neutral,0.8682
t00667,2016-02-24 23:22:00,2016-02-24,2016-02,2016,23,Wednesday,theellenshow,The best thing about the Oscars with @ChrisRock is it’s gonna be amazing. The 2nd best is that I think I’m gonna win the staff Oscar pool.,4267,517,0.0033,0.0097,0.987,0.9837,Positive,0.987
t00668,2016-08-02 15:28:00,2016-08-02,2016-08,2016,15,Tuesday,barackobama,44 is turning 55. Celebrate—sign the card. https://t.co/608nLDOLP4,4684,864,0.003,0.0829,0.9141,0.9111,Positive,0.9141
t00669,2015-08-12 19:02:00,2015-08-12,2015-08,2015,19,Wednesday,britneyspears,@jaimecamil Awww thank you so so much 😘 Can’t wait!!,804,353,0.0038,0.0093,0.9869,0.9832,Positive,0.9869
t00670,2017-01-09 16:16:00,2017-01-09,2017-01,2017,16,Monday,cnnbrk,"Orlando, Florida, police officer killed in line of duty identified as Master Sgt. Debra Clayton. https://t.co/8UzFB4FbRy",484,470,0.6046,0.3869,0.0084,-0.5962,Negative,0.6046
t00671,2015-09-26 04:37:00,2015-09-26,2015-09,2015,4,Saturday,arianagrande,sweet dreams nyc,30471,14726,0.0051,0.0698,0.9252,0.9201,Positive,0.9252
t00672,2016-12-30 10:38:00,2016-12-30,2016-12,2016,10,Friday,cnnbrk,Russian foreign minister proposes expelling 35 US diplomats in response to US sanctions over alleged election hack.… https://t.co/hLSPabTNVF,332,351,0.4079,0.5809,0.0113,-0.3966,Neutral,0.5809
t00673,2015-12-30 23:00:00,2015-12-30,2015-12,2015,23,Wednesday,youtube,Draw My Life with JOHN CENA!!! https://t.co/Ukv1HjOHiX https://t.co/dYmyoQiAFg,3059,761,0.0063,0.3718,0.6219,0.6156,Positive,0.6219
t00674,2017-01-18 00:53:00,2017-01-18,2017-01,2017,0,Wednesday,twitter,@iNoumanSays You earned it. https://t.co/aHESCKDlbb,15,3,0.0068,0.0323,0.9608,0.954,Positive,0.9608
t00675,2014-10-16 05:15:00,2014-10-16,2014-10,2014,5,Thursday,taylorswift13,Track 3 #1989lyrics http://t.co/dUC6hcMdin,12797,8834,0.0139,0.9486,0.0376,0.0237,Neutral,0.9486
t00676,2016-08-24 15:02:00,2016-08-24,2016-08,2016,15,Wednesday,cnnbrk,"Italy quake death toll rises to 73, including 53 in Amatrice, civil protection agency says. https://t.co/qRQXHkkXq3 https://t.co/5hsErwaKA2",328,496,0.5238,0.464,0.0122,-0.5116,Negative,0.5238
t00677,2014-11-20 15:51:00,2014-11-20,2014-11,2014,15,Thursday,jtimberlake,One down! Congrats joeybuzz! Next up....Any guesses where?! #Finderskeepers #JT2020Tour 9 more to go. http://t.co/2eNeyr43Ex,926,315,0.0019,0.0468,0.9513,0.9495,Positive,0.9513
t00678,2016-11-20 22:51:00,2016-11-20,2016-11,2016,22,Sunday,arianagrande,omg.......... this queen just walked right in ten minutes after my last post to surprise me. my… https://t.co/Wk51CoL658,28887,8198,0.0043,0.0208,0.9748,0.9705,Positive,0.9748
t00679,2013-05-12 10:06:00,2013-05-12,2013-05,2013,10,Sunday,katyperry,I noticed that. I guess I was too excited. Sorry mom. RT @izzyduval: @katyperry the grammar in that tweet is appalling Katy,2067,2803,0.8308,0.149,0.0201,-0.8107,Negative,0.8308
t00680,2015-12-10 08:21:00,2015-12-10,2015-12,2015,8,Thursday,kimkardashian,to donate to this charity Soles For Souls! They helped her during Hurricane Katrina. I think I know the designer of Shoe of the Year Award!,6838,1256,0.007,0.21,0.783,0.776,Positive,0.783
t00681,2012-05-01 04:15:00,2012-05-01,2012-05,2012,4,Tuesday,selenagomez,#2 on Yahoo homepage!!!! Crazy!!! My new fragrance is out at Macy's at the end of May. You guys are the best.... http://t.co/OqoLlxuo,1475,3915,0.002,0.0083,0.9897,0.9877,Positive,0.9897
t00682,2014-06-24 16:03:00,2014-06-24,2014-06,2014,16,Tuesday,rihanna,“@__tatijxo: Bout to watch the LHHATL from last night though 🔥” ditto! Apple TV make love to me!,2896,1119,0.0033,0.0397,0.957,0.9538,Positive,0.957
t00683,2016-07-21 16:42:00,2016-07-21,2016-07,2016,16,Thursday,ddlovato,You know I’ll be rocking my @HillaryClinton x @TanyaTaylorNYC campaign tee this election #ImWithHER #MadeForHistory https://t.co/O3DlFzpjGe,25721,7778,0.0034,0.1126,0.884,0.8805,Positive,0.884
t00684,2016-02-21 10:24:00,2016-02-21,2016-02,2016,10,Sunday,ddlovato,Women empowerment is using your voice to help the voiceless women be heard.,34769,23525,0.0066,0.2223,0.7711,0.7645,Positive,0.7711
t00685,2013-11-03 15:55:00,2013-11-03,2013-11,2013,15,Sunday,cristiano,Less than 48 hours to go! Registrations for @GAMEbyRonaldo will open this Tuesday @ 12:00 London time. Find out more: http://t.co/HYlXbMhaL4,1192,1282,0.003,0.6819,0.3151,0.3121,Neutral,0.6819
t00686,2012-08-07 10:24:00,2012-08-07,2012-08,2012,10,Tuesday,jtimberlake,"@beauchamp24 Hi Taylor. You are brave. You are strong. Everything that makes you different makes you cool to me. Bullies are weak. Love, JT",97,104,0.0193,0.0776,0.9031,0.8837,Positive,0.9031
t00687,2016-12-07 19:34:00,2016-12-07,2016-12,2016,19,Wednesday,youtube,@MannyMua733 Absolutely 👏 sickening. 👏 #YouTubeRewind,131,4,0.8429,0.1298,0.0273,-0.8156,Negative,0.8429
t00688,2014-02-05 18:17:00,2014-02-05,2014-02,2014,18,Wednesday,shakira,Love the #CantRememberToForgetYou video so much you want to own it? Then download it from iTunes now! http://t.co/zvA459xfh7 ShakiraHQ,825,523,0.003,0.0264,0.9707,0.9677,Positive,0.9707
t00689,2013-11-11 14:19:00,2013-11-11,2013-11,2013,14,Monday,katyperry,Meow out to all the kittens and all the voting they did with their precious paws to win me Best Female last night @MTVEMA 😻😽😻😽 ILY ILY!,11284,8617,0.004,0.0111,0.9849,0.9809,Positive,0.9849
t00690,2012-12-21 15:37:00,2012-12-21,2012-12,2012,15,Friday,cristiano,Thank you for reaching 15M followers on twitter. It's now time to #Celebrate15M during the Christmas holidays.,856,2130,0.0015,0.0157,0.9828,0.9813,Positive,0.9828
t00691,2016-09-07 13:02:00,2016-09-07,2016-09,2016,13,Wednesday,jimmyfallon,"Tonight on the show: @michaelstrahan, @ZacharyQuinto, @JimCameron, and music from @vincestaples! #FallonTonight",1549,205,0.0026,0.5977,0.3997,0.3972,Neutral,0.5977
t00692,2016-05-04 13:22:00,2016-05-04,2016-05,2016,13,Wednesday,jimmyfallon,"Fun show tonight: @Renner4Real, Fran Lebowitz stops by & music from @Grimezsz! #FallonTonight",1827,331,0.0013,0.0362,0.9625,0.9612,Positive,0.9625
t00693,2016-01-07 01:17:00,2016-01-07,2016-01,2016,1,Thursday,instagram,Another one of our favorite submissions to #WHPresolutions2016: https://t.co/Rrh16fn5CI,1707,274,0.0024,0.0347,0.9629,0.9606,Positive,0.9629
t00694,2016-09-10 17:20:00,2016-09-10,2016-09,2016,17,Saturday,katyperry,. @emelisande I am ready to lose it and then recover!!! Bring the truth! ❤️,9315,2342,0.0583,0.2964,0.6453,0.587,Positive,0.6453
t00695,2012-09-09 21:19:00,2012-09-09,2012-09,2012,21,Sunday,taylorswift13,@TheRyanAdams. Just saw what you tweeted about my song last week and it's caused this constant perma-smile. You're the absolute coolest.,976,1452,0.0054,0.0153,0.9793,0.974,Positive,0.9793
t00696,2016-01-14 14:28:00,2016-01-14,2016-01,2016,14,Thursday,ladygaga,"Til It Happens To You my original score with @Diane_Warren for ""The Hunting Ground"" was nominated for an OSCAR 🎹 https://t.co/S7kJZAY6u5",17087,10951,0.0023,0.2705,0.7272,0.7249,Positive,0.7272
t00697,2016-02-24 17:40:00,2016-02-24,2016-02,2016,17,Wednesday,theellenshow,"Damn, Daniel and Josh! Back at it again on my show today. https://t.co/DgJylOZUF4 https://t.co/WyGl1XsSZP",18901,6105,0.0858,0.259,0.6551,0.5693,Positive,0.6551
t00698,2016-10-28 20:21:00,2016-10-28,2016-10,2016,20,Friday,ladygaga,🙌Ladies and gentlemen..(drum roll) little monsters...let's welcome in The Joanne Crew...🙌 #JoanneCrew #JOANNE https://t.co/BwD456bU7k,8484,2452,0.0027,0.06,0.9373,0.9346,Positive,0.9373
t00699,2015-04-21 14:27:00,2015-04-21,2015-04,2015,14,Tuesday,shakira,"""Did you know it is actually easier to teach a baby to read than a five-year-old""? Glenn Doman http://t.co/QzWU9kUSf7",1766,669,0.0121,0.7696,0.2184,0.2063,Neutral,0.7696
t00700,2013-05-07 08:52:00,2013-05-07,2013-05,2013,8,Tuesday,rihanna,"Settling is not an option! Nothing less than 100% loyalty, honesty, and respect!! Love ain't for kidz #butimsleeptho",9636,17734,0.6826,0.2635,0.0538,-0.6288,Negative,0.6826
t00701,2015-07-17 04:18:00,2015-07-17,2015-07,2015,4,Friday,jimmyfallon,Ha!!!! It's all Bill. Go see Trainwreck! https://t.co/hUMMaLIyu9,1655,247,0.1143,0.2889,0.5969,0.4826,Positive,0.5969
t00702,2011-12-10 07:59:00,2011-12-10,2011-12,2011,7,Saturday,cristiano,I'm excited for the El Classico match tonight - get my Freestyle game for 99 cents today only! http://t.co/OvxAbJzt,430,1579,0.0013,0.0136,0.9851,0.9838,Positive,0.9851
t00703,2016-05-19 20:30:00,2016-05-19,2016-05,2016,20,Thursday,instagram,"A miniature world of brilliant ""balloons"" #myinstagramlogo🎈 https://t.co/jP0Jb0w60m",770,142,0.0026,0.0781,0.9194,0.9168,Positive,0.9194
t00704,2012-12-15 12:52:00,2012-12-15,2012-12,2012,12,Saturday,taylorswift13,I'm heartsick about the senseless tragedy in CT and praying for the families of the children and teachers who lost their lives. Unthinkable.,20190,32874,0.9081,0.0798,0.0122,-0.8959,Negative,0.9081
t00705,2016-10-18 20:55:00,2016-10-18,2016-10,2016,20,Tuesday,theellenshow,"My friend @CaroleBSager has a new autobiography. Even better, she wrote it about her life. https://t.co/LwnZOuGagN",1068,106,0.0014,0.0222,0.9764,0.9749,Positive,0.9764
t00706,2016-05-11 19:08:00,2016-05-11,2016-05,2016,19,Wednesday,jimmyfallon,"Hashtag game! Tweet out something dumb, weird, or embarrassing you've done or thought and tag with #ImDumb. Could be on our show!",2726,513,0.3457,0.4496,0.2047,-0.141,Neutral,0.4496
t00707,2014-10-03 03:41:00,2014-10-03,2014-10,2014,3,Friday,jimmyfallon,Stay up late. Get up early. Prove everyone wrong. It's easy. #fallontonight #5sos #jeter #R2SPECT,4303,1577,0.0397,0.4095,0.5509,0.5112,Positive,0.5509
t00708,2015-07-31 17:47:00,2015-07-31,2015-07,2015,17,Friday,theellenshow,There’s nothing sweeter than a little kitten http://t.co/umJlHx0pvn,7628,2553,0.0085,0.0199,0.9716,0.9631,Positive,0.9716
t00709,2011-07-20 13:52:00,2011-07-20,2011-07,2011,13,Wednesday,selenagomez,Only a day and a half left in the charitybuzz auction. You can help the victims of the devastating tornadoes and... http://fb.me/10QKaePNO,452,1315,0.0362,0.6807,0.2831,0.247,Neutral,0.6807
t00710,2015-02-03 07:28:00,2015-02-03,2015-02,2015,7,Tuesday,ladygaga,@Doogi_ because I want to write my new album! I gave it so much attention in the creation of it. The product is pure luxury!,2956,1780,0.0043,0.0352,0.9605,0.9562,Positive,0.9605
t00711,2015-10-30 15:21:00,2015-10-30,2015-10,2015,15,Friday,instagram,“That’s what #cosplay has done for me — I start to see the hero in myself.” —@Strawburry17,1767,397,0.0026,0.0328,0.9647,0.9621,Positive,0.9647
t00712,2015-11-23 21:15:00,2015-11-23,2015-11,2015,21,Monday,ddlovato,Thank you @JoJoWright!!,7407,3930,0.0039,0.0137,0.9824,0.9785,Positive,0.9824
t00713,2016-05-23 23:36:00,2016-05-23,2016-05,2016,23,Monday,theellenshow,.@BlakeShelton told me about the beautiful music he’s making with @GwenStefani. They’re also writing songs. https://t.co/ZjS3BWisL2,2839,338,0.0016,0.0234,0.975,0.9734,Positive,0.975
t00714,2013-06-24 14:39:00,2013-06-24,2013-06,2013,14,Monday,rihanna,Bout dat #CENSORED life!! #ratedr http://t.co/YYGRXILhNJ,922,1177,0.5139,0.4299,0.0562,-0.4577,Negative,0.5139
t00715,2013-12-31 07:08:00,2013-12-31,2013-12,2013,7,Tuesday,britneyspears,.@ParisHilton @NickyHilton Lovely seeing you both in the audience tonight! Miss you girls!!,3178,2040,0.0035,0.0091,0.9874,0.9839,Positive,0.9874
t00716,2016-09-19 22:56:00,2016-09-19,2016-09,2016,22,Monday,cnnbrk,"NJ and NY bombings suspect charged with attempted murder after shootout with police, prosecutor's office says… https://t.co/RelGljcs3G",415,336,0.4441,0.5444,0.0116,-0.4325,Neutral,0.5444
t00717,2015-02-28 17:54:00,2015-02-28,2015-02,2015,17,Saturday,jtimberlake,Uh... This looks like it's gonna be HILARIOUS. Can't wait @OrvilleIV http://t.co/TTuySFEZtc,2125,724,0.0027,0.008,0.9893,0.9865,Positive,0.9893
t00718,2012-09-19 00:45:00,2012-09-19,2012-09,2012,0,Wednesday,jtimberlake,Let the games begin. Ask away... #AskJT #TroubleWithTheCurve http://t.co/dqaaFV9Q,4708,2082,0.0331,0.8516,0.1153,0.0822,Neutral,0.8516
t00719,2015-10-20 02:17:00,2015-10-20,2015-10,2015,2,Tuesday,ddlovato,😂😂😂🙌🏼🙌🏼👏🏼👏🏼 this is incredible https://t.co/Pg7KuSzjVU,7578,4554,0.0042,0.0105,0.9853,0.9812,Positive,0.9853
t00720,2016-05-19 17:30:00,2016-05-19,2016-05,2016,17,Thursday,arianagrande,album tonight #dangerouswomantonight !!!!!!!! ♡ 🐰 https://t.co/ECTANipru7,20402,10397,0.0054,0.2101,0.7845,0.7791,Positive,0.7845
t00721,2016-03-22 20:59:00,2016-03-22,2016-03,2016,20,Tuesday,arianagrande,I wanna savor... save it for later... the taste the flavorr,39452,18159,0.0236,0.1701,0.8063,0.7827,Positive,0.8063
t00722,2017-01-14 00:00:00,2017-01-14,2017-01,2017,0,Saturday,youtube,“What goes through your mind when you’re running?” “When will it be over!” An 85-year-old marathoner →… https://t.co/UoQJ7N4wzT,1098,199,0.016,0.8983,0.0858,0.0698,Neutral,0.8983
t00723,2016-09-16 01:07:00,2016-09-16,2016-09,2016,1,Friday,youtube,@GloZell Ooooo our favorite videos are when DeOnzell shows up!,89,14,0.0021,0.0166,0.9813,0.9791,Positive,0.9813
t00724,2010-02-02 23:49:00,2010-02-02,2010-02,2010,23,Tuesday,twitter,Reason #4132 for Changing Your Password: http://bit.ly/cRTg8v,133,448,0.0259,0.9123,0.0618,0.036,Neutral,0.9123
t00725,2011-01-14 20:00:00,2011-01-14,2011-01,2011,20,Friday,cristiano,I like. @youshidean how do u like this pic. I really like u & Ozi play together. You both are talented players. - http://say.ly/uAy6AR,68,99,0.004,0.0303,0.9657,0.9618,Positive,0.9657
t00726,2013-02-14 20:42:00,2013-02-14,2013-02,2013,20,Thursday,selenagomez,"Sometimes Pearls are a girl's bestfriend, LOL. Happy Valentines Day everyone!! http://t.co/x7HZ3Vli",19281,20576,0.0023,0.0109,0.9868,0.9845,Positive,0.9868
t00727,2014-07-27 17:58:00,2014-07-27,2014-07,2014,17,Sunday,cristiano,Here it is! Exclusive behind the scenes from my new #CR7underwear campaign launching next week. Stay tuned! http://t.co/IHyD303vMv,9905,5328,0.0023,0.298,0.6996,0.6973,Positive,0.6996
t00728,2013-11-16 21:38:00,2013-11-16,2013-11,2013,21,Saturday,jimmyfallon,Honored to be part of the show tonight. Hello Boston! http://t.co/NLRvx2DKiK,323,117,0.0017,0.0105,0.9878,0.9862,Positive,0.9878
t00729,2016-03-29 19:15:00,2016-03-29,2016-03,2016,19,Tuesday,twitter,"Brace yourself, #TravelTuesday has come to Dubrovnik. https://t.co/xlvTRhSjU5",990,294,0.0045,0.5021,0.4934,0.4889,Neutral,0.5021
t00730,2013-04-19 04:46:00,2013-04-19,2013-04,2013,4,Friday,katyperry,You know the 90's are back when you're voluntarily putting record scratches in your songs a la Portishead's Dummy.,2641,3862,0.2622,0.6314,0.1063,-0.1559,Neutral,0.6314
t00731,2013-10-22 04:52:00,2013-10-22,2013-10,2013,4,Tuesday,katyperry,@zennnnaaa it's like someone falling in love with a witch! Influenced by the movie The Craft!,755,599,0.015,0.4828,0.5022,0.4872,Positive,0.5022
t00732,2015-01-27 00:53:00,2015-01-27,2015-01,2015,0,Tuesday,ddlovato,Posting my #NoMakeupMonday selfie for mommy even though I don't wear makeup... Cause I'm a boy.... And… http://t.co/V3SWtOaBMz,18264,11489,0.0383,0.5403,0.4214,0.3831,Neutral,0.5403
t00733,2011-11-17 18:29:00,2011-11-17,2011-11,2011,18,Thursday,selenagomez,@lizgannes Thanks for a great write up!!!,319,842,0.0043,0.0108,0.985,0.9807,Positive,0.985
t00734,2016-04-23 18:07:00,2016-04-23,2016-04,2016,18,Saturday,barackobama,"In the weekly address, President Obama talks about his efforts to improve our criminal justice system. https://t.co/7jF32GGJ3c #FixTheSystem",2098,560,0.0072,0.4986,0.4942,0.4871,Neutral,0.4986
t00735,2013-01-21 17:38:00,2013-01-21,2013-01,2013,17,Monday,rihanna,Mr. Prez http://t.co/KawNYXsU,1121,2610,0.0109,0.8222,0.1669,0.156,Neutral,0.8222
t00736,2016-12-16 18:30:00,2016-12-16,2016-12,2016,18,Friday,instagram,For @sweetandhome1 no baked treat is complete without a touch of home https://t.co/w28y0NkN4P,577,113,0.0132,0.3399,0.6469,0.6337,Positive,0.6469
t00737,2015-07-24 07:00:00,2015-07-24,2015-07,2015,7,Friday,arianagrande,@alexaluria I miss you........... so much,10475,5577,0.2577,0.3079,0.4343,0.1766,Positive,0.4343
t00738,2014-09-08 19:36:00,2014-09-08,2014-09,2014,19,Monday,taylorswift13,I mean... @josheells and I talked about alllll kinds of stuff. #RollingStone http://t.co/kDe4Apmzx1,11777,7370,0.0068,0.6758,0.3174,0.3106,Neutral,0.6758
t00739,2015-11-13 22:13:00,2015-11-13,2015-11,2015,22,Friday,ddlovato,"Path to Fame is quick paced, fun and exciting!! You are constantly making decisions that affect your career! https://t.co/Rgc9XwDd6B",8787,4985,0.0023,0.0267,0.971,0.9687,Positive,0.971
t00740,2013-12-20 12:31:00,2013-12-20,2013-12,2013,12,Friday,cristiano,"Hey guys, #FF @vivaronaldo @gamebyronaldo @cr7underwear @savethechildren @jacobandco",1259,1060,0.0051,0.4074,0.5875,0.5824,Positive,0.5875
t00741,2016-05-18 21:56:00,2016-05-18,2016-05,2016,21,Wednesday,instagram,Creativity meets consistency in this fun round-up (via @bustle @MvpJess) https://t.co/QuqRsIxI1r,640,127,0.0018,0.0848,0.9134,0.9117,Positive,0.9134
t00742,2016-01-14 01:00:00,2016-01-14,2016-01,2016,1,Thursday,twitter,"When you win tonight's Powerball jackpot, what will you do with $1.5 billion? 💵 https://t.co/5wHdpuVUvB 💵",1022,411,0.0065,0.6897,0.3038,0.2973,Neutral,0.6897
t00743,2014-09-11 00:33:00,2014-09-11,2014-09,2014,0,Thursday,taylorswift13,Real talk: http://t.co/MLIbdFBJ8C,12705,7920,0.0311,0.9073,0.0616,0.0305,Neutral,0.9073
t00744,2014-01-05 14:25:00,2014-01-05,2014-01,2014,14,Sunday,jimmyfallon,@JennaWolfe orrrrrr you guys could watch the Best Of Late Night instead... #teamNBC,74,9,0.0295,0.838,0.1325,0.103,Neutral,0.838
t00745,2015-11-07 18:29:00,2015-11-07,2015-11,2015,18,Saturday,barackobama,"""For the first time, more than 90% of Americans are covered."" —President Obama https://t.co/oEk3RYamsm #GetCovered",2912,1140,0.002,0.0645,0.9335,0.9314,Positive,0.9335
t00746,2015-11-24 21:27:00,2015-11-24,2015-11,2015,21,Tuesday,arianagrande,wow ♡ thank you so much @miyuki_ohashi https://t.co/BJauf0fbmS,21548,9424,0.0056,0.0104,0.984,0.9784,Positive,0.984
t00747,2011-05-12 13:06:00,2011-05-12,2011-05,2011,13,Thursday,twitter,We released an update for #TwitterforMac: http://t.co/0JG5Mcq,148,390,0.0041,0.6367,0.3591,0.355,Neutral,0.6367
t00748,2015-09-16 23:25:00,2015-09-16,2015-09,2015,23,Wednesday,arianagrande,literally heading home with tears in my eyes!! thank you babes for making today so beautiful. u have no idea just how seriously loved u are!,25356,13251,0.0066,0.0085,0.9849,0.9783,Positive,0.9849
t00749,2014-03-11 19:03:00,2014-03-11,2014-03,2014,19,Tuesday,jimmyfallon,"Tonight: @tylerperry, @billyeichner, music from @juanes and our first Tonight Show #DoNotRead list!! #FallonTonight",827,275,0.0078,0.6784,0.3138,0.3059,Neutral,0.6784
t00750,2012-11-17 23:53:00,2012-11-17,2012-11,2012,23,Saturday,rihanna,Niggaz in Paris,2790,7548,0.3106,0.5864,0.103,-0.2076,Neutral,0.5864
t00751,2016-07-27 22:38:00,2016-07-27,2016-07,2016,22,Wednesday,twitter,"Now, everyone can use #Stickers on photos! Celebrate with us tomorrow as we #StickTogether . https://t.co/LOh2jygRno",4644,1313,0.0012,0.0363,0.9624,0.9612,Positive,0.9624
t00752,2014-05-22 00:12:00,2014-05-22,2014-05,2014,0,Thursday,jimmyfallon,"Pope Francis is bringing a rabbi and a Muslim leader to the Holy Land this week. Bartenders said, ""We've been expecting you!"" #fallonmono",3610,2340,0.0031,0.1732,0.8237,0.8205,Positive,0.8237
t00753,2015-12-09 20:02:00,2015-12-09,2015-12,2015,20,Wednesday,rihanna,New #ANTIWorldTour dates; presale NOW @TIDALHiFi & @AmericanExpress Card Members can get tix https://t.co/ehfoEsytpo https://t.co/ZijQfVVYSb,8508,3743,0.0034,0.815,0.1815,0.1781,Neutral,0.815
t00754,2014-10-22 16:51:00,2014-10-22,2014-10,2014,16,Wednesday,ladygaga,And the brilliant pastry chef made cakes of my ARTPOP looks. http://t.co/CYOOm2xCS6,2753,1749,0.0023,0.0245,0.9732,0.9708,Positive,0.9732
t00755,2015-03-06 18:10:00,2015-03-06,2015-03,2015,18,Friday,ladygaga,Paris are you ready to take your seat? #BalenciagaFW15 https://t.co/1lJBMqsqIN,4469,2576,0.0054,0.8006,0.1939,0.1885,Neutral,0.8006
t00756,2015-05-14 09:02:00,2015-05-14,2015-05,2015,9,Thursday,katyperry,Joined a traditional Thai band last night #whatsgoodBangkok @ LAST NIGHT IN BANGKOK https://t.co/i1lCKN71xk,10799,6021,0.0053,0.6566,0.338,0.3327,Neutral,0.6566
t00757,2014-12-10 18:21:00,2014-12-10,2014-12,2014,18,Wednesday,jtimberlake,"Say hi to @ErinStevenson, background singer for much of #JT2020Tour #MeetTheTNKids http://t.co/MlvhUFEbJF -teamJT http://t.co/pMCW080gbe",1505,1651,0.0023,0.4556,0.5421,0.5399,Positive,0.5421
t00758,2015-06-21 20:46:00,2015-06-21,2015-06,2015,20,Sunday,arianagrande,u already kno my love!!!!! https://t.co/J77KuTW3is,15142,6824,0.0031,0.0213,0.9756,0.9725,Positive,0.9756
t00759,2016-07-19 22:29:00,2016-07-19,2016-07,2016,22,Tuesday,youtube,@TheRock @IISuperwomanII Hope you enjoyed our secret volcano headquarters!,159,35,0.0021,0.0198,0.9782,0.9761,Positive,0.9782
t00760,2016-04-23 05:01:00,2016-04-23,2016-04,2016,5,Saturday,kimkardashian,Back in Miami #OldSchool #GrootWedding https://t.co/fUFbv7KViO,10828,1605,0.0059,0.7886,0.2056,0.1997,Neutral,0.7886
t00761,2016-10-03 23:15:00,2016-10-03,2016-10,2016,23,Monday,ddlovato,@warrior92demi too much hair!! But I'm changing it again real soon....,4319,1763,0.2266,0.5316,0.2419,0.0153,Neutral,0.5316
t00762,2016-05-05 03:18:00,2016-05-05,2016-05,2016,3,Thursday,theellenshow,Sending one now. What's your home address? https://t.co/ZNHzhIdd71,3199,427,0.0094,0.9355,0.0552,0.0458,Neutral,0.9355
t00763,2012-06-07 14:49:00,2012-06-07,2012-06,2012,14,Thursday,selenagomez,"@SelenaLikeABoss That's so sweet! Thank you so much, that's a good way to start my day.",714,1682,0.0068,0.0096,0.9836,0.9768,Positive,0.9836
t00764,2016-10-03 22:52:00,2016-10-03,2016-10,2016,22,Monday,ddlovato,@cftsbitty I love this song 💗Niall did an awesome job,9972,6857,0.0033,0.0069,0.9898,0.9865,Positive,0.9898
t00765,2016-01-10 19:00:00,2016-01-10,2016-01,2016,19,Sunday,youtube,Keep on truckin! https://t.co/TrC1iJNbNE https://t.co/oBguVw65g4,1567,267,0.0044,0.0654,0.9302,0.9259,Positive,0.9302
t00766,2015-10-16 23:47:00,2015-10-16,2015-10,2015,23,Friday,theellenshow,I’m about to go live on @QVC with my ED On Air holiday collection! Tune in. I’ll QVC you soon. http://t.co/zZkfkovzaE,1378,226,0.0024,0.4752,0.5224,0.5201,Positive,0.5224
t00767,2016-09-10 21:19:00,2016-09-10,2016-09,2016,21,Saturday,katyperry,@heavymetaIovers sorry I went too far. Love ya,2597,691,0.1238,0.2176,0.6587,0.5349,Positive,0.6587
t00768,2016-02-24 22:34:00,2016-02-24,2016-02,2016,22,Wednesday,theellenshow,I feel the same way about my kitty kitty kitty cats. https://t.co/VZdW17BMmN,11453,1917,0.0639,0.6717,0.2644,0.2004,Neutral,0.6717
t00769,2014-09-12 16:19:00,2014-09-12,2014-09,2014,16,Friday,barackobama,"""People who love their country can change it ... That is the promise of AmeriCorps."" —President Obama #AmeriCorps20",1231,803,0.0038,0.071,0.9252,0.9214,Positive,0.9252
t00770,2014-08-28 09:25:00,2014-08-28,2014-08,2014,9,Thursday,ladygaga,@Lexiesus truth,1777,891,0.1203,0.6883,0.1914,0.0711,Neutral,0.6883
t00771,2016-12-06 21:27:00,2016-12-06,2016-12,2016,21,Tuesday,arianagrande,"""full out!"" @jammyprod ♡ ♡ ♡ I love my #hairspraylive family with all my damn heart. what an… https://t.co/E7ehTFHqpo",18302,5468,0.0039,0.0102,0.9859,0.9821,Positive,0.9859
t00772,2015-12-01 19:21:00,2015-12-01,2015-12,2015,19,Tuesday,theellenshow,Did you see what my audience won today? I saved one of everything for someone on Twitter! https://t.co/2kFgIp44rr https://t.co/Rszqno0eWe,6520,1438,0.0024,0.0932,0.9043,0.9019,Positive,0.9043
t00773,2015-09-01 15:59:00,2015-09-01,2015-09,2015,15,Tuesday,justinbieber,Good morning http://t.co/guDqrRG3My,45584,39000,0.006,0.077,0.917,0.9111,Positive,0.917
t00774,2016-09-21 16:35:00,2016-09-21,2016-09,2016,16,Wednesday,theellenshow,I had a very special guest drop by with big news about #TheTylerOakleyShow! You’ll never guess who it was. https://t.co/3YXHslo1zX,13404,2884,0.0014,0.0443,0.9542,0.9528,Positive,0.9542
t00775,2016-03-31 17:20:00,2016-03-31,2016-03,2016,17,Thursday,youtube,We’re in LA with some of your favorite YouTubers! Follow our Snapchat story to see who pops up! Username = youtube https://t.co/Da7f6F2oYE,2177,288,0.0017,0.1679,0.8304,0.8286,Positive,0.8304
t00776,2016-08-28 23:45:00,2016-08-28,2016-08,2016,23,Sunday,britneyspears,So ready for this night ✨💃🏼#VMAs https://t.co/Py2IOB2YxT,38164,12509,0.002,0.0094,0.9886,0.9866,Positive,0.9886
t00777,2016-11-22 13:07:00,2016-11-22,2016-11,2016,13,Tuesday,jimmyfallon,"Jason Sudeikis, @KChenoweth, @JoeJonas and I try a new game called Tandem Sculptionary https://t.co/Gxr5FjP0go #FallonTonight",1170,209,0.0035,0.7758,0.2207,0.2173,Neutral,0.7758
t00778,2015-11-01 22:06:00,2015-11-01,2015-11,2015,22,Sunday,kimkardashian,@Aussie_Kardash hi doll! #bff,205,67,0.003,0.0955,0.9015,0.8986,Positive,0.9015
t00779,2011-09-16 22:36:00,2011-09-16,2011-09,2011,22,Friday,selenagomez,Happy Friday everyone. I hope you all enjoy the weekend. What are your plans?,1132,3557,0.0018,0.0113,0.987,0.9852,Positive,0.987
t00780,2014-11-21 13:58:00,2014-11-21,2014-11,2014,13,Friday,cristiano,Christmas time has arrived. http://t.co/gJUbosLaDw,26058,13044,0.004,0.2003,0.7956,0.7916,Positive,0.7956
t00781,2013-02-21 17:39:00,2013-02-21,2013-02,2013,17,Thursday,rihanna,Me and my #RASTAwoman balloons http://t.co/TpzlejyPw9,991,1459,0.01,0.728,0.262,0.2519,Neutral,0.728
t00782,2017-01-18 20:02:00,2017-01-18,2017-01,2017,20,Wednesday,twitter,"#DayOne of the Trump presidency begins this Friday with the #Inauguration, streaming LIVE on Twitter. https://t.co/cXqjEOQqZn",1062,332,0.0029,0.7888,0.2082,0.2053,Neutral,0.7888
t00783,2015-10-26 22:06:00,2015-10-26,2015-10,2015,22,Monday,ddlovato,Here we goooo! @nickjonas & I are ready to take the stage in one hour at @irvingplaza!😜😜You can livestream at https://t.co/ircn3OPacR,11182,7599,0.0014,0.0522,0.9464,0.945,Positive,0.9464
t00784,2013-11-12 20:58:00,2013-11-12,2013-11,2013,20,Tuesday,britneyspears,Cute Charly! Xo RT @charly_bradshaw #MyBritneyJeanCover so sweet thanks @britneyspears http://t.co/KAsQprQnU1 http://t.co/2cp7cyGUwv,1004,484,0.0028,0.0154,0.9818,0.979,Positive,0.9818
t00785,2012-07-13 03:07:00,2012-07-13,2012-07,2012,3,Friday,selenagomez,@daintyselly noooo you have no idea how much I love YOU,857,1817,0.0208,0.0264,0.9528,0.932,Positive,0.9528
t00786,2013-03-26 13:43:00,2013-03-26,2013-03,2013,13,Tuesday,shakira,Welcome to the team guys! @The_Mark_Andrew @KrisThomasMusik. So excited to work with you both. #TeamShakira @NBCTheVoice. Shak,442,504,0.0018,0.0104,0.9878,0.986,Positive,0.9878
t00787,2013-03-20 18:31:00,2013-03-20,2013-03,2013,18,Wednesday,rihanna,Oh shit! #PourItUp #RIHmix is about to drop!!!! #jeezy #ross #juicyj #tip #rih,1560,3226,0.0222,0.1789,0.7989,0.7767,Positive,0.7989
t00788,2016-06-23 15:46:00,2016-06-23,2016-06,2016,15,Thursday,twitter,"With hours to go until polls close in Britain, see how people are talking about the historic #EURef. https://t.co/lNiOayOV4y",650,189,0.0076,0.8648,0.1275,0.1199,Neutral,0.8648
t00789,2015-10-16 13:37:00,2015-10-16,2015-10,2015,13,Friday,cristiano,"Photoshoot with @AngelAlessandra for a special project. Great meeting her, a lot of fun. http://t.co/wzv2kBB4Zz http://t.co/pyWUUZvbVS",10845,3157,0.0017,0.0081,0.9902,0.9885,Positive,0.9902
t00790,2015-02-24 02:05:00,2015-02-24,2015-02,2015,2,Tuesday,ladygaga,"A very humbling review of my Oscar performance http://t.co/n8PrXelFvy I love this piece of music so much, thank you.",12954,6996,0.0042,0.0087,0.987,0.9828,Positive,0.987
t00791,2011-04-26 19:13:00,2011-04-26,2011-04,2011,19,Tuesday,twitter,Twitter blog post: Twitter now available in Russian and Turkish http://t.co/YnGIst3,151,449,0.0044,0.7485,0.2471,0.2426,Neutral,0.7485
t00792,2013-04-29 03:18:00,2013-04-29,2013-04,2013,3,Monday,katyperry,RT @lenadunham: Twerkin hard or hardly twerkin?,1853,2749,0.0312,0.9398,0.029,-0.0022,Neutral,0.9398
t00793,2016-11-02 23:00:00,2016-11-02,2016-11,2016,23,Wednesday,youtube,Getting homework done like → https://t.co/6AZ9CSNHM8 https://t.co/8ti4ddlelI,853,179,0.0277,0.8774,0.0949,0.0672,Neutral,0.8774
t00794,2016-09-09 02:17:00,2016-09-09,2016-09,2016,2,Friday,jimmyfallon,@russwest44 @nbc I am LOVING my shoes!! Hoodie next time. Thanks.,311,42,0.0028,0.0085,0.9886,0.9858,Positive,0.9886
t00795,2016-07-18 04:31:00,2016-07-18,2016-07,2016,4,Monday,selenagomez,There are more important things to talk about... Why can't people use their voice for something that fucking matters?,231452,111671,0.9085,0.0832,0.0083,-0.9001,Negative,0.9085
t00796,2011-07-14 00:15:00,2011-07-14,2011-07,2011,0,Thursday,twitter,"Hey #WWC fans, your Tweets of support inspired Team #USA to go out and win! http://t.co/WEzVAz3 Good luck in the finals @hopesolo and team!",68,121,0.0021,0.0133,0.9846,0.9825,Positive,0.9846
t00797,2015-03-28 16:44:00,2015-03-28,2015-03,2015,16,Saturday,barackobama,You've got this: http://t.co/l8zQYngoOn http://t.co/Iue5qqR3Lu,2188,722,0.0048,0.0661,0.9291,0.9244,Positive,0.9291
t00798,2012-12-03 20:37:00,2012-12-03,2012-12,2012,20,Monday,britneyspears,You're a day late @SimonCowell. Clearly your senility is to blame. I forgive you :),1296,1752,0.7798,0.1875,0.0326,-0.7472,Negative,0.7798
t00799,2015-02-16 10:38:00,2015-02-16,2015-02,2015,10,Monday,katyperry,...💃BARCELONA💃w/ @charli_xcx tonight! R U COMING?! #PrismaticBarcelona,16040,8468,0.0022,0.3113,0.6866,0.6844,Positive,0.6866
t00800,2017-01-11 10:05:00,2017-01-11,2017-01,2017,10,Wednesday,arianagrande,literal angel on earth gracing us with her presence https://t.co/LNHattwLUE,16828,4212,0.0029,0.0427,0.9544,0.9515,Positive,0.9544
t00801,2015-05-03 19:41:00,2015-05-03,2015-05,2015,19,Sunday,justinbieber,Congrats on 48-0 @floydmayweather. Go see both of our shots from last night http://t.co/6G6daH6DdI #moneymayweather,72961,57166,0.0017,0.0267,0.9716,0.9699,Positive,0.9716
t00802,2015-09-25 21:00:00,2015-09-25,2015-09,2015,21,Friday,katyperry,Yesterday at 6am I started climbing that huge mountain you see in all the Machu Picchu pictures… https://t.co/O3yQWyJszp,9947,4944,0.0055,0.4907,0.5038,0.4982,Positive,0.5038
t00803,2016-09-06 16:35:00,2016-09-06,2016-09,2016,16,Tuesday,instagram,We’re popping up for this week’s #WeeklyFluff 😻 https://t.co/O5ZfTEnVIm,780,141,0.0013,0.1184,0.8803,0.8791,Positive,0.8803
t00804,2012-05-02 21:41:00,2012-05-02,2012-05,2012,21,Wednesday,selenagomez,"Did a fun twitter contest last week for Dream Out Loud at Kmart The Grove, take a peek at the video. Hope... http://t.co/bf5ymGY1",1543,3547,0.0015,0.0816,0.9169,0.9154,Positive,0.9169
t00805,2013-09-20 17:20:00,2013-09-20,2013-09,2013,17,Friday,britneyspears,@thuutu @juneconey Vegasney?? LOL #PieceOfMeTickets,573,1218,0.0127,0.7087,0.2786,0.2659,Neutral,0.7087
t00806,2014-11-12 18:07:00,2014-11-12,2014-11,2014,18,Wednesday,barackobama,Add your name if you support the President's historic agreement with China on climate change: http://t.co/BI931suA5b #ActOnClimate,1091,598,0.0071,0.5729,0.42,0.4128,Neutral,0.5729
t00807,2016-02-20 21:07:00,2016-02-20,2016-02,2016,21,Saturday,arianagrande,wooooooow. I love y'all thank you. it's coming! ☁️ https://t.co/mjxpoel2cy,24073,9753,0.003,0.0058,0.9912,0.9883,Positive,0.9912
t00808,2016-06-11 16:57:00,2016-06-11,2016-06,2016,16,Saturday,selenagomez,My heart is absolutely broken. I miss you Christina https://t.co/KWGwZZlj4t,429159,163071,0.853,0.1063,0.0408,-0.8122,Negative,0.853
t00809,2013-08-20 20:21:00,2013-08-20,2013-08,2013,20,Tuesday,katyperry,👀 “@anapurry: @katyperry i 👀 you. can you 👀 me? love u bb”,1204,1243,0.0023,0.0369,0.9608,0.9585,Positive,0.9608
t00810,2016-03-14 08:55:00,2016-03-14,2016-03,2016,8,Monday,justinbieber,#PurposeTourPortland was fun tonight,112692,61152,0.0023,0.0143,0.9834,0.9811,Positive,0.9834
t00811,2016-07-13 23:47:00,2016-07-13,2016-07,2016,23,Wednesday,ddlovato,"@elvisduran had so much fun, thanks for bringing the entertainment elvis 😚",4462,2133,0.0026,0.0077,0.9897,0.9872,Positive,0.9897
t00812,2014-11-07 00:21:00,2014-11-07,2014-11,2014,0,Friday,katyperry,Be weary of watching The Truman Show if there is a possibility your life could be the Truman Show 😳,8472,4374,0.3988,0.522,0.0792,-0.3195,Neutral,0.522
t00813,2014-11-20 23:11:00,2014-11-20,2014-11,2014,23,Thursday,ladygaga,"#artRAVESheffield you we lovely, had us sweatin and spittinup hard! Only two shows left. A bittersweet ending to a new beginning.💗",4022,2716,0.004,0.0128,0.9832,0.9792,Positive,0.9832
t00814,2015-03-28 19:01:00,2015-03-28,2015-03,2015,19,Saturday,katyperry,TBH I'm getting slightly worried about butters. https://t.co/iYQShhzgW3,8897,4290,0.6526,0.3336,0.0138,-0.6388,Negative,0.6526
t00815,2013-06-03 03:07:00,2013-06-03,2013-06,2013,3,Monday,jtimberlake,Carole King and James Taylor(the FIRST JT!)on PBS Live at the Troubadour is giving me life right now. #MasterMusicians,1013,701,0.0028,0.0427,0.9545,0.9516,Positive,0.9545
t00816,2015-04-30 18:43:00,2015-04-30,2015-04,2015,18,Thursday,jtimberlake,"Congrats JT! 2 #ASCAP Pop Music Awards for ""Mirrors"" & ""Not A Bad Thing""!! http://t.co/G08rGiWaOh -teamJT http://t.co/IvTX0J0RBq",5491,2204,0.0017,0.0183,0.9801,0.9784,Positive,0.9801
t00817,2012-02-03 01:30:00,2012-02-03,2012-02,2012,1,Friday,selenagomez,Whoa.. I was just picking some flowers with this chick. Smile everyone http://t.co/7FXcPoN8,1505,3810,0.0083,0.0543,0.9375,0.9292,Positive,0.9375
t00818,2016-06-07 19:03:00,2016-06-07,2016-06,2016,19,Tuesday,ladygaga,#HILLARY2016 VOTE for the 1st female US president in history. This country could use a little rock n' roll. 🇺🇸🙏🏽🤘🏽 https://t.co/3kYJsvclc0,40223,12554,0.007,0.0662,0.9268,0.9198,Positive,0.9268
t00819,2015-12-14 19:45:00,2015-12-14,2015-12,2015,19,Monday,kimkardashian,My experience eating my placenta is up on my app! https://t.co/0aC3YXxIgv https://t.co/xcCEtVCvzb,5969,2606,0.005,0.7021,0.293,0.288,Neutral,0.7021
t00820,2014-07-30 14:32:00,2014-07-30,2014-07,2014,14,Wednesday,jimmyfallon,“@jlalich: @jimmyfallon you're nearing show number 100….how're you feeling?” Lucky.,908,109,0.0049,0.1039,0.8911,0.8862,Positive,0.8911
t00821,2015-10-01 17:26:00,2015-10-01,2015-10,2015,17,Thursday,theellenshow,Happy #ThrowbackThursday! http://t.co/lv7LRJdNkh,5942,1482,0.0026,0.0126,0.9849,0.9823,Positive,0.9849
t00822,2015-07-02 19:17:00,2015-07-02,2015-07,2015,19,Thursday,barackobama,"""The last seven years—shoot, the last seven days—should remind us there's nothing America cannot do."" —President Obama",3332,1342,0.02,0.2086,0.7714,0.7514,Positive,0.7714
t00823,2015-04-27 00:00:00,2015-04-27,2015-04,2015,0,Monday,theellenshow,"Just watched @MLauer's generous offer at the #DaytimeEmmys. Come on, everyone! Let’s thank him!",1921,350,0.0028,0.0206,0.9766,0.9738,Positive,0.9766
t00824,2015-08-30 22:41:00,2015-08-30,2015-08,2015,22,Sunday,selenagomez,#Shazam my @Pantene commercial tonight during the #VMAs for a chance to come to the #REVIVALevent in LA :) @Shazam,17933,10946,0.003,0.1865,0.8105,0.8074,Positive,0.8105
t00825,2014-12-13 19:10:00,2014-12-13,2014-12,2014,19,Saturday,rihanna,@zac_posen thank you again for having your beautiful art be a part of the #DiamondBall #oneLoveAlways http://t.co/trLZvCwbT6,1735,911,0.0025,0.0118,0.9857,0.9833,Positive,0.9857
t00826,2016-10-22 16:00:00,2016-10-22,2016-10,2016,16,Saturday,youtube,🎶 Haᵃˡˡelᵤⱼaaaaah Let @PTXOfficial sing you something soothing →https://t.co/DFXC9gFPMQ https://t.co/QMZ9jQd15u,1135,279,0.0033,0.1285,0.8681,0.8648,Positive,0.8681
t00827,2016-08-16 17:20:00,2016-08-16,2016-08,2016,17,Tuesday,theellenshow,"Louisiana, I love you. Text LAFLOODS to 90999 to make a $10 donation through the American @RedCross. #LouisianaFlood",4535,1990,0.0071,0.08,0.9128,0.9057,Positive,0.9128
t00828,2011-10-27 12:07:00,2011-10-27,2011-10,2011,12,Thursday,cristiano,Check out my amazing Castrol EDGE #TestedToTheLimit Blackout Challenge teaser [via@castrolfootball] ... http://t.co/1egYi3dv,136,254,0.0021,0.2125,0.7854,0.7833,Positive,0.7854
t00829,2016-05-27 15:53:00,2016-05-27,2016-05,2016,15,Friday,jimmyfallon,We couldn't have done it if the original wasn't fantastic. Thank you. https://t.co/uISJ6anEpN,2575,472,0.0445,0.1149,0.8405,0.796,Positive,0.8405
t00830,2016-02-20 20:01:00,2016-02-20,2016-02,2016,20,Saturday,arianagrande,@ddlovato and by lit we mean everyone shat themselves,25970,15340,0.8226,0.1601,0.0173,-0.8053,Negative,0.8226
t00831,2016-12-22 22:28:00,2016-12-22,2016-12,2016,22,Thursday,cnnbrk,Trump team asks State Department for info on gender programs. https://t.co/aW2qJdZEtt https://t.co/4X3fdkOkiP,213,176,0.1053,0.8723,0.0224,-0.0829,Neutral,0.8723
t00832,2016-01-20 23:40:00,2016-01-20,2016-01,2016,23,Wednesday,arianagrande,"not today satan !!!!!! gtg finish this music & live my cute, drama free life !!",77121,48863,0.7355,0.1996,0.0649,-0.6705,Negative,0.7355
t00833,2014-01-22 21:42:00,2014-01-22,2014-01,2014,21,Wednesday,shakira,Oooh! Gracias por este collage! Shak RT @ShakirasSmile @shakira @3gerardpique say Happy Birthday To Milan!! :) http://t.co/jShMrqeLbI,1791,938,0.002,0.009,0.9891,0.9871,Positive,0.9891
t00834,2015-10-09 16:23:00,2015-10-09,2015-10,2015,16,Friday,selenagomez,What I wish I could tell everyone when they feel knocked down. https://t.co/ASNVuibO2p,9039,6188,0.2674,0.5512,0.1814,-0.086,Neutral,0.5512
t00835,2013-10-10 21:08:00,2013-10-10,2013-10,2013,21,Thursday,katyperry,And Cooper High School! http://t.co/CKWV3WMGjQ #ROAR #GMA,2443,2802,0.0037,0.7651,0.2312,0.2275,Neutral,0.7651
t00836,2014-02-11 23:10:00,2014-02-11,2014-02,2014,23,Tuesday,jimmyfallon,“@izzygeraci: @jimmyfallon what about hashtags jim jim???” Yes.,452,78,0.0209,0.8643,0.1148,0.0939,Neutral,0.8643
t00837,2013-02-02 23:32:00,2013-02-02,2013-02,2013,23,Saturday,shakira,"Thanks to all of you for your good wishes! Much love, Shak http://t.co/Syw9csg0 #ShakiFans",1017,968,0.0031,0.0107,0.9862,0.9831,Positive,0.9862
t00838,2016-05-24 01:04:00,2016-05-24,2016-05,2016,1,Tuesday,arianagrande,tea & signed album postcards up now: https://t.co/vpJNVa2Hzt ☕️,18696,7351,0.004,0.8674,0.1286,0.1246,Neutral,0.8674
t00839,2015-11-05 00:29:00,2015-11-05,2015-11,2015,0,Thursday,kimkardashian,#BTS KENDALL’S BIRTHDAY PARTY https://t.co/dUlHF4Pkpb https://t.co/dkKCJLfGKq,6130,1296,0.0042,0.5885,0.4073,0.4031,Neutral,0.5885
t00840,2012-04-16 15:36:00,2012-04-16,2012-04,2012,15,Monday,cristiano,Great team result this wknd. Check out these photos. Hala Madrid! http://t.co/iDpqRcjg,770,1367,0.0029,0.0092,0.9879,0.985,Positive,0.9879
t00841,2013-07-15 02:25:00,2013-07-15,2013-07,2013,2,Monday,katyperry,@devhynes you better preach.,808,1212,0.0645,0.4208,0.5147,0.4502,Positive,0.5147
t00842,2016-10-05 15:50:00,2016-10-05,2016-10,2016,15,Wednesday,barackobama,Read from @NYTopinion about why filling the Supreme Court vacancy is crucial for our democracy: https://t.co/zuSWzxSaqW #DoYourJob,2235,718,0.0067,0.4683,0.5251,0.5184,Positive,0.5251
t00843,2016-12-31 07:21:00,2016-12-31,2016-12,2016,7,Saturday,cnnbrk,"Twin suicide attacks on busy Baghdad street leaves at least 19 dead, scores wounded, local officials say. https://t.co/yNi12ok1j3",453,668,0.7227,0.2706,0.0067,-0.716,Negative,0.7227
t00844,2014-01-06 02:42:00,2014-01-06,2014-01,2014,2,Monday,jimmyfallon,Our director Dave Diomedi shot all of these live - no pretapes - in front of our audiences. He's the best. #Emmy,845,124,0.0024,0.0148,0.9829,0.9805,Positive,0.9829
t00845,2016-08-14 23:28:00,2016-08-14,2016-08,2016,23,Sunday,arianagrande,why y'all so fuckin funny 😭 I love you forever and ever goodbye,48336,17885,0.0388,0.0352,0.926,0.8872,Positive,0.926
t00846,2014-09-14 12:56:00,2014-09-14,2014-09,2014,12,Sunday,ladygaga,@GagaSons splits queen! 🐷👑,1642,825,0.0063,0.0332,0.9605,0.9542,Positive,0.9605
t00847,2015-06-02 14:11:00,2015-06-02,2015-06,2015,14,Tuesday,jimmyfallon,.@edsheeran has a side gig covering heavy metal and rap https://t.co/3aiXyBKRLW #FallonTonight,2131,747,0.0028,0.8442,0.153,0.1502,Neutral,0.8442
t00848,2016-01-18 18:43:00,2016-01-18,2016-01,2016,18,Monday,theellenshow,"Brielle just turned 4 & celebrated by naming the new elements. When I was 4, I thought my shadow was another person. https://t.co/RX9BBF917g",3836,545,0.0111,0.3367,0.6521,0.641,Positive,0.6521
t00849,2011-07-19 22:52:00,2011-07-19,2011-07,2011,22,Tuesday,jtimberlake,"My grandpa also told me, ""don't lose your head over a little piece of tail!"" #askjt",163,655,0.1469,0.622,0.2312,0.0843,Neutral,0.622
t00850,2014-03-31 17:00:00,2014-03-31,2014-03,2014,17,Monday,cristiano,Come support Portugal vs Ireland on June 10 at @MLStadium. It’s Portugal National Day. http://t.co/IrVnQPZNmg http://t.co/Sa8V91zO7o,4547,3414,0.0017,0.1712,0.827,0.8253,Positive,0.827
t00851,2016-04-14 23:00:00,2016-04-14,2016-04,2016,23,Thursday,youtube,Nobody steals a bike on Froggy Fresh’s watch. https://t.co/HTJbMdkCXP https://t.co/cg0WRzdbOI,915,108,0.0353,0.6762,0.2885,0.2532,Neutral,0.6762
t00852,2016-03-09 23:15:00,2016-03-09,2016-03,2016,23,Wednesday,theellenshow,Happy #YoureWelcomeWednesday! https://t.co/r81QnyvwmI,1560,206,0.003,0.0115,0.9856,0.9826,Positive,0.9856
t00853,2011-08-01 18:01:00,2011-08-01,2011-08,2011,18,Monday,selenagomez,"I am having such an amazing time on the road meeting everyone, the crowds have been so energized and it makes for... http://fb.me/YNDILKIt",927,2192,0.0027,0.0066,0.9907,0.9879,Positive,0.9907
t00854,2016-07-04 01:21:00,2016-07-04,2016-07,2016,1,Monday,kimkardashian,Being calm is my thing. No other choice https://t.co/IJIiwMkJG2,1953,306,0.0188,0.2948,0.6864,0.6676,Positive,0.6864
t00855,2016-02-22 21:26:00,2016-02-22,2016-02,2016,21,Monday,theellenshow,Saint West is adorable. https://t.co/YTmVmPGYqa,15648,2409,0.0054,0.0229,0.9717,0.9663,Positive,0.9717
t00856,2016-04-19 15:43:00,2016-04-19,2016-04,2016,15,Tuesday,barackobama,Stand up today for a fair Supreme Court nomination process: https://t.co/ZNdQVurk9h #DoYourJob,1981,673,0.0458,0.7021,0.2521,0.2062,Neutral,0.7021
t00857,2014-05-19 16:19:00,2014-05-19,2014-05,2014,16,Monday,katyperry,Mmmmm my baby's got a secret... @vmagazine http://t.co/WrP2gEyALI,5930,3782,0.007,0.3024,0.6906,0.6837,Positive,0.6906
t00858,2016-09-15 18:46:00,2016-09-15,2016-09,2016,18,Thursday,rihanna,The originals are back!!! #THECREEPER returns on September 29th in the original color ways! https://t.co/n8l0zeKJFV,44783,12589,0.0012,0.0848,0.9139,0.9127,Positive,0.9139
t00859,2015-04-21 22:08:00,2015-04-21,2015-04,2015,22,Tuesday,cristiano,Tomorrow is decisive and your support is essential for the triumph! Hala Madrid! ... http://t.co/MEcbXouEza,10571,5584,0.0025,0.0378,0.9597,0.9573,Positive,0.9597
t00860,2013-05-24 02:05:00,2013-05-24,2013-05,2013,2,Friday,katyperry,Mr. Keef! I'm sorry if I offended you. I heard a lot of people guesting on the song & didn't even know it was you in particular. Actually...,5243,14081,0.4398,0.4831,0.077,-0.3628,Neutral,0.4831
t00861,2016-10-16 22:25:00,2016-10-16,2016-10,2016,22,Sunday,ladygaga,PREVIEW #AYO a new song from my upcoming album #JOANNE OUT FRIDAY! https://t.co/avd1NMWFJt,8522,4104,0.0023,0.4764,0.5213,0.519,Positive,0.5213
t00862,2016-01-28 22:52:00,2016-01-28,2016-01,2016,22,Thursday,youtube,"@twerkforringo If you don't have a kazoo, what do you do all day? #NationalKazooDay",13,5,0.071,0.7811,0.1479,0.0769,Neutral,0.7811
t00863,2016-02-18 17:34:00,2016-02-18,2016-02,2016,17,Thursday,shakira,With Ginnifer Goodwin and @batemanjason! #Zootopia https://t.co/f6QBKbArRf,3463,825,0.0023,0.5812,0.4165,0.4142,Neutral,0.5812
t00864,2016-07-31 21:09:00,2016-07-31,2016-07,2016,21,Sunday,arianagrande,clearly,42351,16763,0.0829,0.6264,0.2908,0.2079,Neutral,0.6264
t00865,2014-12-04 13:39:00,2014-12-04,2014-12,2014,13,Thursday,katyperry,"If I could, I would be there laying in those streets of NYC, peacefully protesting. WE HAVE TO CHANGE. ALL LIVES MATTER #WeCantBreathe",13758,7616,0.3442,0.4696,0.1861,-0.1581,Neutral,0.4696
t00866,2012-09-27 00:05:00,2012-09-27,2012-09,2012,0,Thursday,taylorswift13,"Doing interviews w/ a song stuck in my head=""Focus. Answer the question. BABY YOU A SONG, YOU MAKE ME WANNA ROLL MY WINDOWS DOWN AND CRUISE""",7323,9435,0.0561,0.5658,0.3781,0.3219,Neutral,0.5658
t00867,2015-07-18 16:08:00,2015-07-18,2015-07,2015,16,Saturday,kimkardashian,SQUAD http://t.co/bj4mQPn0EP,8251,1544,0.052,0.8254,0.1226,0.0706,Neutral,0.8254
t00868,2013-04-07 04:36:00,2013-04-07,2013-04,2013,4,Sunday,selenagomez,Thanks for letting us launch early! “@iTunesMusic: Saturday night special à la @SelenaGomez. #ComeAndGetItNow http://t.co/Wpg2VhmwKX”,2987,4835,0.0014,0.0562,0.9424,0.941,Positive,0.9424
t00869,2014-08-19 22:16:00,2014-08-19,2014-08,2014,22,Tuesday,ladygaga,@Zedd don't worry buddy my ears get messed up too sometimes from touring. just lower those in-ears volume and rest 'em! ill pray too!,3719,2226,0.4666,0.4151,0.1183,-0.3483,Negative,0.4666
t00870,2014-05-26 21:08:00,2014-05-26,2014-05,2014,21,Monday,jtimberlake,“@samanthaarends: Doing Memorial Day right. @Sauza901 @jtimberlake #901 #budlight #ProudToBeAnAmerican http://t.co/IaguW8y32f” ENJOY!! #901,1595,452,0.0024,0.0153,0.9822,0.9798,Positive,0.9822
t00871,2011-08-22 02:00:00,2011-08-22,2011-08,2011,2,Monday,twitter,Getting messages w/ links leading to pics of you? They go to a phishing site. Don't enter your login info. More info: http://t.co/g0d6umq,235,3198,0.651,0.3367,0.0123,-0.6387,Negative,0.651
t00872,2014-07-21 00:03:00,2014-07-21,2014-07,2014,0,Monday,katyperry,Twins 😳 http://t.co/ASUkxGc2HF,6497,3614,0.0235,0.8382,0.1383,0.1149,Neutral,0.8382
t00873,2016-11-03 22:03:00,2016-11-03,2016-11,2016,22,Thursday,twitter,"Tonight, #ATLvsTB is on the @nflnetwork. It’s another bye for us but we'll be back Nov. 17th. https://t.co/JgzfZhA8yB",839,198,0.0046,0.774,0.2214,0.2168,Neutral,0.774
t00874,2016-09-19 01:31:00,2016-09-19,2016-09,2016,1,Monday,theellenshow,".@MsSarahPaulson, you look wonderful, your performance was wonderful, you are wonderful.",7286,1689,0.0039,0.007,0.9892,0.9853,Positive,0.9892
t00875,2012-09-19 00:58:00,2012-09-19,2012-09,2012,0,Wednesday,jtimberlake,"I did. I played second, shortstop and third. #AskJT #TroubleWithTheCurve",62,60,0.0102,0.8548,0.135,0.1248,Neutral,0.8548
t00876,2015-09-02 19:20:00,2015-09-02,2015-09,2015,19,Wednesday,shakira,"It’s back-to-school time again, but 59 million children are still being left out. Sign our petition and get #upforschool.",2270,862,0.7582,0.2157,0.0262,-0.732,Negative,0.7582
t00877,2013-09-12 15:28:00,2013-09-12,2013-09,2013,15,Thursday,jimmyfallon,".@rickygervais was so funny last night. Here he is answering questions from his ""twonks"". http://t.co/9kPb6Sivm8",425,245,0.0046,0.0581,0.9374,0.9328,Positive,0.9374
t00878,2015-12-03 01:27:00,2015-12-03,2015-12,2015,1,Thursday,theellenshow,Congratulations @LewisKentMiler on breaking your own world record for the Beer Mile! 4:47! Your parents must be so proud.,2401,337,0.0028,0.0117,0.9855,0.9826,Positive,0.9855
t00879,2011-02-05 00:03:00,2011-02-05,2011-02,2011,0,Saturday,twitter,Which team is winning Twitter right now? @Packers or @Steelers? http://t.co/GmsMEJY #SB45,104,207,0.0082,0.7387,0.2531,0.245,Neutral,0.7387
t00880,2012-12-29 19:00:00,2012-12-29,2012-12,2012,19,Saturday,cristiano,See who the winner is in half an hour. Good luck. #Celebrate15M,395,863,0.0017,0.0314,0.9669,0.9653,Positive,0.9669
t00881,2016-08-31 23:05:00,2016-08-31,2016-08,2016,23,Wednesday,britneyspears,@itsdavidbish I see you David ❤️,479,123,0.002,0.0647,0.9333,0.9312,Positive,0.9333
t00882,2016-09-20 16:46:00,2016-09-20,2016-09,2016,16,Tuesday,kimkardashian,So happy you like it!!!! https://t.co/kiEwk4C6cJ,2155,257,0.0034,0.0085,0.9881,0.9848,Positive,0.9881
t00883,2015-11-05 03:05:00,2015-11-05,2015-11,2015,3,Thursday,ladygaga,The new @AHSFX episode has started! I'll take some questions about the show during the commercial breaks. Enjoy! #AHSHotel #MonsterHotel,6345,2719,0.0014,0.0711,0.9275,0.9261,Positive,0.9275
t00884,2015-08-05 19:40:00,2015-08-05,2015-08,2015,19,Wednesday,ladygaga,"Today, do something you wouldn't usually do, and take surveys of how it makes you feel. It may surprise you! 📷 http://t.co/by7L39XSas",14435,7850,0.004,0.1007,0.8954,0.8914,Positive,0.8954
t00885,2014-11-21 01:13:00,2014-11-21,2014-11,2014,1,Friday,barackobama,"""What I’m describing is accountability—a common-sense, middle-ground approach."" —President Obama #ImmigrationAction",2172,3551,0.0153,0.5738,0.4109,0.3955,Neutral,0.5738
t00886,2016-10-25 19:11:00,2016-10-25,2016-10,2016,19,Tuesday,theellenshow,One of the secrets to my success is to always ask questions. Look what it did for this audience.… https://t.co/nPwLFujwVi,1837,195,0.0035,0.051,0.9455,0.942,Positive,0.9455
t00887,2017-01-02 23:33:00,2017-01-02,2017-01,2017,23,Monday,arianagrande,one month til dangerous woman tour 🌌,61223,20737,0.0029,0.2373,0.7598,0.757,Positive,0.7598
t00888,2015-05-28 03:54:00,2015-05-28,2015-05,2015,3,Thursday,justinbieber,@grettelgalindo happy we met too,37812,26792,0.0025,0.016,0.9814,0.9789,Positive,0.9814
t00889,2016-02-11 20:14:00,2016-02-11,2016-02,2016,20,Thursday,theellenshow,It’s not every day I get to do this. Sending love to Spain Elementary and Detroit. Thank you @Lowes. https://t.co/n5yWFDtI30,2599,654,0.0095,0.0329,0.9577,0.9482,Positive,0.9577
t00890,2013-08-25 05:22:00,2013-08-25,2013-08,2013,5,Sunday,katyperry,Thank GOD for the light of the #PRISM @mattG4L: @katyperry i sold my soul to the devil to pay for PRISM. please tweet http://t.co/cH3LokLH0D,2068,1422,0.1245,0.2448,0.6307,0.5063,Positive,0.6307
t00891,2016-06-05 00:10:00,2016-06-05,2016-06,2016,0,Sunday,selenagomez,#KillEmWithKindness Coming Monday!!💋 https://t.co/qWTPwCruV9,69751,32877,0.0042,0.0661,0.9297,0.9254,Positive,0.9297
t00892,2016-03-23 21:42:00,2016-03-23,2016-03,2016,21,Wednesday,theellenshow,"For #NationalPuppyDay, here are my pups. They make each other so happy. https://t.co/1x25O7AkK5",12969,1402,0.0019,0.0089,0.9891,0.9872,Positive,0.9891
t00893,2012-12-14 10:54:00,2012-12-14,2012-12,2012,10,Friday,rihanna,:) thank you lover!!! Which one? #UNAPOLOGETIC “@Fearnecotton: I LOVE this Rihanna song soooooooo much! Its PASSIONATE man!”,760,1061,0.0022,0.0066,0.9912,0.989,Positive,0.9912
t00894,2016-04-16 19:42:00,2016-04-16,2016-04,2016,19,Saturday,theellenshow,"Tonight, @KerryWashington stars in ""Confirmation"" on HBO! I don't know much about Catholicism, but I'm excited.",3864,530,0.0015,0.0202,0.9783,0.9768,Positive,0.9783
t00895,2016-04-04 21:00:00,2016-04-04,2016-04,2016,21,Monday,youtube,"Relax and listen to the sound of a dog barking 376,572,715,308 times. https://t.co/CKGg8Ro6CX https://t.co/8UT7oQnQR7",1601,384,0.0384,0.6147,0.347,0.3086,Neutral,0.6147
t00896,2015-05-28 20:38:00,2015-05-28,2015-05,2015,20,Thursday,arianagrande,thank you amsterdam! i love you..... see you again tomorrow 💜💜,29751,14875,0.0027,0.0082,0.9891,0.9865,Positive,0.9891
t00897,2016-12-06 04:20:00,2016-12-06,2016-12,2016,4,Tuesday,jimmyfallon,#HamiltonMixtape tonight on #Tonight!,3238,367,0.0035,0.6075,0.3889,0.3854,Neutral,0.6075
t00898,2015-06-25 21:20:00,2015-06-25,2015-06,2015,21,Thursday,theellenshow,#TBT to that time you invited me to be in Ghostbusters. https://t.co/g6CjKceOmO,1755,287,0.0051,0.4446,0.5503,0.5452,Positive,0.5503
t00899,2015-06-28 11:12:00,2015-06-28,2015-06,2015,11,Sunday,kimkardashian,After party vibes http://t.co/ZrMOhKYRU8,5820,1284,0.0211,0.5716,0.4073,0.3862,Neutral,0.5716
t00900,2016-06-06 02:03:00,2016-06-06,2016-06,2016,2,Monday,kimkardashian,Who is watching my live stream????,2687,397,0.0673,0.8725,0.0602,-0.0072,Neutral,0.8725
t00901,2012-11-01 06:28:00,2012-11-01,2012-11,2012,6,Thursday,katyperry,. @shannonwoodward You're like my... best friend. http://t.co/88jP2ZNR,11013,8963,0.0028,0.0215,0.9758,0.973,Positive,0.9758
t00902,2016-05-25 18:07:00,2016-05-25,2016-05,2016,18,Wednesday,barackobama,Judge Garland was confirmed with bipartisan support in the past. He deserves a fair hearing. #DoYourJob https://t.co/TTcIByTScg,7500,2966,0.0138,0.2779,0.7083,0.6946,Positive,0.7083
t00903,2013-07-22 00:22:00,2013-07-22,2013-07,2013,0,Monday,selenagomez,Action http://t.co/mQEilPXlLA,6333,9296,0.0436,0.8194,0.137,0.0934,Neutral,0.8194
t00904,2015-07-05 22:50:00,2015-07-05,2015-07,2015,22,Sunday,kimkardashian,@MolestMeKardash you are so smart! How did you know? YES! we took the best craziest pics. I hope they release more!,571,125,0.0034,0.0096,0.987,0.9836,Positive,0.987
t00905,2014-08-26 03:08:00,2014-08-26,2014-08,2014,3,Tuesday,ladygaga,"I love my monsters, gypsy travel day. Hope you are enjoying every moment of the tour as much as I am. #artRAVEBrisbane",5912,3726,0.0028,0.01,0.9872,0.9845,Positive,0.9872
t00906,2016-11-15 20:46:00,2016-11-15,2016-11,2016,20,Tuesday,jtimberlake,"CONGRATS JT! 3 @Peopleschoice Award Nominations! Vote for JT, every day till Dec 15th! VOTE:… https://t.co/FgzEp1ptPu",7035,1383,0.0021,0.0252,0.9728,0.9707,Positive,0.9728
t00907,2016-08-28 16:21:00,2016-08-28,2016-08,2016,16,Sunday,kimkardashian,"I am obsessed with my husband, but its not him #VMAs",15711,2396,0.1565,0.2894,0.5541,0.3976,Positive,0.5541
t00908,2016-05-07 19:36:00,2016-05-07,2016-05,2016,19,Saturday,kimkardashian,I love Cuba! One of our best trips! We felt like we stepped back into a different time period.Can't wait to go back. https://t.co/BKGaMtPlJk,18367,2590,0.003,0.007,0.99,0.987,Positive,0.99
t00909,2014-01-22 21:40:00,2014-01-22,2014-01,2014,21,Wednesday,shakira,@ShakirasSmile I will show Milan how much affection he's getting today from all of you!! Shak,205,172,0.0049,0.0639,0.9312,0.9263,Positive,0.9312
t00910,2015-04-01 11:20:00,2015-04-01,2015-04,2015,11,Wednesday,cristiano,"I love @SacoorBrosME suits, the quality of materials, tailor-made service and amazing experience in stores. Try it! http://t.co/36DlCOmR9m",15566,6371,0.0034,0.0082,0.9884,0.985,Positive,0.9884
t00911,2015-07-13 18:47:00,2015-07-13,2015-07,2015,18,Monday,kimkardashian,Just walked 3 miles and did 100 squats! Happy Monday,9596,1268,0.0021,0.0159,0.982,0.9799,Positive,0.982
t00912,2016-08-16 19:54:00,2016-08-16,2016-08,2016,19,Tuesday,youtube,There are three YouTubers left. Can you guess who has the evil inside? 💀 #EscapeTheNight #Cluesday https://t.co/dAk7n5l7j4,4879,736,0.2794,0.6275,0.0931,-0.1863,Neutral,0.6275
t00913,2012-07-03 15:07:00,2012-07-03,2012-07,2012,15,Tuesday,jtimberlake,"""@JessicaBiel: I wanna make a bush joke. #tuesdayswithtina http://t.co/2xOuopLJ"" Hahahahaha!",100,111,0.0728,0.4866,0.4407,0.3679,Neutral,0.4866
t00914,2014-02-26 01:06:00,2014-02-26,2014-02,2014,1,Wednesday,shakira,I just love when someone comes back after not getting on the show and gets a 4 chair turn! #Inspiration #4Chairs #VoicePremiere Shak,1683,574,0.0033,0.0255,0.9712,0.968,Positive,0.9712
t00915,2011-03-31 14:44:00,2011-03-31,2011-03,2011,14,Thursday,selenagomez,"Morning everyone, hope you all have a great day.",1037,3141,0.004,0.0103,0.9857,0.9816,Positive,0.9857
t00916,2012-05-27 01:31:00,2012-05-27,2012-05,2012,1,Sunday,selenagomez,"Selena is @postcarding. ""Courtney (director) talking to our ""villain"" http://t.co/1z0U4LQu",1417,3062,0.0045,0.8927,0.1028,0.0984,Neutral,0.8927
t00917,2016-02-10 00:07:00,2016-02-10,2016-02,2016,0,Wednesday,instagram,"Eating your way through Italy, by way of New York, with @Eataly pasta maker Luca Donofrio https://t.co/vd2jTtBY2Q https://t.co/xajcPF6hdH",1632,362,0.0038,0.6313,0.3648,0.361,Neutral,0.6313
t00918,2013-02-21 15:23:00,2013-02-21,2013-02,2013,15,Thursday,rihanna,Like #diamonds in the sky http://t.co/XezgPNHEYE,2397,4236,0.0128,0.6681,0.3191,0.3063,Neutral,0.6681
t00919,2016-10-06 00:22:00,2016-10-06,2016-10,2016,0,Thursday,ladygaga,@GagaObsession24 wanna cry every time I sing that,2046,635,0.3713,0.2487,0.38,0.0088,Positive,0.38
t00920,2016-03-04 01:14:00,2016-03-04,2016-03,2016,1,Friday,kimkardashian,Full BTS of my Jam video on my app! #HypeWilliams #TheDream https://t.co/B6m5fr8d4b https://t.co/TdABcCucNM,4224,846,0.0025,0.3082,0.6893,0.6868,Positive,0.6893
t00921,2015-11-25 16:13:00,2015-11-25,2015-11,2015,16,Wednesday,instagram,Photographer @simona_ghizzoni’s #uncutproject aims to help victims of FGM feel seen https://t.co/sxp7X1Qz1K https://t.co/pcg5eN904L,2764,555,0.0113,0.606,0.3827,0.3715,Neutral,0.606
t00922,2016-09-09 15:04:00,2016-09-09,2016-09,2016,15,Friday,kimkardashian,EXCLUSIVE PICS: THE VOGUE 100 GALA https://t.co/lqZd5Ehy4i,2887,460,0.0162,0.8586,0.1251,0.1089,Neutral,0.8586
t00923,2014-01-06 03:14:00,2014-01-06,2014-01,2014,3,Monday,jimmyfallon,".@StephenAtHome forced to sing ""Friday"" cause he donated 40,000 to a Donors Choose in my name. (without telling me) #truth #BestOfFallon",773,185,0.268,0.592,0.1401,-0.1279,Neutral,0.592
t00924,2010-12-08 07:04:00,2010-12-08,2010-12,2010,7,Wednesday,selenagomez,"Haha my bad.. RT @nick_winch: @selenagomez sweetie, my name is Nick not Romeo. please get it right lol",468,1119,0.3491,0.5661,0.0848,-0.2643,Neutral,0.5661
t00925,2016-02-26 16:47:00,2016-02-26,2016-02,2016,16,Friday,barackobama,Tell the Senate: Stop playing games with our Supreme Court. https://t.co/2vkSnL2KWC #DoYourJob,2332,1057,0.6477,0.3145,0.0378,-0.6099,Negative,0.6477
t00926,2016-05-13 15:31:00,2016-05-13,2016-05,2016,15,Friday,barackobama,Find out what Judge Merrick Garland's former clerks have to say about his record as a public servant: https://t.co/wT6t9YmV0S,2321,590,0.0218,0.929,0.0492,0.0273,Neutral,0.929
t00927,2015-03-11 20:00:00,2015-03-11,2015-03,2015,20,Wednesday,twitter,Today we're introducing bigger photos to make browsing profiles on Twitter for iPhone even more fun. http://t.co/iXrKT2p7JK,1096,814,0.0015,0.085,0.9135,0.912,Positive,0.9135
t00928,2015-09-12 07:43:00,2015-09-12,2015-09,2015,7,Saturday,arianagrande,@ColleenB123 it's........ so.......... funny.,13379,5525,0.0079,0.0347,0.9574,0.9495,Positive,0.9574
t00929,2013-04-24 00:13:00,2013-04-24,2013-04,2013,0,Wednesday,shakira,The eliminations are the most difficult part of this competition. #brandon was phenomenal tonight. Keep it up! #WatchingBattles,654,959,0.0108,0.0523,0.9369,0.9261,Positive,0.9369
t00930,2013-09-02 17:47:00,2013-09-02,2013-09,2013,17,Monday,jtimberlake,Check out Justin in Berlin talking about his film #RunnerRunner! -teamJT http://t.co/gVoinOjJ2d,532,456,0.0024,0.4368,0.5608,0.5583,Positive,0.5608
t00931,2016-07-13 16:17:00,2016-07-13,2016-07,2016,16,Wednesday,barackobama,Watch President Obama deliver remarks at the #DallasMemorial service yesterday. https://t.co/BHIQTdnIDr,5725,1595,0.0037,0.8597,0.1366,0.1329,Neutral,0.8597
t00932,2016-09-16 01:48:00,2016-09-16,2016-09,2016,1,Friday,cnnbrk,Trump again refused to say whether he believes Obama was born in the US; says he’ll answer ‘at the right time’. https://t.co/VTe1AaJhXS,563,446,0.3098,0.6775,0.0127,-0.2971,Neutral,0.6775
t00933,2016-09-09 17:47:00,2016-09-09,2016-09,2016,17,Friday,theellenshow,What if Dory met Woody? @TomHanks https://t.co/GbPWSo0d1P https://t.co/zCgMaaZDx7,4404,975,0.0103,0.9434,0.0462,0.0359,Neutral,0.9434
t00934,2016-12-13 23:00:00,2016-12-13,2016-12,2016,23,Tuesday,youtube,Cube is lyfe. Feliks Zemdegs Breaks A World Record → https://t.co/dgB8JFhCNB https://t.co/bdAQ0ZR9lG,1778,485,0.0028,0.2127,0.7846,0.7818,Positive,0.7846
t00935,2014-11-22 10:30:00,2014-11-22,2014-11,2014,10,Saturday,ladygaga,"THE LIVESTREAM: BreedLove w/ Chew Fu, Lady Starlight & Surgeon, Portraits of Lady Gaga By Bob Wilson as seen in the Louvre + #artRaveParis",3868,2667,0.0037,0.8544,0.142,0.1383,Neutral,0.8544
t00936,2013-06-18 21:11:00,2013-06-18,2013-06,2013,21,Tuesday,selenagomez,Well paps blocked me in so might as well have them help me figure out my new car lol #imissmyford #firstrcar 😔,12259,17175,0.7783,0.1994,0.0223,-0.756,Negative,0.7783
t00937,2015-07-14 21:21:00,2015-07-14,2015-07,2015,21,Tuesday,barackobama,"""If we're going to deal with this problem, and the inequities involved, we're going to have to speak honestly."" —President Obama",1326,801,0.2046,0.694,0.1014,-0.1033,Neutral,0.694
t00938,2016-12-02 18:39:00,2016-12-02,2016-12,2016,18,Friday,theellenshow,Don’t forget you can win it all from home. Enter here for your chance to win. https://t.co/xK9bCtpgjd,2130,354,0.0022,0.0697,0.9282,0.926,Positive,0.9282
t00939,2015-06-26 22:29:00,2015-06-26,2015-06,2015,22,Friday,jimmyfallon,Tweeting with one hand. http://t.co/1Yyp8Nl5eR,15604,2743,0.0177,0.9281,0.0543,0.0366,Neutral,0.9281
t00940,2016-08-01 01:19:00,2016-08-01,2016-08,2016,1,Monday,kimkardashian,"Come on @ForeverMalika you really didn't think it was Canada, did you???",1985,277,0.7443,0.2356,0.0201,-0.7242,Negative,0.7443
t00941,2015-04-02 15:14:00,2015-04-02,2015-04,2015,15,Thursday,barackobama,"This 9-year-old girl stood up for what she believes in, and then got a letter back from the President: http://t.co/PmeH355GJu",2269,1226,0.0066,0.416,0.5773,0.5707,Positive,0.5773
t00942,2015-09-23 17:51:00,2015-09-23,2015-09,2015,17,Wednesday,arianagrande,(days duhhhhh) 🙊,21220,11476,0.1437,0.6142,0.2421,0.0984,Neutral,0.6142
t00943,2015-12-30 22:08:00,2015-12-30,2015-12,2015,22,Wednesday,barackobama,Global climate action became a reality this year—keep the progress going in 2016: https://t.co/LoFVusJz5p https://t.co/0Xqt4gJM3G,2401,822,0.0052,0.3969,0.5979,0.5927,Positive,0.5979
t00944,2014-03-04 15:16:00,2014-03-04,2014-03,2014,15,Tuesday,shakira,"""And if I mess up everything someday I won't hide my head in shame cause you are the one thing that I got right"" #TheOneThing #3WeeksToGo",1607,1123,0.178,0.3881,0.4339,0.2559,Positive,0.4339
t00945,2016-11-15 01:34:00,2016-11-15,2016-11,2016,1,Tuesday,ladygaga,"""I never thought I'd say this, but isn't it time to take off the corsets? As someone who loves them, I think it's t… https://t.co/shGhkwYrCQ",14011,4761,0.1266,0.5913,0.282,0.1554,Neutral,0.5913
t00946,2014-05-12 22:46:00,2014-05-12,2014-05,2014,22,Monday,jimmyfallon,"Wow. That was fun. Neil Young singing ""Crazy"" on our show tonight!!! http://t.co/DVR2LyGy2b",1773,577,0.0017,0.01,0.9883,0.9865,Positive,0.9883
t00947,2015-11-17 23:52:00,2015-11-17,2015-11,2015,23,Tuesday,jimmyfallon,"Oh - and @justinbieber crushes ""Sorry"" tonight! https://t.co/Q4kSttK0KM https://t.co/xRNKExgbhK",24458,16318,0.0877,0.4009,0.5114,0.4237,Positive,0.5114
t00948,2016-04-05 20:15:00,2016-04-05,2016-04,2016,20,Tuesday,youtube,Finally slipping into bed at the end of the day like … https://t.co/86oeOHMR1O https://t.co/5Jvp45fzg1,1951,389,0.0111,0.56,0.4289,0.4178,Neutral,0.56
t00949,2016-02-22 16:59:00,2016-02-22,2016-02,2016,16,Monday,kimkardashian,SAINT WEST https://t.co/SzLYRjhHfK,241150,108098,0.0794,0.7996,0.1209,0.0415,Neutral,0.7996
t00950,2014-07-11 16:41:00,2014-07-11,2014-07,2014,16,Friday,taylorswift13,"Just saw a screening of The Giver. Honestly, I can't believe I got to be a part of something so poignant and beautiful. My head is spinning.",20535,11651,0.014,0.0286,0.9574,0.9434,Positive,0.9574
t00951,2011-07-11 19:18:00,2011-07-11,2011-07,2011,19,Monday,twitter,Hey music lovers - here's an inside look at @foofighters' soundcheck for their show in less than 1 hour http://t.co/5WBPekU #iTunesFestival,105,228,0.0022,0.3951,0.6027,0.6006,Positive,0.6027
t00952,2013-07-31 02:57:00,2013-07-31,2013-07,2013,2,Wednesday,britneyspears,@sarahmweyand Oh no! I did love that tour,191,202,0.0601,0.0861,0.8537,0.7936,Positive,0.8537
t00953,2014-08-27 09:03:00,2014-08-27,2014-08,2014,9,Wednesday,rihanna,Sailed up to an active volcano for dinner #bucketlistshit http://t.co/gOspa8ZQ40,25044,11179,0.0185,0.7916,0.1899,0.1714,Neutral,0.7916
t00954,2016-04-11 21:34:00,2016-04-11,2016-04,2016,21,Monday,shakira,Watch @DancingABC tonight 8/7c on ABC in the US to see @JodieSweetin & @keodancer dance to Try Everything from @DisneyZootopia #DWTS ShakHQ,2054,462,0.0027,0.611,0.3863,0.3835,Neutral,0.611
t00955,2016-02-22 22:41:00,2016-02-22,2016-02,2016,22,Monday,arianagrande,don't need permission made my decision to test my limits 💭,53401,31695,0.0588,0.7689,0.1723,0.1135,Neutral,0.7689
t00956,2015-07-25 00:05:00,2015-07-25,2015-07,2015,0,Saturday,kimkardashian,Set life @kyliejenner @kourtneykardash http://t.co/R0AhCjfJf1,15097,3563,0.0168,0.8621,0.1211,0.1043,Neutral,0.8621
t00957,2015-03-10 18:08:00,2015-03-10,2015-03,2015,18,Tuesday,barackobama,"""I'm only standing here because of scholarships and loans and work study."" —President Obama #CollegeOpportunity",2291,1155,0.0794,0.5096,0.411,0.3317,Neutral,0.5096
t00958,2016-05-24 14:00:00,2016-05-24,2016-05,2016,14,Tuesday,twitter,"In the coming months, we're introducing new ways for you to express even more with a Tweet: https://t.co/l1sWRvXWqr https://t.co/zzhWpRcABs",5857,6726,0.0025,0.3015,0.6961,0.6936,Positive,0.6961
t00959,2013-12-31 16:04:00,2013-12-31,2013-12,2013,16,Tuesday,britneyspears,@Biebersgomezing Luv you!,243,124,0.0046,0.0164,0.9791,0.9745,Positive,0.9791
t00960,2016-09-20 22:37:00,2016-09-20,2016-09,2016,22,Tuesday,arianagrande,@mygrandepurpose i definitely want to slowly introduce y'all to the new stuff live,7682,2236,0.0031,0.2246,0.7723,0.7692,Positive,0.7723
t00961,2015-10-29 18:01:00,2015-10-29,2015-10,2015,18,Thursday,kimkardashian,#TBT HALLOWEEN https://t.co/YGBpXewl1g https://t.co/VXWgdgaqYr,6289,1112,0.0047,0.7591,0.2362,0.2314,Neutral,0.7591
t00962,2014-10-30 16:49:00,2014-10-30,2014-10,2014,16,Thursday,taylorswift13,"This is a story about coming into your own and as a result, coming alive. #TS1989 #taylurking http://t.co/qY4Iayzf8D",8456,3598,0.0063,0.8371,0.1566,0.1503,Neutral,0.8371
t00963,2016-07-23 00:30:00,2016-07-23,2016-07,2016,0,Saturday,instagram,Go behind the scenes of Fuji Rock https://t.co/Q7OzFzzwTv,670,142,0.0142,0.9306,0.0552,0.041,Neutral,0.9306
t00964,2016-03-07 22:31:00,2016-03-07,2016-03,2016,22,Monday,instagram,Reinterpreting beauty at Paris Fashion Week with @patmcgrathreal #PFW https://t.co/Y0zzxdWE9m https://t.co/0DCTXxkiiO,1072,230,0.0031,0.4805,0.5164,0.5133,Positive,0.5164
t00965,2016-03-10 16:00:00,2016-03-10,2016-03,2016,16,Thursday,instagram,“My husband and I came up with the idea to make a series about this weird couple from the ‘50s.” https://t.co/2iK2d2NKYg #WHPidentity,1201,237,0.0249,0.8613,0.1138,0.0889,Neutral,0.8613
t00966,2016-08-23 12:18:00,2016-08-23,2016-08,2016,12,Tuesday,kimkardashian,https://t.co/xZbfoxo3Vh for tickets Oct 14! Our 1st sponsor is KYLIE COSMETICS! So everyone will get a free lip kit! https://t.co/jOkb3I4YuV,5177,568,0.0015,0.1075,0.891,0.8895,Positive,0.891
t00967,2013-07-10 19:08:00,2013-07-10,2013-07,2013,19,Wednesday,shakira,US folks have until 11.59pm ET to enter to win a signed @ELLEmagazine + Elixir set - http://t.co/qbojavzpeT ShakHQ http://t.co/pNjTBDu4AH,645,493,0.0042,0.7838,0.212,0.2078,Neutral,0.7838
t00968,2013-09-11 16:42:00,2013-09-11,2013-09,2013,16,Wednesday,rihanna,Super impressive!!! Thank you to my Westwood family!! #VivienneWestwoodLondon http://t.co/3l8DLKdBp0,900,993,0.0028,0.0098,0.9874,0.9847,Positive,0.9874
t00969,2016-07-19 00:04:00,2016-07-19,2016-07,2016,0,Tuesday,britneyspears,@Linds3yJennings Good choice! #MakeMePlaylist,556,160,0.0026,0.0184,0.979,0.9764,Positive,0.979
t00970,2016-03-11 01:22:00,2016-03-11,2016-03,2016,1,Friday,kimkardashian,HBD 2 the hardest working girl I know! Our world travels will always b some of my best memories!Luv u @jenatkinhair https://t.co/iAABydOECk,8501,802,0.0032,0.0066,0.9902,0.9869,Positive,0.9902
t00971,2015-05-20 05:09:00,2015-05-20,2015-05,2015,5,Wednesday,arianagrande,"""WOW guys"".... jones LOVES fields of flowers https://t.co/5GDOYxB0IL",22200,10717,0.0041,0.0201,0.9758,0.9717,Positive,0.9758
t00972,2015-09-03 18:07:00,2015-09-03,2015-09,2015,18,Thursday,twitter,See how the world is Tweeting about #RefugeesWelcome: https://t.co/1LDwuN6pwT http://t.co/1GOhSufmeJ,1531,1978,0.0047,0.7879,0.2073,0.2026,Neutral,0.7879
t00973,2010-01-08 23:56:00,2010-01-08,2010-01,2010,23,Friday,twitter,Gearing up for the 1st TeaTime of 2010. Special guest DJ @al3x is manning the beats!,40,39,0.003,0.6219,0.375,0.372,Neutral,0.6219
t00974,2013-12-29 05:14:00,2013-12-29,2013-12,2013,5,Sunday,britneyspears,Thank u!!! Xo! <3 RT @hausofbliss you were amazing!,886,367,0.0041,0.0072,0.9886,0.9845,Positive,0.9886
t00975,2015-10-07 20:28:00,2015-10-07,2015-10,2015,20,Wednesday,barackobama,Take a look at some of the most important recent stories on gun violence prevention: http://t.co/02cXehbVvi #DoSomething,904,471,0.0118,0.627,0.3612,0.3494,Neutral,0.627
t00976,2015-12-09 17:42:00,2015-12-09,2015-12,2015,17,Wednesday,jimmyfallon,I love Christmas music! Here's a new collection from @PattySmyth. https://t.co/q0Z2dhnTRn #anynewChristmasjamsoutthereyoulike,879,199,0.0016,0.0128,0.9856,0.984,Positive,0.9856
t00977,2015-01-12 16:39:00,2015-01-12,2015-01,2015,16,Monday,cristiano,Press conference is done. Can’t wait for the ceremony! #ballondor2014 http://t.co/ljNXxymPiJ,22919,14774,0.0013,0.011,0.9878,0.9865,Positive,0.9878
t00978,2015-08-12 09:08:00,2015-08-12,2015-08,2015,9,Wednesday,selenagomez,Link to everything about Unity http://t.co/uEzQ5YazzO -this should have an impact. 💙,19235,11685,0.0035,0.0553,0.9411,0.9376,Positive,0.9411
t00979,2016-03-09 16:22:00,2016-03-09,2016-03,2016,16,Wednesday,justinbieber,#PURPOSETOUR STARTS TODAY :) https://t.co/VPdxdOQ1xw,191283,144036,0.0016,0.0922,0.9061,0.9045,Positive,0.9061
t00980,2014-05-16 20:27:00,2014-05-16,2014-05,2014,20,Friday,jimmyfallon,"“@CanadiensMTL: Bet? @NYRangers win series, your face = our Twitter avatar for a day. We win = you wear our jersey for a monologue."" Hmm",1510,1029,0.0155,0.7757,0.2088,0.1934,Neutral,0.7757
t00981,2016-01-11 02:36:00,2016-01-11,2016-01,2016,2,Monday,kimkardashian,The Givenchy show & Yeezy show on KUWTK. Soooooo LIT! This is one of my fave episodes! NYC was so much fun being out there w all my sisters!,5083,797,0.002,0.0071,0.991,0.989,Positive,0.991
t00982,2014-03-27 17:59:00,2014-03-27,2014-03,2014,17,Thursday,shakira,"Watch Shak chatting about the new album, The Voice and Milan's soccer skills on @FallonTonight - http://t.co/SsiT7zePNp ShakHQ",796,402,0.0042,0.8482,0.1476,0.1435,Neutral,0.8482
t00983,2016-08-25 02:09:00,2016-08-25,2016-08,2016,2,Thursday,cnnbrk,"Attack on American University of Afghanistan in Kabul ends in death of two gunman, police tell AFP. https://t.co/4i5bBE1Frz",239,199,0.6134,0.3779,0.0087,-0.6047,Negative,0.6134
t00984,2016-03-22 22:00:00,2016-03-22,2016-03,2016,22,Tuesday,ladygaga,Conserve nature's resources so we can all live our best lives. W is for WE CAN HELP 🌎 #WorldWaterDay @drop4drop https://t.co/V6MhdaPCp4,37028,12796,0.0039,0.0914,0.9046,0.9007,Positive,0.9046
t00985,2012-09-05 20:02:00,2012-09-05,2012-09,2012,20,Wednesday,jtimberlake,"Watch Justin Stand Up To Cancer this Friday, 9/7 and support a great cause! -teamJT http://t.co/pF0nPVyb #istandupfor @SU2C",151,355,0.0022,0.0524,0.9454,0.9431,Positive,0.9454
t00986,2016-02-08 23:15:00,2016-02-08,2016-02,2016,23,Monday,youtube,"@EvanEdinger That's the shiniest quarter we've ever seen. You go Evan, congrats!",296,22,0.004,0.0195,0.9766,0.9726,Positive,0.9766
t00987,2015-10-17 05:26:00,2015-10-17,2015-10,2015,5,Saturday,ddlovato,@WValderrama I'm here today because of YOU my love. Thank you for helping me find my confidence... I love you Wilmer.,9410,7585,0.0035,0.0104,0.9861,0.9826,Positive,0.9861
t00988,2016-09-23 21:13:00,2016-09-23,2016-09,2016,21,Friday,britneyspears,The signed setlists for my Piece Of Me Charity Ride fundraiser are officially SOLD OUT! Thank you to everyone who donated 💋 💋 💋,4380,1023,0.0015,0.0208,0.9776,0.9761,Positive,0.9776
t00989,2015-12-21 17:09:00,2015-12-21,2015-12,2015,17,Monday,barackobama,2015 will likely be the hottest year ever recorded. https://t.co/3riSWz8Aag #ActOnClimate,1535,925,0.085,0.7617,0.1533,0.0682,Neutral,0.7617
t00990,2015-02-16 16:45:00,2015-02-16,2015-02,2015,16,Monday,cristiano,Have you tried the Sportlobster app? Download it now. I’ll follow back some of you http://t.co/MArNHqWZ8S http://t.co/ZqbJCV6oWu,6355,2940,0.0036,0.7429,0.2535,0.2498,Neutral,0.7429
t00991,2016-10-06 23:25:00,2016-10-06,2016-10,2016,23,Thursday,cnnbrk,President Obama declares a state of emergency for South Carolina due to Hurricane Matthew https://t.co/Rkt6V44CqA https://t.co/CTvqcgIjMD,651,595,0.0273,0.913,0.0597,0.0323,Neutral,0.913
t00992,2015-12-25 18:19:00,2015-12-25,2015-12,2015,18,Friday,justinbieber,See u soon https://t.co/Iduz2E4Vf0,69345,36228,0.0041,0.1873,0.8086,0.8045,Positive,0.8086
t00993,2016-06-25 21:11:00,2016-06-25,2016-06,2016,21,Saturday,theellenshow,Happy birthday to the hilarious @rickygervais. I hope it’s as golden as your underwear. https://t.co/cHuecqw8Ce,16652,1465,0.0026,0.0069,0.9905,0.9879,Positive,0.9905
t00994,2013-12-23 15:56:00,2013-12-23,2013-12,2013,15,Monday,cristiano,Hey guys! Merry Christmas everyone! Hope all your wishes come true.,13673,17454,0.0021,0.0075,0.9904,0.9883,Positive,0.9904
t00995,2014-01-06 03:58:00,2014-01-06,2014-01,2014,3,Monday,jimmyfallon,. @jtimberlake has the timing. #Hashtag #BestOfFallon,3000,980,0.0053,0.5533,0.4414,0.4362,Neutral,0.5533
t00996,2016-01-07 23:45:00,2016-01-07,2016-01,2016,23,Thursday,twitter,We want to share your compelling questions at the @goldenglobes with @smrtgrls! Tweet now using #SmartGirlsAsk. https://t.co/VeEnjRsHpo,925,270,0.0024,0.1538,0.8438,0.8414,Positive,0.8438
t00997,2014-08-24 01:24:00,2014-08-24,2014-08,2014,1,Sunday,ladygaga,@MommyMonsterof2 it's really just very precious,1644,862,0.0141,0.0278,0.958,0.9439,Positive,0.958
t00998,2014-12-13 22:41:00,2014-12-13,2014-12,2014,22,Saturday,twitter,Which global moment in our #YearOnTwitter GIF is most memorable to you? Discover more at http://t.co/VoaTy2cENI http://t.co/zV2hQBhDh0,678,447,0.0052,0.27,0.7248,0.7196,Positive,0.7248
t00999,2013-04-02 22:18:00,2013-04-02,2013-04,2013,22,Tuesday,britneyspears,"#Bonding :) RT @iamwill I had a good vibe session during lunch with .@britneyspears today...talking about music, dreams, and life...#bonding",1175,1663,0.0014,0.0127,0.9859,0.9845,Positive,0.9859
t01000,2015-10-03 22:26:00,2015-10-03,2015-10,2015,22,Saturday,kimkardashian,Kanye is performing for President Obama @barackobama in San Fran on 10/10. Come hang out with us! Tix here http://t.co/WlywXJQy6j,2874,904,0.0019,0.4318,0.5663,0.5644,Positive,0.5663
t01001,2015-08-15 20:46:00,2015-08-15,2015-08,2015,20,Saturday,taylorswift13,So excited to play here AGAIN tonight! #1989TourSantaClara Night 2!! http://t.co/7njlIRIhv2,38770,13125,0.0013,0.0077,0.991,0.9897,Positive,0.991
t01002,2014-07-23 14:53:00,2014-07-23,2014-07,2014,14,Wednesday,jimmyfallon,@Thezog @80miles @nickthune @jimmyfallon @JoshLieb9 wait - what order did we go in?,110,24,0.0108,0.9685,0.0207,0.01,Neutral,0.9685
t01003,2016-06-22 23:00:00,2016-06-22,2016-06,2016,23,Wednesday,youtube,Have a nice refreshing slice of The Night King from #GameOfThrones. https://t.co/XHSeZMRpHw https://t.co/z7qYyqbDRq,1360,256,0.0029,0.0673,0.9298,0.9269,Positive,0.9298
t01004,2013-12-31 06:54:00,2013-12-31,2013-12,2013,6,Tuesday,britneyspears,@megspptc @KepisMuBx You should come come come to the show! ;),252,118,0.0027,0.096,0.9013,0.8986,Positive,0.9013
t01005,2016-05-07 18:21:00,2016-05-07,2016-05,2016,18,Saturday,instagram,A never-ending B-Boy spin takes looping to a whole new level #BoomerangOfTheWeek https://t.co/xGWMs2hmpc,730,158,0.007,0.1867,0.8063,0.7993,Positive,0.8063
t01006,2012-03-19 14:46:00,2012-03-19,2012-03,2012,14,Monday,jtimberlake,".@mizzbren WOW, Bren... HAHA! I just laughed out loud. ""Yeah, can I get $20 on no. 7, a six pack, and these tracks...?""",19,16,0.0076,0.0991,0.8933,0.8857,Positive,0.8933
t01007,2016-09-30 21:46:00,2016-09-30,2016-09,2016,21,Friday,kimkardashian,Came home early from the fashion festivities to watch the Netflix Amanda Knox doc. Cannot wait to see this! Anyone see it yet? Thoughts?,12143,1177,0.0015,0.0209,0.9776,0.976,Positive,0.9776
t01008,2016-03-02 08:24:00,2016-03-02,2016-03,2016,8,Wednesday,ddlovato,"@cherryVATO I wake up in 7.5 hours, then I have a pre workout protein shake w/ cold brew coffee and watch the news",3402,1754,0.005,0.8686,0.1264,0.1213,Neutral,0.8686
t01009,2016-11-24 18:24:00,2016-11-24,2016-11,2016,18,Thursday,twitter,"An attitude of gratitude brings great things. Today, we thank each and every one of you. https://t.co/I5KaE0xVAn",1998,630,0.0033,0.0105,0.9862,0.9829,Positive,0.9862
t01010,2016-06-27 18:15:00,2016-06-27,2016-06,2016,18,Monday,instagram,“It is a great feeling to know that I can run faster than everyone else in the world.” —@usainbolt https://t.co/NkDZAvc5bT,1106,225,0.0028,0.0142,0.983,0.9802,Positive,0.983
t01011,2016-09-24 09:07:00,2016-09-24,2016-09,2016,9,Saturday,cnnbrk,"Images of Britain’s royal family reportedly stolen in hack of Pippa Middleton’s iCloud account, British media say.… https://t.co/ztsAgrMEX1",340,221,0.3451,0.6409,0.014,-0.3311,Neutral,0.6409
t01012,2014-04-12 23:11:00,2014-04-12,2014-04,2014,23,Saturday,katyperry,"I'm giving everyone a ""literally"" punch card. 10 uses and then you go in the pool. #coachella",9780,4870,0.3672,0.5077,0.1251,-0.2421,Neutral,0.5077
t01013,2016-12-09 22:34:00,2016-12-09,2016-12,2016,22,Friday,twitter,"@jamesnix40 Well done, James. Well done.👏 https://t.co/q4aOo2Lg5f",109,31,0.0048,0.0188,0.9764,0.9717,Positive,0.9764
t01014,2013-10-18 18:08:00,2013-10-18,2013-10,2013,18,Friday,jimmyfallon,.@thezog keeping it classy for the Clean Cut Comedy Tour. http://t.co/BN6jSbU2RP Instagram removes the @ from twitter handles. I forgot.,85,49,0.1876,0.6112,0.2012,0.0136,Neutral,0.6112
t01015,2015-12-01 01:15:00,2015-12-01,2015-12,2015,1,Tuesday,theellenshow,Happy #MeMeMonday https://t.co/7zYVEjLYvD,1895,318,0.0029,0.0146,0.9825,0.9796,Positive,0.9825
t01016,2013-07-30 00:35:00,2013-07-30,2013-07,2013,0,Tuesday,katyperry,Nice one! “@KatysRing: @katyperry here you go :) http://t.co/j4ddcWCooa”,2057,2268,0.0017,0.0129,0.9853,0.9836,Positive,0.9853
t01017,2014-09-30 16:21:00,2014-09-30,2014-09,2014,16,Tuesday,barackobama,Add your name if you agree—cutting carbon pollution is just common sense: http://t.co/sRiQiN4HuN #ActOnClimate,1282,805,0.0236,0.4713,0.5051,0.4815,Positive,0.5051
t01018,2014-06-10 04:24:00,2014-06-10,2014-06,2014,4,Tuesday,jimmyfallon,This Jack White Performance of Lazaretto coming up - will rock the top off!c #FallonTonight,1240,253,0.0025,0.0492,0.9483,0.9458,Positive,0.9483
t01019,2015-09-07 18:16:00,2015-09-07,2015-09,2015,18,Monday,arianagrande,thank you babes for the well wishes 💘 you're a buncha angels. 👼👼 love you & I'll be better soon. can't wait to see you at tomorrow's show.,32468,17123,0.0031,0.0076,0.9892,0.9861,Positive,0.9892
t01020,2014-05-30 11:35:00,2014-05-30,2014-05,2014,11,Friday,katyperry,My friend Cleo told me yesterday that Octopus mate for life and when they find their mate they hold hands in the ocean always! 😩🐙🌊😩🐙🌊😩🐙🌊😩,16740,9167,0.0397,0.3177,0.6426,0.6029,Positive,0.6426
t01021,2015-01-19 22:36:00,2015-01-19,2015-01,2015,22,Monday,taylorswift13,Remembering his beautiful words on #MLKDay http://t.co/gUpUsV073a,18442,9293,0.0029,0.0458,0.9512,0.9483,Positive,0.9512
t01022,2013-03-23 14:08:00,2013-03-23,2013-03,2013,14,Saturday,cristiano,@ApoyoCR7 loved what you did by giving away your tickets to a girl in Israel. That was really nice.,300,395,0.0031,0.0117,0.9852,0.9821,Positive,0.9852
t01023,2016-10-19 19:35:00,2016-10-19,2016-10,2016,19,Wednesday,ladygaga,@ComeOn2MamaGaga @tix4cause true,2532,782,0.0347,0.787,0.1783,0.1436,Neutral,0.787
t01024,2016-04-08 18:37:00,2016-04-08,2016-04,2016,18,Friday,youtube,It’s a winter’s rap battle between Freya and Ravenna. Who won? https://t.co/tZTRubhPm4,835,149,0.0059,0.9257,0.0684,0.0625,Neutral,0.9257
t01025,2011-01-18 01:59:00,2011-01-18,2011-01,2011,1,Tuesday,selenagomez,Can't wait for y'all to hear the Spanish record ;) it's sounding so cool,1046,3559,0.0019,0.0083,0.9898,0.9879,Positive,0.9898
t01026,2013-08-30 19:46:00,2013-08-30,2013-08,2013,19,Friday,katyperry,THE #ROAR MUSIC VIDEO IS COMING TO YOU IN JUNGLESCOPE SEPT 5TH! http://t.co/Y3jQ92oJXj,13009,13919,0.0036,0.59,0.4065,0.4029,Neutral,0.59
t01027,2016-01-11 23:34:00,2016-01-11,2016-01,2016,23,Monday,theellenshow,The world needs more therapists like Ashlyn. She deserves this and so much more. https://t.co/EhF3uNcVAe,2294,376,0.0087,0.0373,0.954,0.9453,Positive,0.954
t01028,2014-06-25 19:22:00,2014-06-25,2014-06,2014,19,Wednesday,cristiano,"Congratulations Fazil Tarriche.You won 2 tickets to the Final, Brazil!Be the next, last chance http://t.co/sJfQpcsnOA http://t.co/u1g6YwUbB5",4840,2201,0.0021,0.0262,0.9717,0.9696,Positive,0.9717
t01029,2015-12-10 19:34:00,2015-12-10,2015-12,2015,19,Thursday,kimkardashian,I've been saving up so many pieces from my closet for my eBay auctions! It's all live now! https://t.co/jVqidjDULE https://t.co/0flnA8Kmr2,4730,723,0.0018,0.0758,0.9224,0.9206,Positive,0.9224
t01030,2015-12-16 15:43:00,2015-12-16,2015-12,2015,15,Wednesday,jimmyfallon,Forward this to someone who has great headphones and tell them to go for it. https://t.co/xEQWshJpAE #starwarsfallon,2726,1646,0.0036,0.0527,0.9438,0.9402,Positive,0.9438
t01031,2015-07-10 03:50:00,2015-07-10,2015-07,2015,3,Friday,selenagomez,"Looking to Him with every choice I make. No matter how loud the enemy speaks, my work will outshine, always. http://t.co/xK3eGuOK3Y",42827,21215,0.0097,0.0705,0.9198,0.9101,Positive,0.9198
t01032,2013-03-24 17:42:00,2013-03-24,2013-03,2013,17,Sunday,rihanna,RAW!!! #givenchy thanks Riccardo! Ok Ok I'll marry you!! #1Love http://t.co/8oZ2p8uB1h,817,1170,0.0022,0.0259,0.9718,0.9696,Positive,0.9718
t01033,2015-07-10 21:03:00,2015-07-10,2015-07,2015,21,Friday,jimmyfallon,"I might cameo in tonight's episode of Seinfeld. And by Seinfeld I mean ""The Spoils Before Dying"". And by might I mean definitely. #IFC",2477,380,0.0043,0.2983,0.6974,0.6931,Positive,0.6974
t01034,2015-06-28 16:21:00,2015-06-28,2015-06,2015,16,Sunday,kimkardashian,"❤️ my 🇬🇧 glam team @lisaeldridgemakeup @dayaruci Wearing a vintage t,Chloe skirt, Manolo heels& some of Kanye's belts http://t.co/WiCKtemc29",6613,1354,0.0019,0.1107,0.8874,0.8855,Positive,0.8874
t01035,2015-04-27 22:29:00,2015-04-27,2015-04,2015,22,Monday,britneyspears,And our songbird is at it again! Cannot get enough of her hilarious renditions lol http://t.co/qwGUd6jdKw,3672,1505,0.0029,0.012,0.985,0.9821,Positive,0.985
t01036,2016-12-07 09:43:00,2016-12-07,2016-12,2016,9,Wednesday,cnnbrk,Syrian government troops now control most of Aleppo's neighborhoods after days of fierce fighting with rebel forces. https://t.co/dVl25IEv9D,383,221,0.0863,0.8789,0.0347,-0.0516,Neutral,0.8789
t01037,2015-11-09 09:00:00,2015-11-09,2015-11,2015,9,Monday,justinbieber,Hey @zanelowe u think we should world premiere another song off #purpose tomorrow?? #beats1 #LoveYourself @edsheeran,44949,33638,0.0063,0.7592,0.2345,0.2282,Neutral,0.7592
t01038,2015-09-30 06:09:00,2015-09-30,2015-09,2015,6,Wednesday,taylorswift13,"""WHAT?!"" @Nelly_Mo @HAIMtheband #1989TourStLouis http://t.co/lZYDlJNmsS",22304,8911,0.0391,0.8989,0.062,0.0229,Neutral,0.8989
t01039,2016-06-19 22:30:00,2016-06-19,2016-06,2016,22,Sunday,instagram,"Too cute: a pug that channels Harry Potter, Totoro and Pikachu (via @designtaxi) https://t.co/RH8xeXfYR0",820,180,0.0019,0.0386,0.9595,0.9576,Positive,0.9595
t01040,2017-01-07 21:00:00,2017-01-07,2017-01,2017,21,Saturday,youtube,70 people tell you their goals in life. What’s yours? https://t.co/4oIDfNvWz4 https://t.co/FYt3kwVrEx,1286,189,0.0094,0.7736,0.217,0.2077,Neutral,0.7736
t01041,2014-04-24 16:01:00,2014-04-24,2014-04,2014,16,Thursday,cristiano,Last days of Round One guys but this amazing championship has more to come! Stay tuned join at http://t.co/HRFXiaMed1 http://t.co/StYyWrSCCL,7360,4784,0.0014,0.0231,0.9755,0.974,Positive,0.9755
t01042,2016-09-03 10:27:00,2016-09-03,2016-09,2016,10,Saturday,cnnbrk,Top Trump surrogate admits to falsifying some of his professional accomplishments. https://t.co/1fCvDfskia https://t.co/pnxKcVKpeW,683,602,0.4867,0.493,0.0203,-0.4664,Neutral,0.493
t01043,2013-09-17 05:57:00,2013-09-17,2013-09,2013,5,Tuesday,katyperry,"Well you know, 🌻“@Terri_KatyCat: @katyperry drop that motherfucking beeeaaatttt”",1080,1295,0.2432,0.5109,0.2459,0.0027,Neutral,0.5109
t01044,2012-09-15 11:08:00,2012-09-15,2012-09,2012,11,Saturday,taylorswift13,"""The Wonderful Fans Outside My Hotel In Rio"" http://t.co/7pqatSyY",3971,6253,0.0022,0.0901,0.9078,0.9056,Positive,0.9078
t01045,2016-02-26 13:13:00,2016-02-26,2016-02,2016,13,Friday,jimmyfallon,I don't know what I was thinking challenging @GerardButler to play Slapjack https://t.co/fSbJ1uYp0a #FallonTonight,2006,351,0.2038,0.7272,0.069,-0.1349,Neutral,0.7272
t01046,2013-07-13 00:51:00,2013-07-13,2013-07,2013,0,Saturday,twitter,"Something wild: #Sharknado on Twitter. What happens when you mix a killer tornado, sharks, and many, many Tweets: https://t.co/WHnznVkVWw",268,584,0.3388,0.5874,0.0738,-0.265,Neutral,0.5874
t01047,2014-11-28 02:50:00,2014-11-28,2014-11,2014,2,Friday,rihanna,Just posted a photo http://t.co/BOmUNu6ZKH,11888,5187,0.0081,0.7373,0.2546,0.2465,Neutral,0.7373
t01048,2016-10-22 00:04:00,2016-10-22,2016-10,2016,0,Saturday,theellenshow,.@IamWandaSykes' special is tonight on EPIX. You don’t Wanda miss it.,1542,184,0.0017,0.0507,0.9476,0.946,Positive,0.9476
t01049,2016-08-01 00:28:00,2016-08-01,2016-08,2016,0,Monday,ddlovato,Lovatics @falloutboy and I are up for a VMA and need your votes!! You can vote once per day ☑️ https://t.co/QS4PPN6xAi #voteirresistable,20283,8721,0.0079,0.5937,0.3984,0.3905,Neutral,0.5937
t01050,2015-06-24 17:34:00,2015-06-24,2015-06,2015,17,Wednesday,theellenshow,"For everyone wanting to know, Tayt made it through the surgery. I’m sending a lot of love to the family of his donor. #TaytsWish",7242,1120,0.0059,0.0532,0.9409,0.9351,Positive,0.9409
t01051,2014-12-25 15:05:00,2014-12-25,2014-12,2014,15,Thursday,rihanna,Merry Christmas and Happy Holidays http://t.co/mehabttjXu,5243,2823,0.0052,0.0215,0.9733,0.9681,Positive,0.9733
t01052,2016-05-04 20:57:00,2016-05-04,2016-05,2016,20,Wednesday,instagram,Couture meets conga for @CHANEL's first show in Cuba (via @harpersbazaarus) https://t.co/lojxVbmGFW,673,170,0.0037,0.9108,0.0855,0.0818,Neutral,0.9108
t01053,2016-07-16 18:07:00,2016-07-16,2016-07,2016,18,Saturday,ladygaga,Massive congratulations to my friends the brilliant @MsKathyBates & @MsSarahPaulson for well deserved Emmy nominations! I'm SO happy 4 u!❤️,11623,3925,0.0038,0.006,0.9902,0.9864,Positive,0.9902
t01054,2012-11-26 01:13:00,2012-11-26,2012-11,2012,1,Monday,taylorswift13,Today my friend @RichardWilkins made the astute observation that 'Meredith' contains 'Red'. 😸 I was astounded. And the fans were amazing.,5709,6177,0.0028,0.0111,0.986,0.9832,Positive,0.986
t01055,2016-09-27 21:12:00,2016-09-27,2016-09,2016,21,Tuesday,theellenshow,"There’s a new car just for women. I’m completely serious. Well, as serious as a woman can be. https://t.co/HBbiGfceLx",12766,4972,0.0545,0.368,0.5776,0.5231,Positive,0.5776
t01056,2016-01-12 03:41:00,2016-01-12,2016-01,2016,3,Tuesday,arianagrande,*goes 5 min without tweeting*.... I laughed so hard https://t.co/OPcCZcdHY5,19290,6599,0.0225,0.1567,0.8208,0.7983,Positive,0.8208
t01057,2016-03-01 04:54:00,2016-03-01,2016-03,2016,4,Tuesday,kimkardashian,"About to live stream on my app! Sacha Baron Cohen is about to show us a crazy clip from his new movie ""The Brothers Grimsby""",3208,459,0.003,0.2594,0.7376,0.7346,Positive,0.7376
t01058,2013-07-02 19:23:00,2013-07-02,2013-07,2013,19,Tuesday,jtimberlake,.@JTimberlake radio is live now on @Myspace: http://t.co/kW0ecffaJK Check it. #NewMyspace -teamJT,409,736,0.0029,0.7399,0.2572,0.2544,Neutral,0.7399
t01059,2015-11-11 18:56:00,2015-11-11,2015-11,2015,18,Wednesday,cristiano,Hey @Tuurryy impressive play with the @Nikefootball App! These are on their way to you! 😎👍 https://t.co/tXAjIBbTCZ https://t.co/jrYaqKFzlm,12481,3346,0.0017,0.0122,0.9861,0.9844,Positive,0.9861
t01060,2015-11-12 22:56:00,2015-11-12,2015-11,2015,22,Thursday,instagram,"“Bricks, knocked down structures, tree roots, streets without destination. You can feel a mix of nostalgia and sadness.” —@cremetoursBA",2410,508,0.7877,0.1858,0.0265,-0.7612,Negative,0.7877
t01061,2016-11-01 20:45:00,2016-11-01,2016-11,2016,20,Tuesday,instagram,Will the real @heidiklum please stand up? ICYMI: There's still time to watch last night's #HeidiHalloween on our In… https://t.co/cYgXi5Sm4F,1290,231,0.0141,0.8091,0.1768,0.1627,Neutral,0.8091
t01062,2015-11-09 05:47:00,2015-11-09,2015-11,2015,5,Monday,ddlovato,The sass is real... #Demi2Idol @TV4Idol 💙💁🏻💙 https://t.co/tdzjxVrzOS,14655,7820,0.0255,0.164,0.8105,0.7851,Positive,0.8105
t01063,2014-07-31 14:34:00,2014-07-31,2014-07,2014,14,Thursday,cristiano,You asked: Can you say hey to your fans in New Orleans ?? http://t.co/i1n85b3ENg,1908,949,0.0059,0.8969,0.0972,0.0913,Neutral,0.8969
t01064,2012-02-01 01:07:00,2012-02-01,2012-02,2012,1,Wednesday,selenagomez,@lorenzaizzo and I eating. She's hysterical http://t.co/BrEwx15x,1076,2901,0.1093,0.3352,0.5555,0.4462,Positive,0.5555
t01065,2012-11-07 20:04:00,2012-11-07,2012-11,2012,20,Wednesday,rihanna,"Fuck wit her, my designer drip to the fucking flo'",636,1444,0.7963,0.1709,0.0328,-0.7635,Negative,0.7963
t01066,2015-07-22 22:53:00,2015-07-22,2015-07,2015,22,Wednesday,justinbieber,Good times http://t.co/LdTYUlIuyS,95770,73325,0.009,0.0818,0.9092,0.9002,Positive,0.9092
t01067,2016-04-27 18:50:00,2016-04-27,2016-04,2016,18,Wednesday,twitter,"Science says your dog hates hugs, but what do you say? 🐶 https://t.co/d6nlx29dsv",722,222,0.5133,0.4517,0.0351,-0.4782,Negative,0.5133
t01068,2015-10-31 18:00:00,2015-10-31,2015-10,2015,18,Saturday,theellenshow,.@JoshDuhamel got a Fergalicioius scare on my show. #HappyHalloween! https://t.co/ADMagAB9dW,1382,252,0.0053,0.0879,0.9067,0.9014,Positive,0.9067
t01069,2016-07-27 22:21:00,2016-07-27,2016-07,2016,22,Wednesday,jtimberlake,Memphis to the @Big12Conference... let's make this happen! https://t.co/MZyRPTAm8M,4382,1804,0.0022,0.1491,0.8487,0.8466,Positive,0.8487
t01070,2014-08-28 01:18:00,2014-08-28,2014-08,2014,1,Thursday,britneyspears,Vegas. #PieceOfMe. Tonight. Let's go! 👯,4672,2465,0.0024,0.0892,0.9083,0.9059,Positive,0.9083
t01071,2016-12-15 21:51:00,2016-12-15,2016-12,2016,21,Thursday,youtube,@GloZell 💚🖌🐵 LOVE 🐵🖌💚,42,2,0.0068,0.0269,0.9663,0.9595,Positive,0.9663
t01072,2014-08-01 17:25:00,2014-08-01,2014-08,2014,17,Friday,selenagomez,Almost @gwenysloco ... Almost. 😒 http://t.co/28Cb74HMfu,9180,6131,0.859,0.1331,0.0079,-0.8511,Negative,0.859
t01073,2015-11-05 03:54:00,2015-11-05,2015-11,2015,3,Thursday,ladygaga,@denisohare wouldn't have rather been in that scene with anyone but you!,3523,1535,0.3225,0.3802,0.2973,-0.0252,Neutral,0.3802
t01074,2013-10-25 21:21:00,2013-10-25,2013-10,2013,21,Friday,jimmyfallon,I'm loving @benschilibowl and because I'm in DC I had to get my exercise in for @FLOTUS. #LetsMove http://t.co/IZQsM7EAQH,198,169,0.0019,0.009,0.989,0.9871,Positive,0.989
t01075,2016-01-29 03:12:00,2016-01-29,2016-01,2016,3,Friday,arianagrande,i love @brilovelife @iamskot @youngastronaut,21639,8061,0.003,0.0174,0.9796,0.9766,Positive,0.9796
t01076,2015-09-05 21:19:00,2015-09-05,2015-09,2015,21,Saturday,theellenshow,3 more days! Premiere Week kicks off in LA and NYC. I hope you’re ready. #EllenInNYC http://t.co/RNLWlFqoXF,4441,631,0.0012,0.0444,0.9544,0.9532,Positive,0.9544
t01077,2013-05-18 07:19:00,2013-05-18,2013-05,2013,7,Saturday,taylorswift13,Played Houston! Then rehearsed in Vegas for Billboards! Then cleaned my closet and concluded that roughly 79% of my shirts are striped.,10089,8679,0.0387,0.6824,0.2789,0.2403,Neutral,0.6824
t01078,2016-02-16 03:42:00,2016-02-16,2016-02,2016,3,Tuesday,theellenshow,".@justinbieber, you never disappoint. #GRAMMYs",15943,9378,0.0052,0.0158,0.9791,0.9739,Positive,0.9791
t01079,2015-06-27 21:41:00,2015-06-27,2015-06,2015,21,Saturday,ddlovato,#CoolForTheSummer 4 DAYS 😎 http://t.co/FfoZoScipy,25868,19551,0.0016,0.0795,0.9188,0.9172,Positive,0.9188
t01080,2013-05-30 15:58:00,2013-05-30,2013-05,2013,15,Thursday,selenagomez,Believe in ZERO discrimination against kids w/disabilities? Please RTthis UNICEF report: http://t.co/6HvMZkUBvU #thisability via @unicefusa,5368,10549,0.0181,0.6306,0.3512,0.3331,Neutral,0.6306
t01081,2013-09-11 19:47:00,2013-09-11,2013-09,2013,19,Wednesday,rihanna,"Also wrote a treatment for #WhatNow video, so yea we gonna be shooting dat supa dupa soon!! #NavyShit",2749,3829,0.0059,0.3038,0.6903,0.6843,Positive,0.6903
t01082,2015-06-09 15:39:00,2015-06-09,2015-06,2015,15,Tuesday,ladygaga,"So happy for Tim, Jimmy and everyone at @AppleMusic + Beats1. I'm excited to be a part of it. ❤️💋 http://t.co/SGFhWLeVTF",14526,7941,0.0019,0.0054,0.9926,0.9907,Positive,0.9926
t01083,2015-08-05 16:29:00,2015-08-05,2015-08,2015,16,Wednesday,barackobama,"""This deal shuts off the type of covert program Iran has pursued in the past.” —President Obama #IranDeal",610,244,0.0226,0.6413,0.3361,0.3136,Neutral,0.6413
t01084,2016-04-07 23:00:00,2016-04-07,2016-04,2016,23,Thursday,instagram,Tips for taking the perfect dog photos (via @WSJ and @thedogist) 🐶 https://t.co/onJABf7mNN,912,210,0.0028,0.1393,0.8579,0.8551,Positive,0.8579
t01085,2016-12-28 19:44:00,2016-12-28,2016-12,2016,19,Wednesday,youtube,International relations have never been so complicated. Model UN changes everything in the latest #FoursomeShow →… https://t.co/Lt3PS3r9RJ,1047,140,0.0381,0.671,0.2909,0.2529,Neutral,0.671
t01086,2013-08-02 05:33:00,2013-08-02,2013-08,2013,5,Friday,katyperry,"Correcto. @NoxIsAnAsshole: Look what we found in Kingman, Arizona. On the way to Phoenix I assume. @katyperry #PRISM http://t.co/JmpQEnF5OE""",2581,2736,0.0075,0.925,0.0675,0.06,Neutral,0.925
t01087,2016-02-20 21:12:00,2016-02-20,2016-02,2016,21,Saturday,arianagrande,I honestly want an oil painting of this in my home https://t.co/Uvtf4mZz82,48727,18807,0.0535,0.2568,0.6897,0.6362,Positive,0.6897
t01088,2016-02-02 18:55:00,2016-02-02,2016-02,2016,18,Tuesday,theellenshow,.@JacobTremblay is adorable on every level. https://t.co/76zhPOyYRw,1928,425,0.0044,0.0149,0.9807,0.9763,Positive,0.9807
t01089,2012-01-21 17:21:00,2012-01-21,2012-01,2012,17,Saturday,selenagomez,Thank You to all who came out to the show last night at House of Blues on Sunset. That is one of the shows I look... http://t.co/HWmTQNdf,1283,3302,0.0024,0.0238,0.9737,0.9713,Positive,0.9737
t01090,2014-10-15 01:11:00,2014-10-15,2014-10,2014,1,Wednesday,taylorswift13,@elizabethhuett missing your little baby talk voice and the way you slur your words on purpose and how I used to give you haircuts!!!,6486,4063,0.6096,0.2773,0.1131,-0.4965,Negative,0.6096
t01091,2015-12-26 00:00:00,2015-12-26,2015-12,2015,0,Saturday,kimkardashian,SOLES 4 SOULS https://t.co/rY97GwpRpW https://t.co/0cIhJRBK2L,5965,901,0.0204,0.7656,0.214,0.1937,Neutral,0.7656
t01092,2014-06-03 17:53:00,2014-06-03,2014-06,2014,17,Tuesday,cristiano,Congrats to @IFC_FIVES from London for winning Round One of @GAMEbyRonaldo!It was great meeting all of you in #Lisbon http://t.co/Omj7yY2K88,4767,2077,0.0016,0.0084,0.99,0.9884,Positive,0.99
t01093,2015-01-15 17:19:00,2015-01-15,2015-01,2015,17,Thursday,ladygaga,"Basically I can't sleep without every single song I'm writing repeating endlessly, but I'm loving it… http://t.co/spXH02Nd4X",5498,3731,0.0231,0.0896,0.8873,0.8642,Positive,0.8873
t01094,2013-12-17 13:14:00,2013-12-17,2013-12,2013,13,Tuesday,selenagomez,Just posted a photo http://t.co/dP0bg47P32,7955,7765,0.0081,0.7373,0.2546,0.2465,Neutral,0.7373
t01095,2013-11-16 07:13:00,2013-11-16,2013-11,2013,7,Saturday,jtimberlake,“@btrfan43va: EVERYBODY GO VOTE FOR @jtimberlake for the #AMAS GO DOO IT!!! CLICK HERE http://t.co/v1Hwo5ziOU” I'm not gonna argue with you.,556,269,0.0697,0.4593,0.471,0.4014,Positive,0.471
t01096,2016-12-20 01:30:00,2016-12-20,2016-12,2016,1,Tuesday,instagram,Featured submissions from this weekend’s hashtag project: #WHPboomerangoftheyear https://t.co/6GXs5V26Yd https://t.co/i3PU4EqUHz,537,123,0.0051,0.8571,0.1377,0.1326,Neutral,0.8571
t01097,2016-08-08 05:00:00,2016-08-08,2016-08,2016,5,Monday,cnnbrk,"2 foreigners were abducted in Kabul on Sunday evening local time, city's police chief says. https://t.co/9t0Z8H84JF",143,124,0.4317,0.5597,0.0085,-0.4232,Neutral,0.5597
t01098,2015-11-22 22:17:00,2015-11-22,2015-11,2015,22,Sunday,instagram,“I try to find a balance between being radical and progressive and smooth and graceful.” —professional surfer @rissmoore10,3163,761,0.0128,0.4316,0.5557,0.5429,Positive,0.5557
t01099,2014-11-11 19:12:00,2014-11-11,2014-11,2014,19,Tuesday,selenagomez,"Speaking to 20,000 students weday was inspiring – now you can watch the whole show on @MTVCanada! Tune… http://t.co/E4f3gXXTm4",12010,8060,0.0017,0.0242,0.9741,0.9724,Positive,0.9741
t01100,2015-04-07 07:55:00,2015-04-07,2015-04,2015,7,Tuesday,katyperry,CUSTOM 🐶PUPPY🐶 PJ GAME STRONG (by @johnnywujek) https://t.co/lbIbX5UkST,10727,5089,0.0054,0.6928,0.3018,0.2964,Neutral,0.6928
t01101,2016-06-25 22:30:00,2016-06-25,2016-06,2016,22,Saturday,instagram,Follow the yellow fabric road at Christo’s “Floating Piers” https://t.co/r7MwpRCXDQ,919,171,0.0051,0.9265,0.0684,0.0633,Neutral,0.9265
t01102,2015-01-14 05:40:00,2015-01-14,2015-01,2015,5,Wednesday,ladygaga,A music night. I will smile for days and days with piggy writing songs http://t.co/AGJN5cCKdt,5193,3173,0.0024,0.0163,0.9813,0.9789,Positive,0.9813
t01103,2015-07-06 15:02:00,2015-07-06,2015-07,2015,15,Monday,barackobama,Because a hard day's work deserves a fair day's pay. http://t.co/IOLCpSls0e,2587,1154,0.0392,0.4304,0.5304,0.4911,Positive,0.5304
t01104,2013-06-03 15:52:00,2013-06-03,2013-06,2013,15,Monday,rihanna,Baby how you gon' be a King when you acting like a Queen?!,6516,15836,0.4254,0.5146,0.06,-0.3653,Neutral,0.5146
t01105,2013-10-07 14:40:00,2013-10-07,2013-10,2013,14,Monday,cristiano,"Your football gear is soon getting an upgrade! Track your stats, matches and player career in a global competition. Follow @GAMEbyRonaldo.",1072,1551,0.0033,0.2464,0.7502,0.7469,Positive,0.7502
t01106,2016-06-16 02:30:00,2016-06-16,2016-06,2016,2,Thursday,instagram,A farm-fresh take on #WHPgetclose 🐄 https://t.co/FeqPaQpmcH,702,131,0.0103,0.9126,0.077,0.0667,Neutral,0.9126
t01107,2011-01-04 20:00:00,2011-01-04,2011-01,2011,20,Tuesday,cristiano,"Thank you. I do have great teammates. @Alsammahi @Cristiano great performace, great team work! Hala Madrid !",33,87,0.004,0.0096,0.9863,0.9823,Positive,0.9863
t01108,2013-01-25 07:03:00,2013-01-25,2013-01,2013,7,Friday,britneyspears,I don't think the world is ready for the #ScreamandShoutRemix @iamwill @Hit_Boy @iamdiddy @WakaFlockaBSM @LilTunechi Let's GO!!!!,1753,3832,0.0211,0.1193,0.8596,0.8386,Positive,0.8596
t01109,2015-11-06 14:04:00,2015-11-06,2015-11,2015,14,Friday,jimmyfallon,"Martin Short, @SteveMartinToGo & I share some clips from our TV show where things got a little tense https://t.co/fxpKNCmE2k #FallonTonight",1181,233,0.0222,0.9354,0.0424,0.0203,Neutral,0.9354
t01110,2013-03-11 19:33:00,2013-03-11,2013-03,2013,19,Monday,taylorswift13,"The 22 video premieres AND the Red Tour starts on Wednesday! Yes, that's the 13th. Yes, that's on purpose.",16756,22384,0.023,0.501,0.476,0.453,Neutral,0.501
t01111,2015-08-23 11:43:00,2015-08-23,2015-08,2015,11,Sunday,justinbieber,Nyc @billboard with @Skrillex,39071,32477,0.0064,0.9133,0.0802,0.0738,Neutral,0.9133
t01112,2015-03-07 20:18:00,2015-03-07,2015-03,2015,20,Saturday,barackobama,LIVE: President Obama is speaking at the Edmund Pettus Bridge on the 50th anniversary of the Selma marches. http://t.co/8JypQTMQFo #Selma50,1223,937,0.0047,0.8421,0.1533,0.1486,Neutral,0.8421
t01113,2013-08-06 23:07:00,2013-08-06,2013-08,2013,23,Tuesday,shakira,Dancing with Milan all morning to the Red Hot Chili Peppers! Shak,1458,1300,0.0022,0.2973,0.7005,0.6983,Positive,0.7005
t01114,2015-11-09 12:31:00,2015-11-09,2015-11,2015,12,Monday,ddlovato,#1 trending topic worldwide! Thank you guys so much!! #AskDemi 😜 That was awesome! https://t.co/mIf7MW3TKh,15773,10223,0.0026,0.0061,0.9913,0.9887,Positive,0.9913
t01115,2015-09-27 22:27:00,2015-09-27,2015-09,2015,22,Sunday,katyperry,"🇧🇷SUPER MOON PEAKS AT 11:47, I GO ON AT 12:15. DONT BLOW YOUR LOAD #ROCKINRIO, IM COMING🇧🇷",21099,14982,0.0081,0.467,0.5249,0.5167,Positive,0.5249
t01116,2016-09-19 18:23:00,2016-09-19,2016-09,2016,18,Monday,arianagrande,"love and thank you. always an honor, my friend. https://t.co/PVrlpB6dgb",21202,6557,0.0046,0.0116,0.9838,0.9792,Positive,0.9838
t01117,2015-06-28 15:36:00,2015-06-28,2015-06,2015,15,Sunday,justinbieber,#WhereAreUNowMusicVideo TOMORROW!! http://t.co/uaAIJ62q7Q,99999,89805,0.0041,0.7069,0.289,0.2849,Neutral,0.7069
t01118,2014-08-18 18:46:00,2014-08-18,2014-08,2014,18,Monday,ladygaga,@GagaChapel it will last forever :-*),1925,1043,0.0029,0.0259,0.9713,0.9684,Positive,0.9713
t01119,2013-04-17 01:17:00,2013-04-17,2013-04,2013,1,Wednesday,selenagomez,"#1 Most Added for 2nd week in a row at radio!!! Thank you for requesting ""Come and Get it"" N Thanks to all the stations for playing it.",5843,8769,0.002,0.0249,0.9732,0.9712,Positive,0.9732
t01120,2015-04-28 19:01:00,2015-04-28,2015-04,2015,19,Tuesday,theellenshow,Today we played Spacey vs. Macey. This may have been a bit unfair. My apologies to @KevinSpacey. http://t.co/RIpn4aFUNq,3658,629,0.5784,0.399,0.0227,-0.5557,Negative,0.5784
t01121,2014-03-25 18:56:00,2014-03-25,2014-03,2014,18,Tuesday,rihanna,"@Jeremy_Brossard happy birthday to u & ur twin bro @JordanBrossard. We're all so inspired by ur strength, we adore the way ur bro supports u",1644,1228,0.0025,0.0074,0.9901,0.9876,Positive,0.9901
t01122,2014-02-28 17:22:00,2014-02-28,2014-02,2014,17,Friday,jtimberlake,@SaraBareilles on @FallonTonight though... #Songbird,781,315,0.0122,0.8888,0.099,0.0868,Neutral,0.8888
t01123,2013-11-01 23:42:00,2013-11-01,2013-11,2013,23,Friday,britneyspears,Couple #Perfume sneak peaks coming your way tonight people :) Add me on @Snapchat to see how the story unfolds... 'britneyspears',2070,2349,0.002,0.2267,0.7713,0.7693,Positive,0.7713
t01124,2016-09-10 21:57:00,2016-09-10,2016-09,2016,21,Saturday,katyperry,"@UltimateBeyHive I don't think, I listen. 🙏🏼",5516,1994,0.0291,0.4486,0.5223,0.4931,Positive,0.5223
t01125,2013-05-08 01:22:00,2013-05-08,2013-05,2013,1,Wednesday,selenagomez,@turnzain thank you! xoxo,809,834,0.0072,0.0397,0.9531,0.9458,Positive,0.9531
t01126,2015-07-22 06:35:00,2015-07-22,2015-07,2015,6,Wednesday,kimkardashian,Jenke & I met w 1of my favorite designers in Paris! Thank u @AlexandreVauthier for the fun day! Can't wait!!! 💃🏽🇫🇷❤️ http://t.co/qtnHidSWCT,4290,742,0.0017,0.0055,0.9928,0.9911,Positive,0.9928
t01127,2011-06-17 06:02:00,2011-06-17,2011-06,2011,6,Friday,selenagomez,"Just landed in NY. Performing ""Love You Like A Love Song"" tomorrow on GMA!!!",623,2017,0.0022,0.1161,0.8817,0.8795,Positive,0.8817
t01128,2012-01-24 21:10:00,2012-01-24,2012-01,2012,21,Tuesday,selenagomez,@yv_792 @AG_392 I got your note Thank you very much. Excited for the show tonight in Panama!!!,374,988,0.0016,0.0078,0.9906,0.9891,Positive,0.9906
t01129,2013-03-27 03:09:00,2013-03-27,2013-03,2013,3,Wednesday,britneyspears,@kenhertz Congrats on putting together #TEDxHollywood2013! I know it's going to be amazing! http://t.co/0mRTaTijlk,206,329,0.0024,0.008,0.9895,0.9871,Positive,0.9895
t01130,2013-11-27 18:38:00,2013-11-27,2013-11,2013,18,Wednesday,britneyspears,@AllanZahawi followed u just now! xo #6DaysTillBritneyJean,111,69,0.0019,0.175,0.8231,0.8212,Positive,0.8231
t01131,2015-09-27 16:06:00,2015-09-27,2015-09,2015,16,Sunday,kimkardashian,SISTER Sunday: http://t.co/gZ0AdLuFC4 http://t.co/q27sqmLckz,2805,848,0.0086,0.8298,0.1616,0.153,Neutral,0.8298
t01132,2015-08-31 18:47:00,2015-08-31,2015-08,2015,18,Monday,theellenshow,Vincent makes a great babysitter. So long as he doesn’t actually sit on the baby. http://t.co/fjZJseBrCg,7616,1247,0.0144,0.0963,0.8893,0.8749,Positive,0.8893
t01133,2016-05-10 04:09:00,2016-05-10,2016-05,2016,4,Tuesday,ddlovato,Today I wrote and recorded a song all within a few hours. 👍🏼,27352,10609,0.0022,0.0883,0.9095,0.9073,Positive,0.9095
t01134,2013-12-05 20:53:00,2013-12-05,2013-12,2013,20,Thursday,britneyspears,Next Up: #NowThatIFoundYou! This song just sounds like love doesn't it? :) LOVE the music on this track! #BritneyJeanListeningParty,951,856,0.0021,0.0083,0.9896,0.9875,Positive,0.9896
t01135,2014-07-16 06:57:00,2014-07-16,2014-07,2014,6,Wednesday,katyperry,Read your note @adrsd You are adorbie and I owe you ANOTHER selfie. Until next time... 😘,6426,3086,0.005,0.0228,0.9722,0.9673,Positive,0.9722
t01136,2014-03-29 04:25:00,2014-03-29,2014-03,2014,4,Saturday,katyperry,"Don't put all your eggs in one basket... Unless it's Easter, bb! (from @sofifii but she's on shaBBat so no 📲)",7318,4076,0.1809,0.61,0.2092,0.0283,Neutral,0.61
t01137,2011-03-15 15:56:00,2011-03-15,2011-03,2011,15,Tuesday,selenagomez,SO wish I was there!!! Amazing! RT @Zacsteele: Having a @selenagomez dance party while folding laundry at PKRC. Awesome. http://t.co/SXhiX5E,371,788,0.0028,0.0107,0.9865,0.9837,Positive,0.9865
t01138,2016-03-16 15:04:00,2016-03-16,2016-03,2016,15,Wednesday,barackobama,HAPPENING NOW: President Obama is announcing his nominee to fill the #SCOTUS vacancy. https://t.co/ZDrkhxZpTB,2268,694,0.0041,0.5969,0.3989,0.3948,Neutral,0.5969
t01139,2015-06-08 15:55:00,2015-06-08,2015-06,2015,15,Monday,jimmyfallon,"Tonight: Larry David & @ijasonalexander, @natashaleggero, Triple Crown jockey Victor Espinoza, & music from @alabama_shakes! #FallonTonight",1077,284,0.0028,0.7059,0.2913,0.2885,Neutral,0.7059
t01140,2015-12-14 23:00:00,2015-12-14,2015-12,2015,23,Monday,youtube,A simple reminder that anything is possible → https://t.co/lZndWipr11 https://t.co/sd3VlJ15bG,1604,377,0.0034,0.09,0.9066,0.9032,Positive,0.9066
t01141,2014-04-11 01:10:00,2014-04-11,2014-04,2014,1,Friday,britneyspears,Heard today is #NationalSiblingDay :) Missing u always @JamieLynnSpears & #TwitterlessBryan! Love u all #TBT http://t.co/HWbZ5K0A8n,7150,3205,0.0036,0.0162,0.9803,0.9767,Positive,0.9803
t01142,2012-11-08 19:57:00,2012-11-08,2012-11,2012,19,Thursday,britneyspears,@britneyspeais Aww thank u sweetie!,41,83,0.0098,0.0223,0.9679,0.958,Positive,0.9679
t01143,2015-01-23 21:54:00,2015-01-23,2015-01,2015,21,Friday,barackobama,LIVE: President Obama is speaking at the U.S. Conference of Mayors. Watch here: http://t.co/1VYEZxI1sE,1283,532,0.0038,0.873,0.1232,0.1194,Neutral,0.873
t01144,2010-11-24 02:20:00,2010-11-24,2010-11,2010,2,Wednesday,selenagomez,Heyyyy! Love you too. RT @lady_selah: I <3 @selenagomez!! Even though I am almost 21 and in college!!,133,369,0.0022,0.0107,0.9872,0.985,Positive,0.9872
t01145,2015-12-17 16:40:00,2015-12-17,2015-12,2015,16,Thursday,instagram,“I’m a staunch proponent of genuine maple syrup.” —@saipancakes,1601,308,0.0051,0.1498,0.8452,0.8401,Positive,0.8452
t01146,2016-12-19 09:17:00,2016-12-19,2016-12,2016,9,Monday,cnnbrk,"7-year-old girl who gained notice by tweeting from Aleppo has been evacuated with her family, medical charity says.… https://t.co/w4DfTd8tZG",2595,996,0.0167,0.9076,0.0757,0.059,Neutral,0.9076
t01147,2016-10-07 23:53:00,2016-10-07,2016-10,2016,23,Friday,cnnbrk,Mylan agrees to pay $465M in settlement over accusations of overcharging for Epipen. https://t.co/rn9ylhBg46,1127,639,0.1268,0.8246,0.0486,-0.0782,Neutral,0.8246
t01148,2013-10-29 20:14:00,2013-10-29,2013-10,2013,20,Tuesday,shakira,Check out how they decorate for Halloween here in LA it's crazy! Shak http://t.co/cc4a3jWXvH,1117,932,0.0128,0.2796,0.7075,0.6947,Positive,0.7075
t01149,2016-07-10 21:09:00,2016-07-10,2016-07,2016,21,Sunday,justinbieber,The championship :) https://t.co/9IQ78JaBZy,120324,53731,0.002,0.0756,0.9224,0.9204,Positive,0.9224
t01150,2016-06-02 00:29:00,2016-06-02,2016-06,2016,0,Thursday,kimkardashian,https://t.co/ZZEY6Xnl2g or my app https://t.co/IIVU8TaWXB,1447,207,0.0173,0.8938,0.0888,0.0715,Neutral,0.8938
t01151,2016-07-24 11:35:00,2016-07-24,2016-07,2016,11,Sunday,cnnbrk,Suicide bombing kills at least 21 people in northern Baghdad. ISIS claims responsibility. https://t.co/6cjKBfgnPe,854,1735,0.8207,0.1731,0.0062,-0.8144,Negative,0.8207
t01152,2016-08-31 03:08:00,2016-08-31,2016-08,2016,3,Wednesday,britneyspears,There's a glorious mixtape on @pandora_radio 😉 https://t.co/aL6kCIKqW8,3629,1172,0.0022,0.0094,0.9884,0.9861,Positive,0.9884
t01153,2016-09-14 03:25:00,2016-09-14,2016-09,2016,3,Wednesday,kimkardashian,Have you guys used the new presidential Kimojis? They are free! Just update! https://t.co/CQ39T4IXp4,9301,1480,0.004,0.4385,0.5574,0.5534,Positive,0.5574
t01154,2016-09-04 08:10:00,2016-09-04,2016-09,2016,8,Sunday,ladygaga,Happy Birthday @MarkRonson love making music with you and so happy I got to jam with you on your b-day! 🎂🍰🍻🍾 https://t.co/63ER0AUM1t,38253,9228,0.002,0.0055,0.9924,0.9904,Positive,0.9924
t01155,2014-04-21 01:07:00,2014-04-21,2014-04,2014,1,Monday,britneyspears,Today I'm spending the day with my beautiful boys & family. Heaven :) Happy Easter everybody! xo,6118,2867,0.0017,0.0057,0.9926,0.991,Positive,0.9926
t01156,2016-06-16 00:30:00,2016-06-16,2016-06,2016,0,Thursday,instagram,“I’m proud to be my authentic self.” —@JazzJennings__ 🌈 #PridePortraits https://t.co/5S1NssZvCB,894,176,0.002,0.0496,0.9484,0.9464,Positive,0.9484
t01157,2014-10-07 02:58:00,2014-10-07,2014-10,2014,2,Tuesday,taylorswift13,Just smiled so big as I watched this girl joyously dance-bomb a Whole Foods like a champion. https://t.co/1WaYBQPZNK #ShakeItOff,17742,9317,0.0032,0.0116,0.9852,0.982,Positive,0.9852
t01158,2010-04-13 17:53:00,2010-04-13,2010-04,2010,17,Tuesday,twitter,Our COO @dickc at AdAge talking right now about Promoted Tweets! Follow the conversation #AAdigital & read the article: http://bit.ly/9eHYI9,47,109,0.0035,0.7536,0.2428,0.2393,Neutral,0.7536
t01159,2016-11-24 20:00:00,2016-11-24,2016-11,2016,20,Thursday,twitter,What’s your go-to Thanksgiving Day tradition?,1099,320,0.0068,0.6167,0.3765,0.3697,Neutral,0.6167
t01160,2016-11-30 19:49:00,2016-11-30,2016-11,2016,19,Wednesday,jimmyfallon,Hashtag game! Tweet out something funny or embarrassing that happened at an office party & tag with #OfficePartyFail. Could be on our show!,2184,310,0.4136,0.4686,0.1178,-0.2958,Neutral,0.4686
t01161,2013-09-23 02:13:00,2013-09-23,2013-09,2013,2,Monday,taylorswift13,"""I want to thank my wife Evie for being so cruel and sexy"" - Stephen Colbert #Emmys favorite quote of the night.",11216,9978,0.1033,0.2095,0.6872,0.5839,Positive,0.6872
t01162,2016-07-23 10:20:00,2016-07-23,2016-07,2016,10,Saturday,cnnbrk,"There are no indications that gunman in deadly #Munich mall shooting had a connection to ISIS, police say. https://t.co/JPnfyUqQER",246,237,0.3117,0.6772,0.0111,-0.3006,Neutral,0.6772
t01163,2016-04-13 21:57:00,2016-04-13,2016-04,2016,21,Wednesday,theellenshow,People always ask me if I will run for office. My answer? https://t.co/bx57ta4JVj https://t.co/XPrWxdrYYJ,2467,399,0.04,0.8826,0.0773,0.0373,Neutral,0.8826
t01164,2015-12-01 02:11:00,2015-12-01,2015-12,2015,2,Tuesday,ddlovato,#MinorityReport IS ON and LIVES ARE AT STAKE!!!!! @FOXTV,9079,4745,0.9379,0.0558,0.0063,-0.9317,Negative,0.9379
t01165,2012-08-13 10:37:00,2012-08-13,2012-08,2012,10,Monday,jtimberlake,"And, we're back at it... #Mondays",228,1806,0.03,0.5772,0.3928,0.3627,Neutral,0.5772
t01166,2016-06-20 02:11:00,2016-06-20,2016-06,2016,2,Monday,ladygaga,"I love you daddy. Happy Father's Day. Can't imagine life without you, you're the ace on the river of a royal flush.",17149,4645,0.0089,0.0171,0.9739,0.965,Positive,0.9739
t01167,2013-11-19 08:42:00,2013-11-19,2013-11,2013,8,Tuesday,jtimberlake,“@Rodennie: @jtimberlake And the Grizzlies won today....” Yes!!!,739,326,0.002,0.0546,0.9434,0.9414,Positive,0.9434
t01168,2012-12-19 23:39:00,2012-12-19,2012-12,2012,23,Wednesday,rihanna,Happy Highladayz http://t.co/Hzt0Ztmx,1029,2068,0.0047,0.0221,0.9732,0.9685,Positive,0.9732
t01169,2016-05-17 16:07:00,2016-05-17,2016-05,2016,16,Tuesday,youtube,Lots of familiar faces at the #Webbys this year. Clap for ‘em! 👏👏👏 https://t.co/dDdYdnU9Xm https://t.co/hzrudjYffY,3457,471,0.0017,0.0131,0.9852,0.9835,Positive,0.9852
t01170,2015-07-18 22:35:00,2015-07-18,2015-07,2015,22,Saturday,ladygaga,On hour sixteen of traveling from Europe to US with 3-4 more hours to go #gypsy #nofilter #unretouched https://t.co/RgmPuPZToH,4180,2177,0.0495,0.8873,0.0632,0.0137,Neutral,0.8873
t01171,2016-10-05 11:21:00,2016-10-05,2016-10,2016,11,Wednesday,justinbieber,Go get #illuminate @ShawnMendes,126802,67972,0.0213,0.6574,0.3213,0.3001,Neutral,0.6574
t01172,2016-05-14 17:56:00,2016-05-14,2016-05,2016,17,Saturday,jtimberlake,#Eurovision... Here we go!,8527,3178,0.0076,0.2819,0.7105,0.7029,Positive,0.7105
t01173,2013-01-28 15:01:00,2013-01-28,2013-01,2013,15,Monday,cristiano,What a game yesterday. Thanks again for all your support. Let’s work hard for the next game. http://t.co/eXDxQjRD,3822,5323,0.0027,0.0089,0.9883,0.9856,Positive,0.9883
t01174,2013-12-22 00:41:00,2013-12-22,2013-12,2013,0,Sunday,rihanna,“@_Vaun: hey 😉😘 @rihanna.” My boo,1901,1197,0.0038,0.0788,0.9174,0.9136,Positive,0.9174
t01175,2016-05-28 22:30:00,2016-05-28,2016-05,2016,22,Saturday,instagram,Tackling the Indianapolis 500 with @maxchilton https://t.co/DFScwZsCPu https://t.co/wU7IPUI2Wx,1082,236,0.006,0.9499,0.0442,0.0382,Neutral,0.9499
t01176,2016-10-04 21:46:00,2016-10-04,2016-10,2016,21,Tuesday,youtube,"@IISuperwomanII Can't wait for the #Streamys to take a Trip to Unicorn Island tonight. Congrats on the nomination,… https://t.co/Tgn71ngynL",597,161,0.0015,0.0086,0.9898,0.9883,Positive,0.9898
t01177,2016-02-08 16:16:00,2016-02-08,2016-02,2016,16,Monday,instagram,"“I’m just the courier, photographer, tour guide and Sherpa for Mr. Monkey.” —@smallpaul",1355,264,0.0223,0.7729,0.2047,0.1824,Neutral,0.7729
t01178,2015-12-21 00:40:00,2015-12-21,2015-12,2015,0,Monday,kimkardashian,SISTER SUNDAY https://t.co/0ztQSCPS1Z https://t.co/Fa7hhIbbav,2648,638,0.0131,0.7847,0.2021,0.189,Neutral,0.7847
t01179,2014-04-21 19:07:00,2014-04-21,2014-04,2014,19,Monday,jimmyfallon,"We're back!! We've got a new Brian Williams rap & talk with @bwilliams himself. Plus, Christina Hendricks & Chef @ilanhall. #FallonTonight",1285,327,0.0019,0.3367,0.6613,0.6594,Positive,0.6613
t01180,2015-06-24 05:44:00,2015-06-24,2015-06,2015,5,Wednesday,arianagrande,the worst wigs ever (we love them.... so much) http://t.co/3q6fEzdafl,36204,18941,0.9092,0.0691,0.0217,-0.8875,Negative,0.9092
t01181,2016-09-28 02:39:00,2016-09-28,2016-09,2016,2,Wednesday,youtube,Let's be honest: most of us probably only brush our teeth for one minute and thirty-four seconds.… https://t.co/OOwnQL2V0I,692,126,0.1974,0.718,0.0846,-0.1127,Neutral,0.718
t01182,2015-10-02 20:24:00,2015-10-02,2015-10,2015,20,Friday,theellenshow,"Veronica was caught playing hooky in my audience, so I had to school her myself. http://t.co/uWqXLp2phE",1353,253,0.3242,0.6312,0.0446,-0.2796,Neutral,0.6312
t01183,2016-02-16 23:51:00,2016-02-16,2016-02,2016,23,Tuesday,instagram,Warm-weather flora in the middle of winter: @BRRCHFloral at #NYFW https://t.co/iuLNp0pu2I https://t.co/37CVD0ZsIR,1243,256,0.0085,0.8381,0.1533,0.1448,Neutral,0.8381
t01184,2015-07-12 03:41:00,2015-07-12,2015-07,2015,3,Sunday,ddlovato,Learn to lurrrrvvveee yerrrr currrvveeees 💁🏻💅🏼💖 #squats #COOLFORTHESUMMER https://t.co/tgHpoFO3oS,12620,8443,0.0059,0.1055,0.8886,0.8827,Positive,0.8886
t01185,2016-08-05 22:56:00,2016-08-05,2016-08,2016,22,Friday,arianagrande,@bocabieber thank you my love,9059,2599,0.0068,0.0212,0.972,0.9652,Positive,0.972
t01186,2015-12-17 16:18:00,2015-12-17,2015-12,2015,16,Thursday,instagram,Celebrating #NationalMapleSyrupDay with breakfast artist @saipancakes https://t.co/Ko2qb27jVy https://t.co/bWkb7Hzvel,2110,488,0.0012,0.0483,0.9506,0.9494,Positive,0.9506
t01187,2016-05-02 05:51:00,2016-05-02,2016-05,2016,5,Monday,kimkardashian,Well doll I can't wait either! https://t.co/xvaj6FzkL0,1630,234,0.0022,0.0125,0.9853,0.9831,Positive,0.9853
t01188,2012-08-11 01:53:00,2012-08-11,2012-08,2012,1,Saturday,jtimberlake,Almost 10 pm on a Friday... I hope you guys are doing it big or on your way there right now!!! #Itstheweekend!,238,570,0.0022,0.0391,0.9588,0.9566,Positive,0.9588
t01189,2012-03-27 20:55:00,2012-03-27,2012-03,2012,20,Tuesday,jtimberlake,You guys go check out 100 celebs portraits and quotes in Kate Winslet's new book for the @GoldenHatFoundation! We have big heads. #GoldenHat,87,220,0.0047,0.1638,0.8315,0.8268,Positive,0.8315
t01190,2016-09-27 02:13:00,2016-09-27,2016-09,2016,2,Tuesday,katyperry,"@sofifii there you are, welcome to the party bb",1756,580,0.0025,0.0338,0.9638,0.9613,Positive,0.9638
t01191,2011-02-21 21:46:00,2011-02-21,2011-02,2011,21,Monday,cristiano,"Welcome @Pansita34, new to Twitter, just in time to win for @Twitchange. Thanks for supporting!",70,83,0.0019,0.0112,0.9869,0.9851,Positive,0.9869
t01192,2012-09-19 01:11:00,2012-09-19,2012-09,2012,1,Wednesday,jtimberlake,Be a teenager. #AskJT #TroubleWithTheCurve,153,202,0.1126,0.8063,0.0811,-0.0316,Neutral,0.8063
t01193,2012-11-21 20:06:00,2012-11-21,2012-11,2012,20,Wednesday,britneyspears,You are now now rockin wit @iamwill and Britney Bitch! ;) #GetScreamAndShoutNOW,847,2324,0.005,0.3038,0.6912,0.6862,Positive,0.6912
t01194,2013-01-02 01:14:00,2013-01-02,2013-01,2013,1,Wednesday,selenagomez,"""Blessed"" http://t.co/PTwBzr2H",12076,13199,0.006,0.0464,0.9476,0.9416,Positive,0.9476
t01195,2017-01-12 16:59:00,2017-01-12,2017-01,2017,16,Thursday,cnnbrk,EPA: Fiat Chrysler allegedly installed devices on Jeep Grand Cherokee and Dodge Ram trucks to cheat on emissions.… https://t.co/a13RrkRmn8,328,417,0.4616,0.5247,0.0137,-0.448,Neutral,0.5247
t01196,2016-11-03 15:05:00,2016-11-03,2016-11,2016,15,Thursday,cnnbrk,Defense files a motion for a mistrial in Bridgegate. https://t.co/oclXOQmRl2,165,68,0.0642,0.9005,0.0353,-0.029,Neutral,0.9005
t01197,2016-12-14 02:18:00,2016-12-14,2016-12,2016,2,Wednesday,theellenshow,America loved Alan Thicke. I'm so sad he's gone. Sending so much love to his family.,24154,5140,0.2327,0.1773,0.59,0.3573,Positive,0.59
t01198,2015-09-18 19:36:00,2015-09-18,2015-09,2015,19,Friday,theellenshow,.@RyanHoward is a great guy. Happy to help! http://t.co/lQVpRkYfMn https://t.co/9m2dQLqdVF,1669,469,0.0029,0.0107,0.9863,0.9834,Positive,0.9863
t01199,2017-01-17 23:01:00,2017-01-17,2017-01,2017,23,Tuesday,theellenshow,Thanks to Hawaiian Airlines and Mauna Kea Beach Hotel for doing something very special for these two amazing people… https://t.co/L3GXdFTmCO,2116,214,0.0021,0.0101,0.9878,0.9857,Positive,0.9878
t01200,2015-05-27 02:29:00,2015-05-27,2015-05,2015,2,Wednesday,ddlovato,So fucking excited.... We did it @nickjonas @philymack!!!!!! https://t.co/hQ0YwWMM8X,13457,9400,0.0034,0.0064,0.9902,0.9868,Positive,0.9902
t01201,2013-03-22 22:05:00,2013-03-22,2013-03,2013,22,Friday,rihanna,#BHS #facts they partnered up with Gigi's Playhouse a Down syndrome awareness center and created a video for their banquet and raised 245K,646,857,0.0116,0.7424,0.246,0.2344,Neutral,0.7424
t01202,2011-12-16 19:54:00,2011-12-16,2011-12,2011,19,Friday,cristiano,Some pictures from training today. Getting ready for a very difficult game against Sevilla tomorrow. Hala Madrid! http://t.co/n21JW8fG,228,575,0.0517,0.4653,0.4829,0.4312,Positive,0.4829
t01203,2016-02-08 03:32:00,2016-02-08,2016-02,2016,3,Monday,theellenshow,Congratulations to Peyton Manning and the Denver @Broncos on a great win. Keep your heads up @Panthers. You did good. #SB50,14329,2521,0.003,0.0147,0.9823,0.9793,Positive,0.9823
t01204,2015-11-16 20:12:00,2015-11-16,2015-11,2015,20,Monday,katyperry,"Just a little over a month away, and even Mrs. Claus can't find anything to wear to the holiday… https://t.co/cp6Gsaagyt",12903,5383,0.7245,0.252,0.0235,-0.7009,Negative,0.7245
t01205,2012-11-26 06:49:00,2012-11-26,2012-11,2012,6,Monday,taylorswift13,Just tried reading a hotel shampoo bottle an arms length away from my face to check if I still need contacts-Turns out I do. Eventful night.,11039,11140,0.5487,0.394,0.0573,-0.4914,Negative,0.5487
t01206,2013-03-21 18:05:00,2013-03-21,2013-03,2013,18,Thursday,selenagomez,My favorite... Ms. McAdams http://t.co/7h8pUv1F05,7844,8490,0.0021,0.0201,0.9779,0.9758,Positive,0.9779
t01207,2015-09-19 17:10:00,2015-09-19,2015-09,2015,17,Saturday,kimkardashian,In honor of @carineroitfeld's birthday today I'm going to post a few throwbacks of her birthday party last year! http://t.co/bz16n9vBLa,3030,660,0.0015,0.0979,0.9006,0.899,Positive,0.9006
t01208,2012-03-19 18:07:00,2012-03-19,2012-03,2012,18,Monday,taylorswift13,Oh my God. Just got home. http://t.co/1xV1WPvc,4270,6749,0.2923,0.286,0.4217,0.1294,Positive,0.4217
t01209,2016-02-07 16:04:00,2016-02-07,2016-02,2016,16,Sunday,instagram,The Week on Instagram | 221 https://t.co/wqCbTQlnS7 https://t.co/BVCYLwv5LO,1675,383,0.0059,0.9381,0.0559,0.05,Neutral,0.9381
t01210,2015-09-10 20:25:00,2015-09-10,2015-09,2015,20,Thursday,theellenshow,I love New York. I also love my new New York items in the Ellen Shop. http://t.co/fTWMVDk325,2084,325,0.0018,0.011,0.9872,0.9854,Positive,0.9872
t01211,2015-02-08 23:25:00,2015-02-08,2015-02,2015,23,Sunday,taylorswift13,@TheGRAMMYs @kendricklamar IM NOT CRYING IM NOT CRYING IM NOT CRYING *cries*,16107,9146,0.6027,0.3195,0.0778,-0.525,Negative,0.6027
t01212,2015-06-16 02:42:00,2015-06-16,2015-06,2015,2,Tuesday,justinbieber,@allen_stone meant every word buddy,27269,19112,0.0393,0.6445,0.3162,0.2769,Neutral,0.6445
t01213,2013-08-12 01:35:00,2013-08-12,2013-08,2013,1,Monday,rihanna,"HAPPY BIRTHDAY TO THE LOVE OF MY LIFE, THE ADVIL TO MY HANGOVER, THE BLACK IN MY BLACKOUTS, THE… http://t.co/JmVzbQnIfu",1059,1139,0.0036,0.0167,0.9797,0.9761,Positive,0.9797
t01214,2017-01-18 23:59:00,2017-01-18,2017-01,2017,23,Wednesday,twitter,"@J4CKMULL Rain drop, camp rock.",46,5,0.0171,0.8929,0.09,0.073,Neutral,0.8929
t01215,2014-08-25 21:15:00,2014-08-25,2014-08,2014,21,Monday,ladygaga,RT for Prince. #SupportTheArtist,4024,4092,0.0086,0.5292,0.4622,0.4536,Neutral,0.5292
t01216,2016-07-20 20:37:00,2016-07-20,2016-07,2016,20,Wednesday,jimmyfallon,"Hashtag game! Tweet about a time you got caught doing something funny, weird or embarrassing and tag with #IGotBusted. Could be on the show!",2787,483,0.1566,0.689,0.1543,-0.0023,Neutral,0.689
t01217,2015-01-10 01:19:00,2015-01-10,2015-01,2015,1,Saturday,ddlovato,I’m going to #color2015 with health and love 💪❤️ How about you? (cc: @mysecretcolor),17092,10401,0.0026,0.037,0.9604,0.9578,Positive,0.9604
t01218,2016-06-06 22:00:00,2016-06-06,2016-06,2016,22,Monday,youtube,Step into the '80s with @thestrokes. https://t.co/y2KlkaPt10 https://t.co/DQCKrLDc8f,978,189,0.0046,0.7995,0.1959,0.1913,Neutral,0.7995
t01219,2013-09-29 01:48:00,2013-09-29,2013-09,2013,1,Sunday,rihanna,“@PieceOfRia: @TonneyG4L @rihanna yeah she nailed every single performance. It was beyond epic!” #NoWordsJustDiamonds #DiamondsWorldTour,695,644,0.0037,0.013,0.9832,0.9795,Positive,0.9832
t01220,2015-02-02 02:01:00,2015-02-02,2015-02,2015,2,Monday,britneyspears,Just ran into this guy 😎 @IamStevenT #SuperBowl #reunited #2001halftimeshow http://t.co/KWfgatPJlg,14496,6325,0.0019,0.0653,0.9328,0.9309,Positive,0.9328
t01221,2012-06-21 14:47:00,2012-06-21,2012-06,2012,14,Thursday,jtimberlake,.@Mz908 I know! Somebody jumped on that one...,22,31,0.1632,0.7054,0.1314,-0.0319,Neutral,0.7054
t01222,2017-01-06 13:40:00,2017-01-06,2017-01,2017,13,Friday,cnnbrk,"US economy added 156,000 jobs in December and unemployment rate inched up to 4.7% in last jobs report under Obama. https://t.co/CM6ejlivYx",1272,631,0.0127,0.3672,0.6201,0.6074,Positive,0.6201
t01223,2010-07-20 19:54:00,2010-07-20,2010-07,2010,19,Tuesday,selenagomez,@WonderwallMSN tell my family how much I love them and then go skydiving,99,200,0.0055,0.0548,0.9397,0.9342,Positive,0.9397
t01224,2016-06-20 03:19:00,2016-06-20,2016-06,2016,3,Monday,theellenshow,Such an incredible basketball game! Congrats @KingJames and congrats to the whole city of Cleveland. @cavs #nbafinals,9612,1858,0.0034,0.0091,0.9874,0.984,Positive,0.9874
t01225,2016-10-31 03:47:00,2016-10-31,2016-10,2016,3,Monday,cnnbrk,"The Chicago Cubs beat the Cleveland Indians 3-2 in Game 5 of the World Series, which the Indians lead 3 games to 2.… https://t.co/DwJuNo7ZQr",1731,621,0.0038,0.9028,0.0935,0.0897,Neutral,0.9028
t01226,2014-04-28 20:27:00,2014-04-28,2014-04,2014,20,Monday,katyperry,"MEXICO CITY! I'm adding another show for you on October 18th! Pre-sale begins Monday, May 5th! http://t.co/MbdWNYm6jx #PrismaticWorldTour",6196,3728,0.0018,0.346,0.6522,0.6504,Positive,0.6522
t01227,2016-08-18 05:53:00,2016-08-18,2016-08,2016,5,Thursday,cnnbrk,"US swimmers Bentz,Conger ordered not to leave Brazil until they give statement on reported robbery, attorney says. https://t.co/TMiqFzeT3a",317,251,0.3925,0.5974,0.0101,-0.3824,Neutral,0.5974
t01228,2016-04-24 19:00:00,2016-04-24,2016-04,2016,19,Sunday,instagram,"We're blown away! 2,500 people came together for an epic InstaMeet in Indonesia #WWIM13JAKARTA #LifeOnEarthWWIM13 https://t.co/Z67K5haz7M",874,210,0.0019,0.0138,0.9844,0.9825,Positive,0.9844
t01229,2014-12-08 04:40:00,2014-12-08,2014-12,2014,4,Monday,jtimberlake,"“@NBAonTNT: .@jtimberlake has a second job?"" I'll work the camera every Grizz game if you start putting them on TNT more... #GreaterMemphis",3214,3204,0.0619,0.744,0.1942,0.1323,Neutral,0.744
t01230,2016-09-16 19:16:00,2016-09-16,2016-09,2016,19,Friday,cnnbrk,Nick Gordon found legally responsible for death of Bobbi Kristina Brown in civil hearing. https://t.co/PdW6i4Mdho,597,525,0.2349,0.7446,0.0205,-0.2144,Neutral,0.7446
t01231,2016-08-24 17:09:00,2016-08-24,2016-08,2016,17,Wednesday,kimkardashian,Lost files from Mexico https://t.co/qW3lHr1sRt,23599,6706,0.4373,0.5397,0.023,-0.4143,Neutral,0.5397
t01232,2016-03-26 13:44:00,2016-03-26,2016-03,2016,13,Saturday,cristiano,Working out to recover for the next challenge! 💪🏽✌🏽️🇵🇹 https://t.co/5xXHrhHoX1,19160,4278,0.0055,0.1506,0.8439,0.8383,Positive,0.8439
t01233,2011-03-29 18:38:00,2011-03-29,2011-03,2011,18,Tuesday,twitter,"Arg, broken link in previous Tweet. Here it is in full to see the conversation on this satire: http://t.co/3CJ2Fsz",101,89,0.5872,0.3982,0.0146,-0.5726,Negative,0.5872
t01234,2014-10-20 14:22:00,2014-10-20,2014-10,2014,14,Monday,cristiano,You asked: it was so fantastic to see you in Denmark http://t.co/AtOsN4tq0N,2266,683,0.0022,0.009,0.9889,0.9867,Positive,0.9889
t01235,2016-06-24 21:28:00,2016-06-24,2016-06,2016,21,Friday,ddlovato,So excited!!!! Let's do this @BombaTUF!!! #Bellator157 👊🏼,12609,4977,0.0022,0.009,0.9888,0.9866,Positive,0.9888
t01236,2016-08-06 04:13:00,2016-08-06,2016-08,2016,4,Saturday,theellenshow,I love the Olympics #OpeningCeremony. It reminds me of that time I had to run to the creek when my sleeve caught on fire.,13908,1801,0.0124,0.049,0.9387,0.9263,Positive,0.9387
t01237,2017-01-14 18:29:00,2017-01-14,2017-01,2017,18,Saturday,arianagrande,k good that's doable 🙈 gettin ready for you https://t.co/vIp6XxNddv,15679,3620,0.0062,0.1033,0.8904,0.8842,Positive,0.8904
t01238,2014-10-12 22:33:00,2014-10-12,2014-10,2014,22,Sunday,selenagomez,@D_DELUISE @JakeTAustin @comeagainjen @DavidHenrie @Maria_CB I love you guys,8380,7405,0.0039,0.0195,0.9766,0.9727,Positive,0.9766
t01239,2010-11-23 10:00:00,2010-11-23,2010-11,2010,10,Tuesday,cristiano,Classical match today. Wish us luck.,66,253,0.0021,0.016,0.9819,0.9797,Positive,0.9819
t01240,2015-03-06 18:32:00,2015-03-06,2015-03,2015,18,Friday,ladygaga,"Digital printed plaid mink cocoon coat. An heirloom to be passed down, elegance and sentiment… https://t.co/vDzL2s2BqB",4085,2316,0.0094,0.769,0.2215,0.2121,Neutral,0.769
t01241,2016-08-22 22:12:00,2016-08-22,2016-08,2016,22,Monday,barackobama,We can't wait any longer to restore our Supreme Court to full capacity. Tell Senate leaders: It's time for a vote. https://t.co/INKhdtm2rn,4568,1293,0.1219,0.5696,0.3086,0.1867,Neutral,0.5696
t01242,2016-11-10 01:27:00,2016-11-10,2016-11,2016,1,Thursday,ladygaga,"The chaos in USA is the result of Trump's irresponsible campaigning. He is not a role model, look at this mess he created. #LoveTrumpsHate",27943,12863,0.9484,0.0452,0.0065,-0.9419,Negative,0.9484
t01243,2013-07-01 21:51:00,2013-07-01,2013-07,2013,21,Monday,rihanna,"Welcome to your BIRTHDAY evan_erogers Happy birthday, my phuckin awesome brother and camera killa… http://t.co/FDhHTdDT4i",774,901,0.0022,0.008,0.9899,0.9877,Positive,0.9899
t01244,2015-04-27 10:57:00,2015-04-27,2015-04,2015,10,Monday,katyperry,🇯🇵❤️✌🏻🏰✌🏻❤️🇯🇵 @ The happiest place in...TOKYO! https://t.co/FpirzZVjU1,12443,5977,0.002,0.0123,0.9858,0.9838,Positive,0.9858
t01245,2012-11-12 09:44:00,2012-11-12,2012-11,2012,9,Monday,rihanna,Gone and never forgotten! The American Heroes http://t.co/2vAXvxBN,761,1060,0.0254,0.2203,0.7543,0.729,Positive,0.7543
t01246,2016-01-03 06:14:00,2016-01-03,2016-01,2016,6,Sunday,ddlovato,I admire the heart you show when you're in the ring!! Congrats!! 👏🏼👍🏼 @ufc @Ruthless_RL,10570,4629,0.0034,0.0103,0.9862,0.9828,Positive,0.9862
t01247,2016-04-27 16:00:00,2016-04-27,2016-04,2016,16,Wednesday,youtube,Don’t do this. https://t.co/E2bYuW24vY #WednesdayWisdom https://t.co/rR2McLTLv7,1232,222,0.6825,0.2786,0.0389,-0.6436,Negative,0.6825
t01248,2015-09-10 21:11:00,2015-09-10,2015-09,2015,21,Thursday,justinbieber,Pre-order an autographed album from my store… up at Def Jam signing stuff today! http://t.co/6GtMjefkto http://t.co/Br9CTAk7d9,64814,51147,0.0027,0.5852,0.4121,0.4094,Neutral,0.5852
t01249,2015-11-07 03:02:00,2015-11-07,2015-11,2015,3,Saturday,jimmyfallon,Fun stuff on our show tonight. https://t.co/ibtCPoqE3M #FallonTonight,1197,232,0.0012,0.0182,0.9806,0.9794,Positive,0.9806
t01250,2016-06-14 02:35:00,2016-06-14,2016-06,2016,2,Tuesday,kimkardashian,Nope he's up working on the tour design https://t.co/kV8QQugdAn,2688,756,0.087,0.8438,0.0692,-0.0177,Neutral,0.8438
t01251,2016-12-05 21:29:00,2016-12-05,2016-12,2016,21,Monday,youtube,@IISuperwomanII @HereIsGina More like get you a flawless collab.,157,15,0.0205,0.4102,0.5693,0.5488,Positive,0.5693
t01252,2015-02-24 00:21:00,2015-02-24,2015-02,2015,0,Tuesday,katyperry,"Here's a sneak peek: http://t.co/2AE8fPTRlX. Stay tuned, 🌍🌎🌏!",10755,7389,0.0046,0.6839,0.3116,0.307,Neutral,0.6839
t01253,2015-12-31 23:24:00,2015-12-31,2015-12,2015,23,Thursday,britneyspears,Happy New Years! https://t.co/e9RznsYcWi,16140,7488,0.0041,0.0187,0.9771,0.973,Positive,0.9771
t01254,2016-05-03 19:59:00,2016-05-03,2016-05,2016,19,Tuesday,kimkardashian,Balmain Army https://t.co/j9O2yvcqlG,44799,21070,0.0306,0.8743,0.095,0.0644,Neutral,0.8743
t01255,2015-05-29 22:43:00,2015-05-29,2015-05,2015,22,Friday,theellenshow,What do you call a head with no body and no nose? Nobody knows. #ClassicJokeFriday,6501,3374,0.321,0.619,0.0601,-0.2609,Neutral,0.619
t01256,2016-03-23 00:54:00,2016-03-23,2016-03,2016,0,Wednesday,theellenshow,.@GoFundMe started a campaign to help the victims of today’s terror attack in Brussels. Every little bit helps. https://t.co/QnPx8TOLGC,4681,1472,0.0246,0.4457,0.5297,0.5051,Positive,0.5297
t01257,2014-04-16 22:38:00,2014-04-16,2014-04,2014,22,Wednesday,cristiano,First title of the season. #FinalCopa #champions http://t.co/iMg6HEJSfW,29245,34306,0.0055,0.5667,0.4278,0.4223,Neutral,0.5667
t01258,2017-01-11 19:43:00,2017-01-11,2017-01,2017,19,Wednesday,arianagrande,@HarveyFierstein i love you so much forever,7952,2232,0.0088,0.0171,0.9741,0.9653,Positive,0.9741
t01259,2014-02-02 01:33:00,2014-02-02,2014-02,2014,1,Sunday,jimmyfallon,“@ss_24: @jimmyfallon Does everything count? #BestOfFallon” thank you. But no. Be specific. Jk,337,45,0.0465,0.6947,0.2588,0.2122,Neutral,0.6947
t01260,2015-11-06 20:37:00,2015-11-06,2015-11,2015,20,Friday,ladygaga,Fashion by BAHA EAST https://t.co/G36XSWoqOL,18154,8740,0.0105,0.8372,0.1523,0.1418,Neutral,0.8372
t01261,2015-10-30 20:27:00,2015-10-30,2015-10,2015,20,Friday,theellenshow,"It's the last day to win a 12 Days tkt from @SpinMaster! Run, don’t walk to get @HeadsUp the board game! https://t.co/j6c93z1jC3",954,174,0.0038,0.2541,0.7421,0.7383,Positive,0.7421
t01262,2015-11-13 15:42:00,2015-11-13,2015-11,2015,15,Friday,justinbieber,Let's Push play on #Purpose at 9AM PT. Let's listen to OUR album together :) https://t.co/ZWMJvhasht,44365,35561,0.0018,0.2245,0.7736,0.7718,Positive,0.7736
t01263,2014-11-11 18:10:00,2014-11-11,2014-11,2014,18,Tuesday,barackobama,"You have the power to make real, lasting change, but you're not in it alone. Join the movement: http://t.co/vkXN6UouDJ #OFAction",863,454,0.0179,0.4119,0.5702,0.5523,Positive,0.5702
t01264,2016-12-01 21:00:00,2016-12-01,2016-12,2016,21,Thursday,youtube,Jolene. Jolene. Jolene. *belts* J O L E N E!! @DollyParton + @MileyCyrus + @PTXofficial update a classic →… https://t.co/biIiiDIZlh,2769,632,0.0026,0.0758,0.9216,0.919,Positive,0.9216
t01265,2016-10-07 22:03:00,2016-10-07,2016-10,2016,22,Friday,barackobama,"The uninsured rate is the lowest it's been in decades, thanks to #Obamacare. Spread the word.… https://t.co/ZkN8HVbn3E",6296,1785,0.0106,0.2594,0.73,0.7194,Positive,0.73
t01266,2017-01-07 04:27:00,2017-01-07,2017-01,2017,4,Saturday,britneyspears,Had so much fun in this lovely dress 💜📸 David Roemer https://t.co/IkkV1vc7Zn,16113,3617,0.002,0.0082,0.9898,0.9878,Positive,0.9898
t01267,2016-09-20 04:18:00,2016-09-20,2016-09,2016,4,Tuesday,kimkardashian,Major side eye 👀 https://t.co/djA2NQP6V8,50486,15059,0.0492,0.8658,0.0849,0.0357,Neutral,0.8658
t01268,2016-01-11 03:54:00,2016-01-11,2016-01,2016,3,Monday,instagram,Creating beautiful portraits of the stars at the #GoldenGlobes with @inezandvinoodh https://t.co/8UWcAhwM5s,1290,231,0.0018,0.0365,0.9617,0.9599,Positive,0.9617
t01269,2015-11-09 16:30:00,2015-11-09,2015-11,2015,16,Monday,jimmyfallon,"Tonight on the show: @MichaelKeaton, @Nick_Offerman, and music from @janson_chris! #FallonTonight",1217,254,0.0025,0.5827,0.4147,0.4122,Neutral,0.5827
t01270,2016-09-28 16:51:00,2016-09-28,2016-09,2016,16,Wednesday,rihanna,Fashion party 🤗 https://t.co/Cil0vYStAX,8512,2861,0.003,0.1502,0.8469,0.8439,Positive,0.8469
t01271,2015-04-02 19:36:00,2015-04-02,2015-04,2015,19,Thursday,theellenshow,.@VanHalen can still JUMP! This was incredible. #VanHellen http://t.co/5BkjBJjQOR,1831,574,0.0035,0.0147,0.9818,0.9783,Positive,0.9818
t01272,2013-07-12 14:26:00,2013-07-12,2013-07,2013,14,Friday,jtimberlake,“@shehryartheduck: @jtimberlake 😬😬 can't wait for 9:01pm today #youneverknow #TakeBackTheNight” You won't have to wait for 9:01 PM...,269,196,0.0028,0.0382,0.959,0.9562,Positive,0.959
t01273,2016-07-01 23:38:00,2016-07-01,2016-07,2016,23,Friday,kimkardashian,🍼 Milf $ 🍼 https://t.co/Ayvi0DeZjp,24800,8478,0.0098,0.8431,0.1471,0.1373,Neutral,0.8431
t01274,2015-04-22 22:24:00,2015-04-22,2015-04,2015,22,Wednesday,barackobama,#ClimateChangeIsReal. So is President Obama's 3-point game. http://t.co/M27bxCqJSG,61045,62496,0.2751,0.6295,0.0954,-0.1796,Neutral,0.6295
t01275,2015-10-21 22:37:00,2015-10-21,2015-10,2015,22,Wednesday,ddlovato,Listen to #CONFIDENT on @GooglePlayMusic's Today's Pop Hits Radio!! https://t.co/FcCh7epSnp,7715,5285,0.0022,0.3724,0.6253,0.6231,Positive,0.6253
t01276,2015-01-17 19:25:00,2015-01-17,2015-01,2015,19,Saturday,jimmyfallon,“@youngb3: @jimmyfallon martin kippenberger !!! you're welcome!! http://t.co/7XR0atcvld” you did it!! That's it!!!! Thank you!! Wow!!,1808,415,0.0028,0.0099,0.9873,0.9845,Positive,0.9873
t01277,2015-04-22 21:45:00,2015-04-22,2015-04,2015,21,Wednesday,theellenshow,LIVE on #Periscope: Periscoping @KatieQLowes Periscope #Scandal https://t.co/6JUV4XjKBa,1102,234,0.0209,0.9515,0.0276,0.0067,Neutral,0.9515
t01278,2010-01-28 01:17:00,2010-01-28,2010-01,2010,1,Thursday,twitter,Watch Obama's State of the Union with tweets from the Left & Right: @CBSnews http://bit.ly/7TcKGm or @HuffingtonPost http://bit.ly/kld6.,47,84,0.0055,0.9507,0.0438,0.0383,Neutral,0.9507
t01279,2016-10-15 08:25:00,2016-10-15,2016-10,2016,8,Saturday,cnnbrk,"200 nations reach deal to cut use of HFCs, potent greenhouse gases used in refrigeration and air conditioning.… https://t.co/jm5km9N3rm",594,305,0.1297,0.8332,0.0371,-0.0926,Neutral,0.8332
t01280,2016-07-30 00:30:00,2016-07-30,2016-07,2016,0,Saturday,instagram,Pop Art: Juliana Vido’s illustrated feminism https://t.co/2ZtjaMhvHc,880,145,0.0089,0.8768,0.1143,0.1054,Neutral,0.8768
t01281,2016-11-18 08:16:00,2016-11-18,2016-11,2016,8,Friday,britneyspears,@NicoSlaysYou thank you so much!!!,615,156,0.0084,0.0163,0.9753,0.9669,Positive,0.9753
t01282,2016-10-05 18:30:00,2016-10-05,2016-10,2016,18,Wednesday,instagram,Louis Mendes stands out in NYC’s streets #WHPlocallegends https://t.co/omwQvmxesi,546,86,0.0032,0.2277,0.7692,0.766,Positive,0.7692
t01283,2013-09-16 13:11:00,2013-09-16,2013-09,2013,13,Monday,jimmyfallon,Watching my pal @IAMQUEENLATIFAH right now. So fun. Congrats La!!! #queenlatifah,202,88,0.002,0.0084,0.9896,0.9877,Positive,0.9896
t01284,2015-12-15 16:53:00,2015-12-15,2015-12,2015,16,Tuesday,jimmyfallon,ppplay this pppodcast ppproudly https://t.co/vL86xPKsYj,1465,290,0.0085,0.2093,0.7822,0.7737,Positive,0.7822
t01285,2017-01-11 06:37:00,2017-01-11,2017-01,2017,6,Wednesday,kimkardashian,he always has my back 😜 https://t.co/CRYbvvt7cz,76105,19350,0.0043,0.0533,0.9424,0.9381,Positive,0.9424
t01286,2016-03-25 23:00:00,2016-03-25,2016-03,2016,23,Friday,instagram,Worldwide InstaMeet is coming up next month! Look back at a past event: https://t.co/eA0PeeeTvP. And find a #WWIM13: https://t.co/envxP6brmK,1096,224,0.0028,0.7638,0.2334,0.2305,Neutral,0.7638
t01287,2016-09-02 11:39:00,2016-09-02,2016-09,2016,11,Friday,cristiano,Soon 👍🏼 https://t.co/w6Q4JitA1B,30516,6975,0.0033,0.0646,0.9321,0.9288,Positive,0.9321
t01288,2016-11-18 14:02:00,2016-11-18,2016-11,2016,14,Friday,shakira,It's here! Watch the official video for #Chantaje ft @Maluma now! https://t.co/XQyeBgfqKR ShakHQ,11244,3605,0.0027,0.5161,0.4812,0.4786,Neutral,0.5161
t01289,2016-12-31 12:01:00,2016-12-31,2016-12,2016,12,Saturday,cnnbrk,3 missing after small plane vanishes from radar off Hawaiian coast. https://t.co/b5bzbKjfMJ,278,323,0.4282,0.5608,0.011,-0.4172,Neutral,0.5608
t01290,2015-06-22 22:46:00,2015-06-22,2015-06,2015,22,Monday,ladygaga,This is and will always be who I truly am in my heart. http://t.co/y95swwl353,17762,8972,0.0076,0.158,0.8344,0.8268,Positive,0.8344
t01291,2016-03-21 12:15:00,2016-03-21,2016-03,2016,12,Monday,twitter,"Today is for you too, @KatyPerry! Thanks for bringing your ""Teenage Dream"" and Left Shark to the world. #LoveTwitter https://t.co/2pniEmGCtX",5919,3514,0.0018,0.0122,0.986,0.9843,Positive,0.986
t01292,2014-03-01 15:29:00,2014-03-01,2014-03,2014,15,Saturday,jimmyfallon,Chicago Polar Plungers: I got my ticket. I'm coming. I'm wearing a suit. Wear a necktie (any color) to show solidarity. #PolarPlunge,2060,666,0.0075,0.2621,0.7304,0.7229,Positive,0.7304
t01293,2015-09-06 20:35:00,2015-09-06,2015-09,2015,20,Sunday,shakira,Came to surprise some friends tonight! Vine a sorprender a unos amigos esta noche! Shak http://t.co/3teL6Hf2Yy,7556,2096,0.0018,0.0996,0.8985,0.8967,Positive,0.8985
t01294,2013-05-26 12:57:00,2013-05-26,2013-05,2013,12,Sunday,rihanna,Smart work pays off!!! #workhardballhard http://t.co/i8M72WtBz1,905,1294,0.0104,0.0609,0.9287,0.9183,Positive,0.9287
t01295,2013-05-19 00:13:00,2013-05-19,2013-05,2013,0,Sunday,selenagomez,Come and Get it Dance Covers.... http://t.co/KWqTaOiOlN,4720,6185,0.0035,0.5015,0.495,0.4916,Neutral,0.5015
t01296,2014-01-24 06:04:00,2014-01-24,2014-01,2014,6,Friday,taylorswift13,Today at rehearsals for grammys. I'm trying to remember.. What was the song a lot of you were saying… http://t.co/W8JffEbwq0,15421,14885,0.0143,0.9043,0.0815,0.0672,Neutral,0.9043
t01297,2015-04-13 22:50:00,2015-04-13,2015-04,2015,22,Monday,ladygaga,Can't wait to work with Sarah Paulson on @AHSFX !! 💋 http://t.co/qcz4FZC2UW,31626,20557,0.0013,0.012,0.9867,0.9854,Positive,0.9867
t01298,2011-11-04 23:25:00,2011-11-04,2011-11,2011,23,Friday,taylorswift13,Cat lady. http://t.co/cvdtuAw3,2348,4591,0.0276,0.8574,0.1149,0.0873,Neutral,0.8574
t01299,2016-03-09 03:00:00,2016-03-09,2016-03,2016,3,Wednesday,instagram,A foggy encounter in the Siahkal forest of northern Iran https://t.co/Nna3sXuTO7,1008,177,0.0725,0.9028,0.0248,-0.0477,Neutral,0.9028
t01300,2014-12-03 04:09:00,2014-12-03,2014-12,2014,4,Wednesday,jimmyfallon,Have a great night!! @BWilliams & @theroots bring back the slow jam http://t.co/win6EHSSMO #BW10 #FallonTonight,1298,355,0.0013,0.0156,0.9831,0.9818,Positive,0.9831
t01301,2016-07-20 12:59:00,2016-07-20,2016-07,2016,12,Wednesday,jimmyfallon,"Tonight: Trying something new with Mila Kunis, @birbigs stops by, and music from @ASAPMOB! #FallonTonight",1730,255,0.0024,0.4382,0.5594,0.557,Positive,0.5594
t01302,2012-09-21 20:37:00,2012-09-21,2012-09,2012,20,Friday,twitter,Check out our one-stop-shop for everything Emmys + Twitter! http://t.co/uBhqiP2j,99,116,0.0041,0.4684,0.5275,0.5234,Positive,0.5275
t01303,2016-04-01 05:15:00,2016-04-01,2016-04,2016,5,Friday,justinbieber,@kanyewest 👏🏻👏🏻👏🏻 @fucktyler the goat,55323,32984,0.0045,0.025,0.9705,0.9661,Positive,0.9705
t01304,2015-05-05 17:48:00,2015-05-05,2015-05,2015,17,Tuesday,barackobama,David Letterman and President Obama discussed retirement plans last night. Take a look: http://t.co/ZfMIDfd92e,1454,724,0.0037,0.8626,0.1337,0.13,Neutral,0.8626
t01305,2015-04-21 14:00:00,2015-04-21,2015-04,2015,14,Tuesday,jimmyfallon,.@BigSean and I team up against @llcoolj and Rose Byrne in a game of Pictionary https://t.co/1W7SjQPOYA #FallonTonight,1247,274,0.003,0.8972,0.0998,0.0968,Neutral,0.8972
t01306,2016-05-21 00:15:00,2016-05-21,2016-05,2016,0,Saturday,kimkardashian,OMG!!!!! YESSSSSS SHE IS SEARCHING Ebay NOW! #FACT! https://t.co/Qr3tOJOZVI,5174,803,0.002,0.0204,0.9776,0.9756,Positive,0.9776
t01307,2015-01-21 03:07:00,2015-01-21,2015-01,2015,3,Wednesday,barackobama,"""I’ve seen something like gay marriage go from a wedge issue used to drive us apart to a story of freedom."" —President Obama #SOTU",6373,4238,0.1313,0.7145,0.1542,0.0229,Neutral,0.7145
t01308,2013-12-31 16:06:00,2013-12-31,2013-12,2013,16,Tuesday,britneyspears,@TroyMeaz Thank u! Xoxo!,283,122,0.0041,0.024,0.9719,0.9678,Positive,0.9719
t01309,2016-09-30 21:32:00,2016-09-30,2016-09,2016,21,Friday,barackobama,Parents shouldn't have to choose between a paycheck and taking care of a sick child at home. #LeadOnLeave https://t.co/FF4hTkgOZy,8532,2210,0.4373,0.5302,0.0325,-0.4048,Neutral,0.5302
t01310,2016-05-18 06:13:00,2016-05-18,2016-05,2016,6,Wednesday,ddlovato,Wrote a song today that's stuck in my head and I wish I had it to listen to but it's not fully recorded 😭,26501,9612,0.5114,0.4308,0.0578,-0.4536,Negative,0.5114
t01311,2015-07-23 14:00:00,2015-07-23,2015-07,2015,14,Thursday,selenagomez,So happy! My Fall #adidasneo collection is finally out! Follow @adidasneolabel to find out where to get it. http://t.co/xhPIbrE6Kh,34243,16524,0.0014,0.0102,0.9884,0.987,Positive,0.9884
t01312,2012-01-16 21:25:00,2012-01-16,2012-01,2012,21,Monday,twitter,#Goldenglobe moments w/ the most Twitter buzz: 1) @downtonabbey win 2) Tina Fey photobomb w/ Amy Poehler 3) The Artist wins Best Score (2/3),69,155,0.0026,0.1397,0.8577,0.8551,Positive,0.8577
t01313,2012-11-21 22:15:00,2012-11-21,2012-11,2012,22,Wednesday,britneyspears,Let me hear u #ScreamingAndShouting with tweets if u downloaded the song on iTunes... feeling it people?? http://t.co/kaRLNR2W,486,1138,0.0159,0.586,0.3981,0.3822,Neutral,0.586
t01314,2014-05-12 15:18:00,2014-05-12,2014-05,2014,15,Monday,katyperry,My friend just said her preferred workout method was gardening 😍,9145,4658,0.0045,0.0324,0.9631,0.9586,Positive,0.9631
t01315,2016-05-18 17:30:00,2016-05-18,2016-05,2016,17,Wednesday,instagram,A re-sparked passion for pottery goes global https://t.co/i3UKWDUC9j https://t.co/k6iRi7NcBW,980,207,0.0029,0.162,0.8351,0.8322,Positive,0.8351
t01316,2016-10-20 02:13:00,2016-10-20,2016-10,2016,2,Thursday,cnnbrk,"Donald Trump refuses to say he would accept the result of the election: ""I will look at it at the time."" https://t.co/eC46jKyPmz",941,714,0.6818,0.3095,0.0087,-0.6731,Negative,0.6818
t01317,2015-01-01 01:19:00,2015-01-01,2015-01,2015,1,Thursday,barackobama,MIDNIGHT DEADLINE: Chip in now to keep pushing this movement forward. http://t.co/4WrpJWXTYH,1075,462,0.0046,0.4774,0.5179,0.5133,Positive,0.5179
t01318,2016-01-07 06:01:00,2016-01-07,2016-01,2016,6,Thursday,ddlovato,Congrats @TheEllenShow on your @PeoplesChoice Favorite Humanitarian Award for @StJude!!! ❤️ #PCAs,17739,8035,0.0024,0.0137,0.9839,0.9816,Positive,0.9839
t01319,2016-11-12 14:54:00,2016-11-12,2016-11,2016,14,Saturday,justinbieber,Be kind to each other,202136,128729,0.0701,0.3653,0.5646,0.4944,Positive,0.5646
t01320,2015-08-03 14:56:00,2015-08-03,2015-08,2015,14,Monday,jimmyfallon,Tonight: Meryl Streep is here! Plus Jerrod Carmichael (@NotoriousROD) stops by and music from @alberthammondjr. #FallonTonight,1320,267,0.0018,0.4422,0.5559,0.5541,Positive,0.5559
t01321,2016-11-30 21:30:00,2016-11-30,2016-11,2016,21,Wednesday,instagram,“They gave me hope — to keep fighting to save our planet.” —@NyimasLaula https://t.co/rHaBiSXf9x,555,139,0.0038,0.0475,0.9488,0.945,Positive,0.9488
t01322,2015-08-31 20:36:00,2015-08-31,2015-08,2015,20,Monday,ddlovato,@NICKIMINAJ 😘😘😘 you were killin it as always girl!!!,13112,10398,0.0043,0.0081,0.9876,0.9833,Positive,0.9876
t01323,2016-10-02 03:47:00,2016-10-02,2016-10,2016,3,Sunday,theellenshow,Look at @FLOTUS crushin' a game of @HeadsUp! https://t.co/wYmea3FQwQ https://t.co/8B3aQSYzVm,7440,1261,0.0024,0.0441,0.9535,0.9511,Positive,0.9535
t01324,2012-03-27 17:50:00,2012-03-27,2012-03,2012,17,Tuesday,selenagomez,Btw I love you allllll so much! An awkward kiss for ya http://t.co/arnGdHNs,3333,7184,0.0062,0.0132,0.9806,0.9744,Positive,0.9806
t01325,2016-02-21 10:03:00,2016-02-21,2016-02,2016,10,Sunday,ddlovato,I'm also ready for self-proclaimed feminists to start speaking out or taking action for women's rights.,60376,40088,0.0663,0.6344,0.2993,0.233,Neutral,0.6344
t01326,2015-08-16 07:46:00,2015-08-16,2015-08,2015,7,Sunday,taylorswift13,"LITTLE MIX!! Love these girls!! They smashed it tonight in front of 50,000 screaming fans. Amazing. @LittleMix http://t.co/QuOb9zLLv8",59352,35212,0.0031,0.0067,0.9901,0.987,Positive,0.9901
t01327,2015-10-21 15:19:00,2015-10-21,2015-10,2015,15,Wednesday,instagram,Creating playful art can be a labor of love https://t.co/UXwoknVzYx https://t.co/fUDvHNy5gY,1723,458,0.0046,0.0439,0.9515,0.947,Positive,0.9515
t01328,2015-07-16 19:07:00,2015-07-16,2015-07,2015,19,Thursday,katyperry,Um...Woke up to my first Emmy nomination for the Halftime show!!! V proud of everyone involved especially #leftshark http://t.co/DhD4rRlEFO,26932,12213,0.0024,0.0092,0.9884,0.9861,Positive,0.9884
t01329,2014-05-01 17:22:00,2014-05-01,2014-05,2014,17,Thursday,rihanna,“@KontomitrosNick: Guys keep posting your Rihanna pics on IG with #iHeartRihanna cuz Ma homies are catching up”,2553,1489,0.008,0.6121,0.38,0.372,Neutral,0.6121
t01330,2015-02-20 01:32:00,2015-02-20,2015-02,2015,1,Friday,ddlovato,One day I wanna go to Coachella dressed super boring and normal.,24453,14763,0.3546,0.5179,0.1275,-0.2272,Neutral,0.5179
t01331,2016-05-16 21:00:00,2016-05-16,2016-05,2016,21,Monday,youtube,Diamonds ARE NOT forever. https://t.co/NsF3KklW1L https://t.co/nwgSbJ3LZd,1105,207,0.278,0.6415,0.0805,-0.1976,Neutral,0.6415
t01332,2015-07-30 17:24:00,2015-07-30,2015-07,2015,17,Thursday,kimkardashian,#TBT to my blonde hair & my @premadonna87 waist trainer @waistgangsociety! I don't know what I miss more! LOL http://t.co/7OYmu32zQG,7442,1573,0.0253,0.0963,0.8784,0.8531,Positive,0.8784
t01333,2016-11-29 14:15:00,2016-11-29,2016-11,2016,14,Tuesday,twitter,It's coming. A Q&A with the cast of @starwars #RogueOne streaming LIVE on Twitter this Friday at 1pm ET. https://t.co/Cp1O7zyemu,1417,732,0.0022,0.7392,0.2586,0.2564,Neutral,0.7392
t01334,2016-12-12 15:10:00,2016-12-12,2016-12,2016,15,Monday,ladygaga,"Me performing ""Million Reasons"" from Japan in a golden lotus flower piano. With my sweeties... https://t.co/sHRysew7gX",15118,6660,0.0022,0.1607,0.8371,0.8349,Positive,0.8371
t01335,2013-11-15 21:19:00,2013-11-15,2013-11,2013,21,Friday,jtimberlake,"“@claujt13: I love you I'm voting for @jtimberlake for #AMAs Artist of the Year, you can too here: http://t.co/GsBR0AQb0A” Thank you!!",436,240,0.0023,0.0184,0.9793,0.977,Positive,0.9793
t01336,2015-08-21 21:07:00,2015-08-21,2015-08,2015,21,Friday,theellenshow,Did you hear about the guy who invented the door knocker? He won the no-bell prize. #ClassicJokeFriday,6638,2744,0.0093,0.3007,0.69,0.6807,Positive,0.69
t01337,2016-11-06 12:09:00,2016-11-06,2016-11,2016,12,Sunday,cnnbrk,"US-backed forces in Syria say they're launching an operation to seize Raqqa, ISIS' de facto capital. https://t.co/KdfJKuIshr",775,440,0.2802,0.7071,0.0127,-0.2675,Neutral,0.7071
t01338,2015-04-28 19:41:00,2015-04-28,2015-04,2015,19,Tuesday,twitter,We’ve agreed to acquire @tellapart to accelerate direct response advertising. https://t.co/GygvXRnKpj,593,407,0.0046,0.5158,0.4797,0.4751,Neutral,0.5158
t01339,2016-06-13 16:19:00,2016-06-13,2016-06,2016,16,Monday,kimkardashian,Let the transformation begin.... #BazaarIcons https://t.co/Cabei7ZTMj,7162,961,0.0052,0.3948,0.6,0.5948,Positive,0.6
t01340,2016-12-29 02:04:00,2016-12-29,2016-12,2016,2,Thursday,theellenshow,I can't imagine what Carrie Fisher and Debbie Reynolds' family are going through this week. I send all of my love.,139034,36443,0.5974,0.2798,0.1228,-0.4746,Negative,0.5974
t01341,2017-01-03 19:24:00,2017-01-03,2017-01,2017,19,Tuesday,cnnbrk,Hillary and Bill Clinton to attend Trump inauguration. https://t.co/LcWSWGpSro https://t.co/cqM7ihdWvt,1268,616,0.0064,0.8876,0.106,0.0997,Neutral,0.8876
t01342,2015-12-25 16:14:00,2015-12-25,2015-12,2015,16,Friday,theellenshow,"Wishing you all a Merry Christmas filled with laughter, light and love. Be kind to one another.",14888,3847,0.0041,0.014,0.9818,0.9777,Positive,0.9818
t01343,2016-04-18 18:45:00,2016-04-18,2016-04,2016,18,Monday,kimkardashian,DOUBLE BODY SHAPERS https://t.co/T2Qw03yAD2 https://t.co/t7MuUCdwr5,9742,1896,0.0423,0.8683,0.0894,0.0471,Neutral,0.8683
t01344,2014-04-23 21:13:00,2014-04-23,2014-04,2014,21,Wednesday,katyperry,🍰FOR HIRE🍰 http://t.co/w4rwQAdFfr,13399,8421,0.0096,0.8409,0.1494,0.1398,Neutral,0.8409
t01345,2013-08-09 00:03:00,2013-08-09,2013-08,2013,0,Friday,shakira,• Today's #throwbackthursday pic - great memories of the FIFA World Cup 2010 opening concert... ShakHQ… http://t.co/Z4mw2m9fpX,414,475,0.0021,0.0534,0.9446,0.9425,Positive,0.9446
t01346,2016-05-13 06:12:00,2016-05-13,2016-05,2016,6,Friday,kimkardashian,#TBT Iceland https://t.co/5WYdGL69S9,6555,806,0.0135,0.9218,0.0647,0.0512,Neutral,0.9218
t01347,2013-09-10 00:49:00,2013-09-10,2013-09,2013,0,Tuesday,jtimberlake,Congrats to Rafael Nadal! He threw it down tonight! #USOPEN2013,3153,4702,0.0022,0.0143,0.9835,0.9813,Positive,0.9835
t01348,2016-10-05 01:00:00,2016-10-05,2016-10,2016,1,Wednesday,youtube,[LIVE] Take your seats. The #VPDebate starts now → https://t.co/E8A17ZNLSg https://t.co/K5RVsxxuSV,508,104,0.0039,0.8754,0.1207,0.1169,Neutral,0.8754
t01349,2014-01-23 09:04:00,2014-01-23,2014-01,2014,9,Thursday,selenagomez,Just posted a photo http://t.co/QSOazMeIQR,11217,10335,0.0081,0.7373,0.2546,0.2465,Neutral,0.7373
t01350,2015-08-21 17:22:00,2015-08-21,2015-08,2015,17,Friday,justinbieber,I see u @GiGiHadid thanks #WhatDoYouMean #7days http://t.co/0cVRMqdQAF,48085,41683,0.0027,0.1652,0.832,0.8293,Positive,0.832
t01351,2015-05-21 16:43:00,2015-05-21,2015-05,2015,16,Thursday,taylorswift13,FREAKING OUT RIGHT NOW YOU BROKE THE VEVO WORLD RECORD THANK YOU http://t.co/XTwKCWR4x9 #24hrVevoRecord #BadBloodMusicVideo,50310,28232,0.4948,0.374,0.1312,-0.3637,Negative,0.4948
t01352,2015-10-26 00:32:00,2015-10-26,2015-10,2015,0,Monday,arianagrande,deep breath. gratitude.,33453,22614,0.0095,0.1241,0.8664,0.8568,Positive,0.8664
t01353,2016-12-07 18:23:00,2016-12-07,2016-12,2016,18,Wednesday,youtube,@emodilhowlter Goals. #YouTubeRewind,27,2,0.003,0.0983,0.8987,0.8957,Positive,0.8987
t01354,2013-09-10 23:16:00,2013-09-10,2013-09,2013,23,Tuesday,britneyspears,@MartijnPOP LOVE IT! #YouBettaWorkB,179,151,0.0032,0.0114,0.9853,0.9821,Positive,0.9853
t01355,2017-01-09 01:41:00,2017-01-09,2017-01,2017,1,Monday,cnnbrk,"A suspect in the shooting of a US consulate official in Mexico on Friday has been arrested, authorities said.… https://t.co/fTPTIck9ck",360,216,0.1745,0.8123,0.0133,-0.1612,Neutral,0.8123
t01356,2016-07-02 23:45:00,2016-07-02,2016-07,2016,23,Saturday,instagram,An “exTREEme” moment in London’s Hyde Park #TheWeekOnInstagram https://t.co/JhxUF9FHHA,980,213,0.0046,0.7914,0.204,0.1994,Neutral,0.7914
t01357,2014-10-19 03:48:00,2014-10-19,2014-10,2014,3,Sunday,jtimberlake,"“@freestylesteve: Fla State Fans On Pin's Right Now.. LoL” This game is SO GOOD, bruh!! #NDvsFSU",1812,603,0.0036,0.0162,0.9802,0.9767,Positive,0.9802
t01358,2013-11-18 17:16:00,2013-11-18,2013-11,2013,17,Monday,jtimberlake,“@ElvisPresley: THIS IS BY FAR THE COOLEST THING ON TWITTER EVER. Period. The KING!!!! Wow. What an honor! JT,1332,628,0.0046,0.0076,0.9878,0.9832,Positive,0.9878
t01359,2016-12-19 01:41:00,2016-12-19,2016-12,2016,1,Monday,instagram,All hail Helen Mirren's selfie game 👑 (via @USATODAY) https://t.co/VS7XENUbQi,763,154,0.0022,0.0956,0.9022,0.9,Positive,0.9022
t01360,2014-11-21 20:15:00,2014-11-21,2014-11,2014,20,Friday,britneyspears,You guys and your #MeanTweets... 😏 Thanks for the laughs @jimmykimmel! http://t.co/5MEbYSUncH,4399,2440,0.0051,0.0253,0.9695,0.9644,Positive,0.9695
t01361,2016-08-09 21:35:00,2016-08-09,2016-08,2016,21,Tuesday,theellenshow,"Hapb birthday, @HodaKotb!",2574,214,0.0038,0.0128,0.9833,0.9795,Positive,0.9833
t01362,2016-12-24 07:51:00,2016-12-24,2016-12,2016,7,Saturday,cnnbrk,"Typhoon gaining strength as it draws closer to Philippines, where it's expected to make landfall on Christmas Day. https://t.co/uP2e1SpMg5",355,413,0.0065,0.8252,0.1683,0.1619,Neutral,0.8252
t01363,2010-12-11 14:49:00,2010-12-11,2010-12,2010,14,Saturday,cristiano,They did. @laulapland @Cristiano @LadyGaga I was there too!! In 1st line! It was the best concert ever. sure your family had the best time,45,115,0.0025,0.0077,0.9898,0.9872,Positive,0.9898
t01364,2016-08-31 19:58:00,2016-08-31,2016-08,2016,19,Wednesday,youtube,Peter and Joanna party like college kids in the latest episode of #SingleBy30. https://t.co/Fnp8pXLoFK 💃💃💃 https://t.co/vqeMsuqGat,1254,256,0.0053,0.2306,0.7641,0.7588,Positive,0.7641
t01365,2015-07-28 04:50:00,2015-07-28,2015-07,2015,4,Tuesday,kimkardashian,Good night baby http://t.co/ctMmtz6hNY,93052,33939,0.0109,0.127,0.8621,0.8512,Positive,0.8621
t01366,2015-01-14 01:48:00,2015-01-14,2015-01,2015,1,Wednesday,taylorswift13,Pretty obsessed with sarabareilles's video http://t.co/HP9VEjoJSy,19728,8526,0.0027,0.0383,0.959,0.9563,Positive,0.959
t01367,2014-09-16 00:40:00,2014-09-16,2014-09,2014,0,Tuesday,jimmyfallon,"Rick Perry says he's spent 20 months preparing to run for president. Hillary said, “Call me when you’ve spent 66 YEARS.” #fallonmono",3257,1088,0.1076,0.821,0.0714,-0.0362,Neutral,0.821
t01368,2016-04-07 21:40:00,2016-04-07,2016-04,2016,21,Thursday,youtube,@PhillyChic5 You're welcome! Orange you glad about #PrankAcademy?,144,15,0.0024,0.0308,0.9667,0.9643,Positive,0.9667
t01369,2014-03-23 19:22:00,2014-03-23,2014-03,2014,19,Sunday,shakira,"Watch highlights from Shak's album launch event on Thursday in BCN, including a special performance of ""23"": http://t.co/htxEwWzsLN ShakHQ",720,418,0.0029,0.8038,0.1933,0.1904,Neutral,0.8038
t01370,2011-10-03 03:18:00,2011-10-03,2011-10,2011,3,Monday,taylorswift13,Ahhh!!! Atlanta night 2: My backstage guests: T.I. Nelly and Young Jeezy!! @tip @Nelly_Mo @officialTM103 http://t.co/NOYnQdom,951,2483,0.0014,0.0602,0.9384,0.937,Positive,0.9384
t01371,2015-03-30 06:46:00,2015-03-30,2015-03,2015,6,Monday,jtimberlake,“@BrianFrasierM: Congrats to my other boss @jtimberlake on winning the @iheartradio Innovator Award tonight!!!… https://t.co/TrZfZH1OxT” 🙏,2067,580,0.0018,0.0151,0.9831,0.9812,Positive,0.9831
t01372,2015-09-30 04:47:00,2015-09-30,2015-09,2015,4,Wednesday,taylorswift13,The highlight of our friendship thus far @HAIMtheband PS WE LOVE YOU @Nelly_Mo #1989TourStLouis http://t.co/3USBBookRg,28269,11117,0.0016,0.0096,0.9888,0.9872,Positive,0.9888
t01373,2015-06-06 02:54:00,2015-06-06,2015-06,2015,2,Saturday,arianagrande,sweet dreams https://t.co/A8jf5tMCmt,20221,10044,0.0076,0.0674,0.9251,0.9175,Positive,0.9251
t01374,2016-06-20 18:36:00,2016-06-20,2016-06,2016,18,Monday,katyperry,Get a dad that can do it all❗️https://t.co/wgjEROle5M,10699,3223,0.0366,0.3464,0.617,0.5804,Positive,0.617
t01375,2013-12-28 18:06:00,2013-12-28,2013-12,2013,18,Saturday,cristiano,Happy to win the Globe Soccer Award for Best Player of the Year. Thanks for voting in me. http://t.co/R5dawIRIn5,13759,15363,0.0023,0.0097,0.9879,0.9856,Positive,0.9879
t01376,2016-12-05 23:25:00,2016-12-05,2016-12,2016,23,Monday,twitter,"#TNF is back this Thursday with #OAKvsKC LIVE on Twitter! Who's going to win, #RaiderNation or #ChiefsKingdom? https://t.co/UObnRuqQ0Q",334,128,0.0028,0.628,0.3692,0.3664,Neutral,0.628
t01377,2014-10-02 18:51:00,2014-10-02,2014-10,2014,18,Thursday,barackobama,"""America is better poised to lead and succeed in the 21st century than any other nation on Earth."" —President Obama #AmericaLeads",706,381,0.0028,0.0253,0.9719,0.969,Positive,0.9719
t01378,2016-09-22 16:25:00,2016-09-22,2016-09,2016,16,Thursday,youtube,"Who needs money with friends like these? Get ready for #BrokeShow, a new #YTRedOriginals series starting 9/28.… https://t.co/NrKiuCO9k3",739,121,0.0632,0.6997,0.2371,0.174,Neutral,0.6997
t01379,2013-08-01 18:45:00,2013-08-01,2013-08,2013,18,Thursday,selenagomez,"""I'm sitting pretty on the throne, there's nothing more I want, expect to be alone."" -Lorde http://t.co/xlRgmbSqP8",6708,8990,0.026,0.294,0.68,0.654,Positive,0.68
t01380,2015-10-22 04:04:00,2015-10-22,2015-10,2015,4,Thursday,kimkardashian,"Feeling so very comfortable eating churros with a bunch of pregnant women! Just what I needed, the perfect chill yummy food birthday!!!!",12461,2177,0.0034,0.011,0.9857,0.9823,Positive,0.9857
t01381,2015-08-25 17:27:00,2015-08-25,2015-08,2015,17,Tuesday,barackobama,These fellows are fighting for progress by building new digital organizing skills. Read more: http://t.co/mVjs9ly9wE,854,353,0.0041,0.214,0.7818,0.7777,Positive,0.7818
t01382,2016-09-05 14:29:00,2016-09-05,2016-09,2016,14,Monday,kimkardashian,We will restock the savage & turbo thot bike shorts & body suits soon! Xoxoxoxo #KimojiMerch,3708,422,0.0037,0.1567,0.8396,0.8359,Positive,0.8396
t01383,2015-08-04 22:43:00,2015-08-04,2015-08,2015,22,Tuesday,theellenshow,"Happy birthday, @BarackObama! Sending love to you, Michelle, Sasha, Malia, Bo, Sunny and VP Jazzy Joe.",5608,1150,0.0023,0.0118,0.9859,0.9836,Positive,0.9859
t01384,2016-09-20 22:35:00,2016-09-20,2016-09,2016,22,Tuesday,arianagrande,@bangbangbutera i agree. she will have a moment. for sure.,8018,2343,0.0039,0.195,0.8011,0.7972,Positive,0.8011
t01385,2016-03-01 04:18:00,2016-03-01,2016-03,2016,4,Tuesday,arianagrande,@toulousesdiary goodnight my sweet,9543,3123,0.0052,0.0332,0.9615,0.9563,Positive,0.9615
t01386,2011-12-13 19:30:00,2011-12-13,2011-12,2011,19,Tuesday,taylorswift13,"Took a break from the studio to visit the label, where they gave me this! http://t.co/hJnopi5Q",1965,4602,0.0053,0.6641,0.3306,0.3254,Neutral,0.6641
t01387,2016-04-11 11:15:00,2016-04-11,2016-04,2016,11,Monday,shakira,And it was all yellow https://t.co/plSW7eb2YP,9282,1946,0.4514,0.4742,0.0744,-0.377,Neutral,0.4742
t01388,2016-09-20 19:31:00,2016-09-20,2016-09,2016,19,Tuesday,barackobama,"As the #UNGA meets, take a look at the progress we've made thanks to American leadership in the world. https://t.co/b4T0zGccLH",3586,838,0.0037,0.1681,0.8282,0.8245,Positive,0.8282
t01389,2011-10-28 23:31:00,2011-10-28,2011-10,2011,23,Friday,jtimberlake,Showtime! #InTime,36,149,0.0039,0.5314,0.4648,0.4609,Neutral,0.5314
t01390,2015-12-09 16:14:00,2015-12-09,2015-12,2015,16,Wednesday,instagram,"“Often I’ll be somewhere and I’ll see a pile of stuff and think, ‘Should I stick that on my face?’” —prop master Michael Gump",1960,382,0.1305,0.7699,0.0996,-0.0309,Neutral,0.7699
t01391,2016-02-16 22:36:00,2016-02-16,2016-02,2016,22,Tuesday,kimkardashian,GOING SOLO https://t.co/GYYuxZfuQ2 https://t.co/AaDMA7yMNQ,2939,457,0.0137,0.8047,0.1817,0.168,Neutral,0.8047
t01392,2016-06-20 02:55:00,2016-06-20,2016-06,2016,2,Monday,ladygaga,CONGRATULATIONS CLEVELAND! A real win with a homegrown champion! 🍾💥💥💥🏀🎉#1 https://t.co/htp81DL5by,12738,3859,0.003,0.0109,0.9861,0.9831,Positive,0.9861
t01393,2012-11-08 04:18:00,2012-11-08,2012-11,2012,4,Thursday,rihanna,"1 big room, full o bad bitches http://t.co/SOQNoHGL",1370,1729,0.5714,0.3571,0.0715,-0.4998,Negative,0.5714
t01394,2016-08-06 04:49:00,2016-08-06,2016-08,2016,4,Saturday,kimkardashian,@NjCutie75 thank you!,259,43,0.0084,0.0547,0.9369,0.9284,Positive,0.9369
t01395,2016-04-13 15:46:00,2016-04-13,2016-04,2016,15,Wednesday,barackobama,Read why having nine Supreme Court justices is critical for our judicial system: https://t.co/2M6XYgYlK3 #DoYourJob,2133,777,0.0108,0.5259,0.4633,0.4525,Neutral,0.5259
t01396,2016-05-16 23:45:00,2016-05-16,2016-05,2016,23,Monday,instagram,Twenty surprise visitors arrive at dawn 🐐 https://t.co/mZqkjYrSia,488,83,0.0025,0.2486,0.7489,0.7464,Positive,0.7489
t01397,2016-08-16 19:17:00,2016-08-16,2016-08,2016,19,Tuesday,youtube,@DaRealWillPower Now that's a #FanFest. We're glad you enjoyed Toronto!,54,4,0.0021,0.0088,0.9891,0.987,Positive,0.9891
t01398,2015-12-01 00:15:00,2015-12-01,2015-12,2015,0,Tuesday,ddlovato,Don't let your #CyberMonday end without ordering #DevonneByDemi!FREE SHIPPING & 10% OFF (😜💜) https://t.co/PfGJMeuO0t https://t.co/8Nkj0bSaoa,10864,5363,0.0032,0.099,0.8978,0.8946,Positive,0.8978
t01399,2015-03-31 04:33:00,2015-03-31,2015-03,2015,4,Tuesday,taylorswift13,When 'Worth It' comes on @1027KIISFM and you're in the car with @camilacabello97.... and all chill is lost. http://t.co/zLeAeFcEag,37589,24819,0.1278,0.5522,0.32,0.1923,Neutral,0.5522
t01400,2015-07-26 19:26:00,2015-07-26,2015-07,2015,19,Sunday,kimkardashian,Thx everyone who came out to #TheMasterClass! I hope you learned some amazing make up tricks from @makeupbymario & I http://t.co/cmn1uNvVMi,5022,853,0.002,0.0092,0.9888,0.9868,Positive,0.9888
t01401,2016-12-10 23:30:00,2016-12-10,2016-12,2016,23,Saturday,youtube,Spin if you love Santa. @SheAndHim sing “Winter Wonderland” → https://t.co/LYAXwxhcyc https://t.co/bkXpHfUXFA,1983,431,0.0026,0.1094,0.888,0.8855,Positive,0.888
t01402,2016-12-19 19:31:00,2016-12-19,2016-12,2016,19,Monday,cnnbrk,"Gunman who killed the Russian ambassador to Turkey in Ankara was off-duty police officer, a Turkish official says… https://t.co/Ox5UYhqQfZ",1246,1869,0.5118,0.4787,0.0094,-0.5024,Negative,0.5118
t01403,2016-10-20 17:30:00,2016-10-20,2016-10,2016,17,Thursday,instagram,Photographing nostalgia with @fotografe https://t.co/uKCAdeqB1J,569,92,0.008,0.8182,0.1738,0.1659,Neutral,0.8182
t01404,2015-12-02 20:51:00,2015-12-02,2015-12,2015,20,Wednesday,jtimberlake,Hahahahahahahaha! That's the haircut and that's the jumper. #handdownmandown https://t.co/ZHQjiEjKFv,3155,1154,0.0734,0.3933,0.5333,0.4599,Positive,0.5333
t01405,2017-01-11 23:14:00,2017-01-11,2017-01,2017,23,Wednesday,youtube,@BailieInABottle Sorry Kermie! 😅,12,1,0.3776,0.5329,0.0896,-0.288,Neutral,0.5329
t01406,2016-08-07 13:59:00,2016-08-07,2016-08,2016,13,Sunday,cnnbrk,Iran says it has executed nuclear scientist accused of spying for US. https://t.co/zW87S13HiF https://t.co/AkMU3RIsPi,398,482,0.5166,0.4741,0.0093,-0.5074,Negative,0.5166
t01407,2016-12-22 11:46:00,2016-12-22,2016-12,2016,11,Thursday,cristiano,Breakfast time in my spot👍👍👍🇵🇹 https://t.co/UKNVZROzYn,23118,4104,0.0017,0.0612,0.9371,0.9354,Positive,0.9371
t01408,2010-12-01 18:50:00,2010-12-01,2010-12,2010,18,Wednesday,twitter,"Tweet for World Aids Day now, because by 2015 no child should be born with HIV http://t.co/VmMLScB #turnred",106,1687,0.3569,0.558,0.0851,-0.2718,Neutral,0.558
t01409,2016-01-07 01:44:00,2016-01-07,2016-01,2016,1,Thursday,ddlovato,@brannan1995 not true at all. That shit doesn't bother me anymore,3642,2167,0.7126,0.2396,0.0478,-0.6647,Negative,0.7126
t01410,2015-02-06 16:53:00,2015-02-06,2015-02,2015,16,Friday,ddlovato,Just finished a killer workout while saaaaannnggin to the powerful and incredible @xtina 👏👏👏,22557,13695,0.0038,0.0182,0.9781,0.9743,Positive,0.9781
t01411,2016-04-14 13:00:00,2016-04-14,2016-04,2016,13,Thursday,instagram,Add this your reading list: the best hashtags and accounts for book lovers (via @TandCmag) https://t.co/sSr6sgFswr,1072,260,0.0029,0.1666,0.8305,0.8275,Positive,0.8305
t01412,2015-06-26 22:34:00,2015-06-26,2015-06,2015,22,Friday,britneyspears,Malibu melts my heart http://t.co/jsDXAYXOHo,6006,2155,0.0043,0.025,0.9706,0.9663,Positive,0.9706
t01413,2012-10-23 21:48:00,2012-10-23,2012-10,2012,21,Tuesday,cristiano,I really like this photo from Lilian and Enrique in Mexico! - http://t.co/rAbbTZuS,564,1008,0.0018,0.0149,0.9833,0.9815,Positive,0.9833
t01414,2016-07-11 09:11:00,2016-07-11,2016-07,2016,9,Monday,cristiano,History ❤️❤️ https://t.co/7FAK9kbWUC,141065,69284,0.0025,0.0708,0.9268,0.9243,Positive,0.9268
t01415,2015-09-02 21:51:00,2015-09-02,2015-09,2015,21,Wednesday,arianagrande,"personally...... I consider October ""nearby future"" 👼👼👼👼👼👼👼👼👼👼👼😈😈😈😈😈😈",35301,20144,0.0213,0.6961,0.2826,0.2613,Neutral,0.6961
t01416,2016-06-02 22:43:00,2016-06-02,2016-06,2016,22,Thursday,twitter,"Lighting up the world, #LoveIsLove https://t.co/0HuPPPPoDf https://t.co/RdH6I8KNB0",1881,997,0.002,0.0179,0.9802,0.9782,Positive,0.9802
t01417,2016-12-28 16:43:00,2016-12-28,2016-12,2016,16,Wednesday,cnnbrk,Secretary of State John Kerry warns two-state solution to Israeli-Palestinian conflict is 'in serious jeopardy.'… https://t.co/KkgRH6qm1c,672,459,0.4447,0.5428,0.0125,-0.4323,Neutral,0.5428
t01418,2015-12-25 04:07:00,2015-12-25,2015-12,2015,4,Friday,katyperry,Xmas treasure hunt is on! Clues all wk to make my Moschino dress from #KatyPerryPop yours! https://t.co/0PwrG313kr https://t.co/oUMsmHPAmz,21415,6073,0.003,0.2365,0.7605,0.7575,Positive,0.7605
t01419,2010-07-09 20:03:00,2010-07-09,2010-07,2010,20,Friday,selenagomez,Just landed I'm the US after being gone for 4 months! YAY! I've missed my home but had such an amazing time!,246,695,0.0058,0.0119,0.9824,0.9766,Positive,0.9824
t01420,2014-01-06 01:43:00,2014-01-06,2014-01,2014,1,Monday,rihanna,Hung. Over.,8219,4742,0.3494,0.5893,0.0613,-0.2881,Neutral,0.5893
t01421,2016-02-22 02:08:00,2016-02-22,2016-02,2016,2,Monday,jtimberlake,"What's really good, Cooper?!?! #hatgamestrong https://t.co/DW602dFotM",2917,528,0.0079,0.1406,0.8515,0.8435,Positive,0.8515
t01422,2016-01-18 02:23:00,2016-01-18,2016-01,2016,2,Monday,kimkardashian,this moment was like unreal!!! https://t.co/7mfCZxrn45,2240,412,0.0068,0.0312,0.9619,0.9551,Positive,0.9619
t01423,2015-07-01 18:59:00,2015-07-01,2015-07,2015,18,Wednesday,barackobama,"“We want to educate people, we want to listen to folks, we want to hear good ideas from all sources."" —President Obama #ACAWorks",1864,815,0.0079,0.1858,0.8063,0.7984,Positive,0.8063
t01424,2012-05-06 02:25:00,2012-05-06,2012-05,2012,2,Sunday,jtimberlake,"""@BradLeahking: @jtimberlake is it true you were in New Hampshire... No. But that's a funny enough rumor that I don't care if you spread it.",95,116,0.3371,0.5337,0.1292,-0.2079,Neutral,0.5337
t01425,2014-09-03 21:54:00,2014-09-03,2014-09,2014,21,Wednesday,britneyspears,@arianafrankie3 Cool! That's a good one. xo,402,248,0.0034,0.0131,0.9836,0.9802,Positive,0.9836
t01426,2012-11-29 20:10:00,2012-11-29,2012-11,2012,20,Thursday,britneyspears,"#ScreamingAndShouting! #1 on iTunes, this is amazing. Congrats @iamwill, so happy 2 share this moment w U! And thx 2 all our beautiful fans!",1090,2476,0.0033,0.0063,0.9904,0.9871,Positive,0.9904
t01427,2016-09-25 03:53:00,2016-09-25,2016-09,2016,3,Sunday,ladygaga,@haley_davies thank u girl! 😎,2351,693,0.0038,0.0126,0.9836,0.9798,Positive,0.9836
t01428,2015-10-15 11:30:00,2015-10-15,2015-10,2015,11,Thursday,cristiano,Want to join me when Real Madrid plays El Clasico? ✈⚽ ENTER: http://t.co/beGMnoVLvB and you can help a great cause. http://t.co/P4CNuR0lI3,11574,3480,0.0019,0.0834,0.9147,0.9129,Positive,0.9147
t01429,2015-11-16 20:47:00,2015-11-16,2015-11,2015,20,Monday,theellenshow,Upload a sweet moment to ellentube with #MySweetStory & you could win $10k from @MyMMscom! Sounds pretty sweet to me https://t.co/kcTzEcyLtX,1531,319,0.0019,0.021,0.9771,0.9751,Positive,0.9771
t01430,2014-10-01 22:12:00,2014-10-01,2014-10,2014,22,Wednesday,ladygaga,#CheekToCheek is also available @GooglePlay! DELUXE: http://t.co/bSDF5izsTg STANDARD: http://t.co/Wmjg50wjyi 🎺,2535,1825,0.002,0.2592,0.7389,0.7369,Positive,0.7389
t01431,2015-10-21 02:49:00,2015-10-21,2015-10,2015,2,Wednesday,instagram,.@InstagramMusic wants to see your best fan photos #MHPfanclub https://t.co/PSz8rNfIp1 https://t.co/IoHgSzoVDv,2229,563,0.0025,0.1495,0.848,0.8455,Positive,0.848
t01432,2015-06-22 18:52:00,2015-06-22,2015-06,2015,18,Monday,barackobama,Repealing #Obamacare would leave 19 million Americans without the security of health care: http://t.co/7Rv61ie5L4,1580,864,0.8217,0.1706,0.0078,-0.8139,Negative,0.8217
t01433,2016-04-03 15:00:00,2016-04-03,2016-04,2016,15,Sunday,youtube,He’s the Son of Fire and he’s funky as hell. https://t.co/uBZZhM0MTy https://t.co/UuwpxReJ8T,1596,237,0.0619,0.4497,0.4884,0.4265,Positive,0.4884
t01434,2016-09-30 22:29:00,2016-09-30,2016-09,2016,22,Friday,cnnbrk,"A psychiatric team responded to the El Cajon incident but didn't arrive until after the shooting, police chief says… https://t.co/PD60z0tkQQ",232,191,0.1641,0.8228,0.0131,-0.1509,Neutral,0.8228
t01435,2015-04-27 16:13:00,2015-04-27,2015-04,2015,16,Monday,ladygaga,"A self-portrait In a pant suit By SELF-PORTRAIT. This is my escape suit, when I gotta make a quick… https://t.co/o0h6vUQvY3",5685,3114,0.0157,0.8567,0.1276,0.1119,Neutral,0.8567
t01436,2016-10-29 06:32:00,2016-10-29,2016-10,2016,6,Saturday,britneyspears,Can’t wait to see you all at #PieceOfMe tomorrow night 😘 https://t.co/YyQy9OkSVr,3253,751,0.0012,0.0077,0.991,0.9898,Positive,0.991
t01437,2011-08-30 23:48:00,2011-08-30,2011-08,2011,23,Tuesday,selenagomez,"Dallas!!!!!!! Are you ready? I am so excited to perform in front of my hometown. Don’t forget to take a picture,... http://t.co/75xNMMi",827,2186,0.0013,0.0075,0.9912,0.9898,Positive,0.9912
t01438,2016-04-16 00:30:00,2016-04-16,2016-04,2016,0,Saturday,youtube,"Why you gotta do us like that, asparagus? https://t.co/vK7Xp0ynKN https://t.co/B3aisgsuIg",1317,185,0.9226,0.0713,0.0061,-0.9165,Negative,0.9226
t01439,2014-02-16 18:31:00,2014-02-16,2014-02,2014,18,Sunday,shakira,I'm heading to the UK to perform #CantRememberToForgetYou on @BBCTheVoiceUK on March 29th. Can't wait to be back in London! Shak,1805,1194,0.0011,0.0159,0.983,0.9818,Positive,0.983
t01440,2016-05-05 17:56:00,2016-05-05,2016-05,2016,17,Thursday,theellenshow,"In honor of @CameronDiaz being on my show today, happy #TBT. https://t.co/1U8VpdRhPw",7647,852,0.0016,0.0102,0.9882,0.9866,Positive,0.9882
t01441,2015-10-18 18:37:00,2015-10-18,2015-10,2015,18,Sunday,arianagrande,"ugh.. I love u my outspoken, feminist mama. #EveryonesInterests #MenReadCosmoAndVogue #WomenReadForbesAndRobbReport https://t.co/DD2HPDtAWy",23452,11910,0.0056,0.0259,0.9685,0.9629,Positive,0.9685
t01442,2013-07-28 01:34:00,2013-07-28,2013-07,2013,1,Sunday,britneyspears,@davidhanna happy birthday david!!!,154,159,0.0039,0.011,0.9851,0.9813,Positive,0.9851
t01443,2013-08-03 22:36:00,2013-08-03,2013-08,2013,22,Saturday,britneyspears,It's been lovely chatting with u all! Gotta get back to the grind now. We'll talk more soon. Xo,2215,2511,0.0025,0.0116,0.9858,0.9833,Positive,0.9858
t01444,2012-12-06 21:45:00,2012-12-06,2012-12,2012,21,Thursday,jtimberlake,"""@Snoopy_Dancing: @jtimberlake @BrockStephenso1 JT, my man! It should be, 'How are... I'm from Memphis. That's how we talk. Haha!",79,82,0.0205,0.4431,0.5364,0.5159,Positive,0.5364
t01445,2013-07-20 21:31:00,2013-07-20,2013-07,2013,21,Saturday,selenagomez,Ill be crashing on your couch when the silence gets too loud http://t.co/6j4n6cfe6J,6286,8722,0.603,0.3521,0.0449,-0.5581,Negative,0.603
t01446,2015-07-30 02:45:00,2015-07-30,2015-07,2015,2,Thursday,justinbieber,I got plans #WhatDoYouMean,74995,71483,0.0192,0.7281,0.2527,0.2334,Neutral,0.7281
t01447,2014-09-21 22:37:00,2014-09-21,2014-09,2014,22,Sunday,ladygaga,@AmyGrimesSuxx Anything Goes! 😍,1568,816,0.0024,0.0185,0.9791,0.9767,Positive,0.9791
t01448,2016-08-27 18:52:00,2016-08-27,2016-08,2016,18,Saturday,britneyspears,"If I’m Dancing: “If I’m dancing, I know the music’s good”… Are you dancing? #GloryStreamingParty",5097,2000,0.0094,0.3152,0.6754,0.666,Positive,0.6754
t01449,2016-05-04 02:23:00,2016-05-04,2016-05,2016,2,Wednesday,ddlovato,@PerezHilton relax.. I didn't shade anyone. If anything I shaded myself from how awkward I look 😂,10514,5347,0.2983,0.6087,0.093,-0.2052,Neutral,0.6087
t01450,2016-10-19 03:32:00,2016-10-19,2016-10,2016,3,Wednesday,ladygaga,Surprise B🔪tch. https://t.co/ChrfXXzeyU,26297,13575,0.0339,0.6148,0.3513,0.3174,Neutral,0.6148
t01451,2016-03-01 14:00:00,2016-03-01,2016-03,2016,14,Tuesday,instagram,Featured submissions from this weekend’s hashtag project: #WHPsightsandsounds https://t.co/T1DSKjwhX4 https://t.co/rcfJDmobvG,1169,216,0.0053,0.841,0.1537,0.1484,Neutral,0.841
t01452,2011-10-28 23:53:00,2011-10-28,2011-10,2011,23,Friday,jtimberlake,RT @OriginOfGeorgia @jtimberlake What is it that interested you about #intime,19,23,0.0122,0.8135,0.1743,0.1621,Neutral,0.8135
t01453,2016-10-16 07:30:00,2016-10-16,2016-10,2016,7,Sunday,katyperry,This was one of my favorite parts of the night. ❤️ https://t.co/m7k6AvrFNl,7579,1872,0.003,0.0078,0.9892,0.9863,Positive,0.9892
t01454,2011-06-01 15:37:00,2011-06-01,2011-06,2011,15,Wednesday,selenagomez,So excited to share with you the official tracklist for #WhenTheSunGoesDown http://bit.ly/jt1TGh,838,2856,0.001,0.011,0.988,0.987,Positive,0.988
t01455,2015-09-29 20:47:00,2015-09-29,2015-09,2015,20,Tuesday,ladygaga,"Excited to watch #ScreamQueens tonight at 9pm on FOX, when we show an exclusive preview scene from #AHSHotel! 💋",10736,6496,0.0009,0.0149,0.9842,0.9833,Positive,0.9842
t01456,2011-09-20 18:37:00,2011-09-20,2011-09,2011,18,Tuesday,selenagomez,Had so much fun at Jay Leno last night. What did you guys think? http://t.co/sfgYg8lC,587,1528,0.0017,0.0161,0.9822,0.9805,Positive,0.9822
t01457,2017-01-10 05:22:00,2017-01-10,2017-01,2017,5,Tuesday,katyperry,SISTERS ARE DOIN' IT FOR THEMSELVES! 🙌🏻💪🏻❤️ https://t.co/0shuUYUBEv,17620,4655,0.0031,0.0137,0.9832,0.98,Positive,0.9832
t01458,2013-07-23 20:49:00,2013-07-23,2013-07,2013,20,Tuesday,jtimberlake,"“@GatorMom1983: Are we really talking about facts?? Or rumors? Where do you get your info? Blogs? C'mon, love!!! Don't assume.",512,230,0.4585,0.4865,0.0549,-0.4036,Neutral,0.4865
t01459,2015-10-09 16:26:00,2015-10-09,2015-10,2015,16,Friday,selenagomez,Ahh I don't know. Maybe Body Heat https://t.co/b5dYBJrI9q,8863,5932,0.1039,0.8438,0.0523,-0.0515,Neutral,0.8438
t01460,2016-07-30 19:30:00,2016-07-30,2016-07,2016,19,Saturday,instagram,Lady longboard power in Russia ❤️ #BoomerangOfTheWeek https://t.co/yfxpfQBU81,711,138,0.0035,0.1273,0.8693,0.8658,Positive,0.8693
t01461,2013-08-06 21:04:00,2013-08-06,2013-08,2013,21,Tuesday,cristiano,"Thank you guys, your #support is #amazing. http://t.co/6qHVfedwEv",1500,2245,0.0048,0.0083,0.9869,0.9822,Positive,0.9869
t01462,2016-03-23 20:01:00,2016-03-23,2016-03,2016,20,Wednesday,jimmyfallon,"Hashtag game! Tweet out something funny, weird, or embarrassing that happened at a wedding and tag with #WeddingFail. Could be on our show!",3668,531,0.2801,0.5659,0.154,-0.1261,Neutral,0.5659
t01463,2012-06-21 03:36:00,2012-06-21,2012-06,2012,3,Thursday,jtimberlake,".@akelly728 Aaah!!! Finally... Somebody lets me know that they understood the fun of what I was doing..! Thank you, Alicia. Thank you.",65,50,0.006,0.029,0.9651,0.9591,Positive,0.9651
t01464,2016-11-17 20:50:00,2016-11-17,2016-11,2016,20,Thursday,theellenshow,"Taking time to meet Young Dylan is reason 98,660,706 why I love you, @Drake. https://t.co/cyiARYbP6Z",6503,1288,0.0025,0.0277,0.9698,0.9674,Positive,0.9698
t01465,2014-06-05 13:48:00,2014-06-05,2014-06,2014,13,Thursday,rihanna,Thank you @SuchAF__cKnLADY and @GnLstudios for collaborating on this with @HardRock and #TheClaraLionelFoundation http://t.co/KtTNYF3c6v,8117,3896,0.0018,0.0347,0.9635,0.9617,Positive,0.9635
t01466,2014-12-15 20:08:00,2014-12-15,2014-12,2014,20,Monday,barackobama,"""We're free and safe and secure over here because you're willing to serve over there."" —President Obama #JoiningForces",1104,540,0.0078,0.168,0.8242,0.8164,Positive,0.8242
t01467,2015-11-20 19:34:00,2015-11-20,2015-11,2015,19,Friday,barackobama,Record-breaking temperatures in October keeps 2015 on track to be the hottest year ever: https://t.co/CplyuXjhDU,1755,1203,0.0116,0.5728,0.4156,0.4041,Neutral,0.5728
t01468,2015-06-17 22:39:00,2015-06-17,2015-06,2015,22,Wednesday,theellenshow,Happy #YoureWelcomeWednesday! http://t.co/PT5ynaz1qX,3944,1147,0.003,0.0115,0.9856,0.9826,Positive,0.9856
t01469,2016-04-08 12:40:00,2016-04-08,2016-04,2016,12,Friday,jimmyfallon,We would LOVE to. https://t.co/nfov0MI0GT,1807,221,0.0038,0.0268,0.9695,0.9657,Positive,0.9695
t01470,2016-07-23 07:47:00,2016-07-23,2016-07,2016,7,Saturday,katyperry,@yourperrydise *saves photo*,2485,646,0.015,0.8541,0.1309,0.1159,Neutral,0.8541
t01471,2014-08-07 14:08:00,2014-08-07,2014-08,2014,14,Thursday,jimmyfallon,Megan Fox and @NickCannon face off against @wizkhalifa and me in a game of Pictionary https://t.co/S7t8DsPgmu #FallonTonight,973,279,0.0034,0.9127,0.084,0.0806,Neutral,0.9127
t01472,2016-12-03 05:04:00,2016-12-03,2016-12,2016,5,Saturday,arianagrande,"'tonight we say yes' @madonna raisingmalawi ♡ of all the reasons I live for / adore you, your… https://t.co/QZJJy7sXLi",21312,5986,0.0025,0.021,0.9765,0.974,Positive,0.9765
t01473,2015-07-23 04:25:00,2015-07-23,2015-07,2015,4,Thursday,theellenshow,"Ambrose Jones, you killed it tonight on #LastComic",1751,263,0.005,0.0281,0.9669,0.9618,Positive,0.9669
t01474,2014-11-15 18:21:00,2014-11-15,2014-11,2014,18,Saturday,ladygaga,Mommy can u please play with me while you sign Cheek To Cheek. Treats? Badgers? http://t.co/8Et1Sbtm6p,3794,2656,0.0179,0.5866,0.3955,0.3776,Neutral,0.5866
t01475,2015-10-04 23:27:00,2015-10-04,2015-10,2015,23,Sunday,kimkardashian,Let’s go East Coast! Only 30 more min until a brand new #KUWTK,1853,447,0.002,0.099,0.899,0.897,Positive,0.899
t01476,2015-01-08 15:20:00,2015-01-08,2015-01,2015,15,Thursday,barackobama,"If you don't have health insurance, #GetCovered today: http://t.co/sNkyTfr9y5",1042,681,0.0223,0.6027,0.3751,0.3528,Neutral,0.6027
t01477,2017-01-01 00:36:00,2017-01-01,2017-01,2017,0,Sunday,cnnbrk,"At least 35 people have been killed and 40 injured in a nightclub attack in Istanbul, the city's governor says. https://t.co/4pgwi1X8wq",874,1548,0.8403,0.1541,0.0055,-0.8348,Negative,0.8403
t01478,2015-10-13 19:52:00,2015-10-13,2015-10,2015,19,Tuesday,kimkardashian,Moms! http://t.co/N1DX5JS7rc,9169,1783,0.009,0.3313,0.6596,0.6506,Positive,0.6596
t01479,2014-08-26 19:51:00,2014-08-26,2014-08,2014,19,Tuesday,barackobama,"Watch: Immigration reform, raising the minimum wage, college affordability—it's time for economic #OpportunityForAll. http://t.co/sOOLCETseJ",964,573,0.01,0.4918,0.4981,0.4881,Positive,0.4981
t01480,2016-09-16 23:57:00,2016-09-16,2016-09,2016,23,Friday,cnnbrk,"US Air Force grounds F-35 Joint Strike Fighters, just over a month after they were declared ""combat ready."" https://t.co/QsMmm8pD56",460,360,0.0089,0.9043,0.0868,0.0779,Neutral,0.9043
t01481,2015-08-12 22:37:00,2015-08-12,2015-08,2015,22,Wednesday,ddlovato,#IVotedNJVMA… have you?!? http://t.co/SbZr7mgvuE #VMAs @MTV,10882,7594,0.0072,0.7909,0.2019,0.1948,Neutral,0.7909
t01482,2015-02-18 16:55:00,2015-02-18,2015-02,2015,16,Wednesday,jimmyfallon,Free scoops downstairs at 30 Rock!! @benandjerrys 50th and 6th. 12-1. #TheTonightDough new flavor!!! http://t.co/0SrXwQ5mvZ,1582,444,0.0022,0.2417,0.7562,0.754,Positive,0.7562
t01483,2010-09-17 21:06:00,2010-09-17,2010-09,2010,21,Friday,twitter,A ton of Q's came in but @ev can't type fast enough to get to all of them. Let's do this again soon when you all have access to #newtwitter,53,72,0.2822,0.5497,0.1682,-0.114,Neutral,0.5497
t01484,2016-09-10 19:00:00,2016-09-10,2016-09,2016,19,Saturday,youtube,Eruption selfie! Close-Up View of Mount Semeru Volcano → https://t.co/ErCU7BU3zV https://t.co/s5UhOK6UyJ,1852,361,0.0093,0.8609,0.1298,0.1205,Neutral,0.8609
t01485,2016-05-17 04:03:00,2016-05-17,2016-05,2016,4,Tuesday,jtimberlake,#OfficialVideo of #CantStopTheFeeling. Starts. Now! https://t.co/5z6E12JO5R,7202,3914,0.0089,0.8725,0.1187,0.1098,Neutral,0.8725
t01486,2016-05-04 23:31:00,2016-05-04,2016-05,2016,23,Wednesday,theellenshow,"My digital team won an Emmy! I’m not sure what it’s for exactly, but I think it has something to do with this tweet.",7378,582,0.0033,0.0745,0.9222,0.9188,Positive,0.9222
t01487,2013-03-09 08:40:00,2013-03-09,2013-03,2013,8,Saturday,rihanna,I got the BEST PHUCKIN TEAM!!! #period #clique Each of you play such a crucial part in this whole movement! Thank you all #1Love,1738,2679,0.0057,0.0094,0.9849,0.9793,Positive,0.9849
t01488,2013-01-11 19:14:00,2013-01-11,2013-01,2013,19,Friday,jtimberlake,"I love you guys. But, this teasing is just too much fun! Tick, tock, tick, tock... #YouNeverKnow #JT2013 http://t.co/qdCDVTSR",1776,3460,0.0054,0.0206,0.974,0.9686,Positive,0.974
t01489,2014-06-26 18:37:00,2014-06-26,2014-06,2014,18,Thursday,katyperry,Over 72 million served! Thanks for the award RIAA! #THISISHOWWEDO💁 http://t.co/q71EYFIZv7,7088,4542,0.0024,0.0187,0.9789,0.9766,Positive,0.9789
t01490,2016-05-17 07:11:00,2016-05-17,2016-05,2016,7,Tuesday,cristiano,Ready to play fast! Thanks @nikefootball ⚽🏃🏽💨💥 Get the new #Mercurial first 📲: https://t.co/GzCcnReVsP https://t.co/RSXxPTTowp,17677,4256,0.0017,0.1217,0.8766,0.8749,Positive,0.8766
t01491,2016-09-23 14:13:00,2016-09-23,2016-09,2016,14,Friday,youtube,@OliviaHas2Moms Now that is one patriotic painting. 🇺🇸 #voteIRL,9,2,0.0104,0.0639,0.9258,0.9154,Positive,0.9258
t01492,2016-08-01 03:20:00,2016-08-01,2016-08,2016,3,Monday,cnnbrk,"Britain's Metropolitan police commissioner: Risk of UK terror attack is a case of ""when, not if."" https://t.co/NlYNkZx8Cw",313,292,0.2513,0.7315,0.0172,-0.2341,Neutral,0.7315
t01493,2015-12-29 21:05:00,2015-12-29,2015-12,2015,21,Tuesday,youtube,Join @IISuperwomanII in her campaign to stop girl-on-girl hate. https://t.co/8pE4o9od40 #GirlLove https://t.co/j3xdVacJEm,4260,1360,0.0797,0.5287,0.3916,0.3119,Neutral,0.5287
t01494,2011-01-20 09:06:00,2011-01-20,2011-01,2011,9,Thursday,cristiano,Join me. @TwitChange See how to become a real part of our movement to help troops & their families w/ @tpolamalu - http://say.ly/AQJ6Q8,44,95,0.0044,0.3987,0.5969,0.5925,Positive,0.5969
t01495,2016-11-12 18:04:00,2016-11-12,2016-11,2016,18,Saturday,cristiano,🆕🔝 Love my new Collection 😉 https://t.co/E2zLOUFGP6 https://t.co/l1WsRrCjyC,20362,3938,0.0015,0.0094,0.9892,0.9877,Positive,0.9892
t01496,2016-10-07 13:59:00,2016-10-07,2016-10,2016,13,Friday,barackobama,"The economy added 156,000 jobs in September—extending the longest streak of total job growth on record.",7848,2155,0.0043,0.074,0.9217,0.9173,Positive,0.9217
t01497,2015-05-20 22:34:00,2015-05-20,2015-05,2015,22,Wednesday,taylorswift13,"So excited to be officially starting the 1989 World Tour US leg tonight in Bossier City, LA! @vancejoy is sound checking right now!!!",38770,14461,0.0012,0.0124,0.9864,0.9851,Positive,0.9864
t01498,2014-08-12 15:52:00,2014-08-12,2014-08,2014,15,Tuesday,jimmyfallon,"Tonight: @jessicaalba, @RobRiggle, & @KingsOfLeon! Plus @ace_Frehley sits in w/@TheRoots and #HouseOfCueCards premieres #FallonTonight",1058,288,0.0028,0.7284,0.2689,0.2661,Neutral,0.7284
t01499,2016-01-08 01:02:00,2016-01-08,2016-01,2016,1,Friday,selenagomez,Have you seen the Big Short yet tho..... Just saying https://t.co/S2wz8AGKNL,37891,14776,0.0533,0.8839,0.0628,0.0095,Neutral,0.8839
t01500,2012-12-22 04:46:00,2012-12-22,2012-12,2012,4,Saturday,britneyspears,Still dancing bitches!!! http://t.co/aYqlFSZ1,2108,3910,0.1427,0.4096,0.4477,0.305,Positive,0.4477
t01501,2015-10-21 18:37:00,2015-10-21,2015-10,2015,18,Wednesday,theellenshow,"Today is the day they go back to in ""Back to the Future""! And look! We finally have hoverboards. #BackToTheFuture https://t.co/8gn5nOPL1r",4417,1260,0.0012,0.0409,0.9579,0.9566,Positive,0.9579
t01502,2012-05-01 03:37:00,2012-05-01,2012-05,2012,3,Tuesday,taylorswift13,"Just bought @bobatl's new album, including ""Both of Us"", the song we did. Do it!!!!!!!! (too many exclamation points? Sorry I'm not sorry)",2270,4941,0.0093,0.098,0.8928,0.8835,Positive,0.8928
t01503,2013-03-18 20:28:00,2013-03-18,2013-03,2013,20,Monday,rihanna,#TORONTO it's me and you tonight!!!! #TdotLife #DiamondsWorldTour,2325,3922,0.0029,0.1903,0.8069,0.804,Positive,0.8069
t01504,2016-12-06 15:01:00,2016-12-06,2016-12,2016,15,Tuesday,instagram,We’re introducing 2 new ways to keep Instagram welcoming and safe https://t.co/VKMionSFZq https://t.co/RfaSiBumQx,1062,329,0.002,0.1275,0.8706,0.8686,Positive,0.8706
t01505,2016-08-21 14:21:00,2016-08-21,2016-08,2016,14,Sunday,kimkardashian,Beach selfies of course! 🐚📷🐚 https://t.co/MqneRUVK7t,38157,9043,0.0032,0.1612,0.8356,0.8323,Positive,0.8356
t01506,2015-09-25 14:58:00,2015-09-25,2015-09,2015,14,Friday,shakira,Shak's performing at the Opening Ceremony of the United Nations​'s General Assembly in NYC. Watch live now: http://t.co/WkwunUFq2B ShakHQ,1121,455,0.0031,0.8488,0.1481,0.145,Neutral,0.8488
t01507,2014-07-05 00:29:00,2014-07-05,2014-07,2014,0,Saturday,selenagomez,Just posted a photo http://t.co/3eUfK9CGCo,10278,6678,0.0081,0.7373,0.2546,0.2465,Neutral,0.7373
t01508,2014-01-20 15:19:00,2014-01-20,2014-01,2014,15,Monday,shakira,@BBCR1 so are you going to give me sir dossa's number for that duet then?,543,260,0.0107,0.9448,0.0445,0.0338,Neutral,0.9448
t01509,2016-03-06 21:01:00,2016-03-06,2016-03,2016,21,Sunday,shakira,"Did you check out Shak in the official video for her new song, #TryEverything from the #Zootopia movie? https://t.co/TVVArw03nB ShakHQ",1584,494,0.0035,0.6831,0.3134,0.3099,Neutral,0.6831
t01510,2015-02-11 00:16:00,2015-02-11,2015-02,2015,0,Wednesday,britneyspears,@ddarianlee it's the Valentine's gift that keeps on giving :) Plus how cute is that bear??,430,203,0.003,0.0102,0.9868,0.9838,Positive,0.9868
t01511,2015-02-07 19:00:00,2015-02-07,2015-02,2015,19,Saturday,barackobama,"Watch: In the weekly address, President Obama highlights the country's economic progress. http://t.co/r7fV6DJL2p",1288,580,0.0025,0.2771,0.7204,0.7179,Positive,0.7204
t01512,2016-02-17 15:04:00,2016-02-17,2016-02,2016,15,Wednesday,jimmyfallon,Donald Trump has a heart-to-heart with the cast of @fullerhouse https://t.co/3xmQgbYPLb #FallonTonightLA,2637,950,0.0205,0.9051,0.0745,0.054,Neutral,0.9051
t01513,2015-09-16 04:02:00,2015-09-16,2015-09,2015,4,Wednesday,ladygaga,Thanku my inspiring show collaborators Alex Werz James Scully Steven Galloway Stephan Gan Inez&Vinoodh Nicola Formichetti Samantha Garrett,4395,2083,0.0034,0.0531,0.9435,0.9401,Positive,0.9435
t01514,2016-12-04 17:01:00,2016-12-04,2016-12,2016,17,Sunday,justinbieber,Download @bestfiends FOREVER for free and help to #endAIDS with @RED and @AppStoreGames https://t.co/6AZuIN0MC9… https://t.co/QBS9hUNQEr,78883,37622,0.0043,0.1553,0.8404,0.836,Positive,0.8404
t01515,2016-03-10 23:08:00,2016-03-10,2016-03,2016,23,Thursday,rihanna,.@BritishVogue’s April Issue @manoloblahnik #RihannaxManolo #DenimDesserts https://t.co/D48uMgJDfL,20736,7626,0.0043,0.9224,0.0733,0.069,Neutral,0.9224
t01516,2014-07-10 16:56:00,2014-07-10,2014-07,2014,16,Thursday,katyperry,"#TBT to when I took my tour to DisneyWorld & we had the best time of our lives, proof's up:… http://t.co/MjCnzwh2nI",5465,2825,0.0017,0.0193,0.979,0.9774,Positive,0.979
t01517,2015-12-02 17:42:00,2015-12-02,2015-12,2015,17,Wednesday,kimkardashian,My lifestream is working again! I think I will go live today! But you guys have to update the app so it works on your phones!,3437,529,0.0022,0.0813,0.9165,0.9144,Positive,0.9165
t01518,2015-05-20 15:57:00,2015-05-20,2015-05,2015,15,Wednesday,barackobama,"""The best scientists in the world know that climate change is happening."" —President Obama #ActOnClimate",1919,982,0.009,0.146,0.845,0.8359,Positive,0.845
t01519,2015-07-07 03:12:00,2015-07-07,2015-07,2015,3,Tuesday,taylorswift13,I eat BAD BLOOD for breakfast w/ Quentin Johnston Taylor Swift (Vine by @caleb_natale) https://t.co/6mQbR69NFL,53629,24010,0.0414,0.8587,0.0999,0.0584,Neutral,0.8587
t01520,2015-07-21 06:47:00,2015-07-21,2015-07,2015,6,Tuesday,arianagrande,my babes,31470,18808,0.012,0.0543,0.9338,0.9218,Positive,0.9338
t01521,2016-10-28 21:30:00,2016-10-28,2016-10,2016,21,Friday,youtube,We got a fever and the only prescription is more #PPAP! Pen-Pineapple-Apple-Pen Long Version →… https://t.co/k9f6oVWCeL,1037,252,0.267,0.5534,0.1796,-0.0874,Neutral,0.5534
t01522,2016-08-15 18:45:00,2016-08-15,2016-08,2016,18,Monday,twitter,"More than a three-peat, @UsainBolt's 100m #gold is #Rio2016's most-Tweeted moment so far: https://t.co/fpPuiScarM https://t.co/nJ45hp5PlK",1568,500,0.002,0.0928,0.9051,0.9031,Positive,0.9051
t01523,2016-07-26 18:30:00,2016-07-26,2016-07,2016,18,Tuesday,instagram,Workout tips from social stars @mankofit and Chrysten Crockett 💪 https://t.co/0BE2Rqomke via @TODAYshow,838,166,0.0034,0.5377,0.4589,0.4556,Neutral,0.5377
t01524,2012-11-29 00:08:00,2012-11-29,2012-11,2012,0,Thursday,britneyspears,@katytoxic Followed :) So am I!! Can't wait 4 u all to see....,91,206,0.0017,0.0088,0.9895,0.9878,Positive,0.9895
t01525,2013-06-11 03:16:00,2013-06-11,2013-06,2013,3,Tuesday,shakira,"Incredible night!!! #TeamShakira give some love to my bad girl @SashaAllenMusic / Mi gente, voten por Sasha! http://t.co/sRNIUIvxiH ! Shak",268,396,0.0032,0.028,0.9689,0.9657,Positive,0.9689
t01526,2010-09-14 23:20:00,2010-09-14,2010-09,2010,23,Tuesday,twitter,"Today we’re launching a new Twitter.com—a faster, easier, and richer way to discover what’s new in your world. #NewTwitter",197,3561,0.0018,0.0787,0.9195,0.9178,Positive,0.9195
t01527,2014-08-27 15:10:00,2014-08-27,2014-08,2014,15,Wednesday,barackobama,"""A climate for change: America should not wait while the world warms"" More from @washingtonpost: http://t.co/3v3lfyO1q8 #ActOnClimate",1021,586,0.0285,0.8641,0.1075,0.079,Neutral,0.8641
t01528,2016-12-11 14:47:00,2016-12-11,2016-12,2016,14,Sunday,ladygaga,"Good morning have a beautiful day everyone☀️try & do one kind thing, even small, for someone else. You'll find it does something for u 2.🐣🌱",29471,11549,0.0044,0.0169,0.9787,0.9743,Positive,0.9787
t01529,2016-01-04 16:01:00,2016-01-04,2016-01,2016,16,Monday,instagram,Altering French masterpieces with everyday goodies: https://t.co/JSLGABNlky https://t.co/VI8hEQs0K0,1894,503,0.0047,0.4961,0.4992,0.4945,Positive,0.4992
t01530,2015-06-15 13:54:00,2015-06-15,2015-06,2015,13,Monday,selenagomez,@Pantene ready?!? ❤️💜💙,10653,8668,0.0018,0.0259,0.9723,0.9706,Positive,0.9723
t01531,2016-11-22 01:30:00,2016-11-22,2016-11,2016,1,Tuesday,instagram,Featured submissions from this weekend’s hashtag project: #WHPfamilyfeast https://t.co/04PW1WrPlW https://t.co/eooInmAjLO,537,124,0.0042,0.8176,0.1782,0.174,Neutral,0.8176
t01532,2015-07-01 19:43:00,2015-07-01,2015-07,2015,19,Wednesday,arianagrande,love you more https://t.co/22NEQZyeCT,17819,7402,0.0061,0.036,0.9579,0.9519,Positive,0.9579
t01533,2012-09-26 17:36:00,2012-09-26,2012-09,2012,17,Wednesday,jtimberlake,"Now, THIS is cool... #RyderCup #I'makidinacandystore http://t.co/7WqAhYCT",1700,991,0.0027,0.026,0.9713,0.9686,Positive,0.9713
t01534,2014-11-26 21:56:00,2014-11-26,2014-11,2014,21,Wednesday,ladygaga,"Love a day with Tony, I always leave smiling, or ya know. Working it. 👄 http://t.co/SShVXBlQFw",4197,2796,0.0046,0.0115,0.9839,0.9792,Positive,0.9839
t01535,2016-01-30 21:06:00,2016-01-30,2016-01,2016,21,Saturday,theellenshow,In case you missed @Bobmosesmusic on my show. I can’t stop listening. https://t.co/fMBYHVFMl9,1856,242,0.0024,0.055,0.9426,0.9401,Positive,0.9426
t01536,2013-12-05 20:26:00,2013-12-05,2013-12,2013,20,Thursday,britneyspears,Funny story about that! RT @EmreAkn I love the whistle in the beginning. It gives me chills. And the lyrics are soo emotional :(,632,436,0.0076,0.0233,0.9691,0.9615,Positive,0.9691
t01537,2010-10-07 18:37:00,2010-10-07,2010-10,2010,18,Thursday,twitter,2 million views of #NewTwitter video! You all deserve a free download of the song. Get it here http://t.co/6qQkuTe thx to @freelancewhales!,285,422,0.0019,0.0328,0.9654,0.9635,Positive,0.9654
t01538,2015-04-29 16:11:00,2015-04-29,2015-04,2015,16,Wednesday,jtimberlake,Double UP! Happy Bday! @Sauza901 https://t.co/CZ0CPzuSkD,1621,548,0.003,0.0081,0.989,0.986,Positive,0.989
t01539,2016-07-18 01:41:00,2016-07-18,2016-07,2016,1,Monday,kimkardashian,hi doll! https://t.co/zjMFluYxpo,6687,473,0.004,0.0982,0.8978,0.8938,Positive,0.8978
t01540,2011-10-27 21:01:00,2011-10-27,2011-10,2011,21,Thursday,cristiano,Just finished watching Real Madrid beat Emporio Armani. Hala Madrid! http://t.co/0N4gimRI,205,579,0.0055,0.2664,0.7281,0.7227,Positive,0.7281
t01541,2012-02-21 01:26:00,2012-02-21,2012-02,2012,1,Tuesday,taylorswift13,"I'm gonna be on the Tonight Show with Jay Leno, well, tonight.",1497,3505,0.0025,0.5616,0.4358,0.4333,Neutral,0.5616
t01542,2016-03-21 15:06:00,2016-03-21,2016-03,2016,15,Monday,kimkardashian,My thoughts and prayers go out to Kim Tripp's friends and family! Rest in peace beautiful soul.,10500,1106,0.0384,0.0902,0.8714,0.8331,Positive,0.8714
t01543,2016-02-17 20:32:00,2016-02-17,2016-02,2016,20,Wednesday,arianagrande,"I can now cross ""tweet Rent lyrics"" off my list of campiest things I'll ever do",22625,9506,0.3097,0.4766,0.2137,-0.0961,Neutral,0.4766
t01544,2016-03-13 11:40:00,2016-03-13,2016-03,2016,11,Sunday,rihanna,Jacksonville thank you so much for making my opening night an unforgettable one!!! #SoldOwt #ANTIWORLDTOUR 🎈🔫⚓️ https://t.co/ngLqZtlAGs,31016,11521,0.0018,0.0106,0.9876,0.9858,Positive,0.9876
t01545,2014-04-07 14:19:00,2014-04-07,2014-04,2014,14,Monday,jimmyfallon,“@jwrkdg36: @jimmyfallon My kindergarten class made their own instruments and sang along with you! http://t.co/Q4ZQAewUrQ” that's awesome!!,3468,653,0.0018,0.0074,0.9908,0.989,Positive,0.9908
t01546,2015-07-13 15:22:00,2015-07-13,2015-07,2015,15,Monday,ladygaga,does this thing go to the moon? https://t.co/cEntXUpi2g,4279,2441,0.0165,0.8361,0.1474,0.1309,Neutral,0.8361
t01547,2013-10-03 01:19:00,2013-10-03,2013-10,2013,1,Thursday,jimmyfallon,“@davidagreco: @jimmyfallon What do you not like (besides mayonnaise)?” Mushrooms.,213,70,0.2567,0.7089,0.0343,-0.2224,Neutral,0.7089
t01548,2016-08-29 16:11:00,2016-08-29,2016-08,2016,16,Monday,kimkardashian,I'm so happy we met!!! Can't wait to see you soon! https://t.co/rRHEWgUyjl,23639,3050,0.0022,0.0053,0.9925,0.9902,Positive,0.9925
t01549,2016-12-25 18:45:00,2016-12-25,2016-12,2016,18,Sunday,twitter,The block. The shot. The rematch. Tune into ABC and watch @Warriors and @Cavs exchange gifts on Christmas Day.… https://t.co/HkLRzxZApy,1008,241,0.0032,0.7042,0.2926,0.2895,Neutral,0.7042
t01550,2017-01-04 00:33:00,2017-01-04,2017-01,2017,0,Wednesday,rihanna,"Navy, get a chance at prizes from #FENTYXPUMA, Dior, and more when you donate to the @ClaraLionelFdn until tomorrow… https://t.co/jYvbcKpYiT",19754,4520,0.0043,0.3468,0.6489,0.6445,Positive,0.6489
t01551,2015-03-06 19:11:00,2015-03-06,2015-03,2015,19,Friday,barackobama,LIVE: President Obama is participating in a town hall at @BenedictEDU about youth opportunities. http://t.co/l1rEKQHzkY,827,406,0.0035,0.7287,0.2678,0.2644,Neutral,0.7287
t01552,2015-09-19 00:44:00,2015-09-19,2015-09,2015,0,Saturday,kimkardashian,Me and my boys 😜 http://t.co/hIh3aO9OkY,4421,752,0.0048,0.2301,0.7651,0.7603,Positive,0.7651
t01553,2015-03-26 20:55:00,2015-03-26,2015-03,2015,20,Thursday,barackobama,"""Wall Street reform, what we passed five years ago, is protecting working families and taxpayers."" —President Obama",1111,391,0.0074,0.1264,0.8662,0.8587,Positive,0.8662
t01554,2015-05-20 02:40:00,2015-05-20,2015-05,2015,2,Wednesday,britneyspears,Just two #PrettyGirls having the best time shooting a video… ❤ you @IGGYAZALEA!! http://t.co/2btYHasMBF,6225,2964,0.0024,0.0071,0.9905,0.988,Positive,0.9905
t01555,2015-10-22 17:47:00,2015-10-22,2015-10,2015,17,Thursday,theellenshow,"Happy #ThrowbackThursday, @AndyLassner. I hope you’re ready for this year's Halloween. https://t.co/n5Px9ESs5a",1577,392,0.0014,0.0107,0.9879,0.9864,Positive,0.9879
t01556,2016-02-04 22:26:00,2016-02-04,2016-02,2016,22,Thursday,shakira,Thank you so much for all these sweet videos you guys sent me for my birthday! I love u! Thanks for inspiring me! https://t.co/fyYxdoFiXB,2339,595,0.0032,0.0055,0.9914,0.9882,Positive,0.9914
t01557,2016-03-16 22:11:00,2016-03-16,2016-03,2016,22,Wednesday,twitter,"We'll never hear ""avocado"" the same way again 😂 https://t.co/SO5oDcBmAI https://t.co/6PhCzxwbeV",2148,1010,0.4947,0.405,0.1003,-0.3944,Negative,0.4947
t01558,2014-09-03 15:08:00,2014-09-03,2014-09,2014,15,Wednesday,jimmyfallon,Tonight: @blakeshelton is here to talk and perform! Plus @timheidecker & @ericwareheim are stopping by. #FallonTonight,949,220,0.0019,0.4479,0.5502,0.5483,Positive,0.5502
t01559,2015-12-14 15:39:00,2015-12-14,2015-12,2015,15,Monday,jimmyfallon,"Fun show tonight! Tina Fey, @danedehaan, music from @_KennyRogers and #12DaysOfChristmasSweaters continues! #FallonTonight",1625,303,0.0015,0.0169,0.9817,0.9802,Positive,0.9817
t01560,2012-02-29 02:44:00,2012-02-29,2012-02,2012,2,Wednesday,shakira,It didn't take us long before we started dancing! Shak http://t.co/vKgskyB9,470,890,0.006,0.1558,0.8382,0.8322,Positive,0.8382
t01561,2014-11-06 11:02:00,2014-11-06,2014-11,2014,11,Thursday,katyperry,Michael Jackson always in deez Aussie streets http://t.co/xRi3VpmRZJ,7335,3986,0.0155,0.7472,0.2373,0.2219,Neutral,0.7472
t01562,2015-02-11 00:04:00,2015-02-11,2015-02,2015,0,Wednesday,britneyspears,"Donate $250 and receive a limited edition V-Day tee, a teddy bear, and my Fantasy perfume ❤ Spread the love here: http://t.co/PnKubxP6iz",1843,1825,0.0025,0.0763,0.9213,0.9188,Positive,0.9213
t01563,2014-07-02 21:39:00,2014-07-02,2014-07,2014,21,Wednesday,rihanna,Her Majesty http://t.co/pWb7zzvCXD,21992,9163,0.0189,0.785,0.1961,0.1772,Neutral,0.785
t01564,2016-11-04 14:41:00,2016-11-04,2016-11,2016,14,Friday,youtube,@scotthoying Please tell us what it’s like to be that close to perfection. 👑🐝,414,47,0.0114,0.121,0.8677,0.8563,Positive,0.8677
t01565,2015-10-17 17:20:00,2015-10-17,2015-10,2015,17,Saturday,barackobama,"In the weekly address, President Obama discusses the steps needed to fix our criminal justice system. http://t.co/TIkMUi58f5",1477,628,0.02,0.8644,0.1155,0.0955,Neutral,0.8644
t01566,2017-01-10 23:16:00,2017-01-10,2017-01,2017,23,Tuesday,theellenshow,Who knew living in a trashcan made you such a grouch? @SesameStreet https://t.co/lj1H1IJlnp,2243,233,0.6555,0.3134,0.0312,-0.6243,Negative,0.6555
t01567,2015-03-12 19:37:00,2015-03-12,2015-03,2015,19,Thursday,barackobama,Who will take home the title of #ChampionDenier? Vote now: http://t.co/hFWKz1uKEf http://t.co/l8TGDshzIg,1275,745,0.0063,0.8863,0.1074,0.1011,Neutral,0.8863
t01568,2015-10-21 01:28:00,2015-10-21,2015-10,2015,1,Wednesday,ddlovato,@elisamaria103 see you in new york!!!,2722,1559,0.0022,0.1804,0.8174,0.8153,Positive,0.8174
t01569,2011-05-26 16:52:00,2011-05-26,2011-05,2011,16,Thursday,cristiano,I am proud to have so many great fans. Thank you to everyone that showed their support this season. I enjoy reading... http://say.ly/yMvmeE,330,571,0.0028,0.0074,0.9898,0.987,Positive,0.9898
t01570,2016-10-07 19:27:00,2016-10-07,2016-10,2016,19,Friday,theellenshow,"I was so moved by Jamie’s story, that the whole audience got a huge surprise. https://t.co/ASx6jlbJQc https://t.co/FkCqQAh6Je",1915,217,0.0024,0.0117,0.9858,0.9834,Positive,0.9858
t01571,2016-07-25 21:12:00,2016-07-25,2016-07,2016,21,Monday,youtube,Can you go from @jtimberlake’s “Can’t Stop the Feeling” to @Drake’s “Energy?” https://t.co/dZcGOlZtdm https://t.co/1CZOOTlYJ8,597,83,0.0118,0.9018,0.0864,0.0747,Neutral,0.9018
t01572,2016-08-07 20:07:00,2016-08-07,2016-08,2016,20,Sunday,arianagrande,"#IntoYou top 10 on iTunes today!!! thank you, babies. I'm so happy you're enjoying this album & single. ♡ https://t.co/JrWOuZL1Xj ♡",36153,13434,0.0018,0.0067,0.9915,0.9896,Positive,0.9915
t01573,2013-01-09 09:48:00,2013-01-09,2013-01,2013,9,Wednesday,rihanna,Let's play big bank take lil bank,1119,3026,0.0534,0.6574,0.2892,0.2359,Neutral,0.6574
t01574,2016-06-24 19:05:00,2016-06-24,2016-06,2016,19,Friday,twitter,"On #TakeYourDogToWorkDay, what's the best job for a 🐶 ?",892,348,0.0113,0.5782,0.4105,0.3992,Neutral,0.5782
t01575,2015-01-27 13:51:00,2015-01-27,2015-01,2015,13,Tuesday,twitter,"New! Use Direct Messages to speak privately with a group of up to 20 people. Share Tweets, show emoji & be yourself. https://t.co/8giGhC6OO0",3124,4943,0.0102,0.7801,0.2097,0.1996,Neutral,0.7801
t01576,2016-08-21 13:52:00,2016-08-21,2016-08,2016,13,Sunday,cnnbrk,"Lou Pearlman, who managed *NSYNC and the Backstreet Boys, dies in prison at age 62. https://t.co/9Ma04jvTPy https://t.co/iX5kt6I2GI",487,521,0.2168,0.7584,0.0249,-0.1919,Neutral,0.7584
t01577,2015-11-26 15:15:00,2015-11-26,2015-11,2015,15,Thursday,cristiano,"Whenever visiting #Madeira, don’t miss a visit to Funchal Marketplace “Mercado dos Lavradores” #visitmadeira https://t.co/QDxiGDfBju",11532,2812,0.0024,0.1618,0.8358,0.8334,Positive,0.8358
t01578,2015-01-21 17:41:00,2015-01-21,2015-01,2015,17,Wednesday,barackobama,It's #BigBlockOfCheeseDay: Check out the schedule of White House staff answering your questions. http://t.co/g2EKBztnvL,1181,565,0.0039,0.6211,0.3751,0.3712,Neutral,0.6211
t01579,2013-12-13 04:42:00,2013-12-13,2013-12,2013,4,Friday,britneyspears,Just saw the first cut from my documentary. Excited for y’all to see it on Dec 22 on @eonline,1828,1356,0.0012,0.0176,0.9812,0.98,Positive,0.9812
t01580,2016-08-18 17:30:00,2016-08-18,2016-08,2016,17,Thursday,instagram,A (sort of) synchronized summer splash #WHPsymmetry https://t.co/gPakpq7xnW,765,118,0.0061,0.8305,0.1634,0.1573,Neutral,0.8305
t01581,2016-07-23 07:47:00,2016-07-23,2016-07,2016,7,Saturday,katyperry,@yourperrydise for receipts of course. 💅🏼,2387,642,0.0301,0.3632,0.6067,0.5765,Positive,0.6067
t01582,2015-11-30 02:01:00,2015-11-30,2015-11,2015,2,Monday,kimkardashian,KUWTK starts NOW!!!,2320,669,0.0033,0.1918,0.8049,0.8016,Positive,0.8049
t01583,2014-02-19 04:50:00,2014-02-19,2014-02,2014,4,Wednesday,britneyspears,@biggfrog One of the best :),477,244,0.0041,0.0119,0.984,0.9799,Positive,0.984
t01584,2016-09-20 21:19:00,2016-09-20,2016-09,2016,21,Tuesday,theellenshow,This bar saves lives. This lady loves it. https://t.co/M3YfEuw4xi #LaughDancePartner,1107,141,0.0035,0.0145,0.982,0.9785,Positive,0.982
t01585,2015-09-03 13:59:00,2015-09-03,2015-09,2015,13,Thursday,selenagomez,"Eat, sleep, dance and sing all day long in my leggings. @adidasneolabel #adidasneo http://t.co/Me8I1k7tYF",44440,20200,0.004,0.2198,0.7762,0.7722,Positive,0.7762
t01586,2011-02-10 23:01:00,2011-02-10,2011-02,2011,23,Thursday,selenagomez,�/Just found out I got nominated for 2 Kids Choice Awards and Wizards got nominated too!! Ahhhhhhh so blessed!... http://fb.me/TXPNqh0J,512,1665,0.0041,0.0145,0.9814,0.9773,Positive,0.9814
t01587,2013-09-14 22:03:00,2013-09-14,2013-09,2013,22,Saturday,selenagomez,Until neXt time Germany 💋 http://t.co/QxNy3f4Zrk,6562,8766,0.0049,0.2621,0.733,0.7282,Positive,0.733
t01588,2016-11-05 01:30:00,2016-11-05,2016-11,2016,1,Saturday,arianagrande,she really picked maps smh https://t.co/QApuCe3zup,21716,6214,0.734,0.2461,0.0199,-0.714,Negative,0.734
t01589,2015-10-13 18:11:00,2015-10-13,2015-10,2015,18,Tuesday,katyperry,🙅🏻when they try and serve you a guinea pig sandwich🙅🏻 More highlights here: http://t.co/Yn9C6kNC18 http://t.co/EIiUa0RyW8,15673,6638,0.5402,0.4268,0.033,-0.5072,Negative,0.5402
t01590,2014-04-07 00:51:00,2014-04-07,2014-04,2014,0,Monday,shakira,Shak's about to hit the stage at the @ACMawards /Shak a punto de pisar el escenario en los premios @ACMawards ShakHQ http://t.co/3K3t7nbsLs,3176,1302,0.0031,0.7621,0.2348,0.2317,Neutral,0.7621
t01591,2016-01-07 18:34:00,2016-01-07,2016-01,2016,18,Thursday,kimkardashian,KIMOJI meeting today! Have some exciting things coming up & surprises for you! What do you guys want to see?,5790,903,0.0013,0.0264,0.9723,0.9711,Positive,0.9723
t01592,2016-12-08 18:57:00,2016-12-08,2016-12,2016,18,Thursday,theellenshow,It’s Day 12 of 12 Days. It seems like we’re nearing the end. This could be your last chance to win. https://t.co/eHpzsH5nV1,2276,338,0.061,0.6259,0.3131,0.2521,Neutral,0.6259
t01593,2012-11-02 02:19:00,2012-11-02,2012-11,2012,2,Friday,britneyspears,@Diamondkwhite Keep your head up sweetie. U are so talented & I know this isn't the last time we'll see you. Follow your dream! Xo,582,1168,0.0039,0.0127,0.9833,0.9794,Positive,0.9833
t01594,2016-01-22 07:57:00,2016-01-22,2016-01,2016,7,Friday,justinbieber,It's coming #PURPOSETOUR,135206,97107,0.005,0.3515,0.6435,0.6386,Positive,0.6435
t01595,2015-06-27 20:37:00,2015-06-27,2015-06,2015,20,Saturday,selenagomez,Thanks for supporting the #GoodForYou video and song on @applemusic this week. Love you guys! http://t.co/6uWomqid5m http://t.co/2R1HhVE4rU,33567,19697,0.0026,0.008,0.9894,0.9868,Positive,0.9894
t01596,2016-02-29 09:59:00,2016-02-29,2016-02,2016,9,Monday,ladygaga,"Thank you for standing next to me on stage. Thank you for all the things you said, for listening… https://t.co/Ib9IuUx7AC",13930,5117,0.0025,0.0664,0.931,0.9285,Positive,0.931
t01597,2014-05-05 20:34:00,2014-05-05,2014-05,2014,20,Monday,shakira,Coming soon…/// Muy pronto... #darevideo ShakHQ http://t.co/CAn0uyzWzN,1832,1207,0.005,0.7583,0.2366,0.2316,Neutral,0.7583
t01598,2016-03-03 01:45:00,2016-03-03,2016-03,2016,1,Thursday,instagram,Getting an insider’s View of the U.S. presidential election with @BretBaier https://t.co/zURmRplOni https://t.co/GelWFc1HuM,994,172,0.008,0.9228,0.0692,0.0612,Neutral,0.9228
t01599,2013-05-07 00:50:00,2013-05-07,2013-05,2013,0,Tuesday,rihanna,"Me ""what's the time?"" @JennnRosales ""it's about that time"" #777",922,1187,0.0127,0.8573,0.1299,0.1172,Neutral,0.8573
t01600,2016-12-14 14:02:00,2016-12-14,2016-12,2016,14,Wednesday,twitter,We're making it easier for you to share what's happening in your world. Now you can #GoLive on Twitter!… https://t.co/H4FLIRVSau,10714,5031,0.0018,0.1588,0.8394,0.8376,Positive,0.8394
t01601,2015-10-09 17:24:00,2015-10-09,2015-10,2015,17,Friday,theellenshow,"These sorority girls may have spent the whole time at my show takings selfies, but at least I was in ‘em. http://t.co/V4nve9MJAd",5008,818,0.105,0.5781,0.3169,0.2119,Neutral,0.5781
t01602,2016-02-24 20:16:00,2016-02-24,2016-02,2016,20,Wednesday,jimmyfallon,My friend’s hometown has an annual event where people put beds on wheels and race them. #MyHometownIsWeird,3641,517,0.5488,0.4101,0.0411,-0.5077,Negative,0.5488
t01603,2016-04-20 23:04:00,2016-04-20,2016-04,2016,23,Wednesday,arianagrande,she's actually going to murder me for reposting that but it's the funniest shit I've ever seen sorry mama love you,33614,13637,0.3075,0.1555,0.5371,0.2296,Positive,0.5371
t01604,2014-07-02 23:39:00,2014-07-02,2014-07,2014,23,Wednesday,katyperry,It's no coincidence that it's UFO day AND @ferras's birthday today! Happy birthday freak! 👽 http://t.co/D9ZK0m9ote,5332,2790,0.0019,0.0112,0.9869,0.985,Positive,0.9869
t01605,2015-09-22 21:25:00,2015-09-22,2015-09,2015,21,Tuesday,barackobama,Get your camera ready—this is your chance to meet President Obama. Enter now: http://t.co/0oV4SDhmTC http://t.co/RSAOEK6By5,1770,551,0.0025,0.1701,0.8273,0.8248,Positive,0.8273
t01606,2015-10-24 06:58:00,2015-10-24,2015-10,2015,6,Saturday,kimkardashian,Crew love #BALMAINARMY #HappyBirthdayOlivier https://t.co/zUZBXpZhGp,5640,1313,0.0024,0.0183,0.9793,0.9769,Positive,0.9793
t01607,2015-07-07 03:27:00,2015-07-07,2015-07,2015,3,Tuesday,justinbieber,Look https://t.co/Jt6f8burWB,83341,72263,0.0325,0.7782,0.1892,0.1567,Neutral,0.7782
t01608,2014-09-12 17:00:00,2014-09-12,2014-09,2014,17,Friday,ladygaga,"White & Gold, Thank you Cavalli #TelAviv Touchdown http://t.co/fO2YIKDvou",2806,1821,0.003,0.0998,0.8972,0.8943,Positive,0.8972
t01609,2016-01-07 02:04:00,2016-01-07,2016-01,2016,2,Thursday,ddlovato,@laurensbottom it's perfect! I wish there was more compassion in the world,4012,2669,0.0279,0.0334,0.9387,0.9108,Positive,0.9387
t01610,2012-10-23 20:44:00,2012-10-23,2012-10,2012,20,Tuesday,britneyspears,@BarackObama You have swagg! :) http://t.co/cycJfy05,629,1404,0.0022,0.0258,0.972,0.9697,Positive,0.972
t01611,2014-06-01 11:19:00,2014-06-01,2014-06,2014,11,Sunday,cristiano,"Hey guys, check out the new cool wallpapers on my website. http://t.co/MGroCC4ZQO",2943,1663,0.0014,0.0307,0.9679,0.9665,Positive,0.9679
t01612,2015-10-22 02:28:00,2015-10-22,2015-10,2015,2,Thursday,arianagrande,"new rule..... if i ever say ""soon"" again... you'll know it's 10 or less days away.... 🙊👼🙊👼 https://t.co/hNNXl6b0LR",17303,8297,0.1027,0.7232,0.1741,0.0714,Neutral,0.7232
t01613,2012-01-14 05:59:00,2012-01-14,2012-01,2012,5,Saturday,selenagomez,A mans best friend? More like a girls best friend. http://t.co/2XqwApDB,3122,6896,0.3761,0.5729,0.0509,-0.3252,Neutral,0.5729
t01614,2016-03-25 08:00:00,2016-03-25,2016-03,2016,8,Friday,cristiano,Delighted to wear these!☝⚽ Get exclusive @nikefootball product in the Nike Football App! https://t.co/tXAjIBbTCZ https://t.co/u6ID0ug3BM,21709,4231,0.0013,0.0113,0.9874,0.9861,Positive,0.9874
t01615,2016-04-16 15:25:00,2016-04-16,2016-04,2016,15,Saturday,instagram,The Week on Instagram | 231 https://t.co/kgCr7fZo1Z https://t.co/4mQsuz1aPk,1236,258,0.0064,0.9403,0.0533,0.0469,Neutral,0.9403
t01616,2015-02-12 18:33:00,2015-02-12,2015-02,2015,18,Thursday,barackobama,No more games—Congress should stop the political posturing and make progress on immigration. #EnoughAlready http://t.co/LH2npSuNR4,2334,1614,0.5072,0.4177,0.075,-0.4322,Negative,0.5072
t01617,2013-09-11 16:37:00,2013-09-11,2013-09,2013,16,Wednesday,rihanna,It's always Christmas in London with my ride or die #STELLAMcCartney thank youuu!!! http://t.co/XCsnSYDe6c,851,848,0.0024,0.0185,0.9791,0.9767,Positive,0.9791
t01618,2016-03-15 23:00:00,2016-03-15,2016-03,2016,23,Tuesday,youtube,"Oh, hay there. https://t.co/2Mn3UVxOzd https://t.co/mSBjhl0CkO",1176,203,0.1098,0.7262,0.164,0.0541,Neutral,0.7262
t01619,2016-08-28 09:52:00,2016-08-28,2016-08,2016,9,Sunday,cnnbrk,"16 people die when bombs hit mourners at a wake for kids killed in earlier bombing in Aleppo, monitoring group says. https://t.co/bnSP7JrA8u",460,682,0.7828,0.2107,0.0065,-0.7763,Negative,0.7828
t01620,2016-01-17 19:00:00,2016-01-17,2016-01,2016,19,Sunday,youtube,One cube to rule them all. https://t.co/yNZLkLAGyY https://t.co/WPFLviNkBk,1587,213,0.0163,0.587,0.3967,0.3804,Neutral,0.587
t01621,2016-04-06 06:26:00,2016-04-06,2016-04,2016,6,Wednesday,ddlovato,"Problem is, I can't get it out of my head. I keep hearing all the strings and parts to the song that isn't recorded or even created yet.",25933,9804,0.6275,0.3255,0.047,-0.5806,Negative,0.6275
t01622,2016-04-19 22:24:00,2016-04-19,2016-04,2016,22,Tuesday,youtube,"@UnboxTherapy Quite the unexpected unboxing, huh?",243,8,0.1527,0.7323,0.1149,-0.0378,Neutral,0.7323
t01623,2016-12-26 06:23:00,2016-12-26,2016-12,2016,6,Monday,cnnbrk,"Executions in the United States fell to record lows in 2016, the Death Penalty Information Center says.… https://t.co/yzyDHZohiK",574,254,0.6587,0.3314,0.01,-0.6487,Negative,0.6587
t01624,2016-09-15 18:15:00,2016-09-15,2016-09,2016,18,Thursday,twitter,TONIGHT! #TNF kicks off LIVE on Twitter! Go to ⚡️ Moments or watch LIVE at 8pm ET 👇 https://t.co/eCsgy1y604,768,372,0.0043,0.8384,0.1573,0.153,Neutral,0.8384
t01625,2016-06-21 17:27:00,2016-06-21,2016-06,2016,17,Tuesday,youtube,✅ Pride ✅ Acceptance ✅ Kindness ✅ Love 🌈 Celebrate who you're #ProudToBe. https://t.co/k4fCvqaFxJ https://t.co/qjZcPGGWxz,11900,4814,0.0021,0.0252,0.9727,0.9706,Positive,0.9727
t01626,2015-07-29 15:46:00,2015-07-29,2015-07,2015,15,Wednesday,justinbieber,30 days https://t.co/LgBBhCzh4f,49004,46832,0.0182,0.8894,0.0924,0.0742,Neutral,0.8894
t01627,2017-01-10 23:24:00,2017-01-10,2017-01,2017,23,Tuesday,youtube,@johngreen *cries quietly and whispers* Okay? Okay.,317,30,0.1607,0.7385,0.1008,-0.0599,Neutral,0.7385
t01628,2013-03-04 11:32:00,2013-03-04,2013-03,2013,11,Monday,cristiano,"Already in Manchester, getting ready for the big game tomorrow.",4473,14566,0.0039,0.4006,0.5956,0.5917,Positive,0.5956
t01629,2014-04-25 17:15:00,2014-04-25,2014-04,2014,17,Friday,rihanna,Cover 2. We shot this entire shoot in Brazil with my lover boy teamvivanco ... Brazil I miss you… http://t.co/oFJWqAXt9H,4508,3356,0.0086,0.1907,0.8007,0.7921,Positive,0.8007
t01630,2014-01-31 02:27:00,2014-01-31,2014-01,2014,2,Friday,britneyspears,Spa. Food. Family. =Heaven,4263,2699,0.0064,0.196,0.7976,0.7912,Positive,0.7976
t01631,2016-01-14 15:26:00,2016-01-14,2016-01,2016,15,Thursday,barackobama,"Tune in at 11:05 a.m. ET to watch President Obama participate in a town hall in Baton Rouge, Louisiana: https://t.co/4oJ9cvg1qy",1170,380,0.0037,0.9308,0.0655,0.0618,Neutral,0.9308
t01632,2013-07-02 10:56:00,2013-07-02,2013-07,2013,10,Tuesday,rihanna,Chanel moments http://t.co/ZxicBZWgF6,918,1204,0.0064,0.5282,0.4654,0.459,Neutral,0.5282
t01633,2015-10-24 19:50:00,2015-10-24,2015-10,2015,19,Saturday,ladygaga,WATCH NOW: live stream of #EmotionRevolution conversation with me at @YaleEmotion https://t.co/1UJswvjbmT #IamNotJust,4052,2213,0.0106,0.9159,0.0734,0.0628,Neutral,0.9159
t01634,2015-05-27 03:16:00,2015-05-27,2015-05,2015,3,Wednesday,arianagrande,please always remember how much i adore the absolute shit out of you guys. you make me so happy. damn. thank you.,41084,27621,0.0103,0.0122,0.9774,0.9671,Positive,0.9774
t01635,2016-03-10 21:34:00,2016-03-10,2016-03,2016,21,Thursday,theellenshow,.@Double0AG didn’t win the @NBA Dunk Contest but he did dunk & punk my producer @AndyLassner. He’s a winner to me. https://t.co/3ewxcQvGTv,1806,365,0.0061,0.1229,0.8711,0.865,Positive,0.8711
t01636,2013-04-12 01:14:00,2013-04-12,2013-04,2013,1,Friday,rihanna,Bu$ party!!! Next stop #SanDiego http://t.co/my0qnHJD5h,945,1271,0.013,0.3453,0.6416,0.6286,Positive,0.6416
t01637,2015-12-11 16:09:00,2015-12-11,2015-12,2015,16,Friday,instagram,Appreciating #WorldMountainDay with water engineer and outdoor enthusiast @Jack_Hogan https://t.co/SnkHf0HCRb https://t.co/OMLbGUCkGQ,2408,611,0.0015,0.0166,0.9819,0.9804,Positive,0.9819
t01638,2014-10-05 07:24:00,2014-10-05,2014-10,2014,7,Sunday,taylorswift13,Thanks for being there when I needed a pick-me-up. #1989SecretSessions http://t.co/xOHaVrn8KN,8705,4691,0.0065,0.0979,0.8956,0.8891,Positive,0.8956
t01639,2017-01-06 21:11:00,2017-01-06,2017-01,2017,21,Friday,cnnbrk,"Suspected shooter flew into Fort Lauderdale airport and pulled gun out of checked baggage, officials say.… https://t.co/HMas6KUO5K",630,1054,0.4185,0.5731,0.0084,-0.4101,Neutral,0.5731
t01640,2014-11-03 04:17:00,2014-11-03,2014-11,2014,4,Monday,taylorswift13,She's @_Jencita_ if you want to go tell her how cute she is and how precocious and dancy her baby ALREADY is. I'm not crying I'm not crying,10337,6940,0.0261,0.0925,0.8813,0.8552,Positive,0.8813
t01641,2016-03-23 18:35:00,2016-03-23,2016-03,2016,18,Wednesday,twitter,"When you see ⏪👆⏩ on a GIF, control time — frame by frame. Give these ScratchReels a scrub: https://t.co/zS4NL4sZIr https://t.co/xTrJEzeVvD",1664,467,0.0135,0.8812,0.1052,0.0917,Neutral,0.8812
t01642,2016-01-18 06:07:00,2016-01-18,2016-01,2016,6,Monday,kimkardashian,@KendallJenner I'm on episode 2! This is crazy,5399,661,0.1585,0.3191,0.5223,0.3638,Positive,0.5223
t01643,2016-09-06 18:41:00,2016-09-06,2016-09,2016,18,Tuesday,twitter,"@Nah_shelly Happy birthday, Nashelly! Here's another 🎈",50,15,0.0025,0.0088,0.9887,0.9861,Positive,0.9887
t01644,2016-06-13 22:59:00,2016-06-13,2016-06,2016,22,Monday,kimkardashian,WORK YOUR WASH: DAY 1 https://t.co/FDxTfjs3PE https://t.co/xjUF381pWe,1384,269,0.013,0.7625,0.2245,0.2115,Neutral,0.7625
t01645,2011-10-09 21:08:00,2011-10-09,2011-10,2011,21,Sunday,selenagomez,"Packing for Canada's ""We Own the Night"" Tour..... What should I pack, how cold is it going to be?",1013,3379,0.1002,0.8443,0.0555,-0.0447,Neutral,0.8443
t01646,2016-01-20 21:05:00,2016-01-20,2016-01,2016,21,Wednesday,youtube,It’s quite possible that today is the anniversary of @icecube’s #GoodDay. Look it up. https://t.co/PpBunIdrOV https://t.co/BZxi5Uj2Ey,1344,321,0.0026,0.1955,0.8019,0.7992,Positive,0.8019
t01647,2012-12-18 22:55:00,2012-12-18,2012-12,2012,22,Tuesday,cristiano,@SJ_Miah don't stay up all night. Here it is,70,64,0.2598,0.658,0.0822,-0.1776,Neutral,0.658
t01648,2016-09-20 00:49:00,2016-09-20,2016-09,2016,0,Tuesday,arianagrande,@urkissinmethere i see you i love you,7079,2039,0.0033,0.0324,0.9643,0.961,Positive,0.9643
t01649,2013-12-07 17:31:00,2013-12-07,2013-12,2013,17,Saturday,britneyspears,@danwootton Ur so sweet! I'm so happy you love the album & It Should Be Easy! <3,255,171,0.0034,0.0069,0.9897,0.9863,Positive,0.9897
t01650,2016-10-24 19:38:00,2016-10-24,2016-10,2016,19,Monday,theellenshow,If people tell you that you can’t… remember my friend Marvin. I love this story. https://t.co/NmHWWTt3fe,9124,3078,0.0173,0.0765,0.9063,0.889,Positive,0.9063
t01651,2016-03-30 22:38:00,2016-03-30,2016-03,2016,22,Wednesday,youtube,@TheRobDyke @Corpse_Husband @Be_Busta @LazyMasquerade OMG ... this is gonna be huge. 💀,119,26,0.0115,0.0665,0.922,0.9105,Positive,0.922
t01652,2013-07-15 22:14:00,2013-07-15,2013-07,2013,22,Monday,cristiano,Check out my sister's Katia Aveiro new videoclip. I'm very happy for her. http://t.co/jaWnhQ97mk,1826,2201,0.0024,0.008,0.9896,0.9873,Positive,0.9896
t01653,2015-10-16 20:09:00,2015-10-16,2015-10,2015,20,Friday,ddlovato,Who is listening to #CONFIDENT on @Spotify​ right now??!?! http://t.co/OAwz5i9eB9 https://t.co/XdBqzdOjhI,11123,8278,0.0046,0.7258,0.2697,0.2651,Neutral,0.7258
t01654,2012-08-08 15:29:00,2012-08-08,2012-08,2012,15,Wednesday,cristiano,@camiverea thank you,98,103,0.012,0.1193,0.8688,0.8568,Positive,0.8688
t01655,2015-11-24 14:02:00,2015-11-24,2015-11,2015,14,Tuesday,jimmyfallon,".@Adele and I play ""Box of Lies"" https://t.co/80p0MODDt6 #FallonTonight",2466,636,0.0116,0.9292,0.0591,0.0475,Neutral,0.9292
t01656,2015-09-03 18:05:00,2015-09-03,2015-09,2015,18,Thursday,arianagrande,love u I do,31217,20414,0.0111,0.0632,0.9257,0.9145,Positive,0.9257
t01657,2016-07-18 19:17:00,2016-07-18,2016-07,2016,19,Monday,justinbieber,7 years later and ready again. Thank you https://t.co/dSF2pOTozm,160323,93195,0.0038,0.0679,0.9283,0.9245,Positive,0.9283
t01658,2013-10-28 19:12:00,2013-10-28,2013-10,2013,19,Monday,selenagomez,Off duty http://t.co/3aeOX2S0t4,5286,6274,0.0468,0.8726,0.0806,0.0338,Neutral,0.8726
t01659,2015-11-09 16:38:00,2015-11-09,2015-11,2015,16,Monday,cristiano,If you’re in London come down to Leicester Square at 5pm this evening and say Hi! #ronaldofilm https://t.co/WBBXVaXKD0,10688,4072,0.0029,0.4746,0.5225,0.5197,Positive,0.5225
t01660,2015-06-12 20:19:00,2015-06-12,2015-06,2015,20,Friday,barackobama,States like Hawaii are leading the fight against climate change: http://t.co/V5Z9p0EuFr #SwitchToClean,1843,719,0.0099,0.3875,0.6025,0.5926,Positive,0.6025
t01661,2016-02-20 18:12:00,2016-02-20,2016-02,2016,18,Saturday,theellenshow,"Happy birthday, @Rihanna!Thank you for naming your new album after me. Love, Anti Ellen",12019,3312,0.0023,0.0091,0.9886,0.9862,Positive,0.9886
t01662,2017-01-09 20:22:00,2017-01-09,2017-01,2017,20,Monday,theellenshow,"You know what Biggie said, ""...and if ya don't know, then ya go."" https://t.co/2DN82rrfbI https://t.co/2GQcGb6xsC",1941,197,0.0253,0.7526,0.2222,0.1969,Neutral,0.7526
t01663,2016-03-03 19:53:00,2016-03-03,2016-03,2016,19,Thursday,barackobama,LIVE: President Obama is celebrating Milwaukee's victory in the Healthy Communities Challenge. https://t.co/aB2PNdzoXT,1114,340,0.0018,0.0954,0.9028,0.9009,Positive,0.9028
t01664,2014-10-25 02:14:00,2014-10-25,2014-10,2014,2,Saturday,ladygaga,". @AmyGrimesSux so happy, a most beautiful feeling",2376,1134,0.0055,0.0081,0.9864,0.9809,Positive,0.9864
t01665,2016-12-30 17:30:00,2016-12-30,2016-12,2016,17,Friday,instagram,UFC star Ronda Rousey is motivated by redemption (and revenge) https://t.co/kATgnMmWjK,770,160,0.0111,0.8834,0.1055,0.0945,Neutral,0.8834
t01666,2016-01-13 02:27:00,2016-01-13,2016-01,2016,2,Wednesday,barackobama,Students should be able to get an education without taking on decades' worth of student loan debt. #SOTU https://t.co/taytxY39tM,7327,4398,0.0946,0.7057,0.1997,0.1051,Neutral,0.7057
t01667,2015-06-02 21:14:00,2015-06-02,2015-06,2015,21,Tuesday,barackobama,Join the team that's fighting for LGBT equality: http://t.co/p8ssh2vgKS http://t.co/9jpzHSphzC,4879,2596,0.0032,0.2256,0.7711,0.7679,Positive,0.7711
t01668,2016-09-28 19:19:00,2016-09-28,2016-09,2016,19,Wednesday,cnnbrk,"2 students shot at SC elementary school sent to trauma center; teacher also shot, official says. Teen suspect held.… https://t.co/EHB4byI8Su",505,1017,0.5784,0.4137,0.008,-0.5704,Negative,0.5784
t01669,2016-01-14 23:17:00,2016-01-14,2016-01,2016,23,Thursday,ddlovato,This is how you make an impact. More than a beaded bracelet a @metowe rafiki creates real change! #WeAreStrongerTogether,15639,8087,0.0085,0.1123,0.8792,0.8707,Positive,0.8792
t01670,2016-06-18 23:45:00,2016-06-18,2016-06,2016,23,Saturday,instagram,"“Yoga is an ongoing process. I love that it can never truly be mastered.” —Michelle Thomas, one-half of @yogogirls https://t.co/GUVG7tevQr",863,185,0.006,0.0526,0.9414,0.9354,Positive,0.9414
t01671,2014-10-13 16:38:00,2014-10-13,2014-10,2014,16,Monday,taylorswift13,"""Is that a proper cat?"" -John Cleese PS Meredith in the background just straight chillin. http://t.co/z22OXs7E8A",10511,6087,0.0302,0.8612,0.1086,0.0784,Neutral,0.8612
t01672,2013-09-16 02:45:00,2013-09-16,2013-09,2013,2,Monday,britneyspears,@ReggieGo10 Tonight! 12:01am ET,101,87,0.0073,0.9072,0.0854,0.0781,Neutral,0.9072
t01673,2015-05-15 21:31:00,2015-05-15,2015-05,2015,21,Friday,britneyspears,@WONKABELL0 Loyal #PrettyGirlTalk,635,314,0.0116,0.6657,0.3227,0.311,Neutral,0.6657
t01674,2015-10-27 17:45:00,2015-10-27,2015-10,2015,17,Tuesday,twitter,"Halloween costume goals, courtesy of #HowloweenPets 🎃 https://t.co/f6W4aA8XW1",498,193,0.0035,0.5057,0.4908,0.4874,Neutral,0.5057
t01675,2016-06-03 23:32:00,2016-06-03,2016-06,2016,23,Friday,theellenshow,"The sale of ivory is now illegal in the US. Thank you, @BarackObama. Love, me and the elephants. https://t.co/zRJH7WsUPa",10890,3084,0.0254,0.1816,0.793,0.7675,Positive,0.793
t01676,2016-02-11 22:28:00,2016-02-11,2016-02,2016,22,Thursday,arianagrande,I love you https://t.co/wOgnglNhJP,14213,4722,0.0064,0.0493,0.9443,0.9379,Positive,0.9443
t01677,2010-12-23 17:00:00,2010-12-23,2010-12,2010,17,Thursday,cristiano,And a merry Christmas to you also. @JimmyKellySCO @cristiano merry xmas all the way from scotland,36,80,0.0033,0.0173,0.9794,0.9761,Positive,0.9794
t01678,2016-11-30 08:37:00,2016-11-30,2016-11,2016,8,Wednesday,cnnbrk,"A tornado tore through Alabama & killed 3 people and injured multiple others, officials say. https://t.co/ZNbDxvSbee",354,410,0.7326,0.2584,0.009,-0.7236,Negative,0.7326
t01679,2016-02-03 15:23:00,2016-02-03,2016-02,2016,15,Wednesday,youtube,"Learn ""How to Win Game Day"" with @jakeandamir, @lifeaseva, @flula and friends. https://t.co/OKn9JE6uue https://t.co/DbeCBcDtWC",696,85,0.0033,0.4526,0.5441,0.5408,Positive,0.5441
t01680,2016-03-11 21:00:00,2016-03-11,2016-03,2016,21,Friday,youtube,When you try to put on last spring's jeans and realize they don't fit somehow. https://t.co/LQUxJOqMkY https://t.co/utgu2ExuXA,1531,289,0.6147,0.3614,0.0239,-0.5907,Negative,0.6147
t01681,2013-01-27 19:11:00,2013-01-27,2013-01,2013,19,Sunday,rihanna,11:11 I wish a muthaphucka would,60839,81399,0.2921,0.3709,0.337,0.045,Neutral,0.3709
t01682,2015-03-25 16:27:00,2015-03-25,2015-03,2015,16,Wednesday,barackobama,Think you can nail the punchline? Here's your chance: http://t.co/aUjti19at7 http://t.co/2lAPhU7z9x,1857,787,0.0152,0.3239,0.6609,0.6457,Positive,0.6609
t01683,2012-09-15 20:35:00,2012-09-15,2012-09,2012,20,Saturday,jtimberlake,"""@TraceAyala: Sophia's ready for the game! #goodolrockytop #govols http://t.co/moPypYg3"" Soph!!!! #govols",142,122,0.0028,0.1267,0.8705,0.8677,Positive,0.8705
t01684,2014-09-24 16:13:00,2014-09-24,2014-09,2014,16,Wednesday,ladygaga,".@iTunesMusic A lesson he passed to me from his best friend Duke Ellington who told him ""#1, don't quit. #2, listen to #1"" #AskTonyAndGaga",1954,1186,0.0142,0.5015,0.4843,0.47,Neutral,0.5015
t01685,2015-08-03 19:03:00,2015-08-03,2015-08,2015,19,Monday,kimkardashian,Airplane selfie ✈️📷 http://t.co/HRJ9TMbH44,18541,4387,0.0094,0.8602,0.1304,0.1209,Neutral,0.8602
t01686,2015-03-01 04:49:00,2015-03-01,2015-03,2015,4,Sunday,britneyspears,@geewhizzle awwww thank you!!!!,316,119,0.0072,0.0194,0.9734,0.9661,Positive,0.9734
t01687,2013-09-23 21:10:00,2013-09-23,2013-09,2013,21,Monday,jtimberlake,"“@brokemogul: sorry… YES part 2!!! @jtimberlake” You're good... It's ALL just The 20/20 Experience to me, brother!! #Complete",223,237,0.0053,0.0438,0.9509,0.9457,Positive,0.9509
t01688,2011-07-15 18:11:00,2011-07-15,2011-07,2011,18,Friday,taylorswift13,Watching MuchMusic Video on Trial-- they just showed You Belong With Me. This show is hysterical. can't wait to play in Toronto tonight!!,815,1884,0.002,0.0125,0.9855,0.9834,Positive,0.9855
t01689,2014-11-23 11:03:00,2014-11-23,2014-11,2014,11,Sunday,katyperry,"I DID IT. Finally, after all these years talkin bout it I done climbed your bridge tonight Sydney!… http://t.co/awnjnXbHOK",9307,4221,0.0035,0.0565,0.94,0.9364,Positive,0.94
t01690,2013-12-27 20:52:00,2013-12-27,2013-12,2013,20,Friday,selenagomez,Ok so my phone IS about to die and clearly I'm using way too many emoticons... I am obsessed. Y'all… http://t.co/PFf59l3U9B,10576,9712,0.7159,0.1999,0.0842,-0.6317,Negative,0.7159
t01691,2011-02-04 18:06:00,2011-02-04,2011-02,2011,18,Friday,selenagomez,"Argentina--I am getting ready for the show tonight. Can't wait to see you all, ready to have some fun?",1273,2976,0.0014,0.0111,0.9875,0.9861,Positive,0.9875
t01692,2013-10-16 13:31:00,2013-10-16,2013-10,2013,13,Wednesday,katyperry,@sIaylorswift Universal music is watching your timeline bb 👀 😘,1585,1719,0.0059,0.4373,0.5569,0.551,Positive,0.5569
t01693,2016-11-05 02:53:00,2016-11-05,2016-11,2016,2,Saturday,arianagrande,i love and appreciate you,65311,33614,0.0073,0.0494,0.9433,0.936,Positive,0.9433
t01694,2016-09-20 22:54:00,2016-09-20,2016-09,2016,22,Tuesday,arianagrande,@igotpayne planning on it. there are too many songs i want to do for you! each night will be a unique experience. I really like that.,8751,2541,0.0031,0.0105,0.9864,0.9833,Positive,0.9864
t01695,2015-07-22 16:43:00,2015-07-22,2015-07,2015,16,Wednesday,barackobama,"Check out the President's final appearance on @TheDailyShow—and his newest ""executive order"": http://t.co/E9BGlTyEaS http://t.co/ku6QZx2nE1",2321,907,0.0045,0.8835,0.1119,0.1074,Neutral,0.8835
t01696,2015-06-26 19:36:00,2015-06-26,2015-06,2015,19,Friday,ddlovato,Fuck yeah America #LovesWins 🌈🎉💖,44372,34976,0.0058,0.0218,0.9723,0.9665,Positive,0.9723
t01697,2015-06-13 02:46:00,2015-06-13,2015-06,2015,2,Saturday,jimmyfallon,@Naqi_Abbas15 nice,120,22,0.0129,0.0673,0.9198,0.9069,Positive,0.9198
t01698,2014-09-11 17:34:00,2014-09-11,2014-09,2014,17,Thursday,ladygaga,@GagasHookercorn um noticed!,1654,816,0.0085,0.6446,0.347,0.3385,Neutral,0.6446
t01699,2015-09-17 18:53:00,2015-09-17,2015-09,2015,18,Thursday,shakira,Squawk! Did you check out the trailer for my guest appearance on @AngryBirds POP? https://t.co/XBWxYCFtUc ShakBird,903,399,0.003,0.6611,0.3358,0.3328,Neutral,0.6611
t01700,2013-08-18 04:36:00,2013-08-18,2013-08,2013,4,Sunday,taylorswift13,I'm 100. Sorry not sorry. #lawandorder #tea #idontreallyknowwhathashtaggingisordoes http://t.co/Krc0QFhiQ0,21738,16627,0.4906,0.4418,0.0677,-0.4229,Negative,0.4906
t01701,2016-03-02 23:37:00,2016-03-02,2016-03,2016,23,Wednesday,youtube,@Sajusa_ Metal is always appropriate!,15,32,0.0073,0.0929,0.8997,0.8924,Positive,0.8997
t01702,2012-07-30 23:11:00,2012-07-30,2012-07,2012,23,Monday,shakira,Two silver medals for #Colombia so far! Let's go for more! Shak,245,504,0.0018,0.0388,0.9594,0.9577,Positive,0.9594
t01703,2016-07-11 05:09:00,2016-07-11,2016-07,2016,5,Monday,justinbieber,Great show. Thank you,113588,51059,0.0045,0.0136,0.9819,0.9774,Positive,0.9819
t01704,2015-04-29 01:45:00,2015-04-29,2015-04,2015,1,Wednesday,theellenshow,The opposite of sabotage is hard. #OneBigHappy,1668,345,0.0545,0.1946,0.7509,0.6964,Positive,0.7509
t01705,2014-10-27 14:49:00,2014-10-27,2014-10,2014,14,Monday,taylorswift13,"Oh my God, guys, you could not possibly be cuter. #TS1989 http://t.co/PbduCikdhm",16854,7739,0.0072,0.0182,0.9745,0.9673,Positive,0.9745
t01706,2013-12-13 13:33:00,2013-12-13,2013-12,2013,13,Friday,britneyspears,@w0rkspears happy bday gabriel!,214,188,0.0032,0.0102,0.9866,0.9834,Positive,0.9866
t01707,2016-03-28 17:03:00,2016-03-28,2016-03,2016,17,Monday,barackobama,Add your name for a chance to see James Taylor perform live in Chicago this summer: https://t.co/3Iz7oEkTzq https://t.co/EhvQXqDcmI,3021,583,0.0029,0.6239,0.3732,0.3702,Neutral,0.6239
t01708,2014-05-08 16:52:00,2014-05-08,2014-05,2014,16,Thursday,jtimberlake,Same here @wangleehom! Oh and welcome to....The Twitter....,1597,729,0.0035,0.1307,0.8658,0.8624,Positive,0.8658
t01709,2016-03-15 15:24:00,2016-03-15,2016-03,2016,15,Tuesday,instagram,A tiny hamster with adorable snack attacks is today's #WeeklyFluff https://t.co/UubRhGe8f6,1120,236,0.0021,0.0633,0.9346,0.9324,Positive,0.9346
t01710,2015-09-26 09:11:00,2015-09-26,2015-09,2015,9,Saturday,shakira,#IMAGINE 🎼 Imagine there's no countries It isn't hard to do Nothing to kill or die for https://t.co/dwIAA1aJ3H @UNICEF @UN @UNICEFenEspanol,2782,1354,0.1632,0.6252,0.2116,0.0483,Neutral,0.6252
t01711,2016-08-27 21:46:00,2016-08-27,2016-08,2016,21,Saturday,britneyspears,@NikiTaylorInc Thank you for the support! Really appreciate it :),652,148,0.0059,0.0129,0.9812,0.9753,Positive,0.9812
t01712,2016-12-08 23:30:00,2016-12-08,2016-12,2016,23,Thursday,instagram,“I need to experiment and renew myself every day.” —Franck Pellegrino https://t.co/XYZ3H9PXcJ,612,159,0.0108,0.6372,0.352,0.3412,Neutral,0.6372
t01713,2016-05-17 14:04:00,2016-05-17,2016-05,2016,14,Tuesday,theellenshow,"The entire cast of Ghostbusters is here next week and now @HillaryClinton is coming, too! Get your Woman Cards ready.",4497,784,0.0016,0.1238,0.8746,0.873,Positive,0.8746
t01714,2014-09-01 16:02:00,2014-09-01,2014-09,2014,16,Monday,cristiano,Speedy ride on the track with @JensonButton #DontCrackUnderPressure @tagheuer http://t.co/w7GWNkLUBX,3381,1746,0.0027,0.0673,0.9299,0.9272,Positive,0.9299
t01715,2015-04-25 09:18:00,2015-04-25,2015-04,2015,9,Saturday,ddlovato,When someone talks over my favorite song... 👊 https://t.co/pAqdYJXTC5,15762,9939,0.0043,0.0726,0.9231,0.9189,Positive,0.9231
t01716,2016-09-18 07:18:00,2016-09-18,2016-09,2016,7,Sunday,katyperry,"@Leah_Haworth @fridaaperry @katystumblrr I hv 140 characters, whut do u want?",2335,742,0.096,0.8419,0.0621,-0.034,Neutral,0.8419
t01717,2011-03-22 02:32:00,2011-03-22,2011-03,2011,2,Tuesday,selenagomez,Yesterday launched UNICEF's World Water Week and I am celebrating by giving away some of my very own tap water... http://fb.me/DddA7Tw5,336,1043,0.0012,0.0404,0.9584,0.9572,Positive,0.9584
t01718,2014-12-10 14:52:00,2014-12-10,2014-12,2014,14,Wednesday,shakira,Getting ready to answer your questions on early education with @ArneDuncan! Ask yours using #ShakiraEdChat Shak http://t.co/eTDuFZhJOI,1045,2088,0.004,0.5417,0.4543,0.4504,Neutral,0.5417
t01719,2014-11-04 16:14:00,2014-11-04,2014-11,2014,16,Tuesday,jimmyfallon,"Tonight: Playing ""Pop Quiz"" with @SavannahGuthrie and @MLauer! Plus Felicity Jones and music from @FKAtwigs. #FallonTonight",717,188,0.0022,0.671,0.3268,0.3246,Neutral,0.671
t01720,2016-01-01 03:04:00,2016-01-01,2016-01,2016,3,Friday,theellenshow,"4, 3, 2, 1, Happy New Year!!!! Close enough! We’re going to bed. See you in 2016.",17322,3581,0.0033,0.0277,0.969,0.9657,Positive,0.969
t01721,2016-08-02 12:00:00,2016-08-02,2016-08,2016,12,Tuesday,jimmyfallon,.@JaredLeto and I play Pup Quiz https://t.co/PR0Xx2BAis #FallonTonight,1432,320,0.0036,0.8584,0.138,0.1345,Neutral,0.8584
t01722,2015-06-15 04:59:00,2015-06-15,2015-06,2015,4,Monday,justinbieber,@JustJared yep. That happened,30319,21002,0.1006,0.8361,0.0633,-0.0373,Neutral,0.8361
t01723,2013-09-16 05:14:00,2013-09-16,2013-09,2013,5,Monday,britneyspears,@RawburtSukka The BEST. Heart bubbles for u all!!!,204,206,0.0043,0.0073,0.9884,0.984,Positive,0.9884
t01724,2016-01-20 05:13:00,2016-01-20,2016-01,2016,5,Wednesday,jimmyfallon,@Mariobatali you know I love you. #teambatali #fallontonight,301,69,0.0029,0.0188,0.9783,0.9754,Positive,0.9783
t01725,2016-03-15 11:58:00,2016-03-15,2016-03,2016,11,Tuesday,arianagrande,ran like the wind! about to be on air @ElvisDuranShow with my friend @elvisduran !! make sure you tune in. shalom.,25724,9406,0.0011,0.0488,0.9501,0.9491,Positive,0.9501
t01726,2016-07-23 21:35:00,2016-07-23,2016-07,2016,21,Saturday,rihanna,Parisian navy! SO excited to share my pop up shop w/ you @coletteparis! New #ANTIWORLDTOUR merch & all things #FENTY https://t.co/oxIORusK9q,15227,4128,0.0012,0.0136,0.9852,0.984,Positive,0.9852
t01727,2015-01-31 17:49:00,2015-01-31,2015-01,2015,17,Saturday,taylorswift13,"Happy Birthday, @jtimberlake! Thank you for your music, comedy, daaaahncing, songwriting, and for taking this selfie: http://t.co/nExSjreYRU",108571,46808,0.002,0.0077,0.9903,0.9884,Positive,0.9903
t01728,2015-09-01 15:33:00,2015-09-01,2015-09,2015,15,Tuesday,arianagrande,@StayOnFleek i kno bae u don't have to have it in there and besides u know i love u,9092,3519,0.0301,0.1381,0.8318,0.8016,Positive,0.8318
t01729,2015-01-25 01:58:00,2015-01-25,2015-01,2015,1,Sunday,katyperry,My dream for after SB is to have a procession of chilled Girl Scout thin mint cookies brought to me by Girl Scouts w/sparklers a la da club.,14728,6733,0.0086,0.2877,0.7037,0.6951,Positive,0.7037
t01730,2015-10-02 00:29:00,2015-10-02,2015-10,2015,0,Friday,ladygaga,"The first time Tom Ford and Nick Knight worked together, I got to be there. 😭 https://t.co/0VnmEqyA2U",7413,5268,0.016,0.1662,0.8178,0.8018,Positive,0.8178
t01731,2015-07-13 20:57:00,2015-07-13,2015-07,2015,20,Monday,arianagrande,i adore u https://t.co/GPzD5EvYJd,15261,5980,0.0066,0.0327,0.9607,0.9541,Positive,0.9607
t01732,2014-07-08 07:40:00,2014-07-08,2014-07,2014,7,Tuesday,katyperry,"When Invisalign goes in, booty call is off!",10817,4771,0.164,0.5757,0.2603,0.0964,Neutral,0.5757
t01733,2013-06-09 13:08:00,2013-06-09,2013-06,2013,13,Sunday,rihanna,Me being a lil fashawn heaux! #BalmainOffices #TheyOnlyPlayMyMusicInHere #HeCalledMeHisMUSE… http://t.co/9ZxChmKodG,1059,1447,0.1006,0.6226,0.2768,0.1761,Neutral,0.6226
t01734,2016-10-31 23:08:00,2016-10-31,2016-10,2016,23,Monday,theellenshow,.@TylerOakley and @AlessiaCara tried out a Ouija board backstage. Happy Halloween! #TheTylerOakleyShow… https://t.co/TeXJvMM4xM,1713,265,0.0016,0.0399,0.9586,0.957,Positive,0.9586
t01735,2015-05-11 16:49:00,2015-05-11,2015-05,2015,16,Monday,shakira,Here's Shak at the @3DWhite launch event in Barcelona at the weekend… ShakHQ http://t.co/6tnyvAstz6,2345,807,0.0036,0.7706,0.2258,0.2222,Neutral,0.7706
t01736,2016-11-01 14:04:00,2016-11-01,2016-11,2016,14,Tuesday,ladygaga,I am so grateful to have the #1 Album in Japan for the 2nd week in a row. Can't wait to tell you the story of… https://t.co/kWgsAFl9V6,15983,5085,0.0018,0.0084,0.9898,0.9879,Positive,0.9898
t01737,2016-07-28 14:18:00,2016-07-28,2016-07,2016,14,Thursday,rihanna,Get the brand new #CAMOCREEPER now here --> https://t.co/GAkFFgYA0O https://t.co/qqRSya6zGj,13577,4307,0.0041,0.3812,0.6147,0.6107,Positive,0.6147
t01738,2014-09-29 17:53:00,2014-09-29,2014-09,2014,17,Monday,ladygaga,"#artRAVEOslo get ready to Rave in the spirit of art, make art of the rage of life. http://t.co/WIAPxbDVmt",5027,3179,0.0156,0.5628,0.4216,0.4061,Neutral,0.5628
t01739,2015-01-11 17:54:00,2015-01-11,2015-01,2015,17,Sunday,ladygaga,I hate to say it @CapitalOfficial but it's TRUE! I do have the best and most devoted fans ever! #GagaBestFans2015 http://t.co/pf9o3oP7se,14000,11177,0.0068,0.0157,0.9775,0.9708,Positive,0.9775
t01740,2016-12-06 00:45:00,2016-12-06,2016-12,2016,0,Tuesday,instagram,Reflecting on the shores of the Brahmaputra River. #TheWeekOnInstagram https://t.co/3QjCuIFA4l,469,107,0.0033,0.8018,0.1949,0.1916,Neutral,0.8018
t01741,2015-09-14 22:53:00,2015-09-14,2015-09,2015,22,Monday,kimkardashian,@I_yler hope you had the best birthday!!!! Hope I'm not late!,219,60,0.0027,0.0083,0.989,0.9862,Positive,0.989
t01742,2015-06-13 20:20:00,2015-06-13,2015-06,2015,20,Saturday,barackobama,"In the weekly address, the President discusses our growing economy and why it's so important that we #LeadOnTrade: http://t.co/pJI3V2Nn7J",1288,447,0.0034,0.2092,0.7874,0.784,Positive,0.7874
t01743,2015-01-19 05:47:00,2015-01-19,2015-01,2015,5,Monday,selenagomez,"missing la, just a little tonight ☺️ shooting starts soon!! Eeeeekkkk --Fundamentals of Caregiving!! http://t.co/cDh4HSCC38",15334,8872,0.006,0.1774,0.8166,0.8106,Positive,0.8166
t01744,2013-04-19 15:12:00,2013-04-19,2013-04,2013,15,Friday,rihanna,#DIAMONDSWORLDTOUR I'm back!!! #Tampa we're coming to find you!!! http://t.co/Q00u9PmcuH,1437,2533,0.0015,0.0552,0.9433,0.9418,Positive,0.9433
t01745,2015-02-17 06:10:00,2015-02-17,2015-02,2015,6,Tuesday,taylorswift13,"Life was never worse, but never better...",62760,50236,0.1413,0.4085,0.4502,0.3088,Positive,0.4502
t01746,2016-04-22 22:30:00,2016-04-22,2016-04,2016,22,Friday,youtube,Can you guess @taylorswift13’s fave TV show before watching this Q&A? https://t.co/57ZIhcCYQc https://t.co/kWV8CQSE0f,1647,283,0.006,0.7445,0.2495,0.2434,Neutral,0.7445
t01747,2016-03-02 23:01:00,2016-03-02,2016-03,2016,23,Wednesday,kimkardashian,WEAR A THIN BLACK CHOKER https://t.co/SfQojTab3S https://t.co/ZEbsdYdEza,3446,603,0.0353,0.8931,0.0715,0.0362,Neutral,0.8931
t01748,2015-03-26 14:59:00,2015-03-26,2015-03,2015,14,Thursday,justinbieber,"#BieberRoast on Monday. Post a @shots of u watching, a @whipclip of your fav clip live. Then tag on @OfficialFahlo & see what happens :)",55906,46642,0.0031,0.4783,0.5186,0.5155,Positive,0.5186
t01749,2016-12-30 12:24:00,2016-12-30,2016-12,2016,12,Friday,cnnbrk,6 people are missing after a small plane loses contact over Lake Erie. https://t.co/Z1rSnNWlPq,698,885,0.6467,0.3434,0.0099,-0.6368,Negative,0.6467
t01750,2016-03-01 23:44:00,2016-03-01,2016-03,2016,23,Tuesday,jimmyfallon,They are coming!! https://t.co/4z0VmqBmYL,1053,146,0.0052,0.1853,0.8096,0.8044,Positive,0.8096
t01751,2015-12-04 23:24:00,2015-12-04,2015-12,2015,23,Friday,kimkardashian,Waiting... https://t.co/FQFhLzBtiJ,21025,4123,0.0121,0.5693,0.4185,0.4064,Neutral,0.5693
t01752,2015-11-29 02:46:00,2015-11-29,2015-11,2015,2,Sunday,justinbieber,Nah. Lol. #LoveYourself fool! #base @bignarstie https://t.co/YyBO1n3tTm,60610,39119,0.0487,0.3777,0.5736,0.5248,Positive,0.5736
t01753,2015-05-28 22:46:00,2015-05-28,2015-05,2015,22,Thursday,kimkardashian,Nothing like a little @PerezHilton to keep things interesting #KimKardashianGame http://t.co/FwQ3aY1JFM,4317,817,0.0034,0.0907,0.906,0.9026,Positive,0.906
t01754,2017-01-10 02:29:00,2017-01-10,2017-01,2017,2,Tuesday,twitter,@thecorpcommguy It’s an absolute masterpiece. 😍,27,13,0.008,0.0184,0.9737,0.9657,Positive,0.9737
t01755,2015-03-12 16:05:00,2015-03-12,2015-03,2015,16,Thursday,ddlovato,I ❤️ this woman 😘 #TBT https://t.co/lXCHFtHl2P,13954,9161,0.0039,0.0136,0.9825,0.9785,Positive,0.9825
t01756,2016-06-10 04:26:00,2016-06-10,2016-06,2016,4,Friday,jimmyfallon,Call Link https://t.co/3uRIv2hMyW,592,78,0.0583,0.8443,0.0974,0.039,Neutral,0.8443
t01757,2016-03-07 19:46:00,2016-03-07,2016-03,2016,19,Monday,twitter,"*yaaaaaaaaaaaawn* Mondays, amirite https://t.co/LQRaIQZ8Id https://t.co/8O6tWfEASU",3586,1666,0.1017,0.6835,0.2148,0.1131,Neutral,0.6835
t01758,2013-01-13 04:50:00,2013-01-13,2013-01,2013,4,Sunday,rihanna,#red #croc #newphuckmepumpz #blahnikbitches Thank you Manolo http://t.co/wnGolMkE,582,731,0.0099,0.1919,0.7982,0.7883,Positive,0.7982
t01759,2013-08-31 02:42:00,2013-08-31,2013-08,2013,2,Saturday,taylorswift13,"We're off to a great start in Portland, where I've just been given these donuts as a gift. http://t.co/iehWKCOJqV",21677,14274,0.0018,0.009,0.9892,0.9875,Positive,0.9892
t01760,2016-04-13 17:15:00,2016-04-13,2016-04,2016,17,Wednesday,kimkardashian,TRENDING: THE COLD SHOULDER https://t.co/F0y126ZvNZ https://t.co/zjM7RQ1ptQ,3284,591,0.0137,0.9076,0.0788,0.0651,Neutral,0.9076
t01761,2016-12-17 19:27:00,2016-12-17,2016-12,2016,19,Saturday,theellenshow,"Happy birthday, @MsSarahPaulson! Whatever you do to celebrate, I hope you do it in a Marcia Clark wig.",4538,687,0.0026,0.014,0.9834,0.9808,Positive,0.9834
t01762,2015-11-18 18:30:00,2015-11-18,2015-11,2015,18,Wednesday,ddlovato,I think Sic Transit Gloria by Brand new will always be one of my all time favorite songs #throwback,13015,7208,0.0039,0.0232,0.9729,0.9689,Positive,0.9729
t01763,2014-02-10 20:57:00,2014-02-10,2014-02,2014,20,Monday,shakira,Someone just got busted eating the frosting off the donuts again... ShakHQ http://t.co/duRCEO5B09,2607,1124,0.5369,0.4306,0.0325,-0.5044,Negative,0.5369
t01764,2012-12-31 22:20:00,2012-12-31,2012-12,2012,22,Monday,twitter,"We review the year of Twitter news & info, and what you were most interested in hearing from us in 2012. http://t.co/WKzle6nx",250,373,0.0074,0.8126,0.18,0.1726,Neutral,0.8126
t01765,2016-01-25 18:55:00,2016-01-25,2016-01,2016,18,Monday,kimkardashian,Morning Jog https://t.co/ld7FIhE0nc,16946,1926,0.0296,0.466,0.5044,0.4749,Positive,0.5044
t01766,2016-02-13 19:26:00,2016-02-13,2016-02,2016,19,Saturday,kimkardashian,Tell my baby I'm back in town... https://t.co/lzj1zXR23Y,30627,12014,0.0078,0.5219,0.4703,0.4625,Neutral,0.5219
t01767,2011-08-25 00:28:00,2011-08-25,2011-08,2011,0,Thursday,twitter,We couldn't have picked a better day to throw our employee #twestival. Hello San Francisco sun!,62,91,0.0027,0.0124,0.9849,0.9822,Positive,0.9849
t01768,2015-01-24 18:44:00,2015-01-24,2015-01,2015,18,Saturday,ddlovato,Make an impact with me on @We_365 by taking my #WearHope challenge!! http://t.co/gfhVyeAr9l http://t.co/P2aYjljcng http://t.co/kewkJEN0oN,26064,16150,0.0021,0.118,0.88,0.8779,Positive,0.88
t01769,2016-06-08 23:30:00,2016-06-08,2016-06,2016,23,Wednesday,instagram,This penguin jumps for joy on #WorldOceansDay! 🐧https://t.co/2NvsGwPjCq,643,166,0.0014,0.0126,0.9861,0.9847,Positive,0.9861
t01770,2015-05-17 22:16:00,2015-05-17,2015-05,2015,22,Sunday,justinbieber,Big night. Everyone good luck tonight. #BBMAs,82723,66888,0.0023,0.0189,0.9787,0.9764,Positive,0.9787
t01771,2016-03-21 12:45:00,2016-03-21,2016-03,2016,12,Monday,twitter,"Thanks for lobbing up All-Star Tweets, @CP3! #LoveTwitter https://t.co/yXLrywprvu",1034,251,0.0025,0.0176,0.98,0.9775,Positive,0.98
t01772,2015-06-01 23:56:00,2015-06-01,2015-06,2015,23,Monday,theellenshow,Sometimes vacations don’t go the way we planned. Tell me your best #VacationNightmare and you could win this week’s hashtag contest!,2188,402,0.2014,0.514,0.2846,0.0832,Neutral,0.514
t01773,2014-02-28 23:30:00,2014-02-28,2014-02,2014,23,Friday,jimmyfallon,"“@johnkrasinski: Good one. Keep churning out those lip syncs. Call me when it's time... Time for the #lipsyncbattleROYAL !!!!” Oh, it's ON!",2316,438,0.0025,0.0279,0.9696,0.9671,Positive,0.9696
t01774,2014-09-04 18:38:00,2014-09-04,2014-09,2014,18,Thursday,barackobama,"Because some are standing in the way, this has been the least productive Congress in modern history. Demand better: http://t.co/9RCdspIayB",1140,846,0.9178,0.0756,0.0066,-0.9112,Negative,0.9178
t01775,2015-04-28 23:08:00,2015-04-28,2015-04,2015,23,Tuesday,theellenshow,"I can't wait for you and Macey to meet. Thank you, Vice President. https://t.co/Bvy7rNxHFS",1973,335,0.0017,0.009,0.9893,0.9876,Positive,0.9893
t01776,2016-12-21 15:30:00,2016-12-21,2016-12,2016,15,Wednesday,instagram,.@Floyd_TheLion: A Persian cat with the heart of a lion (and solid high-fiving skills) #WHPboomerangoftheyear https://t.co/zfKYUgtMcO,513,107,0.0027,0.1781,0.8192,0.8165,Positive,0.8192
t01777,2016-05-11 23:39:00,2016-05-11,2016-05,2016,23,Wednesday,jtimberlake,Wow. Did we just make history?! Thank you so much to ALL of #Top40 and @RCARecords! UNREAL! I'm blown away! 🙏‼️ https://t.co/WHoXiMp5Pe,3087,702,0.0053,0.0093,0.9854,0.9801,Positive,0.9854
t01778,2014-10-31 16:02:00,2014-10-31,2014-10,2014,16,Friday,barackobama,"""It's up to us to restore the ideals that made this country great."" —President Obama #WomenSucceed",1296,710,0.005,0.069,0.9259,0.9209,Positive,0.9259
t01779,2012-11-08 00:17:00,2012-11-08,2012-11,2012,0,Thursday,britneyspears,Lots of love & good luck to my unstoppable teens @ArinRaySings @BeatriceMiller & @CarlyRoseMusic tonight. Show the world what u're made of!,563,1095,0.0022,0.0089,0.9888,0.9866,Positive,0.9888
t01780,2011-12-23 06:26:00,2011-12-23,2011-12,2011,6,Friday,taylorswift13,#SafeAndSound is trending!!,1751,5625,0.0028,0.0497,0.9476,0.9448,Positive,0.9476
t01781,2016-07-19 21:41:00,2016-07-19,2016-07,2016,21,Tuesday,jtimberlake,Want your name printed in the #DreamWorksTrolls soundtrack CD booklet? Pre-order to secure your copy now! https://t.co/C5KjYd5buE -teamJT,3133,570,0.0039,0.6434,0.3527,0.3489,Neutral,0.6434
t01782,2009-12-23 22:38:00,2009-12-23,2009-12,2009,22,Wednesday,twitter,Twitter acquires GeoAPI—location awareness to get awesome-er! http://bit.ly/4Cyiu0,67,104,0.0037,0.085,0.9112,0.9075,Positive,0.9112
t01783,2016-03-20 19:37:00,2016-03-20,2016-03,2016,19,Sunday,jtimberlake,Wow! Super cool. 🙏 https://t.co/rITxXukC9g,2597,547,0.0072,0.0143,0.9785,0.9713,Positive,0.9785
t01784,2012-08-10 21:13:00,2012-08-10,2012-08,2012,21,Friday,selenagomez,So excited for my newest announcement....... Working with @Common and @Fergie on our Case-Mate campaign!!!! Which... http://t.co/NVdGfO2I,3110,6059,0.0011,0.0097,0.9892,0.9881,Positive,0.9892
t01785,2015-12-10 17:37:00,2015-12-10,2015-12,2015,17,Thursday,ladygaga,My mom and my manager @bobby_campbell are so emotional about our Best Actress Golden Globe… https://t.co/Mq52oCuGw4,7007,3230,0.0103,0.1117,0.878,0.8677,Positive,0.878
t01786,2014-01-23 08:34:00,2014-01-23,2014-01,2014,8,Thursday,jtimberlake,Denver... Thank you for giving us one of the loudest and craziest crowds we have seen! What a way to end this leg before our break!,4313,1860,0.0043,0.0168,0.979,0.9747,Positive,0.979
t01787,2014-11-25 08:42:00,2014-11-25,2014-11,2014,8,Tuesday,katyperry,Chicken noodle soup & chamomile tea cause: throat... 😑 Gonna need you more than ever tonight Sydney. Show #95 #ThePrismaticWorldTour,10178,4523,0.7464,0.1856,0.068,-0.6783,Negative,0.7464
t01788,2013-08-08 18:42:00,2013-08-08,2013-08,2013,18,Thursday,rihanna,I got my eyes on you,5319,12113,0.025,0.4534,0.5216,0.4967,Positive,0.5216
t01789,2014-07-19 19:35:00,2014-07-19,2014-07,2014,19,Saturday,selenagomez,Set up camp here to watch the sunset and juice stuff ya know? Guess I was doing it wrong. Eh. http://t.co/r7MNeV6tto,10231,6579,0.4753,0.4918,0.0329,-0.4424,Neutral,0.4918
t01790,2016-07-05 17:06:00,2016-07-05,2016-07,2016,17,Tuesday,kimkardashian,love your new blog!!!! @MyleezaKardash https://t.co/v0d803YCZy,2234,378,0.0034,0.008,0.9886,0.9852,Positive,0.9886
t01791,2014-11-27 18:22:00,2014-11-27,2014-11,2014,18,Thursday,jimmyfallon,Show your cousins how cool you are by watching YouTube clips from us! http://t.co/WANfkzGKGh Subscribe!,958,200,0.0024,0.0427,0.955,0.9526,Positive,0.955
t01792,2014-02-20 02:24:00,2014-02-20,2014-02,2014,2,Thursday,jimmyfallon,Tonight on @FallonTonight is one of the best Brian Williams raps we've ever done. Tune in tonight (first 10 minutes).,2291,672,0.0024,0.0196,0.978,0.9757,Positive,0.978
t01793,2016-01-18 02:05:00,2016-01-18,2016-01,2016,2,Monday,youtube,LIVE: The #DemDebate on NBC and YouTube starts now. https://t.co/K8i2BfNvUf https://t.co/EF7drm2RAq,1037,230,0.0039,0.8702,0.126,0.1221,Neutral,0.8702
t01794,2016-06-14 02:01:00,2016-06-14,2016-06,2016,2,Tuesday,ladygaga,"Ignore voices that aim to divide us, this only leads to more violence between people. We must unite as humans, where we are all the same. 🌏",49335,28807,0.6173,0.3593,0.0234,-0.5938,Negative,0.6173
t01795,2015-05-17 22:52:00,2015-05-17,2015-05,2015,22,Sunday,britneyspears,Who’s tuning in tonight? 😎 #PrettyGirlsonBBMAs on ABC at 8/7c! @OfficialBBMAs http://t.co/jw7asoDoXu,5634,3674,0.0015,0.104,0.8945,0.8931,Positive,0.8945
t01796,2015-02-05 20:53:00,2015-02-05,2015-02,2015,20,Thursday,ladygaga,"It's a beautiful day in the neighborhood, Grammys rehearsal with my Tony I can't wait to see him, Neil… http://t.co/lwlFAgBCQl",4953,3136,0.0018,0.006,0.9922,0.9904,Positive,0.9922
t01797,2016-03-10 23:10:00,2016-03-10,2016-03,2016,23,Thursday,theellenshow,"One day, this will all be ours. https://t.co/hOfBaTppSC",14671,2788,0.0054,0.1325,0.8621,0.8567,Positive,0.8621
t01798,2016-05-06 00:50:00,2016-05-06,2016-05,2016,0,Friday,jtimberlake,"Thanks, Guts! 🙏‼️ https://t.co/fP4TD4RILo",1599,366,0.0031,0.0206,0.9763,0.9732,Positive,0.9763
t01799,2016-09-09 23:18:00,2016-09-09,2016-09,2016,23,Friday,youtube,@shannamalcolm Now that's a billboard. Congrats Shanna!,39,3,0.0056,0.0179,0.9765,0.9708,Positive,0.9765
t01800,2015-05-30 17:20:00,2015-05-30,2015-05,2015,17,Saturday,taylorswift13,"See you tonight, Detroit! #1989TourDetroit http://t.co/nggNpDWQkf",48528,18757,0.0027,0.2855,0.7118,0.709,Positive,0.7118
t01801,2016-03-12 02:46:00,2016-03-12,2016-03,2016,2,Saturday,justinbieber,Vancouver tonight,121238,61346,0.0128,0.9212,0.066,0.0531,Neutral,0.9212
t01802,2013-12-10 19:48:00,2013-12-10,2013-12,2013,19,Tuesday,britneyspears,I see you! :) #PerfumeVideoPremiere @meV00o @ZsoltPalffy I want a small replay from britney OMG I adore her,474,280,0.0022,0.0098,0.9879,0.9857,Positive,0.9879
t01803,2013-11-18 01:55:00,2013-11-18,2013-11,2013,1,Monday,selenagomez,Then Colorado went and did the same thing... Y'all make me smile. Thank you http://t.co/pRQiJjoBOY,5379,5342,0.0048,0.0218,0.9734,0.9686,Positive,0.9734
t01804,2016-09-28 18:39:00,2016-09-28,2016-09,2016,18,Wednesday,twitter,"Righteous move, @StephenAtHome 👊 https://t.co/2N5JI8IJiS",418,90,0.0128,0.0647,0.9225,0.9096,Positive,0.9225
t01805,2016-05-21 01:30:00,2016-05-21,2016-05,2016,1,Saturday,instagram,“An onion is really beautiful. A strawberry can be amazing.” —Terri Salminen #FoodRevolutionDay https://t.co/BojD02gdfc,858,178,0.0036,0.0335,0.9629,0.9593,Positive,0.9629
t01806,2016-10-26 14:30:00,2016-10-26,2016-10,2016,14,Wednesday,instagram,A creative friendship revealed through a work in progress #WHPinthestudio https://t.co/xD3Fal4Kvn,633,122,0.0043,0.2318,0.7639,0.7596,Positive,0.7639
t01807,2011-07-05 22:01:00,2011-07-05,2011-07,2011,22,Tuesday,cristiano,This is such a fun one. http://say.ly/MkItje,134,228,0.0033,0.0082,0.9885,0.9852,Positive,0.9885
t01808,2014-08-13 22:07:00,2014-08-13,2014-08,2014,22,Wednesday,taylorswift13,FALLON TONIGHT FALLON TONIGHT FALLON TONIGHT FALLON TONIGHT FALLON TONIGHT,23109,12426,0.088,0.8121,0.0999,0.0119,Neutral,0.8121
t01809,2013-01-09 11:23:00,2013-01-09,2013-01,2013,11,Wednesday,rihanna,And yea I like to phuck I got a phuckin pro'lem,3827,10344,0.054,0.2751,0.671,0.617,Positive,0.671
t01810,2015-06-05 18:22:00,2015-06-05,2015-06,2015,18,Friday,theellenshow,"Happy birthday, @Mark_Wahlberg! In case you missed it, here’s your #EntourageMovie cast. http://t.co/YsymzM7jpz",1905,403,0.0013,0.0137,0.985,0.9837,Positive,0.985
t01811,2016-05-22 17:00:00,2016-05-22,2016-05,2016,17,Sunday,youtube,Surf’s up 🏄🏄🏄 https://t.co/8xusHwn7lw https://t.co/s9dd1Hm0yr,1905,470,0.0055,0.6838,0.3106,0.3051,Neutral,0.6838
t01812,2012-11-19 11:03:00,2012-11-19,2012-11,2012,11,Monday,rihanna,Ready for #London at The Forum tonight! #RiverIsland #HTC #Budweiser #6thStop #777Tour #UNAPOLOGETIC,585,1234,0.0058,0.3248,0.6694,0.6636,Positive,0.6694
t01813,2013-11-12 16:26:00,2013-11-12,2013-11,2013,16,Tuesday,cristiano,@OMERCR Hi there. Greetings to Egypt!,1420,1975,0.0019,0.0645,0.9336,0.9317,Positive,0.9336
t01814,2017-01-09 17:12:00,2017-01-09,2017-01,2017,17,Monday,cnnbrk,Ft. Lauderdale airport shooting suspect Esteban Santiago will face 3 charges; 2 of which carry death penalty.… https://t.co/VW2EfRtV2j,438,259,0.7324,0.2595,0.0081,-0.7243,Negative,0.7324
t01815,2016-08-28 16:00:00,2016-08-28,2016-08,2016,16,Sunday,youtube,"Somewhere over the rainbow, there’s cheesecake like this 🌈 ✨ https://t.co/P9whpNJgoB https://t.co/xMdMfXZgrQ",1780,363,0.0029,0.073,0.9241,0.9212,Positive,0.9241
t01816,2014-03-14 15:26:00,2014-03-14,2014-03,2014,15,Friday,shakira,I'm loving the images you guys are sending in for the #shakiracountdown. You're geniuses!! Keep em coming! Shak http://t.co/E3cNVPSuB2,1015,474,0.0038,0.0123,0.9839,0.9801,Positive,0.9839
t01817,2015-07-15 19:57:00,2015-07-15,2015-07,2015,19,Wednesday,katyperry,@Lockoir imma do my laundry on that washboard in a min!,4525,2552,0.0175,0.7829,0.1996,0.182,Neutral,0.7829
t01818,2016-08-29 20:01:00,2016-08-29,2016-08,2016,20,Monday,ddlovato,I’m so proud of the stage @nickjonas & I designed for #HondaCivicTour #FutureNow. It’s all for you guys 💜 https://t.co/LokzSGfvw6,18083,6129,0.002,0.0073,0.9907,0.9888,Positive,0.9907
t01819,2016-08-27 02:48:00,2016-08-27,2016-08,2016,2,Saturday,arianagrande,@ButeraCartier fake ! do not be f o o l e d my babies,14204,4966,0.8488,0.137,0.0142,-0.8347,Negative,0.8488
t01820,2016-12-27 19:21:00,2016-12-27,2016-12,2016,19,Tuesday,cristiano,"To celebrate the end of 2016, @TAGHeuer asked me to prove how I didn't crack under pressure. https://t.co/9Yy3eP432B",16236,3410,0.016,0.4348,0.5492,0.5332,Positive,0.5492
t01821,2016-05-14 13:28:00,2016-05-14,2016-05,2016,13,Saturday,justinbieber,#PurposeTourOttawa killed it,87213,42108,0.0098,0.0865,0.9037,0.8938,Positive,0.9037
t01822,2015-06-20 00:32:00,2015-06-20,2015-06,2015,0,Saturday,ddlovato,Prayers work!!! My papa is feeling much better!! He's still in the hospital but I'm told he's doing so good!! I LOVE YOU GUYS 💖💖💖🙏🏼,31987,17170,0.0057,0.0144,0.9798,0.9741,Positive,0.9798
t01823,2016-04-22 21:53:00,2016-04-22,2016-04,2016,21,Friday,barackobama,We can tackle climate change—but it's going to take all of us working together. #ActOnClimate https://t.co/LEvJFzebLA,7143,2461,0.052,0.622,0.3259,0.2739,Neutral,0.622
t01824,2014-08-07 16:16:00,2014-08-07,2014-08,2014,16,Thursday,jimmyfallon,“@justjenae: Been listening to @IAmChronixx since you had him on the Tonight Show👌 #chillsesh” Happy. He's killing it right now.,559,91,0.0027,0.0085,0.9887,0.986,Positive,0.9887
t01825,2016-10-28 15:15:00,2016-10-28,2016-10,2016,15,Friday,ladygaga,Million Reasons is the #1 song on @iTunes in my home USA at. Cc@ ..https://t.co/vmCs264Zjw https://t.co/5TDSnipowb,12625,5084,0.0028,0.25,0.7473,0.7445,Positive,0.7473
t01826,2013-12-10 17:16:00,2013-12-10,2013-12,2013,17,Tuesday,rihanna,#GoROGUE for the holidays! Get my newest perfume ROGUE now at Macy's: http://t.co/ujvul1MYpG,2009,1750,0.0023,0.1375,0.8602,0.8578,Positive,0.8602
t01827,2013-11-26 23:40:00,2013-11-26,2013-11,2013,23,Tuesday,jtimberlake,"“@robknox_ys: Whoa, man!!! That's too much pressure. But since he brought it up... TURN UP, LA!!!! Let's go!!",955,422,0.0864,0.3032,0.6104,0.5241,Positive,0.6104
t01828,2014-08-04 23:08:00,2014-08-04,2014-08,2014,23,Monday,barackobama,Don't forget to leave a personal note for President Obama's birthday today: http://t.co/v0pSvUVNdG,1430,719,0.0044,0.378,0.6177,0.6133,Positive,0.6177
t01829,2016-02-05 17:44:00,2016-02-05,2016-02,2016,17,Friday,rihanna,"NAVY, #ANTI is now in stores worldwide! Pick up your physical copy today!! https://t.co/jpoZOSSU0b",21756,12770,0.0027,0.3123,0.685,0.6822,Positive,0.685
t01830,2013-01-09 16:44:00,2013-01-09,2013-01,2013,16,Wednesday,rihanna,“@Beckie08: Welcome back Robyn!!! We've missed you @rihanna” miss you always,401,559,0.0024,0.0163,0.9813,0.9788,Positive,0.9813
t01831,2016-10-04 13:31:00,2016-10-04,2016-10,2016,13,Tuesday,ddlovato,@we_areforbidden apparently everything I say is offensive and disrespectful soooo.....,9801,4059,0.9016,0.0944,0.004,-0.8976,Negative,0.9016
t01832,2014-10-08 16:58:00,2014-10-08,2014-10,2014,16,Wednesday,barackobama,"Lew, a business owner in St. Louis, knows that a fair wage is a key part of the American dream. Check out his story: http://t.co/UEDBwWAcpq",719,338,0.0045,0.2124,0.7831,0.7786,Positive,0.7831
t01833,2015-07-27 05:47:00,2015-07-27,2015-07,2015,5,Monday,arianagrande,"wait I thought of y'all & laughed earlier bc I literally ""spilled ☕️"" everywhere when the bus hit a bump by accident https://t.co/zoANkV39GK",13248,5242,0.2348,0.5532,0.212,-0.0229,Neutral,0.5532
t01834,2013-12-03 01:02:00,2013-12-03,2013-12,2013,1,Tuesday,katyperry,And if you haven't got ❤️💕WHO YOU LOVE💕❤️on your playlist yet grab it HERE: http://t.co/3tlH7Uf62O,4370,3847,0.0027,0.107,0.8903,0.8876,Positive,0.8903
t01835,2013-09-25 20:47:00,2013-09-25,2013-09,2013,20,Wednesday,jtimberlake,“@_Willyummm: @jtimberlake Pre-Ordered! Thank me later. 😏 http://t.co/2BkLgYZbLU” Nope!! I'm thanking you now!!,1369,619,0.004,0.0481,0.9479,0.9439,Positive,0.9479
t01836,2016-11-09 08:10:00,2016-11-09,2016-11,2016,8,Wednesday,katyperry,POWER TO THE PEOPLE,31136,13120,0.089,0.5869,0.3241,0.2351,Neutral,0.5869
t01837,2016-07-25 14:54:00,2016-07-25,2016-07,2016,14,Monday,youtube,"Whether you need a forest fire or just a good cry, there’s music for you. https://t.co/IOZhYIeTWh #YouTubeMusic https://t.co/ouq6aXFr2r",1010,169,0.0041,0.087,0.9089,0.9049,Positive,0.9089
t01838,2015-12-05 01:00:00,2015-12-05,2015-12,2015,1,Saturday,kimkardashian,FOLLOW FRIDAY https://t.co/9W1ktMDzoe https://t.co/hdR4lxvjZX,7920,1385,0.0099,0.7233,0.2668,0.2569,Neutral,0.7233
t01839,2015-05-23 16:22:00,2015-05-23,2015-05,2015,16,Saturday,twitter,Tuning in to #Eurovision tonight? Support your favorite songs during the Grand Final with country hashflags. http://t.co/5hWDaXKyMt,1235,624,0.003,0.2321,0.7649,0.762,Positive,0.7649
t01840,2015-08-27 06:19:00,2015-08-27,2015-08,2015,6,Thursday,britneyspears,Found the cutest little mermaid 💚💙 http://t.co/boaDdcgtKh,8761,3095,0.0038,0.01,0.9862,0.9824,Positive,0.9862
t01841,2013-02-12 20:54:00,2013-02-12,2013-02,2013,20,Tuesday,cristiano,Look forward to see you too tomorrow @WayneRooney,6414,19904,0.0016,0.014,0.9843,0.9827,Positive,0.9843
t01842,2012-10-25 20:02:00,2012-10-25,2012-10,2012,20,Thursday,twitter,"More interactive Tweets, in more than 2000 ways -- including examples from @Amazon, @Fandango, @Crowdmap and more http://t.co/3fc3wkyG",199,230,0.0031,0.3805,0.6164,0.6134,Positive,0.6164
t01843,2016-11-02 21:30:00,2016-11-02,2016-11,2016,21,Wednesday,youtube,"Gogh. Wyeth. Hopper. Vermeer. @JaneZhang's ""Dust My Shoulders Off"" → https://t.co/VxGx7kreMx https://t.co/hVkKxAaJ48",1333,279,0.0049,0.8556,0.1395,0.1347,Neutral,0.8556
t01844,2016-11-19 17:00:00,2016-11-19,2016-11,2016,17,Saturday,youtube,*smashes guitar* *crowd surfs* *pees on your couch* → https://t.co/QENp5ZJl6J https://t.co/CGHaX0NbXD,1356,206,0.0135,0.8812,0.1054,0.0919,Neutral,0.8812
t01845,2016-06-16 01:30:00,2016-06-16,2016-06,2016,1,Thursday,instagram,How you experience @reneefrench’s characters says a lot about you https://t.co/rRG2TSMv4u,646,149,0.0121,0.7754,0.2125,0.2004,Neutral,0.7754
t01846,2014-10-31 21:40:00,2014-10-31,2014-10,2014,21,Friday,taylorswift13,"When we first dropped our bags on apartment floors, Took our broken hearts, Put them in a drawer. #taylurking http://t.co/vepIS1OHJP",7700,3074,0.302,0.6123,0.0857,-0.2163,Neutral,0.6123
t01847,2016-09-09 01:46:00,2016-09-09,2016-09,2016,1,Friday,cnnbrk,Seismic activity detected in North Korea near the location of a January nuclear test. https://t.co/8QCjqq0wo2 https://t.co/yYHeMeOwNK,438,536,0.0484,0.9331,0.0185,-0.0299,Neutral,0.9331
t01848,2015-07-15 17:25:00,2015-07-15,2015-07,2015,17,Wednesday,ddlovato,The truth may hurt and the truth may suck to hear but it can save you 💗,25813,23221,0.2078,0.3988,0.3934,0.1855,Neutral,0.3988
t01849,2016-06-17 18:05:00,2016-06-17,2016-06,2016,18,Friday,youtube,.@CalvinHarris and @rihanna have what you came for. https://t.co/0XEjmZIMP3 https://t.co/V8QVwWP41z,1952,627,0.0027,0.1545,0.8428,0.8401,Positive,0.8428
t01850,2015-07-09 17:52:00,2015-07-09,2015-07,2015,17,Thursday,kimkardashian,Our @kardashiankids fall collection for little boys & girls has arrived at @babiesrus and http://t.co/3RTGGGEz0c! http://t.co/ho4QxYEORN,4078,742,0.0022,0.4995,0.4984,0.4962,Neutral,0.4995
t01851,2016-04-08 22:24:00,2016-04-08,2016-04,2016,22,Friday,theellenshow,I.G.G.Y. is here to shut down all the hate and rumors. And I love her for it. @IGGYAZALEA https://t.co/GduSYphLmP,3525,858,0.0236,0.0678,0.9086,0.885,Positive,0.9086
t01852,2016-07-24 12:49:00,2016-07-24,2016-07,2016,12,Sunday,cnnbrk,"Munich gunman left long manifesto, appeared to have been planning deadly attack for a year, police say. https://t.co/8aCsppDsPj",266,274,0.6479,0.3432,0.0089,-0.639,Negative,0.6479
t01853,2016-02-05 23:00:00,2016-02-05,2016-02,2016,23,Friday,youtube,Here’s looking at #UnicornIsland. https://t.co/byAVyESwrZ #AT2UI #YTRedOriginals https://t.co/bHRLoUCUhP,1368,209,0.0041,0.9426,0.0533,0.0492,Neutral,0.9426
t01854,2015-07-09 19:14:00,2015-07-09,2015-07,2015,19,Thursday,kimkardashian,Thx @BalmainParis & @olivier_rousteing 4making my fave dress! I can't wait til I can fit into the same dress & take a selfie w my wax figure,2572,521,0.002,0.0118,0.9862,0.9842,Positive,0.9862
t01855,2016-02-06 18:48:00,2016-02-06,2016-02,2016,18,Saturday,theellenshow,"Happy birthday, @AllisonHolker. Hope you and @official_twitch don’t celebrate too hard, or this could turn into two birthdays.",4186,553,0.0037,0.0205,0.9758,0.972,Positive,0.9758
t01856,2015-12-23 01:11:00,2015-12-23,2015-12,2015,1,Wednesday,ladygaga,I feel like I've known her my whole life she wants to show me things. 🦄 https://t.co/GKjbFi0Hnq,7361,3350,0.0045,0.1202,0.8753,0.8708,Positive,0.8753
t01857,2016-08-19 00:39:00,2016-08-19,2016-08,2016,0,Friday,arianagrande,I love you,68520,30265,0.0181,0.1224,0.8595,0.8413,Positive,0.8595
t01858,2015-12-04 20:29:00,2015-12-04,2015-12,2015,20,Friday,barackobama,"Provisions in #Obamacare have helped save billions of dollars and more than 80,000 lives. Read more: https://t.co/qP0MHE41fo",1746,590,0.0052,0.087,0.9078,0.9026,Positive,0.9078
t01859,2015-10-26 18:41:00,2015-10-26,2015-10,2015,18,Monday,theellenshow,"Oh hey U of Kansas @KUNews, if you could also show up dressed as royalty - kings, queens, etc. BIG prize at stake. See you at 3pm, CST!",1535,342,0.0096,0.1958,0.7946,0.785,Positive,0.7946
t01860,2015-10-22 16:14:00,2015-10-22,2015-10,2015,16,Thursday,barackobama,Organizers in New Mexico are working to make sure people in their communities have affordable care. Read how: https://t.co/ImbJsmYtE6,1056,370,0.0045,0.3928,0.6027,0.5982,Positive,0.6027
t01861,2014-12-17 17:02:00,2014-12-17,2014-12,2014,17,Wednesday,barackobama,Happening now: President Obama delivers a statement on Cuba. http://t.co/CubTW5ywQZ,1876,2154,0.0057,0.8949,0.0994,0.0938,Neutral,0.8949
t01862,2014-09-24 20:10:00,2014-09-24,2014-09,2014,20,Wednesday,jimmyfallon,My friend freezes eggnog so he can drink eggnog all year round. #MyWeirdFriend,2635,480,0.285,0.5391,0.1759,-0.1091,Neutral,0.5391
t01863,2016-08-08 04:02:00,2016-08-08,2016-08,2016,4,Monday,kimkardashian,North is watching @Simone_Biles in awe! She's rolling around on the bed pretending to copy her lol,22109,3177,0.0088,0.094,0.8971,0.8883,Positive,0.8971
t01864,2015-11-12 16:10:00,2015-11-12,2015-11,2015,16,Thursday,instagram,All-American stories with @Bruce_Weber https://t.co/AlGyZ2T0zg https://t.co/SRNmpSTFLa,2357,446,0.0065,0.8914,0.1021,0.0956,Neutral,0.8914
t01865,2015-07-13 20:28:00,2015-07-13,2015-07,2015,20,Monday,arianagrande,hahhaha 🙈🙈 love you https://t.co/Wy2D5V1U9M,15359,6578,0.0066,0.0231,0.9702,0.9636,Positive,0.9702
t01866,2016-03-29 06:15:00,2016-03-29,2016-03,2016,6,Tuesday,arianagrande,love you https://t.co/tjKpYTq0lq,15575,4681,0.0141,0.0939,0.892,0.878,Positive,0.892
t01867,2015-12-30 18:15:00,2015-12-30,2015-12,2015,18,Wednesday,twitter,Twitter for Mac is getting a fresh new look and feel today. Download now to see what’s new: https://t.co/VBm8w23ePh https://t.co/mwn8yXADqU,2607,1330,0.0017,0.0754,0.9229,0.9213,Positive,0.9229
t01868,2016-10-09 23:49:00,2016-10-09,2016-10,2016,23,Sunday,katyperry,"...police reform, gun control, mental health awareness, women's rights & affordable education @HillaryClinton #Debates",7534,2032,0.0248,0.7918,0.1834,0.1585,Neutral,0.7918
t01869,2016-07-19 22:30:00,2016-07-19,2016-07,2016,22,Tuesday,instagram,The tricked-out road warrior life of filmmaker Cyrus Sutton https://t.co/QIppyKwZpw,721,124,0.0178,0.8986,0.0836,0.0658,Neutral,0.8986
t01870,2012-10-28 21:11:00,2012-10-28,2012-10,2012,21,Sunday,rihanna,Phan Love http://t.co/fjIbjXQT,1092,1807,0.0128,0.2308,0.7564,0.7436,Positive,0.7564
t01871,2016-07-08 04:31:00,2016-07-08,2016-07,2016,4,Friday,ddlovato,My heart hurts. God help us.,46857,26806,0.8969,0.0857,0.0174,-0.8795,Negative,0.8969
t01872,2011-09-30 22:06:00,2011-09-30,2011-09,2011,22,Friday,selenagomez,Filming a music video today.... any ideas what song will be the next single after Love You Like a Love Song.,1055,3729,0.0057,0.6479,0.3464,0.3407,Neutral,0.6479
t01873,2016-10-05 16:35:00,2016-10-05,2016-10,2016,16,Wednesday,britneyspears,You can ride with me too!! Donate to @NVCCF to win! https://t.co/sV4mOso1kO,2738,796,0.0019,0.1182,0.8799,0.8779,Positive,0.8799
t01874,2012-08-31 22:26:00,2012-08-31,2012-08,2012,22,Friday,jtimberlake,"""@mistermeg907: @jtimberlake hey Justin,what Do you think came first?the egg or the chicken ? :) Greetings from Germany!"" The apple.",113,190,0.0039,0.2372,0.759,0.7551,Positive,0.759
t01875,2015-10-15 02:34:00,2015-10-15,2015-10,2015,2,Thursday,theellenshow,You were wonderful. I'm so glad I turned my chair around. https://t.co/EsuB6WPetn,2135,316,0.0044,0.0087,0.9869,0.9824,Positive,0.9869
t01876,2015-04-25 03:16:00,2015-04-25,2015-04,2015,3,Saturday,theellenshow,.@DianeSawyer did an absolutely incredible job.,12189,1792,0.0078,0.0138,0.9784,0.9705,Positive,0.9784
t01877,2013-05-08 01:29:00,2013-05-08,2013-05,2013,1,Wednesday,britneyspears,Check out @ETonlineAlert tonight for a look behind the scenes at my @Shape_Magazine cover shoot! 7:30 PT. http://t.co/fvdrb2pylW,2599,2274,0.0036,0.7801,0.2162,0.2126,Neutral,0.7801
t01878,2016-07-25 16:01:00,2016-07-25,2016-07,2016,16,Monday,katyperry,"EXCLUSIVE! Unlock the #KatyKatHouse for brand new vids & more from me, @COVERGIRL, & the Katy Kat Collection! https://t.co/90z6YGdgbD",12707,4340,0.0025,0.3307,0.6667,0.6642,Positive,0.6667
t01879,2013-06-21 01:12:00,2013-06-21,2013-06,2013,1,Friday,shakira,"To celebrate Shak being @ELLEmagazine's July cover girl, win signed copies+ Elixir by Shakira gift sets http://t.co/qbojavzpeT (US only) SHQ",184,222,0.0017,0.1422,0.8561,0.8544,Positive,0.8561
t01880,2015-11-26 19:39:00,2015-11-26,2015-11,2015,19,Thursday,katyperry,RT if your parents have one of these in their living room: https://t.co/Vfg7eYHrOR,13100,4912,0.0087,0.9223,0.0691,0.0604,Neutral,0.9223
t01881,2013-12-04 19:11:00,2013-12-04,2013-12,2013,19,Wednesday,katyperry,Have you ever met someone who is completely fantastic in person but utterly obnoxious on social media? #whythedisconnect?,11331,9793,0.4599,0.4156,0.1245,-0.3353,Negative,0.4599
t01882,2012-11-21 19:39:00,2012-11-21,2012-11,2012,19,Wednesday,britneyspears,Scream & Shout is officially on @iTunesMusic!! You're gonna turn this shit up!! #GetScreamAndShoutNOW http://t.co/kaRLNR2W,640,1776,0.0028,0.0374,0.9597,0.9569,Positive,0.9597
t01883,2016-10-08 23:45:00,2016-10-08,2016-10,2016,23,Saturday,cnnbrk,"Two police officers killed, third wounded while responding to domestic disturbance in Palm Springs, CA, police say. https://t.co/KyxYdOk5Te",530,863,0.7136,0.2793,0.0071,-0.7065,Negative,0.7136
t01884,2016-11-12 17:00:00,2016-11-12,2016-11,2016,17,Saturday,youtube,When double-jumping gets out of hand … https://t.co/j3flr9csgl https://t.co/trNm9kCzSj,1508,252,0.3644,0.6118,0.0237,-0.3407,Neutral,0.6118
t01885,2017-01-23 21:30:00,2017-01-23,2017-01,2017,21,Monday,youtube,We're not opposable to this. https://t.co/zyKzBoonl4 https://t.co/TTDtsxLAF6,906,217,0.0427,0.7247,0.2326,0.1899,Neutral,0.7247
t01886,2016-03-07 23:09:00,2016-03-07,2016-03,2016,23,Monday,theellenshow,Can you tell they’re extensions? https://t.co/BpgoiFXlGb,12991,2428,0.0232,0.9436,0.0332,0.01,Neutral,0.9436
t01887,2016-08-23 00:00:00,2016-08-23,2016-08,2016,0,Tuesday,youtube,Everything you’ve ever wanted to know about @KendallJenner → https://t.co/nD7KjQQjsJ https://t.co/CR4TNYhHua,1107,119,0.0019,0.0891,0.909,0.9071,Positive,0.909
t01888,2012-09-18 16:16:00,2012-09-18,2012-09,2012,16,Tuesday,jtimberlake,Justin's #TroubleWithTheCurve Twitter Q&A is today at 8:45pm ET/5:45pm PT. Questions tweeted now to #AskJT will get answered 1st. -teamJT,74,142,0.0044,0.8928,0.1029,0.0985,Neutral,0.8928
t01889,2016-09-20 22:43:00,2016-09-20,2016-09,2016,22,Tuesday,arianagrande,@touchitbieber there will for sure be little bits of yt sprinkled throughout,7942,2288,0.0276,0.7445,0.2279,0.2003,Neutral,0.7445
t01890,2013-11-18 05:36:00,2013-11-18,2013-11,2013,5,Monday,taylorswift13,"The New York Magazine article, written by Jody Rosen: http://t.co/ICBJEPSbyc",8406,7216,0.0093,0.9433,0.0474,0.0381,Neutral,0.9433
t01891,2015-07-30 16:05:00,2015-07-30,2015-07,2015,16,Thursday,taylorswift13,Fun fact: I didn't know how to post videos directly to Twitter a few days ago. Let's review: Frostbyte @LilyAldridge http://t.co/3XWh0nmrnD,29622,12132,0.1225,0.6876,0.1899,0.0674,Neutral,0.6876
t01892,2016-06-10 06:27:00,2016-06-10,2016-06,2016,6,Friday,justinbieber,Hello https://t.co/wkNe8HcDrH,68056,35266,0.0177,0.4872,0.4951,0.4775,Positive,0.4951
t01893,2016-02-23 21:00:00,2016-02-23,2016-02,2016,21,Tuesday,youtube,This toast is unbearably cute. Happy #NationalToastDay! https://t.co/XHucbKOf7r https://t.co/kx27kYudsG,2138,489,0.0026,0.0063,0.9911,0.9885,Positive,0.9911
t01894,2013-08-21 16:31:00,2013-08-21,2013-08,2013,16,Wednesday,selenagomez,@jemmaselenator: @selenagomez #Getaway what interested you in being a part of this movie? I love you so much!,1445,1414,0.0021,0.0153,0.9826,0.9805,Positive,0.9826
t01895,2016-06-19 02:42:00,2016-06-19,2016-06,2016,2,Sunday,selenagomez,Just in time for the weekend!! Listen to #KillEmWithKindness on @Spotify’s Today’s Top Hits playlist. 🎧 https://t.co/d5gPNUDQ0h,31937,12370,0.0013,0.0781,0.9205,0.9192,Positive,0.9205
t01896,2016-08-12 02:00:00,2016-08-12,2016-08,2016,2,Friday,youtube,Nora the polar bear belly flops into a new life. https://t.co/Z0T63KCDjm https://t.co/R0V2noYmbV,2389,707,0.0078,0.7516,0.2406,0.2328,Neutral,0.7516
t01897,2016-01-08 01:00:00,2016-01-08,2016-01,2016,1,Friday,youtube,Welcome to Kindergarten Cosplay. https://t.co/15WVl0Ls12 https://t.co/cm9j1AXtrV,2886,857,0.0022,0.1953,0.8025,0.8002,Positive,0.8025
t01898,2014-10-20 18:35:00,2014-10-20,2014-10,2014,18,Monday,ladygaga,"WATCH @itstonybennett + me singing ""I Won't Dance"" from our #CheekToCheek special airing this Friday at 9pm on @PBS! http://t.co/CwAnmsWOLQ",2737,1921,0.0025,0.5107,0.4868,0.4843,Neutral,0.5107
t01899,2014-10-27 22:00:00,2014-10-27,2014-10,2014,22,Monday,barackobama,Health care reform is helping millions of Americans. Keep the momentum going: http://t.co/xYF6RzW4ei,940,499,0.0031,0.053,0.944,0.9409,Positive,0.944
t01900,2015-06-13 05:44:00,2015-06-13,2015-06,2015,5,Saturday,taylorswift13,ECHOSMITH SANG COOL KIDS WITH ME IN PHILLY YESSSSS #1989TourPhilly @echosmith http://t.co/xGsAQp0sJx,24096,10354,0.0015,0.0952,0.9033,0.9018,Positive,0.9033
t01901,2016-06-02 21:24:00,2016-06-02,2016-06,2016,21,Thursday,barackobama,"This National Gun Violence Awareness Day, keep the pressure on Congress to act. #WearOrange https://t.co/VplJtSGMaU",6935,2933,0.0418,0.6886,0.2696,0.2278,Neutral,0.6886
t01902,2016-02-23 00:00:00,2016-02-23,2016-02,2016,0,Tuesday,youtube,"Feeling very, very grounded after this video: https://t.co/zy8jmSo3Uk https://t.co/c56rqsggTU",1041,147,0.0023,0.0296,0.9682,0.9659,Positive,0.9682
t01903,2015-08-20 13:23:00,2015-08-20,2015-08,2015,13,Thursday,justinbieber,8 days... 8 days. @aplusk #WhatDoYouMean? http://t.co/cc80lcej1G,43065,38710,0.0184,0.9193,0.0623,0.0439,Neutral,0.9193
t01904,2014-10-08 15:28:00,2014-10-08,2014-10,2014,15,Wednesday,barackobama,Have you signed the #RaiseTheWage petition yet? http://t.co/IGzvPvbbiC Say you're ready for America to get a raise.,735,440,0.0167,0.5327,0.4507,0.434,Neutral,0.5327
t01905,2016-12-02 20:32:00,2016-12-02,2016-12,2016,20,Friday,theellenshow,I could watch this all day. The holiday emojis are here! Apple: https://t.co/ZtdTFnC4Mh Android:… https://t.co/hIyJlakbf1,2168,338,0.0033,0.0378,0.959,0.9557,Positive,0.959
t01906,2016-12-13 23:56:00,2016-12-13,2016-12,2016,23,Tuesday,theellenshow,My friend @JamesConner_ won the Disney Sports Spirit Award. I can’t think of a better choice. https://t.co/Onb7nny2Rc,2092,364,0.0034,0.0097,0.9869,0.9834,Positive,0.9869
t01907,2016-06-03 19:02:00,2016-06-03,2016-06,2016,19,Friday,kimkardashian,"10,000 refugee children are fending for themselves in Europe. Learn more at https://t.co/AZXTsFvNL9 #YouAreNotAlone https://t.co/TPLVno46Qc",5446,1499,0.2257,0.7327,0.0416,-0.1841,Neutral,0.7327
t01908,2017-01-08 18:30:00,2017-01-08,2017-01,2017,18,Sunday,instagram,“Once an idea for a shot comes into my head I won’t stop chasing it.” —photographer Alex Spurway https://t.co/6iaattBrZV,868,198,0.0078,0.3519,0.6403,0.6324,Positive,0.6403
t01909,2013-10-22 04:17:00,2013-10-22,2013-10,2013,4,Tuesday,katyperry,"Shall we do a Q & A about #PRISM right now?! OK, here we go!",2039,1915,0.2389,0.6347,0.1263,-0.1126,Neutral,0.6347
t01910,2015-03-16 20:54:00,2015-03-16,2015-03,2015,20,Monday,ddlovato,#NoMakeupMonday ☀️😎🌴 #NMM #devonnebydemi http://t.co/PfGJMeuO0t Now send me yours!!!!! https://t.co/Sn7qHZ2For,13962,9671,0.0043,0.2219,0.7738,0.7694,Positive,0.7738
t01911,2016-09-26 18:42:00,2016-09-26,2016-09,2016,18,Monday,youtube,@lacieandrobin Hooray for vote goats! Too bad goats can't register to vote. #voteIRL,8,1,0.2671,0.3329,0.4001,0.133,Positive,0.4001
t01912,2016-05-24 21:00:00,2016-05-24,2016-05,2016,21,Tuesday,youtube,Cephalopods are taking over! https://t.co/aCgjCi00QK #SquidGoals https://t.co/7MhjFOHmRb,874,129,0.008,0.2888,0.7032,0.6951,Positive,0.7032
t01913,2015-05-29 11:52:00,2015-05-29,2015-05,2015,11,Friday,cristiano,Summer is coming! Put your best foot forward and shine in my shoes! Discover my CR7 Collection http://t.co/H3tWJAxDrd http://t.co/NtxShNp8om,14764,6086,0.0018,0.0554,0.9429,0.9411,Positive,0.9429
t01914,2011-08-03 05:54:00,2011-08-03,2011-08,2011,5,Wednesday,taylorswift13,"After the show, we went to see Abe!! Pretty magical. http://t.co/0gzRhtH",954,1715,0.0017,0.0129,0.9855,0.9838,Positive,0.9855
t01915,2016-12-22 18:10:00,2016-12-22,2016-12,2016,18,Thursday,twitter,Thursday means #TNF! Every snap of #NYGvsPHI streams LIVE right here on Twitter. Go to Moments or https://t.co/WdzHD98QAg to watch.,605,204,0.0022,0.5103,0.4874,0.4852,Neutral,0.5103
t01916,2014-12-19 11:03:00,2014-12-19,2014-12,2014,11,Friday,cristiano,"Today I proudly announce my new partnership with Sacoor Brothers, a portuguese clothing brand. http://t.co/ZMkxVArWKV http://t.co/e55ROVaJDQ",11028,5165,0.0013,0.0876,0.9111,0.9097,Positive,0.9111
t01917,2016-02-24 21:00:00,2016-02-24,2016-02,2016,21,Wednesday,youtube,"Hey, we know that guy! @pewdiepie and @ConanOBrien combine forces: https://t.co/aeyEj8LTTo https://t.co/mAqtQv5Cpg",1428,228,0.0088,0.4971,0.4941,0.4853,Neutral,0.4971
t01918,2015-02-13 21:03:00,2015-02-13,2015-02,2015,21,Friday,ladygaga,💋 ready for my Valentine http://t.co/k4naXWUc9n,6928,4083,0.0048,0.1111,0.8841,0.8793,Positive,0.8841
t01919,2015-12-18 22:28:00,2015-12-18,2015-12,2015,22,Friday,katyperry,I enjoy creating alternate worlds... https://t.co/0ecUbNVFnR,5539,2175,0.0046,0.0624,0.933,0.9284,Positive,0.933
t01920,2015-11-16 16:09:00,2015-11-16,2015-11,2015,16,Monday,instagram,In pursuit of admirable girls with @kei__okuda https://t.co/5X9dkLnUBE https://t.co/wFNDr0oEim,3400,672,0.0049,0.4008,0.5943,0.5894,Positive,0.5943
t01921,2014-10-16 17:03:00,2014-10-16,2014-10,2014,17,Thursday,barackobama,Make this #Obamacare pledge: http://t.co/2hjugyvLHG http://t.co/PX5CGdzEae,802,3689,0.0128,0.6682,0.3191,0.3063,Neutral,0.6682
t01922,2016-09-20 16:49:00,2016-09-20,2016-09,2016,16,Tuesday,theellenshow,My co-host @IMKristenBell and I decided to Spice up our lives. https://t.co/XfDGbUt0lP,5007,994,0.0018,0.0488,0.9495,0.9477,Positive,0.9495
t01923,2016-08-20 23:14:00,2016-08-20,2016-08,2016,23,Saturday,cnnbrk,"OLYMPICS: Brazilian men win nation's first soccer gold, defeating Germany on penalty kicks. https://t.co/POH8mKLJtK https://t.co/Cd1tBdtq8E",1889,1075,0.0022,0.1681,0.8297,0.8275,Positive,0.8297
t01924,2011-02-18 17:55:00,2011-02-18,2011-02,2011,17,Friday,twitter,"Join Twitter, Win the World Series http://t.co/vT7m35q",94,110,0.005,0.302,0.6929,0.6879,Positive,0.6929
t01925,2016-01-28 17:38:00,2016-01-28,2016-01,2016,17,Thursday,shakira,#TBT from Shak's @GlamourMag cover shoot in Feb 2014 / Foto de Shak en la revista Glamour (Feb 2014) ShakHQ https://t.co/3H3xER4cSY,7244,1247,0.0077,0.9506,0.0417,0.034,Neutral,0.9506
t01926,2012-11-16 03:05:00,2012-11-16,2012-11,2012,3,Friday,britneyspears,@ArinRaySings @BeatriceMiller @CarlyRoseMusic @DiamondKWhite We did it!! SO proud of all of u. Let's do it all over again next week...,227,541,0.0032,0.0085,0.9882,0.985,Positive,0.9882
t01927,2016-12-06 01:30:00,2016-12-06,2016-12,2016,1,Tuesday,instagram,Featured submissions from this weekend’s hashtag project: #WHPmagic https://t.co/txadOAqtbO https://t.co/CAFbycTyGA,592,129,0.0043,0.8347,0.161,0.1567,Neutral,0.8347
t01928,2016-01-31 05:29:00,2016-01-31,2016-01,2016,5,Sunday,kimkardashian,i'm obsessed with https://t.co/UScR3sn4X5 for designer stuff's,3550,508,0.0784,0.3286,0.5931,0.5147,Positive,0.5931
t01929,2012-04-26 01:55:00,2012-04-26,2012-04,2012,1,Thursday,jtimberlake,".@HecklerForever Oh, I agree! I just thought they were gonna come down harder with the punishment.",24,29,0.1936,0.5881,0.2183,0.0247,Neutral,0.5881
t01930,2013-04-27 23:16:00,2013-04-27,2013-04,2013,23,Saturday,cristiano,I was in fact at the Hotel Villa Magna on April 22nd giving an interview to Manu Sainz something the reporter himself is able to corroborate,1212,2695,0.0073,0.9014,0.0914,0.0841,Neutral,0.9014
t01931,2016-05-25 15:30:00,2016-05-25,2016-05,2016,15,Wednesday,instagram,"Step it up, it's National Tap Dance Day! 💃 https://t.co/ypW4mpRPHG",846,168,0.0014,0.0345,0.9641,0.9627,Positive,0.9641
t01932,2015-09-17 14:13:00,2015-09-17,2015-09,2015,14,Thursday,jimmyfallon,"Tonight: Playing ""Pup Quiz"" w/Kaley Cuoco-Sweeting, @WesleyTSnipes is here, @chriscornell performs & #OneTimeInClass tweets! #FallonTonight",1265,241,0.0027,0.7695,0.2278,0.2252,Neutral,0.7695
t01933,2014-02-11 16:43:00,2014-02-11,2014-02,2014,16,Tuesday,jimmyfallon,"Here's a funny slow jam from my high school. Well done, Sawyers! http://t.co/JrLrvMczA3 #saugerties",723,230,0.0033,0.0285,0.9683,0.965,Positive,0.9683
t01934,2015-07-16 18:46:00,2015-07-16,2015-07,2015,18,Thursday,ddlovato,My allergies just flash mobbed my face 😰😭,17871,10788,0.9342,0.0569,0.0089,-0.9252,Negative,0.9342
t01935,2015-01-09 15:50:00,2015-01-09,2015-01,2015,15,Friday,barackobama,"It's official: The economy added 252,000 jobs in December, making 2014 the best year for job growth since 1999. http://t.co/GHTmyEO4kV",4114,3474,0.0026,0.0455,0.9518,0.9492,Positive,0.9518
t01936,2011-02-19 12:04:00,2011-02-19,2011-02,2011,12,Saturday,cristiano,@rioferdy5 Really? so we need to organize that. I can show you some great restaurants,67,119,0.0092,0.1305,0.8602,0.851,Positive,0.8602
t01937,2015-10-07 02:46:00,2015-10-07,2015-10,2015,2,Wednesday,ladygaga,Talking #AHSHotel on @FallonTonight with @jimmyfallon tonight! He's the best! ❤️❤️🍸 http://t.co/6zm34K8MvK,17647,7127,0.0018,0.0102,0.988,0.9862,Positive,0.988
t01938,2015-04-29 01:27:00,2015-04-29,2015-04,2015,1,Wednesday,ladygaga,The SUPREME COURT has begun their hearing on marriage equality. Let's help each others valuable & important voices be heard!THE TIME IS NOW!,13630,8912,0.005,0.1461,0.8489,0.8439,Positive,0.8489
t01939,2016-04-08 18:52:00,2016-04-08,2016-04,2016,18,Friday,barackobama,This is unprecedented. #DoYourJob https://t.co/kMdn564dCW,5296,2337,0.3831,0.433,0.1839,-0.1992,Neutral,0.433
t01940,2016-08-19 01:36:00,2016-08-19,2016-08,2016,1,Friday,ladygaga,Thinking of the children homeless & displaced by bombings in Syria #Aleppo 🙏🏽 the 🌎 raises this issue to the surface https://t.co/OMvrRWYAYc,23271,10329,0.6777,0.3018,0.0205,-0.6572,Negative,0.6777
t01941,2016-03-03 03:00:00,2016-03-03,2016-03,2016,3,Thursday,instagram,“I like doing things out of the ordinary.” –@Gorg_blau #WHPsightsandsounds https://t.co/scswVe0ZkY,1249,239,0.0031,0.1404,0.8565,0.8534,Positive,0.8565
t01942,2013-05-31 07:31:00,2013-05-31,2013-05,2013,7,Friday,katyperry,So basically @bonnieMckee and I have lost our minds. http://t.co/6DsVIEYcgD,3797,4390,0.5815,0.3416,0.0769,-0.5047,Negative,0.5815
t01943,2016-01-28 23:00:00,2016-01-28,2016-01,2016,23,Thursday,youtube,OMG there’s a Troll Doll movie coming! https://t.co/KUqm87Iii0 https://t.co/hKXnGHL587,1144,176,0.0028,0.0471,0.9501,0.9473,Positive,0.9501
t01944,2016-04-26 06:01:00,2016-04-26,2016-04,2016,6,Tuesday,justinbieber,Love https://t.co/zP6krkmqNw,212824,117207,0.016,0.1531,0.8309,0.8149,Positive,0.8309
t01945,2016-09-10 21:30:00,2016-09-10,2016-09,2016,21,Saturday,instagram,The most stylish 3-year-old ever (via @BuzzfeedIndia) https://t.co/HQPrIcifDY,688,149,0.002,0.0331,0.9649,0.9629,Positive,0.9649
t01946,2014-12-03 12:30:00,2014-12-03,2014-12,2014,12,Wednesday,ladygaga,@NYCLadyGaga all the time I love it he's the best he laughs the whole time,1903,1036,0.0068,0.0122,0.9809,0.9741,Positive,0.9809
t01947,2016-11-07 16:37:00,2016-11-07,2016-11,2016,16,Monday,cnnbrk,"A mass grave with remains of 100 beheaded civilians has been found in a school south of Mosul, Iraq's military says https://t.co/t9H8Xswvcl",635,990,0.708,0.2843,0.0077,-0.7004,Negative,0.708
t01948,2016-02-29 03:19:00,2016-02-29,2016-02,2016,3,Monday,instagram,Congratulations to the team that brought us Bing Bong and @PixarInsideOut! ❤️ #Oscars https://t.co/vkB1oPpFqB,1595,360,0.0021,0.0091,0.9888,0.9867,Positive,0.9888
t01949,2016-02-23 21:33:00,2016-02-23,2016-02,2016,21,Tuesday,justinbieber,#Brits rehearsal,95144,57532,0.0675,0.8224,0.1101,0.0427,Neutral,0.8224
t01950,2016-08-02 19:41:00,2016-08-02,2016-08,2016,19,Tuesday,arianagrande,love you https://t.co/rcLQxhCz4o,33061,14183,0.0141,0.0939,0.892,0.878,Positive,0.892
t01951,2015-06-09 23:19:00,2015-06-09,2015-06,2015,23,Tuesday,theellenshow,"I love having my own show. Now, I wanna see your show. Upload an episode to ellentube! You never know what could happen. #MyEllentubeShow",2686,514,0.0035,0.0294,0.9671,0.9637,Positive,0.9671
t01952,2016-09-20 05:02:00,2016-09-20,2016-09,2016,5,Tuesday,arianagrande,That was my favorite performance i've ever done i think. thanks @MrJasonRBrown for using my voice the way it's meant to be heard. love you.,28274,8112,0.0036,0.008,0.9884,0.9848,Positive,0.9884
t01953,2016-11-29 18:18:00,2016-11-29,2016-11,2016,18,Tuesday,twitter,"We’re in, @starwars. Are you with us, @people? #RogueOne https://t.co/VPTy67HhOg",706,177,0.0023,0.3443,0.6534,0.6511,Positive,0.6534
t01954,2015-11-30 01:00:00,2015-11-30,2015-11,2015,1,Monday,kimkardashian,SWEATER WEATHER https://t.co/91ty8lK9fr https://t.co/R8Dia2h2sm,3003,516,0.0181,0.8512,0.1307,0.1126,Neutral,0.8512
t01955,2014-11-13 22:48:00,2014-11-13,2014-11,2014,22,Thursday,barackobama,No kidding: Every grassroots donation will be matched by another @OFA supporter. Chip in today: http://t.co/WgNwuWc3uj,664,223,0.0026,0.2211,0.7762,0.7736,Positive,0.7762
t01956,2016-10-26 11:56:00,2016-10-26,2016-10,2016,11,Wednesday,jimmyfallon,"The legendary @PhilCollinsFeed performed ""In the Air Tonight"" on the show last night! (Nailed the drums @questlove!) https://t.co/S9tKtpwuGc",2999,677,0.0014,0.0409,0.9577,0.9564,Positive,0.9577
t01957,2012-11-26 01:19:00,2012-11-26,2012-11,2012,1,Monday,britneyspears,"Spread the word! Following anyone who makes this their profile pic. Well, as many as I can :) #IWannaScreamAndShout http://t.co/vN4hb5zJ",4146,4394,0.003,0.0922,0.9048,0.9018,Positive,0.9048
t01958,2016-07-24 00:09:00,2016-07-24,2016-07,2016,0,Sunday,arianagrande,@buterally you do not know how much you mean to me and how much I love you I promise,18258,6315,0.0142,0.022,0.9637,0.9495,Positive,0.9637
t01959,2013-02-15 04:22:00,2013-02-15,2013-02,2013,4,Friday,jtimberlake,"Happy V-day!!! Grab somebody and kiss 'em(or just say Happy Valentine's Day to them. Actually, yeah... Just do that. Or, just kiss 'em!)!!!",3947,5122,0.0034,0.0181,0.9785,0.9751,Positive,0.9785
t01960,2015-02-08 11:40:00,2015-02-08,2015-02,2015,11,Sunday,ddlovato,@jackmiller2909 but do you blame it? It's a pretty great ass..........,10356,7097,0.0607,0.1336,0.8057,0.745,Positive,0.8057
t01961,2016-06-02 00:28:00,2016-06-02,2016-06,2016,0,Thursday,kimkardashian,Who is watching? Let's chat,2989,424,0.0085,0.8522,0.1394,0.1309,Neutral,0.8522
t01962,2016-06-18 22:35:00,2016-06-18,2016-06,2016,22,Saturday,kimkardashian,"We're having a mermaid party today and you can too, join us in Kim Kardashian Hollywood! https://t.co/ojuqoCKBZH",9542,1050,0.0018,0.1473,0.8509,0.8491,Positive,0.8509
t01963,2015-09-18 00:05:00,2015-09-18,2015-09,2015,0,Friday,justinbieber,. @MadisonElleBeer @JackAndJackReal you better bring it young ones :) #AllForLove,46882,33897,0.0045,0.0564,0.9391,0.9346,Positive,0.9391
t01964,2014-09-18 21:19:00,2014-09-18,2014-09,2014,21,Thursday,taylorswift13,"I don't mean to be all 'me, me, me' but I'm pretty sure this is my fault. @lordemusic http://t.co/H7On4Wrfxv",18131,10221,0.8066,0.178,0.0154,-0.7912,Negative,0.8066
t01965,2014-08-04 16:36:00,2014-08-04,2014-08,2014,16,Monday,barackobama,Send President Obama some love for his birthday: http://t.co/ZMfioaoHnt,1967,1154,0.003,0.0393,0.9577,0.9547,Positive,0.9577
t01966,2015-01-19 17:03:00,2015-01-19,2015-01,2015,17,Monday,shakira,Your generosity made the last shower a huge success! Let's see if we can help even more kids in need this year! Shak http://t.co/kshAWXSMGE,3794,1698,0.0031,0.0176,0.9793,0.9761,Positive,0.9793
t01967,2011-03-28 15:58:00,2011-03-28,2011-03,2011,15,Monday,selenagomez,My video for the UNICEF Celebrity Tap Project http://www.youtube.com/watch?v=-Gknql_od8I http://fb.me/OP8m9R2A,549,1485,0.0059,0.7067,0.2874,0.2815,Neutral,0.7067
t01968,2016-07-07 22:00:00,2016-07-07,2016-07,2016,22,Thursday,youtube,We think we smell a rat. 🐀 🐀 🐀 https://t.co/TWXw8Hvevf #PrankAcademy https://t.co/Y2isg9HzJw,2138,360,0.3749,0.602,0.0231,-0.3518,Neutral,0.602
t01969,2012-07-13 03:04:00,2012-07-13,2012-07,2012,3,Friday,selenagomez,@tomkitty13 @GarretKerr12 @skittzzzy my love for you is wild!! I'm gonna start saying that! Lol,522,987,0.0037,0.0153,0.981,0.9772,Positive,0.981
t01970,2015-06-18 22:05:00,2015-06-18,2015-06,2015,22,Thursday,justinbieber,Happiest place on earth,74667,65027,0.0074,0.017,0.9755,0.9681,Positive,0.9755
t01971,2014-12-09 22:01:00,2014-12-09,2014-12,2014,22,Tuesday,shakira,Join us tomorrow at 10am EST on our Twitter chat with US Sec. of Education @arneduncan. We'll be discussing Early Education. Don't Miss It!,287,185,0.0014,0.1279,0.8706,0.8692,Positive,0.8706
t01972,2016-10-05 20:19:00,2016-10-05,2016-10,2016,20,Wednesday,theellenshow,".@BonJovi told me about his new tour! Thanks for being here, Bon! Or should I call you Mr. Jovi? https://t.co/shTLqA9MRj",5743,990,0.002,0.0412,0.9568,0.9549,Positive,0.9568
t01973,2013-04-09 00:43:00,2013-04-09,2013-04,2013,0,Tuesday,selenagomez,@gotjusten You guys.,1368,1890,0.03,0.8369,0.1331,0.1031,Neutral,0.8369
t01974,2014-08-31 07:00:00,2014-08-31,2014-08,2014,7,Sunday,ladygaga,My favorite thing about my mom is how talented and kind she is. She always learns my dance routines on the side+calls the counts out to me!,7684,3873,0.0058,0.0165,0.9777,0.972,Positive,0.9777
t01975,2013-04-28 02:47:00,2013-04-28,2013-04,2013,2,Sunday,katyperry,I just witnessed our President deliver the funniest speech I have ever heard. #nerdprom,3170,3930,0.0032,0.0121,0.9847,0.9814,Positive,0.9847
t01976,2015-06-26 04:09:00,2015-06-26,2015-06,2015,4,Friday,arianagrande,loveeee youuuuuuu,57232,39048,0.0145,0.0491,0.9364,0.9218,Positive,0.9364
t01977,2015-12-15 22:17:00,2015-12-15,2015-12,2015,22,Tuesday,barackobama,"Thanks to American leadership, countries around the world are standing #UnitedOnClimate. https://t.co/NDKceX0BMv",2028,596,0.0038,0.0611,0.9351,0.9312,Positive,0.9351
t01978,2014-08-28 04:10:00,2014-08-28,2014-08,2014,4,Thursday,ladygaga,@mallorybudesa I mean what else would u watch it's the best,1892,1005,0.0135,0.0578,0.9287,0.9152,Positive,0.9287
t01979,2015-12-24 01:00:00,2015-12-24,2015-12,2015,1,Thursday,youtube,"Weak, Yoda’s truck is feeling. Gas, it must have. https://t.co/vZaTlsBdo8 https://t.co/YuhdTDuDm5",1335,198,0.6035,0.3641,0.0324,-0.5711,Negative,0.6035
t01980,2016-03-19 17:05:00,2016-03-19,2016-03,2016,17,Saturday,arianagrande,thank you my love https://t.co/6flZfRrlbd,15571,5141,0.0066,0.0209,0.9725,0.9659,Positive,0.9725
t01981,2016-10-17 20:25:00,2016-10-17,2016-10,2016,20,Monday,theellenshow,"I played an explosive Bejeweled Stars Master Blaster. You can play it here, without the explosion… https://t.co/2iA2o99it3",1291,134,0.0091,0.7437,0.2471,0.238,Neutral,0.7437
t01982,2016-03-23 08:24:00,2016-03-23,2016-03,2016,8,Wednesday,arianagrande,sweet dreams,33838,13339,0.0129,0.087,0.9001,0.8872,Positive,0.9001
t01983,2016-09-30 21:22:00,2016-09-30,2016-09,2016,21,Friday,ladygaga,@JoshuaXXGaga u guys will have a for real blast,2163,681,0.0037,0.0237,0.9727,0.969,Positive,0.9727
t01984,2012-11-02 19:24:00,2012-11-02,2012-11,2012,19,Friday,shakira,A little message from Shak... http://t.co/zImB25tU ShakiraHQ,296,390,0.0062,0.8305,0.1634,0.1572,Neutral,0.8305
t01985,2014-03-09 05:49:00,2014-03-09,2014-03,2014,5,Sunday,selenagomez,Reunited and it feels sooo good :) TX always makes me proud #littles #realmexicanfood #home http://t.co/25NZ0rGY4c,19832,15136,0.0019,0.0084,0.9896,0.9877,Positive,0.9896
t01986,2012-11-17 02:20:00,2012-11-17,2012-11,2012,2,Saturday,rihanna,"Stockholm thank you , I love you so much! I think I'm gonna spend the night with you guys!! Paris, I'll see you tomorrow tho #777tour",929,1561,0.0026,0.0099,0.9875,0.9849,Positive,0.9875
t01987,2016-09-11 21:20:00,2016-09-11,2016-09,2016,21,Sunday,katyperry,"Just went to a child's party and am now dissecting the lyrics to Rosie Posie, Rock A Bye Baby & This Little Piggy 💀 TBH some f*ed up stuff.",19133,4429,0.8923,0.0983,0.0094,-0.8829,Negative,0.8923
t01988,2014-01-14 14:35:00,2014-01-14,2014-01,2014,14,Tuesday,cristiano,@ThamjidNoushal It's a great feeling!,440,211,0.0042,0.0108,0.985,0.9807,Positive,0.985
t01989,2016-03-07 23:00:00,2016-03-07,2016-03,2016,23,Monday,youtube,Can this dog catch a dolphin? https://t.co/YBa8DPcjaO https://t.co/aj5cIrYqHq,1426,291,0.0337,0.875,0.0913,0.0576,Neutral,0.875
t01990,2016-01-31 05:25:00,2016-01-31,2016-01,2016,5,Sunday,kimkardashian,I don't know if my style changed or websites I used to shop at changed their buyers. Needing new online stores. Where do u guys shop online?,9253,1189,0.3035,0.6546,0.0419,-0.2617,Neutral,0.6546
t01991,2014-10-24 03:17:00,2014-10-24,2014-10,2014,3,Friday,selenagomez,Just posted a photo http://t.co/9jtS0ZhtMW,8299,5010,0.0081,0.7373,0.2546,0.2465,Neutral,0.7373
t01992,2015-10-08 22:18:00,2015-10-08,2015-10,2015,22,Thursday,ladygaga,Where's the purified blood Donovan you know I'm gluten free? #ahshotel https://t.co/dO285jN6Sy,5137,2754,0.2173,0.7265,0.0562,-0.161,Neutral,0.7265
t01993,2014-02-19 22:39:00,2014-02-19,2014-02,2014,22,Wednesday,jtimberlake,"Hey NY. There is never an easy way to do this... Unfortunately, I have to postpone tonight's show to Friday due to health reasons.",4269,1856,0.9197,0.0733,0.0071,-0.9126,Negative,0.9197
t01994,2014-08-13 22:38:00,2014-08-13,2014-08,2014,22,Wednesday,barackobama,Retweet if you support cutting dangerous carbon pollution. http://t.co/h3PeFwnPUJ,3225,5993,0.0745,0.8166,0.1088,0.0343,Neutral,0.8166
t01995,2016-02-09 23:14:00,2016-02-09,2016-02,2016,23,Tuesday,arianagrande,the most https://t.co/9vaESnMX2i,14130,4825,0.1408,0.6213,0.2379,0.0972,Neutral,0.6213
t01996,2017-01-09 15:54:00,2017-01-09,2017-01,2017,15,Monday,cnnbrk,"Manhunt underway for gunman who fatally shot Orlando, Florida, police officer; 14 schools are on lockdown.… https://t.co/Ti1bGWL4wa",324,544,0.4687,0.5188,0.0125,-0.4561,Neutral,0.5188
t01997,2014-04-22 16:07:00,2014-04-22,2014-04,2014,16,Tuesday,cristiano,You asked:Hello Cristiano!Could you please say hi to all madridistas here in Honduras?:) @jessiarita http://t.co/4dcJahSCAT,1788,979,0.004,0.393,0.603,0.599,Positive,0.603
t01998,2013-02-22 14:20:00,2013-02-22,2013-02,2013,14,Friday,shakira,Thanks to you hundreds of thousands of children will be protected in times of need. http://t.co/Rc9ZXdW8aM @UNICEF,298,521,0.0056,0.0723,0.9222,0.9166,Positive,0.9222
t01999,2015-07-14 15:05:00,2015-07-14,2015-07,2015,15,Tuesday,jimmyfallon,"Tonight on the show: @KingJames is here, playing something fun with Tina Fey & Amy Poehler, and @omimusiconline performs! #FallonTonight",2249,552,0.0016,0.1663,0.8322,0.8306,Positive,0.8322
t02000,2015-11-12 16:44:00,2015-11-12,2015-11,2015,16,Thursday,justinbieber,Chicago and Houston... Make sure u get the Special Album ticket bundle ;) https://t.co/H0WXeJo8NV https://t.co/C0o5ojva1F,37711,26198,0.002,0.3711,0.627,0.625,Positive,0.627
t02001,2016-03-09 06:37:00,2016-03-09,2016-03,2016,6,Wednesday,kimkardashian,Snapchat alert! I'm finally on! Add me -KimKardashian 🍑 https://t.co/ULYk0EZN7T,13786,4444,0.0018,0.1609,0.8373,0.8355,Positive,0.8373
t02002,2016-05-28 01:30:00,2016-05-28,2016-05,2016,1,Saturday,instagram,“We need to teach young girls that it’s cool to compliment other women.” —@IISuperwomanII #GirlLove 👭 https://t.co/hK8TNJOME8,3163,844,0.0114,0.2461,0.7424,0.731,Positive,0.7424
t02003,2015-08-12 14:18:00,2015-08-12,2015-08,2015,14,Wednesday,ddlovato,Kind of a low blow when paparazzi bring up your dead dog to try to get a reaction out of you.,26182,13819,0.8522,0.1413,0.0065,-0.8457,Negative,0.8522
t02004,2016-09-25 17:45:00,2016-09-25,2016-09,2016,17,Sunday,ladygaga,#PrayForSyria watch this and think like a child. When love and the answer is so simple. https://t.co/rEK2O5rCUB,14544,6671,0.0451,0.4329,0.5221,0.477,Positive,0.5221
t02005,2014-07-07 02:23:00,2014-07-07,2014-07,2014,2,Monday,selenagomez,“@natandalex: Hey @selenagomez have you seen the movie Behaving Badly yet?.” ---Who's in it? ☺️,12522,9592,0.0075,0.598,0.3945,0.387,Neutral,0.598
t02006,2014-09-09 18:23:00,2014-09-09,2014-09,2014,18,Tuesday,britneyspears,Wish me luck everyone! It's fashion show time! :) About to jump on stage...💃 #NYFW #IntimateBritneySpears http://t.co/Omk4Mt004T,6432,3284,0.0013,0.0109,0.9879,0.9866,Positive,0.9879
t02007,2013-05-04 14:40:00,2013-05-04,2013-05,2013,14,Saturday,rihanna,"Can you spot the 3 things that are different in these pics? Chile, it's time to privatize that account! http://t.co/WVDBzMvkW3",890,1346,0.7309,0.2473,0.0218,-0.7091,Negative,0.7309
t02008,2011-07-19 22:38:00,2011-07-19,2011-07,2011,22,Tuesday,jtimberlake,In the airport with Richard Jenkins who plays my dad becuase 1) he is an amazing actor and 2) its my favorite relationship my character...,19,38,0.0037,0.015,0.9813,0.9776,Positive,0.9813
t02009,2015-06-15 21:26:00,2015-06-15,2015-06,2015,21,Monday,britneyspears,Princess Sara Beth 👑 http://t.co/ulOUhLmlCM,5011,2083,0.0068,0.2443,0.7489,0.7421,Positive,0.7489
t02010,2015-02-01 20:25:00,2015-02-01,2015-02,2015,20,Sunday,katyperry,"Today is for this girl. She had the dream, always believed in herself & her worth. Today she is the one smiling. http://t.co/9jMh3hWubz",105458,51903,0.0022,0.0163,0.9815,0.9793,Positive,0.9815
t02011,2016-12-21 00:16:00,2016-12-21,2016-12,2016,0,Wednesday,cnnbrk,"At least 9 people killed in fireworks market blast, Mexico's federal police say; local authorities say 22.… https://t.co/2Yw31kXzPc",283,307,0.7605,0.2319,0.0076,-0.7529,Negative,0.7605
t02012,2015-06-23 15:23:00,2015-06-23,2015-06,2015,15,Tuesday,selenagomez,#GoodForYou is now on @Spotify! #NewMusicTuesday http://t.co/bSO6kOuR1h,14999,10944,0.0016,0.1116,0.8868,0.8852,Positive,0.8868
t02013,2016-08-10 17:22:00,2016-08-10,2016-08,2016,17,Wednesday,twitter,Now live: 74 new #Stickers to use and explore on Twitter! What's your favorite? We're pretty stuck on these. ⬇️ https://t.co/IMBmnwuOG3,1587,524,0.0155,0.5328,0.4518,0.4363,Neutral,0.5328
t02014,2016-01-27 21:00:00,2016-01-27,2016-01,2016,21,Wednesday,youtube,You're entering a different kind of animal hospital. https://t.co/Y0r0QhRJEl https://t.co/LfR2WpPQBS,1492,198,0.0708,0.8113,0.118,0.0472,Neutral,0.8113
t02015,2016-03-31 08:47:00,2016-03-31,2016-03,2016,8,Thursday,justinbieber,Met an amazing kid from make a wish today. Inspired,113977,54630,0.0043,0.0113,0.9843,0.98,Positive,0.9843
t02016,2014-06-15 14:45:00,2014-06-15,2014-06,2014,14,Sunday,rihanna,"Happy Father's Day to the step fathers who step up for the fathers who cant! And especially to the Mothers who have to be both, we adore you",28685,24144,0.0064,0.0213,0.9723,0.9658,Positive,0.9723
t02017,2013-06-18 01:38:00,2013-06-18,2013-06,2013,1,Tuesday,britneyspears,@alemerinob Well aren't u sweet!,100,113,0.0095,0.0193,0.9712,0.9617,Positive,0.9712
t02018,2015-08-22 16:39:00,2015-08-22,2015-08,2015,16,Saturday,barackobama,"""Congress left town for five full weeks—and they left behind a stack of unfinished business."" —President Obama http://t.co/Cnv8PFW4De",2430,1105,0.3333,0.6174,0.0493,-0.2839,Neutral,0.6174
t02019,2016-03-29 06:18:00,2016-03-29,2016-03,2016,6,Tuesday,arianagrande,"may not be able to see you guys again this trip so i'm v happy i got to hug y'all yesterday ♡... love you, stay warm https://t.co/UQbNuAONzS",20317,5771,0.0044,0.0131,0.9825,0.9781,Positive,0.9825
t02020,2012-05-10 19:48:00,2012-05-10,2012-05,2012,19,Thursday,taylorswift13,"""Going back to Nashville, thinking about the whole thing. Guess you gotta run sometimes"" http://t.co/9SAT0UYS",2509,4172,0.183,0.7726,0.0443,-0.1387,Neutral,0.7726
t02021,2014-05-09 17:46:00,2014-05-09,2014-05,2014,17,Friday,jtimberlake,About last night...#Oslo #JT2020Tour http://t.co/TM7V2R2Dbb,1591,666,0.0065,0.952,0.0415,0.035,Neutral,0.952
t02022,2016-10-07 04:17:00,2016-10-07,2016-10,2016,4,Friday,arianagrande,We're okay so far. Nonna wants to play cards on the patio (what the hell). Love to everyone up North. I'm very nervous. Please stay safe.,47145,13436,0.0534,0.2015,0.7451,0.6917,Positive,0.7451
t02023,2012-12-18 23:10:00,2012-12-18,2012-12,2012,23,Tuesday,cristiano,I'm not deciding today“@Party_Spice: I'm not going back to work until @Cristiano decides what to do for #celebrate15m and RTs or follows me!,273,385,0.1327,0.7853,0.082,-0.0507,Neutral,0.7853
t02024,2016-07-12 19:42:00,2016-07-12,2016-07,2016,19,Tuesday,shakira,With Friend @KathyKopp / Con mi amiga Kathy Kopp #LaBicicletaVideo https://t.co/cIZ5hrHysg Shak https://t.co/tlGzcxUIeq,4714,751,0.0058,0.9129,0.0812,0.0754,Neutral,0.9129
t02025,2013-04-29 23:54:00,2013-04-29,2013-04,2013,23,Monday,shakira,Time to narrow down #TeamShakira for Live Shows! Who do you all think will make it through #Knockouts? #WatchingKnockouts @NBCTheVoice,355,401,0.0051,0.8025,0.1924,0.1873,Neutral,0.8025
t02026,2016-09-12 22:57:00,2016-09-12,2016-09,2016,22,Monday,youtube,What's a game without its soundtrack? Share your favorite video game songs for #NationalVideoGamesDay #YouTubeMusic https://t.co/aWO7mfzuXu,1197,219,0.0138,0.4728,0.5135,0.4997,Positive,0.5135
t02027,2016-10-30 16:00:00,2016-10-30,2016-10,2016,16,Sunday,youtube,🌈 Enter Sandman 🌈 https://t.co/eBtMrRYh5v https://t.co/nI2FQHzvx2,994,138,0.0028,0.6824,0.3147,0.3119,Neutral,0.6824
t02028,2012-06-28 04:00:00,2012-06-28,2012-06,2012,4,Thursday,selenagomez,"@therealgrimmie @JonmChu Just saw the Remixed episode of Christina's ""FInd Me"" Stripped..... AMAZING!!!! http://t.co/TwRcN02B",835,1872,0.0023,0.0207,0.977,0.9746,Positive,0.977
t02029,2014-01-04 22:21:00,2014-01-04,2014-01,2014,22,Saturday,jimmyfallon,“@bfollett21: @jimmyfallon History. Of. Rap.” Yes,791,107,0.006,0.6246,0.3693,0.3633,Neutral,0.6246
t02030,2015-09-16 21:25:00,2015-09-16,2015-09,2015,21,Wednesday,kimkardashian,YEEZY SEASON 2!!!! Congrats to my baby for a crazy sick show!!!! #yeezy #adidas http://t.co/QCtwOpHEhF,10802,3982,0.0019,0.0072,0.9909,0.989,Positive,0.9909
t02031,2015-05-23 01:29:00,2015-05-23,2015-05,2015,1,Saturday,justinbieber,Add me on Shots http://t.co/01sfI7gQUS,56996,44523,0.0159,0.8286,0.1555,0.1396,Neutral,0.8286
t02032,2016-01-26 22:45:00,2016-01-26,2016-01,2016,22,Tuesday,theellenshow,I’d love that. Can we stay with you? #EllenQandA https://t.co/VmyA426nZS,2184,233,0.0019,0.0499,0.9481,0.9462,Positive,0.9481
t02033,2014-04-20 20:45:00,2014-04-20,2014-04,2014,20,Sunday,katyperry,I love seeing all these drunk babies waddle around in pastels #Easter,9719,4898,0.1193,0.2114,0.6694,0.5501,Positive,0.6694
t02034,2016-01-27 01:00:00,2016-01-27,2016-01,2016,1,Wednesday,youtube,Watch this video to experience time travel for real. https://t.co/WaFIF2qfcr https://t.co/lORa8pIh8C,1477,283,0.0055,0.5809,0.4136,0.4081,Neutral,0.5809
t02035,2016-10-21 20:30:00,2016-10-21,2016-10,2016,20,Friday,ladygaga,@CantReadMyJudas oh my is that so cute!! #JOANNE,2924,948,0.0041,0.011,0.9849,0.9808,Positive,0.9849
t02036,2016-11-15 22:53:00,2016-11-15,2016-11,2016,22,Tuesday,theellenshow,I’m nominated for 3 People’s Choice Awards! It’s an honor to be nominated. Really. Just that is enough for me. —> https://t.co/Bgc1QYXKMR,5370,459,0.0031,0.0104,0.9865,0.9835,Positive,0.9865
t02037,2015-11-16 02:27:00,2015-11-16,2015-11,2015,2,Monday,kimkardashian,It's fun to get together with the whole fam and watch our premieres like we used to do! Shout out to @khloekardashian for cooking tonight!,5354,724,0.002,0.017,0.981,0.9791,Positive,0.981
t02038,2015-07-06 20:24:00,2015-07-06,2015-07,2015,20,Monday,kimkardashian,This new @Balmain collection is giving me life!!!!!,5678,1514,0.0029,0.0071,0.9901,0.9872,Positive,0.9901
t02039,2015-04-07 02:58:00,2015-04-07,2015-04,2015,2,Tuesday,ddlovato,Sooo many freckles!! 😝 https://t.co/ecOH5fa9nI,15351,9540,0.0035,0.033,0.9635,0.9599,Positive,0.9635
t02040,2016-10-26 18:34:00,2016-10-26,2016-10,2016,18,Wednesday,theellenshow,"Good news everyone, I found a girlfriend for @NiallOfficial. I hope you’re watching, @EllieGoulding. https://t.co/ZupJlTv323",21860,8197,0.0016,0.0095,0.9889,0.9873,Positive,0.9889
t02041,2010-02-18 22:55:00,2010-02-18,2010-02,2010,22,Thursday,twitter,Life tip #53: Tweet others as you would like to be tweeted,285,1832,0.0822,0.8075,0.1103,0.0282,Neutral,0.8075
t02042,2012-07-31 21:22:00,2012-07-31,2012-07,2012,21,Tuesday,shakira,NEWS The #GetItStarted video by @Pitbull feat Shakira will premiere on @Vevo on Thur 2 Aug at 9am EDT/3pm CET ShakHQ http://t.co/PVMhSPoz,224,437,0.0035,0.9041,0.0924,0.0889,Neutral,0.9041
t02043,2016-08-20 19:34:00,2016-08-20,2016-08,2016,19,Saturday,ddlovato,"@CSiriano thank you so much, I love your work!!",5678,2355,0.0074,0.0106,0.982,0.9745,Positive,0.982
t02044,2013-03-20 23:30:00,2013-03-20,2013-03,2013,23,Wednesday,selenagomez,Happy Spring Day....@SpringBreakers is out this weekend! #SpringBreakForever http://t.co/tmNz265DOe http://t.co/1d3W5MvCnV,12456,13059,0.0013,0.0092,0.9895,0.9883,Positive,0.9895
t02045,2016-11-16 00:40:00,2016-11-16,2016-11,2016,0,Wednesday,justinbieber,Thank you https://t.co/oSww7fBGk7,108294,52739,0.0107,0.1105,0.8788,0.8681,Positive,0.8788
t02046,2013-08-05 07:50:00,2013-08-05,2013-08,2013,7,Monday,rihanna,I can't sleep!!! #morningfaces #Barbados http://t.co/2hrTQtJCL6,1407,1758,0.5259,0.3443,0.1298,-0.396,Negative,0.5259
t02047,2016-03-18 21:00:00,2016-03-18,2016-03,2016,21,Friday,ddlovato,Congrats @RyanSeacrest and @RyanFoundation on the opening of your 10th #SeacrestStudios at @VUMCChildren! 💗,12644,5189,0.0015,0.0114,0.9871,0.9856,Positive,0.9871
t02048,2014-12-04 14:21:00,2014-12-04,2014-12,2014,14,Thursday,ladygaga,@Andrewislivid love it! That's a swingin holiday!,1541,804,0.004,0.0095,0.9865,0.9826,Positive,0.9865
t02049,2015-10-26 18:38:00,2015-10-26,2015-10,2015,18,Monday,justinbieber,Working on something special for u,73891,63843,0.0061,0.1838,0.8101,0.804,Positive,0.8101
t02050,2016-05-09 17:24:00,2016-05-09,2016-05,2016,17,Monday,barackobama,Partisan obstructionism shouldn't hold back our Supreme Court. #DoYourJob https://t.co/Q7rRKyWlZc,4367,1315,0.7077,0.2677,0.0246,-0.6831,Negative,0.7077
t02051,2016-08-28 21:30:00,2016-08-28,2016-08,2016,21,Sunday,instagram,Caution: extremely addictive videos ahead ⚠️ (via @POPSUGARTech) https://t.co/Bz5DrtLsFF,633,143,0.5306,0.4229,0.0465,-0.4841,Negative,0.5306
t02052,2016-10-25 23:45:00,2016-10-25,2016-10,2016,23,Tuesday,instagram,A beach photo shoot becomes a pastel dreamscape in Japan https://t.co/yDUYwKXkv5 #TheWeekOnInstagram,496,117,0.0051,0.6465,0.3484,0.3433,Neutral,0.6465
t02053,2015-06-17 15:14:00,2015-06-17,2015-06,2015,15,Wednesday,justinbieber,@tracycityline he ain't that bad,31197,22849,0.2546,0.6003,0.1451,-0.1095,Neutral,0.6003
t02054,2016-03-13 20:47:00,2016-03-13,2016-03,2016,20,Sunday,arianagrande,"I love you, pringus. https://t.co/Q2VNF7CIpp",27804,11542,0.0036,0.0166,0.9798,0.9761,Positive,0.9798
t02055,2015-01-12 19:57:00,2015-01-12,2015-01,2015,19,Monday,shakira,"Time for a study break ;-) RT @EliasNaomi I like a dance as much as the next person, but why are they blasting out @shakira in the library?",1257,502,0.0873,0.569,0.3438,0.2565,Neutral,0.569
t02056,2014-05-29 06:40:00,2014-05-29,2014-05,2014,6,Thursday,selenagomez,@chaelynne airportin http://t.co/yIqAJT61NO,3769,3100,0.0418,0.8792,0.079,0.0373,Neutral,0.8792
t02057,2016-06-10 21:30:00,2016-06-10,2016-06,2016,21,Friday,instagram,Participate in this weekend’s hashtag project: #WHPgetclose https://t.co/xtxFofMqUB https://t.co/QY0XFosEo9,550,117,0.0032,0.7739,0.2228,0.2196,Neutral,0.7739
t02058,2016-12-07 18:59:00,2016-12-07,2016-12,2016,18,Wednesday,youtube,@OMGitsAliA ⚠️ *puts on a hard hat to watch this scene safely* ⚠️ #YouTubeRewind,118,9,0.0115,0.6697,0.3188,0.3073,Neutral,0.6697
t02059,2015-12-01 15:17:00,2015-12-01,2015-12,2015,15,Tuesday,cristiano,You can now search the web trough my CR7 Keyboard. Download it here: https://t.co/8gBEskPNEo https://t.co/d22qLNnQqo,7048,1683,0.0045,0.7618,0.2337,0.2291,Neutral,0.7618
t02060,2011-05-11 22:28:00,2011-05-11,2011-05,2011,22,Wednesday,twitter,Making your mobile web experience appier: http://t.co/rq9RhoZ,166,239,0.0075,0.3973,0.5952,0.5877,Positive,0.5952
t02061,2015-02-21 02:14:00,2015-02-21,2015-02,2015,2,Saturday,katyperry,nailed it http://t.co/kfPzBY4Wab,9086,4799,0.0129,0.2463,0.7408,0.7278,Positive,0.7408
t02062,2012-08-14 20:08:00,2012-08-14,2012-08,2012,20,Tuesday,cristiano,It's an honor to be again nominated for Best Player Award. Thank you to all of you for supporting me. http://t.co/mEQHySZh,1403,4146,0.0029,0.0094,0.9877,0.9848,Positive,0.9877
t02063,2016-09-03 16:35:00,2016-09-03,2016-09,2016,16,Saturday,theellenshow,3 more days! #EllenPremiere https://t.co/7ZHVVF2uHm,10508,899,0.0017,0.2059,0.7924,0.7907,Positive,0.7924
t02064,2013-05-06 08:50:00,2013-05-06,2013-05,2013,8,Monday,rihanna,Look who came to see me!! My lover Stella McCartney!!! #dwt http://t.co/EMC43s93xl,653,847,0.0015,0.014,0.9845,0.983,Positive,0.9845
t02065,2015-10-24 22:39:00,2015-10-24,2015-10,2015,22,Saturday,theellenshow,My brother has a new EP out! Check out “Only Summer” by The Lightjackets. I was on tambourine. https://t.co/ffQfUMcz9u,1275,239,0.0023,0.3263,0.6714,0.6692,Positive,0.6714
t02066,2016-09-09 08:00:00,2016-09-09,2016-09,2016,8,Friday,katyperry,"Turkish delights are DISGUSTING, it's a FARCE cc: Chronicles of Narnia",17006,5157,0.9323,0.0587,0.009,-0.9233,Negative,0.9323
t02067,2016-12-30 12:55:00,2016-12-30,2016-12,2016,12,Friday,cnnbrk,"Putin says Russia won't expel US diplomats in response to Obama administration sanctions, Russian state media says… https://t.co/6vNQHVrD9m",619,431,0.0762,0.9045,0.0192,-0.057,Neutral,0.9045
t02068,2016-11-04 14:37:00,2016-11-04,2016-11,2016,14,Friday,youtube,"@SyntehticSponge Yeah, it really went out with a bang.",12,4,0.0197,0.1903,0.7899,0.7702,Positive,0.7899
t02069,2015-11-02 17:55:00,2015-11-02,2015-11,2015,17,Monday,arianagrande,thank you 😌 I hope it makes a difference and makes you feel good. It is of utmost important to me. https://t.co/3Xy8TkXudc,23384,10337,0.0049,0.0157,0.9793,0.9744,Positive,0.9793
t02070,2015-03-04 21:28:00,2015-03-04,2015-03,2015,21,Wednesday,jimmyfallon,Hashtag game! Tweet out a funny rap about Spring Break and tag with #SpringBreakRaps. Could be on our show!,1860,443,0.0043,0.438,0.5576,0.5533,Positive,0.5576
t02071,2015-06-06 16:38:00,2015-06-06,2015-06,2015,16,Saturday,barackobama,"""Beau Biden was an original. He was a good man. A man of character. A man who loved deeply and was loved in return."" —President Obama",3968,1527,0.006,0.0344,0.9595,0.9535,Positive,0.9595
t02072,2014-09-11 15:28:00,2014-09-11,2014-09,2014,15,Thursday,jimmyfallon,"Tonight: @Jes_Chastain, @JeffreyTambor, music from @chrisbrown, and some special guests read your #WhenIWasAKid tweets. #FallonTonight",727,282,0.0029,0.764,0.233,0.2301,Neutral,0.764
t02073,2016-05-28 11:19:00,2016-05-28,2016-05,2016,11,Saturday,jtimberlake,"Whoa. This is a new level of remake. Merci beacoup, @alsublet and Paris, France‼️ #CantStopTheFeeling https://t.co/dlE5SZYNjR",4328,1737,0.0034,0.0292,0.9675,0.9641,Positive,0.9675
t02074,2016-12-10 01:00:00,2016-12-10,2016-12,2016,1,Saturday,youtube,You never know what’s gonna happen on the #YouTubeRewind set! https://t.co/WtEOgo07PK https://t.co/PLpvYFc68G,1467,182,0.0052,0.7076,0.2872,0.282,Neutral,0.7076
t02075,2016-12-09 00:12:00,2016-12-09,2016-12,2016,0,Friday,twitter,“The moment of twilight is simply beautiful.” John Glenn #RIP https://t.co/A3AvuSRTbF https://t.co/VHaTcZVKcP,1705,713,0.0088,0.0755,0.9157,0.9069,Positive,0.9157
t02076,2016-08-27 18:02:00,2016-08-27,2016-08,2016,18,Saturday,britneyspears,Invitation: This was the perfect first song. It really sets the tone for the whole album. #GloryStreamingParty,5225,2132,0.0022,0.011,0.9868,0.9845,Positive,0.9868
t02077,2012-08-31 04:01:00,2012-08-31,2012-08,2012,4,Friday,taylorswift13,Just ate like 7 of those mini milky way bars and am currently refusing to admit it's the same as eating a big one IT IS NOT THE SAME,10226,13145,0.81,0.1711,0.0188,-0.7912,Negative,0.81
t02078,2016-04-29 19:12:00,2016-04-29,2016-04,2016,19,Friday,theellenshow,I sent Kevin the Cashier to a Chevy dealership. One word: Hilarious. https://t.co/bTFY0kncTo https://t.co/aAid713RE0,3043,436,0.0148,0.1521,0.8331,0.8184,Positive,0.8331
t02079,2016-03-31 22:41:00,2016-03-31,2016-03,2016,22,Thursday,barackobama,This is it—your last chance to win a free trip to Chicago to meet James Taylor: https://t.co/ryoo6ZGLdo https://t.co/y8BYvl0HIb,1645,445,0.0044,0.5442,0.4514,0.447,Neutral,0.5442
t02080,2015-07-14 11:40:00,2015-07-14,2015-07,2015,11,Tuesday,ladygaga,This gif is cool. https://t.co/i5u2ImjpAd,6757,4611,0.0044,0.0224,0.9732,0.9688,Positive,0.9732
t02081,2016-04-20 20:50:00,2016-04-20,2016-04,2016,20,Wednesday,twitter,"Your fans sure are #OBSESSED, @DanAndShay — thanks for the video! https://t.co/VUteahPdTu",593,149,0.0027,0.0082,0.9891,0.9864,Positive,0.9891
t02082,2016-02-13 19:00:00,2016-02-13,2016-02,2016,19,Saturday,youtube,The trick to #LazerTeam is using your lazer. https://t.co/LPUdyiRdbE #YTRedOriginals https://t.co/N398erO2hk,1207,166,0.0038,0.2752,0.721,0.7171,Positive,0.721
t02083,2016-11-16 12:51:00,2016-11-16,2016-11,2016,12,Wednesday,cnnbrk,Russia to withdraw from International Criminal Court on President Vladimir Putin's orders. https://t.co/OhupPf6iOh https://t.co/PlfqIP0V4q,643,956,0.2198,0.7622,0.018,-0.2017,Neutral,0.7622
t02084,2016-03-31 21:00:00,2016-03-31,2016-03,2016,21,Thursday,youtube,"This is how you juice, right? https://t.co/wqSxkYCDcX https://t.co/evHzNttt0J",2023,410,0.0383,0.8497,0.1119,0.0736,Neutral,0.8497
t02085,2015-07-20 16:08:00,2015-07-20,2015-07,2015,16,Monday,kimkardashian,10 minute glam session this day! We shot a tutorial for my website to show u fun tricks to get ready in a hurry! http://t.co/nAeNRXUY1g,7272,1527,0.0025,0.1137,0.8838,0.8813,Positive,0.8838
t02086,2015-03-18 18:59:00,2015-03-18,2015-03,2015,18,Wednesday,barackobama,"""The typical family this year should save more than $700 at the pump."" —President Obama",1184,486,0.017,0.3427,0.6403,0.6234,Positive,0.6403
t02087,2014-03-06 16:30:00,2014-03-06,2014-03,2014,16,Thursday,cristiano,You asked: Top 3 songs you love at the moment? @rosiepaynex http://t.co/J7ODh9fmUV,1577,785,0.0043,0.4151,0.5806,0.5763,Positive,0.5806
t02088,2016-07-14 18:43:00,2016-07-14,2016-07,2016,18,Thursday,jtimberlake,The #DreamWorksTrolls Soundtrack cover has just been released! Trolls store goes live tomorrow - stay tuned! -teamJT https://t.co/QUSEqeK46J,7348,1480,0.003,0.3946,0.6024,0.5994,Positive,0.6024
t02089,2011-02-10 18:17:00,2011-02-10,2011-02,2011,18,Thursday,cristiano,"Very cool? Happy birthday! @CamillaDemescko @Cristiano how cool would it be, if you wished me a happy birthday ? :-)",56,92,0.0026,0.0072,0.9902,0.9876,Positive,0.9902
t02090,2015-08-04 23:45:00,2015-08-04,2015-08,2015,23,Tuesday,kimkardashian,Every doll is my favorite!!!! Love you guys soooo much!!!!,8981,2163,0.0041,0.0071,0.9889,0.9848,Positive,0.9889
t02091,2015-09-20 11:07:00,2015-09-20,2015-09,2015,11,Sunday,selenagomez,London!!! You make me smile. But maybe not as much as you guys do :) thank you for being insanely kind.,26411,14278,0.0071,0.0121,0.9809,0.9738,Positive,0.9809
t02092,2014-09-08 19:40:00,2014-09-08,2014-09,2014,19,Monday,barackobama,It's been more than five years since the national minimum wage was raised. That's wrong: http://t.co/Sf7NXpNOAK #RaiseTheWage,1424,960,0.9131,0.081,0.0059,-0.9072,Negative,0.9131
t02093,2016-02-11 17:59:00,2016-02-11,2016-02,2016,17,Thursday,theellenshow,".@ElleKingMusic was here to perform ""America's Sweetheart"" for America's Sweetheart. https://t.co/XuIkmOXMCe",1182,149,0.0022,0.1434,0.8544,0.8523,Positive,0.8544
t02094,2013-03-09 06:15:00,2013-03-09,2013-03,2013,6,Saturday,rihanna,#BUFFALO I will never forget how you made me feel tonight!!! Thank you from the bottom of my heart!! #1Love always,2426,3248,0.0041,0.0081,0.9878,0.9838,Positive,0.9878
t02095,2014-12-26 22:19:00,2014-12-26,2014-12,2014,22,Friday,taylorswift13,"Not that giving Christmas presents is a competition, but this year, my mom won. http://t.co/MafwU4SmUi",24454,10994,0.0225,0.2023,0.7752,0.7526,Positive,0.7752
t02096,2016-11-30 16:12:00,2016-11-30,2016-11,2016,16,Wednesday,twitter,"With Moments, you can bring together favorite Tweets to tell richer stories - rolling out on mobile starting today. https://t.co/SMqIZ1Zngo",1523,719,0.0025,0.1208,0.8767,0.8743,Positive,0.8767
t02097,2017-01-11 03:30:00,2017-01-11,2017-01,2017,3,Wednesday,instagram,"Transforming into tigers, from head to toe #WHPimitation https://t.co/qMkof950cc",608,102,0.0078,0.8673,0.1248,0.117,Neutral,0.8673
t02098,2015-09-10 17:31:00,2015-09-10,2015-09,2015,17,Thursday,theellenshow,Macey met @HillaryClinton. Politics has never been more adorable. http://t.co/yI6jiir6qo,1669,351,0.0027,0.0166,0.9807,0.978,Positive,0.9807
t02099,2013-10-22 04:27:00,2013-10-22,2013-10,2013,4,Tuesday,katyperry,@LadyCrystalB I think I'm living the most present & aware I have ever lived & that made this time even better. Maybe I've finally grown up?,795,604,0.0032,0.017,0.9798,0.9766,Positive,0.9798
t02100,2016-03-28 16:20:00,2016-03-28,2016-03,2016,16,Monday,arianagrande,glad I got to spend some time w my London babes before things get too busy 😌 I love you 🌧,40280,14192,0.0046,0.0206,0.9747,0.9701,Positive,0.9747
t02101,2014-08-04 05:00:00,2014-08-04,2014-08,2014,5,Monday,katyperry,I survived the hazing 😳 goodnight fellow Harvard Lampoonians! S/O B.J. Novak & Alexis Wilkinson http://t.co/IvT5R6e350,5798,2720,0.0048,0.0775,0.9177,0.9129,Positive,0.9177
t02102,2016-04-12 19:10:00,2016-04-12,2016-04,2016,19,Tuesday,twitter,"For #TravelTuesday 🏔 views and 🐬 visits, coast to Kaikoura, New Zealand. https://t.co/cEtNchNmzF",780,214,0.0038,0.8673,0.1289,0.125,Neutral,0.8673
t02103,2016-04-11 20:40:00,2016-04-11,2016-04,2016,20,Monday,kimkardashian,Thank u Hakassan 4 having me! @olivier_rousteing & @balmain 4dressing me! Thank u @makeupbyariel @cesar4styles 💆🏽💄 https://t.co/It4qYmsalp,8230,1574,0.0031,0.0194,0.9775,0.9745,Positive,0.9775
t02104,2014-11-29 15:36:00,2014-11-29,2014-11,2014,15,Saturday,barackobama,There's no better time to be thankful for your health––but make sure you're prepared for anything: http://t.co/AqSgOUrPlR #GetCovered,1322,644,0.0032,0.0287,0.9681,0.9649,Positive,0.9681
t02105,2015-10-21 22:27:00,2015-10-21,2015-10,2015,22,Wednesday,justinbieber,So tomorrow a lot of friends will be playing #SORRY. @RyanSeacrest u ready?,42767,36586,0.0608,0.5729,0.3662,0.3054,Neutral,0.5729
t02106,2015-11-02 19:04:00,2015-11-02,2015-11,2015,19,Monday,kimkardashian,Beyond excited to welcome the one and only @KarlLagerfeld and his gorgeous F/W collection to the #KimKardashianGame! https://t.co/5fhQVblecZ,2872,641,0.0012,0.0111,0.9878,0.9866,Positive,0.9878
t02107,2015-10-22 23:35:00,2015-10-22,2015-10,2015,23,Thursday,ddlovato,You guys get TWO videos today because you streamed so much on @Spotify to unlock!!! https://t.co/wc4bIekRag,9837,7358,0.0032,0.076,0.9207,0.9175,Positive,0.9207
t02108,2016-11-21 18:31:00,2016-11-21,2016-11,2016,18,Monday,theellenshow,Here it is! My special link just for my Twitter followers to win all of today’s giveaways! https://t.co/sHqnzJKYSn,3457,560,0.0016,0.0593,0.9391,0.9375,Positive,0.9391
t02109,2014-04-29 02:02:00,2014-04-29,2014-04,2014,2,Tuesday,jimmyfallon,"Tonight's show with Emma Stone, @RobinsonCano and @KeithUrban. http://t.co/ESLc3Lb7gT #FallonTonight",913,259,0.0023,0.8091,0.1886,0.1863,Neutral,0.8091
t02110,2015-03-29 02:34:00,2015-03-29,2015-03,2015,2,Sunday,justinbieber,Thank you @ArianaGrande and thank you Miami. I missed the stage. See u soon ;),127609,103452,0.0074,0.0609,0.9317,0.9242,Positive,0.9317
t02111,2016-07-26 22:52:00,2016-07-26,2016-07,2016,22,Tuesday,arianagrande,"! thank you so much. a surreal thing to be in such incredible company. also, what an honor it is… https://t.co/uJQ12Txxyb",29701,10299,0.0048,0.009,0.9862,0.9815,Positive,0.9862
t02112,2011-09-08 06:13:00,2011-09-08,2011-09,2011,6,Thursday,taylorswift13,"The crowd tonight in Tacoma was gorgeous. And 20,000 strong. I can't stop smiling.",944,2112,0.0039,0.0073,0.9888,0.9849,Positive,0.9888
t02113,2011-02-12 21:27:00,2011-02-12,2011-02,2011,21,Saturday,cristiano,Thank you. RT @HashemiLaw Good luck tomorrow to you and the rest of the Club against Espanyol. may the football gods be on your side!,59,83,0.0028,0.0119,0.9853,0.9825,Positive,0.9853
t02114,2015-01-11 04:36:00,2015-01-11,2015-01,2015,4,Sunday,ladygaga,I love her. My piano. play the sh*t outta her. http://t.co/QF7Ebb0gCW,5151,2944,0.012,0.0186,0.9694,0.9574,Positive,0.9694
t02115,2016-09-23 22:36:00,2016-09-23,2016-09,2016,22,Friday,twitter,#TNF week 3 is in the 📚. Rewind to the best moments from last night's LIVE matchup between the @HoustonTexans and… https://t.co/7H5TYXlmpu,1213,243,0.0022,0.3766,0.6212,0.619,Positive,0.6212
t02116,2014-05-28 16:01:00,2014-05-28,2014-05,2014,16,Wednesday,jtimberlake,"So funny, @jimmyfallon. I was just telling someone how my name was on your balls. #regram http://t.co/mffiYCNGwA",4110,1735,0.0658,0.2563,0.6779,0.6122,Positive,0.6779
t02117,2016-06-14 16:42:00,2016-06-14,2016-06,2016,16,Tuesday,twitter,"@AmberHess2019 🚨 Fire Tweets alert! 🚨 You got it Amber, now you can!",31,10,0.0065,0.1847,0.8087,0.8022,Positive,0.8087
t02118,2010-09-21 06:43:00,2010-09-21,2010-09,2010,6,Tuesday,selenagomez,I am so excited. My new album #ayearwithoutrain is out today! I hope you like it! http://smarturl.it/aywralbum,176,936,0.0016,0.0061,0.9923,0.9907,Positive,0.9923
t02119,2014-05-02 21:55:00,2014-05-02,2014-05,2014,21,Friday,jtimberlake,“@Thrill21: @THETNKIDS Well it's the King and President of Pop. Can't get any better. #MJandJT” HAHA! Werd!! 🙏,1614,655,0.0029,0.02,0.9771,0.9742,Positive,0.9771
t02120,2016-03-18 16:33:00,2016-03-18,2016-03,2016,16,Friday,arianagrande,#DangerousWoman & #BeAlright are both in the top 10 on @AppleMusic currently. so unreal. 😭😩 thank you so much. ♡ https://t.co/X1TBDlUe50,29469,15450,0.0048,0.0106,0.9846,0.9798,Positive,0.9846
t02121,2016-02-03 19:38:00,2016-02-03,2016-02,2016,19,Wednesday,barackobama,Progress is not inevitable—it depends on hard work. Say you'll fight for it: https://t.co/rOxOANt7PM https://t.co/EodCkOME1i,5377,1584,0.0422,0.4689,0.4888,0.4466,Positive,0.4888
t02122,2015-10-14 23:08:00,2015-10-14,2015-10,2015,23,Wednesday,arianagrande,show me photos of you with your #Ari bottles by tagging @ aribyarianagrandefragrances on insta 💜💜💜… https://t.co/qxaCGiPJhw,18531,8889,0.0022,0.1311,0.8667,0.8646,Positive,0.8667
t02123,2014-10-04 21:29:00,2014-10-04,2014-10,2014,21,Saturday,barackobama,Good news: America's businesses extended the longest streak of private sector job gains on record. http://t.co/Y4Td76Bz9U #ActOnJobs,1344,708,0.0026,0.0279,0.9695,0.9668,Positive,0.9695
t02124,2016-09-27 14:56:00,2016-09-27,2016-09,2016,14,Tuesday,kimkardashian,He is 31 and a father of three who was recently diagnosed with an aggressive blood cancer called primary myelofibrosis.,7458,1673,0.5402,0.4386,0.0213,-0.5189,Negative,0.5402
t02125,2015-06-16 17:56:00,2015-06-16,2015-06,2015,17,Tuesday,theellenshow,Someone watching my show is gonna win $10K this week! Look out for the @MattressFirm Money Term #LaughDancePartner. http://t.co/EsQPpVx5g2,1596,295,0.0022,0.1026,0.8952,0.8931,Positive,0.8952
t02126,2015-07-28 23:56:00,2015-07-28,2015-07,2015,23,Tuesday,justinbieber,Blessed to be a part of this tonight. See everyone on @FOXTV #KnockKnockLive https://t.co/92RU52j0Ly,52227,45920,0.002,0.0123,0.9857,0.9836,Positive,0.9857
t02127,2015-11-24 14:41:00,2015-11-24,2015-11,2015,14,Tuesday,justinbieber,THANK YOU https://t.co/TgVoB619V3,62864,42679,0.0262,0.1046,0.8692,0.843,Positive,0.8692
t02128,2016-10-11 21:22:00,2016-10-11,2016-10,2016,21,Tuesday,cnnbrk,"Gunman opens fire in Shiite shrine in Kabul, Afghanistan, killing 14 people https://t.co/F25VQ5wACX",278,394,0.7601,0.2326,0.0074,-0.7527,Negative,0.7601
t02129,2015-08-04 20:43:00,2015-08-04,2015-08,2015,20,Tuesday,kimkardashian,Happy Birthday @MyleezaKardash I'm so thankful to spend your 21st birthday with you here in New Orleans! http://t.co/wfupuVKlwr,6481,1452,0.0021,0.0055,0.9925,0.9904,Positive,0.9925
t02130,2015-04-24 22:58:00,2015-04-24,2015-04,2015,22,Friday,theellenshow,What’s the one room a ghost can’t be in? The living room. #ClassicJokeFriday,6502,3319,0.233,0.6661,0.1009,-0.1321,Neutral,0.6661
t02131,2012-05-09 23:09:00,2012-05-09,2012-05,2012,23,Wednesday,jtimberlake,"""@Ragsroberts: When fonts go wrong. How erm, unfortunate... http://t.co/9gjLFKez -- LMAO! How did anyone not see that before print?!",162,522,0.8679,0.1187,0.0133,-0.8546,Negative,0.8679
t02132,2016-06-21 12:24:00,2016-06-21,2016-06,2016,12,Tuesday,jimmyfallon,.@BlakeLively and I face off in a game of Know It All https://t.co/4PAenGY3SN #FallonTonight,1406,253,0.0061,0.8791,0.1149,0.1088,Neutral,0.8791
t02133,2012-06-09 02:30:00,2012-06-09,2012-06,2012,2,Saturday,jtimberlake,"""@_Caitie_bug: @jtimberlake What the ef are you doing in the valley? #wrongsideofthehill"" Hangin out with REAL folk... #HollyWeird",76,106,0.4522,0.5223,0.0255,-0.4267,Neutral,0.5223
t02134,2015-03-17 16:37:00,2015-03-17,2015-03,2015,16,Tuesday,barackobama,WATCH: President Obama discusses #CollegeOpportunity with students from across the country. http://t.co/nfa7wPavgW,1178,602,0.0045,0.5999,0.3957,0.3912,Neutral,0.5999
t02135,2015-06-26 18:07:00,2015-06-26,2015-06,2015,18,Friday,arianagrande,those nodes @jarvimac #shehashadit https://t.co/QcL97QpP59,20185,9825,0.0161,0.9065,0.0774,0.0612,Neutral,0.9065
t02136,2016-06-26 15:37:00,2016-06-26,2016-06,2016,15,Sunday,ladygaga,Watch the conversation about kindness live here: https://t.co/1eLIMtjJYb @usmayors #CityofKindness,4691,1800,0.0046,0.4287,0.5667,0.5621,Positive,0.5667
t02137,2014-03-19 17:21:00,2014-03-19,2014-03,2014,17,Wednesday,jimmyfallon,"And tomorrow night, performing for the first time on late night TV in over 13 years, the one & only @billyjoel!! #FallonTonight",2266,783,0.0012,0.0995,0.8993,0.8982,Positive,0.8993
t02138,2015-09-09 17:29:00,2015-09-09,2015-09,2015,17,Wednesday,barackobama,Solar energy is heading toward a record-setting year for growth. Find out more: http://t.co/L72GR0YrCp,1506,798,0.0026,0.1125,0.8849,0.8823,Positive,0.8849
t02139,2017-01-11 08:06:00,2017-01-11,2017-01,2017,8,Wednesday,cristiano,"@DwyaneWade . No. Watch. Learn, #raiseit Ronaldo style. I think I’ve got him, do you agree? 🍳… https://t.co/ug1MMdLsEe",3261,1106,0.0178,0.5908,0.3915,0.3737,Neutral,0.5908
t02140,2014-08-11 21:32:00,2014-08-11,2014-08,2014,21,Monday,taylorswift13,Thank you to Chef Jeanie at Ella's Fine Food and Drink for giving us the best and only cooking lesson… http://t.co/xDRdbUIlCL,11787,7263,0.0018,0.013,0.9852,0.9834,Positive,0.9852
t02141,2014-04-30 14:46:00,2014-04-30,2014-04,2014,14,Wednesday,shakira,Watch Shak perform The One Thing from her new album with Tess and Kristen on last night's @NBCTheVoice! http://t.co/A3WajLSQHs ShakHQ,851,447,0.0022,0.6979,0.2998,0.2976,Neutral,0.6979
t02142,2014-12-15 00:32:00,2014-12-15,2014-12,2014,0,Monday,selenagomez,Exciting things to come!!! THANKS to this hot mama @carlynecerfdedudzeelle 😍 http://t.co/x8cXYKuvU1,11302,7089,0.0022,0.0055,0.9922,0.99,Positive,0.9922
t02143,2013-09-13 20:38:00,2013-09-13,2013-09,2013,20,Friday,jimmyfallon,"Tonight we're playing Charades with Scarlett Johansson & @Drake, music from @Drake ft. Sampha and it's #ThankYouNoteFriday. Fun. #LateNight",424,442,0.0012,0.0584,0.9404,0.9392,Positive,0.9404
t02144,2016-09-30 17:47:00,2016-09-30,2016-09,2016,17,Friday,barackobama,We need a fully functioning Supreme Court. Speak up if you agree it's time for a hearing and a vote: https://t.co/d6nmum1Ut7 #DoYourJob,3329,938,0.0805,0.7033,0.2162,0.1357,Neutral,0.7033
t02145,2013-11-21 19:15:00,2013-11-21,2013-11,2013,19,Thursday,jtimberlake,"“@jimmyfallon: .@jtimberlake got any ideas? December 21st SNL” Do I?! Pshhh!! Ha! Man... No, not really.",3429,1595,0.2399,0.5046,0.2555,0.0157,Neutral,0.5046
t02146,2016-04-18 18:03:00,2016-04-18,2016-04,2016,18,Monday,theellenshow,Happy #MCM #Shoop https://t.co/bIA81Wj8JD,4334,920,0.0036,0.0211,0.9754,0.9718,Positive,0.9754
t02147,2015-10-16 19:42:00,2015-10-16,2015-10,2015,19,Friday,justinbieber,Skrillex is the man. We made music to push things forward https://t.co/cDJYVzjy4J,22485,17782,0.0036,0.0316,0.9648,0.9612,Positive,0.9648
t02148,2015-10-31 19:33:00,2015-10-31,2015-10,2015,19,Saturday,theellenshow,Good thing they carved that pumpkin or they might have never found that baby. https://t.co/NAkjb8xQRH,15419,8442,0.4288,0.3404,0.2308,-0.1979,Negative,0.4288
t02149,2016-12-23 14:01:00,2016-12-23,2016-12,2016,14,Friday,cristiano,A message of hope to the children affected by the conflict in Syria. @SavetheChildren https://t.co/Zsdvu2nuXd,70671,52607,0.0173,0.5607,0.4219,0.4046,Neutral,0.5607
t02150,2010-08-20 19:42:00,2010-08-20,2010-08,2010,19,Friday,twitter,Do you like the Tweet Button? Try out our Tweet Button Bookmarklet & share links from any page http://t.co/LhmlqBi,144,219,0.0049,0.3618,0.6333,0.6284,Positive,0.6333
t02151,2016-06-30 19:31:00,2016-06-30,2016-06,2016,19,Thursday,rihanna,watch the full #SLEDGEHAMMERVIDEO from @StarTrekMovie on @VEVO and @TIDALHiFi! NOW! 🔨🖖⚓ https://t.co/lrPr0mEDoE,18919,7969,0.0036,0.8451,0.1513,0.1477,Neutral,0.8451
t02152,2012-10-23 12:03:00,2012-10-23,2012-10,2012,12,Tuesday,taylorswift13,Times Square! http://t.co/ipk6GMxU,8458,8487,0.0046,0.3505,0.6449,0.6404,Positive,0.6449
t02153,2016-09-09 18:15:00,2016-09-09,2016-09,2016,18,Friday,instagram,.@Lupita_Nyongo might just have the best fan art on Instagram https://t.co/720J70TRbQ,602,133,0.0036,0.033,0.9633,0.9597,Positive,0.9633
t02154,2011-10-29 00:06:00,2011-10-29,2011-10,2011,0,Saturday,jtimberlake,"RT @cindylaregia So! Like... If you had a clock in your wrist like the one in the movie, like... how would you accessorize it? #InTime",60,137,0.0105,0.9431,0.0465,0.036,Neutral,0.9431
t02155,2011-08-07 00:48:00,2011-08-07,2011-08,2011,0,Sunday,taylorswift13,Philly... You look pretty :) http://t.co/XHYzWiZ,1453,3058,0.0032,0.0118,0.985,0.9818,Positive,0.985
t02156,2016-11-21 19:46:00,2016-11-21,2016-11,2016,19,Monday,ladygaga,POSITIVE I HAD THE BEST DATE O' THE NIGHT @karliekloss proud sitting next to a woman who is beautiful from the insi… https://t.co/XIVhGKl5Nc,15113,3925,0.0038,0.0085,0.9877,0.9839,Positive,0.9877
t02157,2015-10-12 23:05:00,2015-10-12,2015-10,2015,23,Monday,ddlovato,"#CONFIDENT deluxe album, t-shirt, necklace, tattoos & MUGS...because ya know...I like mugs 😏 http://t.co/wsrLpvm3in http://t.co/TyXNYgk7pO",13954,9548,0.0024,0.0972,0.9004,0.898,Positive,0.9004
t02158,2015-11-20 22:22:00,2015-11-20,2015-11,2015,22,Friday,kimkardashian,MY PUSH PRESENT https://t.co/TZmH0Ma9mc https://t.co/NhwIfy5QWw,7792,1615,0.0159,0.7162,0.2679,0.252,Neutral,0.7162
t02159,2016-09-07 23:10:00,2016-09-07,2016-09,2016,23,Wednesday,twitter,"Welcome to week 1, football fans! Make your Tweets a touchdown with new featured #Stickers all season long. https://t.co/z9XLjhgtd0",1134,262,0.0018,0.0688,0.9294,0.9276,Positive,0.9294
t02160,2013-02-21 15:10:00,2013-02-21,2013-02,2013,15,Thursday,rihanna,Put this #cake in ya face! I made him lick all this icing off! Lol http://t.co/pkIrfbULbX,1230,1893,0.2424,0.4041,0.3535,0.111,Neutral,0.4041
t02161,2013-07-24 01:54:00,2013-07-24,2013-07,2013,1,Wednesday,jtimberlake,“@AshActually: Is @jtimberlake done snatching bitches bald? Is it safe to come out now?” Almost... Haha!,409,259,0.1157,0.6577,0.2266,0.1109,Neutral,0.6577
t02162,2014-10-14 04:12:00,2014-10-14,2014-10,2014,4,Tuesday,taylorswift13,@9PHunter Thank you so much!!! So excited that you like it!,3000,1610,0.0042,0.0085,0.9873,0.9831,Positive,0.9873
t02163,2014-10-27 00:43:00,2014-10-27,2014-10,2014,0,Monday,twitter,"Amy Poehler will be answering questions about her book ""Yes Please"" live from @smrtgrls, Mon 10/27 at 1:15ET #AskAmy http://t.co/VzymzqBFYB",618,774,0.0029,0.8599,0.1372,0.1344,Neutral,0.8599
t02164,2016-08-11 03:39:00,2016-08-11,2016-08,2016,3,Thursday,britneyspears,@_SpearsFan_ Excellent choice 😘 so glad you love it!!,854,211,0.0037,0.0077,0.9886,0.9849,Positive,0.9886
t02165,2013-09-30 23:09:00,2013-09-30,2013-09,2013,23,Monday,jtimberlake,See #iTunesFestival performance video http://t.co/Io8jrh5BpW & photos http://t.co/ujh6FPgCZe! Get the album: http://t.co/iarqy8cOpW -teamJT,769,775,0.0046,0.8329,0.1625,0.1579,Neutral,0.8329
t02166,2015-04-09 22:35:00,2015-04-09,2015-04,2015,22,Thursday,theellenshow,Happy #ThrowbackThursday! #TBT http://t.co/VCRlbvSAtD,9374,2094,0.0018,0.0157,0.9825,0.9807,Positive,0.9825
t02167,2014-10-25 01:33:00,2014-10-25,2014-10,2014,1,Saturday,ladygaga,"I love this arrangement so much. I Can't Give You Anything But Love. What a moment this is for me personally, I'm so grateful",3157,1877,0.0069,0.0093,0.9839,0.977,Positive,0.9839
t02168,2014-12-03 16:34:00,2014-12-03,2014-12,2014,16,Wednesday,barackobama,LIVE: President Obama is speaking about the economy. Tune in: http://t.co/vAbjtz2CL6,658,342,0.0033,0.5628,0.4338,0.4305,Neutral,0.5628
t02169,2013-10-07 21:06:00,2013-10-07,2013-10,2013,21,Monday,taylorswift13,An inside look at our last #REDtour shows in the US featuring @LukeBryanOnline @HunterHayes @rascalflatts @edsheeran http://t.co/VVTdXLJ4MC,8343,9006,0.0044,0.8808,0.1148,0.1103,Neutral,0.8808
t02170,2013-01-26 05:16:00,2013-01-26,2013-01,2013,5,Saturday,rihanna,Employee of the month #professionalism http://t.co/bC1UwMgR,888,1881,0.0167,0.6776,0.3058,0.2891,Neutral,0.6776
t02171,2015-06-12 15:40:00,2015-06-12,2015-06,2015,15,Friday,barackobama,This is what's at stake for workers across the country if Congress votes no on expanding TAA: http://t.co/AdFNJVUny0,981,395,0.5716,0.4108,0.0176,-0.554,Negative,0.5716
t02172,2015-07-10 22:53:00,2015-07-10,2015-07,2015,22,Friday,kimkardashian,💡 Shot a tutorial today on strobing for http://t.co/M0m4mjqwvP with @makeupbymario 💡 http://t.co/SMWQx2MeUV,7077,1532,0.0036,0.8145,0.1819,0.1783,Neutral,0.8145
t02173,2015-06-12 04:19:00,2015-06-12,2015-06,2015,4,Friday,arianagrande,ok i need to go to sleep / stop posting last week's snapchat pics sideways / upsidedown. 💜 sweet… https://t.co/uVpduqWYSr,20556,10143,0.2747,0.5463,0.1789,-0.0958,Neutral,0.5463
t02174,2016-05-25 20:25:00,2016-05-25,2016-05,2016,20,Wednesday,youtube,Get ready to shake your 🍑 Milo from #SingIt just dropped #SteakAndEggs! 🍳🍳🍳 https://t.co/0BZkOtEIcW https://t.co/ZYPw1InvGP,1017,149,0.0025,0.2377,0.7597,0.7572,Positive,0.7597
t02175,2014-04-03 18:12:00,2014-04-03,2014-04,2014,18,Thursday,katyperry,TAP TAP. MAY I HAVE YOUR 👀!,7594,4602,0.0162,0.6456,0.3382,0.3221,Neutral,0.6456
t02176,2016-03-22 20:15:00,2016-03-22,2016-03,2016,20,Tuesday,rihanna,"Praying for all those who've been affected by acts of terror across the globe, most recent being in Brussels...Heart breaking! 🙏",72521,32893,0.8367,0.139,0.0242,-0.8125,Negative,0.8367
t02177,2016-09-16 19:55:00,2016-09-16,2016-09,2016,19,Friday,barackobama,"Six months is long enough, senators. It's time to #DoYourJob and give Judge Garland a hearing. https://t.co/A2Yedmhuw6",3054,937,0.1974,0.6205,0.1821,-0.0154,Neutral,0.6205
t02178,2017-01-22 22:30:00,2017-01-22,2017-01,2017,22,Sunday,youtube,"“Now” — your favorite four-legged friend, describing when they want attention https://t.co/P0A4ueq1Hf https://t.co/eNAxyWFyNT",1311,181,0.0065,0.535,0.4585,0.4519,Neutral,0.535
t02179,2016-11-27 22:30:00,2016-11-27,2016-11,2016,22,Sunday,cnnbrk,"Saturday's Powerball ticket worth $421M was sold in Lafayette, Tennessee -- the state's 2nd largest jackpot ever.… https://t.co/mM13vljbdP",429,222,0.0046,0.5639,0.4315,0.4268,Neutral,0.5639
t02180,2015-10-21 19:35:00,2015-10-21,2015-10,2015,19,Wednesday,ddlovato,You're gonna want the early access for tickets... Trust me 😉 https://t.co/elUYA7xV0w #CONFIDENT https://t.co/FKucnr2uU0,18851,11988,0.0024,0.0784,0.9192,0.9167,Positive,0.9192
t02181,2014-08-20 10:00:00,2014-08-20,2014-08,2014,10,Wednesday,ladygaga,Jazz Punk In my Gypsy Trunk #CheekToCheek http://t.co/OxPS9feNSM,2857,1935,0.008,0.8562,0.1358,0.1278,Neutral,0.8562
t02182,2015-05-24 19:26:00,2015-05-24,2015-05,2015,19,Sunday,kimkardashian,Sexy http://t.co/UD0iqEWqpS,13400,4052,0.0201,0.177,0.8029,0.7827,Positive,0.8029
t02183,2012-05-09 22:54:00,2012-05-09,2012-05,2012,22,Wednesday,jtimberlake,.@itsarealcapo Yeah... You're right. There's no election coming up or anything so that makes no sense... #thinkthentweet,42,45,0.6441,0.3264,0.0295,-0.6147,Negative,0.6441
t02184,2015-07-24 21:15:00,2015-07-24,2015-07,2015,21,Friday,arianagrande,thank you so much @wash_humane for letting us come spend the afternoon. met so many precious precious… https://t.co/zQ95gXTqsg,16725,8612,0.0027,0.0071,0.9902,0.9875,Positive,0.9902
t02185,2016-09-29 22:00:00,2016-09-29,2016-09,2016,22,Thursday,youtube,This is fine. https://t.co/rcCuwUC8Np https://t.co/2SesfjGvhh,734,127,0.007,0.1541,0.8389,0.8319,Positive,0.8389
t02186,2016-07-26 02:15:00,2016-07-26,2016-07,2016,2,Tuesday,ladygaga,"""If you want to go fast, go alone. If you want to go far, go together."" Cory Booker #StrongerTogether https://t.co/arL5rI97iU",14667,4361,0.007,0.4097,0.5833,0.5763,Positive,0.5833
t02187,2016-03-11 20:20:00,2016-03-11,2016-03,2016,20,Friday,twitter,Friendship goals: look back at @JustinTrudeau's 🇨🇦 visit with @POTUS 🇺🇸 in 17 Tweets. https://t.co/biPgoBJgYS,764,222,0.0034,0.6017,0.395,0.3916,Neutral,0.6017
t02188,2015-12-11 21:17:00,2015-12-11,2015-12,2015,21,Friday,kimkardashian,"A GIFT FOR SAINT, THANK YOU @Jaime_King!!! https://t.co/2lunMB1wg1 https://t.co/tpagflF7sS",7016,911,0.0031,0.0125,0.9844,0.9813,Positive,0.9844
t02189,2016-10-05 01:32:00,2016-10-05,2016-10,2016,1,Wednesday,instagram,"Tonight, @KingBach is hosting the @streamys in LA. Watch our Instagram story to follow Bach on his big night! https://t.co/ngpAvrFLbN",592,114,0.0017,0.3756,0.6226,0.6209,Positive,0.6226
t02190,2012-01-01 06:15:00,2012-01-01,2012-01,2012,6,Sunday,shakira,http://t.co/1i4GAHqo - Happy New Year!,471,698,0.0037,0.0173,0.979,0.9753,Positive,0.979
t02191,2016-05-07 17:30:00,2016-05-07,2016-05,2016,17,Saturday,instagram,Turning heads at the #KyDerby with @TheHatGirls 👒 https://t.co/my3ccxwzAN https://t.co/BCnUtiPjJN,1009,275,0.0029,0.4492,0.5479,0.545,Positive,0.5479
t02192,2015-08-30 20:53:00,2015-08-30,2015-08,2015,20,Sunday,ladygaga,ARTPOP = artistic revolution through the potential of pop https://t.co/bVxiYSKBxd,8310,5546,0.0064,0.2501,0.7435,0.7371,Positive,0.7435
t02193,2014-01-06 03:25:00,2014-01-06,2014-01,2014,3,Monday,jimmyfallon,I hope John Lennon would've liked that sketch. #ScrambledEggs #BestOfFallon,1659,394,0.0294,0.2906,0.68,0.6507,Positive,0.68
t02194,2015-08-19 00:38:00,2015-08-19,2015-08,2015,0,Wednesday,theellenshow,Everyone’s excited for my season premiere. Some people might be a little too excited. Season 13 starts September 8th! http://t.co/oamcPocweg,3903,633,0.0015,0.0163,0.9822,0.9807,Positive,0.9822
t02195,2016-03-30 00:00:00,2016-03-30,2016-03,2016,0,Wednesday,youtube,Well this is something … https://t.co/Y4x7SOFil7 https://t.co/ErwPRcwPgs,792,79,0.0173,0.2482,0.7345,0.7172,Positive,0.7345
t02196,2011-12-03 06:04:00,2011-12-03,2011-12,2011,6,Saturday,taylorswift13,Today was the Billboard Women in Music event in NYC. So cool. http://t.co/lGYOqJUg,1844,4217,0.0015,0.0093,0.9892,0.9876,Positive,0.9892
t02197,2016-09-28 11:44:00,2016-09-28,2016-09,2016,11,Wednesday,cnnbrk,Dutch investigators: MH17 downed in 2014 by missile brought from Russian territory into pro-Russian area of Ukraine… https://t.co/WQtCtYYr3C,380,529,0.4664,0.5241,0.0094,-0.457,Neutral,0.5241
t02198,2016-02-18 16:24:00,2016-02-18,2016-02,2016,16,Thursday,jimmyfallon,"Tonight: Playing ""Box of Lies"" w/Vince Vaughn, @RyanSeacrest is here + music from @deadandcompany! #DeadAndCompanyFallon #FallonTonightLA",1808,323,0.0031,0.8052,0.1917,0.1886,Neutral,0.8052
t02199,2014-05-11 00:19:00,2014-05-11,2014-05,2014,0,Sunday,katyperry,"BIGGEST Happy birthday to my FAVORITE pop star, ADDY! LOVED your music video! You're an inspiration 🎤 @MakeAWish 🎂🎁🎉",7794,4289,0.0039,0.0054,0.9906,0.9867,Positive,0.9906
t02200,2015-09-30 23:26:00,2015-09-30,2015-09,2015,23,Wednesday,barackobama,DEADLINE: Tonight. Time to make your move—chip in now. http://t.co/AjKnE79V5V http://t.co/fwz6HYAmqw,1923,609,0.0049,0.7106,0.2845,0.2796,Neutral,0.7106
t02201,2016-02-01 19:20:00,2016-02-01,2016-02,2016,19,Monday,arianagrande,happy feb ♡,45937,25227,0.0062,0.0202,0.9736,0.9674,Positive,0.9736
t02202,2014-10-22 01:14:00,2014-10-22,2014-10,2014,1,Wednesday,ladygaga,"Manchester To London, my favorite drive, and with my sister. MISTRESSES OF MAYHEM IN THE UK LOOSE http://t.co/axYUBxhJ5k",3116,1983,0.0396,0.4622,0.4982,0.4586,Positive,0.4982
t02203,2015-04-10 22:24:00,2015-04-10,2015-04,2015,22,Friday,theellenshow,What did Delaware? Her New Jersey. #ClassicJokeFriday,5911,2519,0.0545,0.8503,0.0952,0.0407,Neutral,0.8503
t02204,2016-09-19 16:26:00,2016-09-19,2016-09,2016,16,Monday,cnnbrk,"Bombing suspect first ID'd using fingerprint and cell phone on device, official says. Watch: https://t.co/HAhU3MmiMf https://t.co/Y8kenL0zPW",744,448,0.2041,0.7787,0.0172,-0.1869,Neutral,0.7787
t02205,2013-09-27 17:01:00,2013-09-27,2013-09,2013,17,Friday,katyperry,Tickets are available for everyone now! #WeCanSurvive http://t.co/PtQMylmtE6,1922,2415,0.0019,0.1237,0.8744,0.8724,Positive,0.8744
t02206,2015-11-09 12:17:00,2015-11-09,2015-11,2015,12,Monday,ddlovato,Short!! #AskDemi https://t.co/xSdAJ3ZDKE,8106,4431,0.0136,0.7247,0.2618,0.2482,Neutral,0.7247
t02207,2014-12-02 22:16:00,2014-12-02,2014-12,2014,22,Tuesday,britneyspears,"Thx for all the wonderful birthday wishes today, everyone! And of course thank u to these 2 cuties for theirs 😍 http://t.co/opA9ACrCCV",7436,3833,0.0029,0.0062,0.9909,0.988,Positive,0.9909
t02208,2016-09-23 16:49:00,2016-09-23,2016-09,2016,16,Friday,ladygaga,"I love my fans! that's some monster talent, and a killer vibe u built over the music https://t.co/zuDnQG5cjJ",12433,4488,0.0061,0.0134,0.9805,0.9743,Positive,0.9805
t02209,2016-12-19 05:56:00,2016-12-19,2016-12,2016,5,Monday,ladygaga,Love this 🎤💋✌️️⚡️ “Lady Gaga's discography” by @austriamonster https://t.co/F0GIcEcXOu,9279,3475,0.0015,0.0196,0.9789,0.9774,Positive,0.9789
t02210,2013-01-03 06:35:00,2013-01-03,2013-01,2013,6,Thursday,rihanna,This nug look like a skull or am I just....? http://t.co/NtZditvo,1221,1512,0.3715,0.5963,0.0322,-0.3392,Neutral,0.5963
t02211,2015-09-25 15:50:00,2015-09-25,2015-09,2015,15,Friday,ddlovato,"BTS from the #Confident #musicvideoset!! 🎥 Go follow @devonnebydemi on Instagram, I'm taking over!! http://t.co/In0TkJ1FGv",22282,13513,0.0016,0.1217,0.8767,0.8751,Positive,0.8767
t02212,2016-09-29 22:30:00,2016-09-29,2016-09,2016,22,Thursday,instagram,Looking back on a legendary career with @davidortiz ⚾️ https://t.co/dMJFw2ypbt,578,104,0.002,0.043,0.9551,0.9531,Positive,0.9551
t02213,2013-09-14 22:42:00,2013-09-14,2013-09,2013,22,Saturday,rihanna,#Macau you were wonderful!!!! Thank you so much!!,1236,1288,0.0044,0.007,0.9886,0.9842,Positive,0.9886
t02214,2013-01-05 07:47:00,2013-01-05,2013-01,2013,7,Saturday,jtimberlake,How long does it take you guys/girls to get going in the new year after the holidays??? I think I still have a sugar hangover from Christmas,744,815,0.331,0.6176,0.0514,-0.2795,Neutral,0.6176
t02215,2016-09-27 23:24:00,2016-09-27,2016-09,2016,23,Tuesday,theellenshow,Happy Almost-Half-Way-Through-Cat-Week. https://t.co/CwdpNC9vaQ,5870,873,0.002,0.0187,0.9793,0.9773,Positive,0.9793
t02216,2016-09-06 22:53:00,2016-09-06,2016-09,2016,22,Tuesday,ladygaga,LADY GAGA / PERFECT ILLUSION NEW SINGLE SEPT 9 https://t.co/Q8YsNUSj7H,65823,38289,0.0117,0.3838,0.6045,0.5927,Positive,0.6045
t02217,2016-10-05 13:05:00,2016-10-05,2016-10,2016,13,Wednesday,jimmyfallon,"Tonight: @aplusk, @IssaRae, music from @NorahJones, and new @NFL Superlatives! #FallonTonight",1052,163,0.0019,0.2958,0.7023,0.7004,Positive,0.7023
t02218,2012-09-29 17:33:00,2012-09-29,2012-09,2012,17,Saturday,selenagomez,@HeyThereDelena I just want to make a great album that is unexpected and makes people feel good.,685,1315,0.0052,0.0251,0.9697,0.9645,Positive,0.9697
t02219,2013-06-18 21:06:00,2013-06-18,2013-06,2013,21,Tuesday,katyperry,MY bag. “@MDMOLINARI: I had a feeling when I lost my #KarlLagerfeld bag it would come back tah meh...It has!!! 🙏🙈🙊😭 http://t.co/NdqJikgKzJ”,1200,1724,0.1394,0.4487,0.4119,0.2725,Neutral,0.4487
t02220,2015-08-25 01:56:00,2015-08-25,2015-08,2015,1,Tuesday,selenagomez,I just want to release the album already.. I'm ready for people to know who I am NOW.,40211,24978,0.0835,0.4091,0.5075,0.424,Positive,0.5075
t02221,2016-10-03 18:57:00,2016-10-03,2016-10,2016,18,Monday,theellenshow,Happy #MeanGirls Day! https://t.co/h2wTN2CUip,16016,5723,0.0026,0.0097,0.9876,0.985,Positive,0.9876
t02222,2016-06-20 22:52:00,2016-06-20,2016-06,2016,22,Monday,theellenshow,"Have you seen the Whale Word on my show? If you did, you could win a whale of a prize from Mattress Firm! https://t.co/er9yqfNG4c",1656,218,0.0025,0.0948,0.9028,0.9003,Positive,0.9028
t02223,2016-01-07 18:01:00,2016-01-07,2016-01,2016,18,Thursday,ladygaga,"Cover 10/16 Gaga Shot by Chadwick Tyler. Live acting inside shoot w/ @AHSFX cast, story by James Franco and myself. https://t.co/SUIzblKoYK",8598,4496,0.0046,0.9373,0.0581,0.0535,Neutral,0.9373
t02224,2016-02-01 19:33:00,2016-02-01,2016-02,2016,19,Monday,theellenshow,Do you like me? Do you like elephants? Watch this. https://t.co/LgzBPnHMEU,2566,518,0.006,0.5741,0.4199,0.4139,Neutral,0.5741
t02225,2011-08-10 02:28:00,2011-08-10,2011-08,2011,2,Wednesday,selenagomez,Cutiessss :) http://twitpic.com/63ph7e,1421,3277,0.0039,0.0166,0.9795,0.9756,Positive,0.9795
t02226,2012-07-27 02:09:00,2012-07-27,2012-07,2012,2,Friday,twitter,We've partnered with NBC to bring US fans closer than ever to the Olympic games. Visit http://t.co/3nZ0JOSy; read more http://t.co/1DChLWLR,212,429,0.0017,0.1498,0.8486,0.8469,Positive,0.8486
t02227,2014-11-30 05:23:00,2014-11-30,2014-11,2014,5,Sunday,katyperry,EMPATHY ADDICTS cc: @sofifii,6925,3138,0.0424,0.8809,0.0767,0.0342,Neutral,0.8809
t02228,2014-05-13 17:01:00,2014-05-13,2014-05,2014,17,Tuesday,britneyspears,.@AmericanExpress Card Members! Tix to the next round of my @phvegas #PieceOfMe dates are now available for YOU :) http://t.co/Weti0mHf9n,1917,1224,0.0016,0.168,0.8304,0.8288,Positive,0.8304
t02229,2016-03-06 00:14:00,2016-03-06,2016-03,2016,0,Sunday,justinbieber,Getting ready for #PurposeTour,135364,90839,0.0044,0.498,0.4977,0.4933,Neutral,0.498
t02230,2015-10-20 17:32:00,2015-10-20,2015-10,2015,17,Tuesday,ddlovato,Thank you for all the support on #CONFIDENT!!! I love you guys soooo much!!!!! ❤️❤️❤️ https://t.co/KwOryUceRi https://t.co/dPxndOIY2h,17662,14368,0.0027,0.0056,0.9917,0.9889,Positive,0.9917
t02231,2014-01-07 06:37:00,2014-01-07,2014-01,2014,6,Tuesday,britneyspears,@BritSpearsFan43 Good luck! I believe in ya xo,320,177,0.0043,0.0142,0.9815,0.9772,Positive,0.9815
t02232,2015-12-26 06:37:00,2015-12-26,2015-12,2015,6,Saturday,kimkardashian,Merry Christmas everybody! Good night! https://t.co/rzCzunMPQN,56926,14789,0.0035,0.0132,0.9833,0.9798,Positive,0.9833
t02233,2014-11-13 16:45:00,2014-11-13,2014-11,2014,16,Thursday,barackobama,ICYMI: The United States has made a groundbreaking deal with China on cutting carbon pollution. http://t.co/LysW4fCkBY #ActOnClimate,1013,504,0.0034,0.2043,0.7924,0.789,Positive,0.7924
t02234,2012-07-19 05:50:00,2012-07-19,2012-07,2012,5,Thursday,selenagomez,"Selena is @postcarding. ""Australia was magical."" http://t.co/2rB2WuMm",3269,6229,0.0029,0.0708,0.9263,0.9234,Positive,0.9263
t02235,2016-05-29 17:30:00,2016-05-29,2016-05,2016,17,Sunday,kimkardashian,ARMY GREEN VIBES https://t.co/ojM5M1PZnb https://t.co/fDtkZCxSMg,5800,1044,0.0031,0.1789,0.8181,0.815,Positive,0.8181
t02236,2011-09-07 17:22:00,2011-09-07,2011-09,2011,17,Wednesday,selenagomez,@TheRealGrimmie have a great show in LA. Christina is performing at LA Live today if your in LA go check her out.,566,1827,0.0012,0.0182,0.9806,0.9794,Positive,0.9806
t02237,2010-06-28 22:56:00,2010-06-28,2010-06,2010,22,Monday,jtimberlake,"Always reading, but #howdoutweetlove? RT @NsyncGirl: @jtimberlake I hope that you're reading our tweets! Show us love the way we show you.",41,105,0.0066,0.1206,0.8728,0.8662,Positive,0.8728
t02238,2016-04-16 15:22:00,2016-04-16,2016-04,2016,15,Saturday,kimkardashian,I love this! Xoxo https://t.co/m7lfZ7aJOv,7517,940,0.0046,0.0097,0.9857,0.9811,Positive,0.9857
t02239,2016-01-19 20:12:00,2016-01-19,2016-01,2016,20,Tuesday,kimkardashian,This is going to be soooo fucking hard but I can do it and I can't wait to share it all with you! #BeastMode #WhosWithMe ?!?!?!,8619,1430,0.0179,0.0349,0.9473,0.9294,Positive,0.9473
t02240,2016-01-27 00:03:00,2016-01-27,2016-01,2016,0,Wednesday,theellenshow,How are you with crate training? #EllenQandA https://t.co/gTU9QDzqpi,1620,181,0.0073,0.8914,0.1013,0.0939,Neutral,0.8914
t02241,2016-09-10 21:09:00,2016-09-10,2016-09,2016,21,Saturday,katyperry,@katherynsgod not you but I love this feature cc @instagram,2208,609,0.0055,0.022,0.9725,0.967,Positive,0.9725
t02242,2013-05-27 04:05:00,2013-05-27,2013-05,2013,4,Monday,taylorswift13,Dallas. Thank you for a memory I'll replay in my mind on rainy days. http://t.co/RGhV4NTpzK,15757,11086,0.0041,0.0232,0.9728,0.9687,Positive,0.9728
t02243,2015-02-08 11:05:00,2015-02-08,2015-02,2015,11,Sunday,ddlovato,“@xtina: .@ddlovato work it girl 🎶💪❤️” #fangirling 😱😍❤️!!!,17279,11342,0.0034,0.013,0.9836,0.9802,Positive,0.9836
t02244,2016-09-15 04:49:00,2016-09-15,2016-09,2016,4,Thursday,kimkardashian,Thank you @riccardotisci17 LOVE this @givenchyofficial couture gown for the Harper's Party! https://t.co/iVrQG3utAk,8359,1300,0.003,0.0081,0.9889,0.9858,Positive,0.9889
t02245,2011-08-15 00:51:00,2011-08-15,2011-08,2011,0,Monday,taylorswift13,"Drew this on @caitlinbird's shoulder for our 2nd St Louis show. PS, this crowd sounds loud. Excited. http://t.co/Y06lwFr",1065,1898,0.0014,0.0154,0.9832,0.9819,Positive,0.9832
t02246,2015-05-12 17:54:00,2015-05-12,2015-05,2015,17,Tuesday,theellenshow,This morning I had a bran muffin. It may have been blueberry. It was like a blueberry muffin without berries. & a glaze. It was a cupcake.,8108,2417,0.0845,0.7939,0.1217,0.0372,Neutral,0.7939
t02247,2014-04-27 04:27:00,2014-04-27,2014-04,2014,4,Sunday,katyperry,Yo @ActuallyNPH will you teach me some of your mic moves. Imma tryin to use those on my world tour bro #🎤,6556,3211,0.0087,0.5219,0.4694,0.4608,Neutral,0.5219
t02248,2016-11-28 04:20:00,2016-11-28,2016-11,2016,4,Monday,cnnbrk,"9 people arrested in connection to incident at Chinese power plant that killed 74 last week, state news agency says. https://t.co/j4jEdm8sxV",311,209,0.7687,0.2248,0.0066,-0.7621,Negative,0.7687
t02249,2014-12-18 16:06:00,2014-12-18,2014-12,2014,16,Thursday,jimmyfallon,"Tonight: Amy Adams, @Nick_Offerman, and @foofighters are all here! Plus your funniest #ChristmasFail tweets! #FallonTonight",1297,280,0.0031,0.1461,0.8508,0.8477,Positive,0.8508
t02250,2016-07-20 10:34:00,2016-07-20,2016-07,2016,10,Wednesday,cnnbrk,"Baton Rouge cop killer Gavin Long suffered from PTSD, a source involved in investigation told CNN’s Chris Cuomo. https://t.co/utpfQwHV8W",289,311,0.32,0.6694,0.0107,-0.3093,Neutral,0.6694
t02251,2016-02-12 20:22:00,2016-02-12,2016-02,2016,20,Friday,justinbieber,Thanks @iHeartRadio. See u at the #iHeartAwards https://t.co/B4z5rckdvx https://t.co/guhfYTWN6o,76731,44436,0.0016,0.0386,0.9598,0.9582,Positive,0.9598
t02252,2013-11-12 05:54:00,2013-11-12,2013-11,2013,5,Tuesday,jimmyfallon,“@timadamsphilly: would this beat your secret service coin? Will it at least get me in the same bar!! http://t.co/42YBC9dDKb” it’s cool,336,70,0.0099,0.0827,0.9074,0.8975,Positive,0.9074
t02253,2016-12-14 20:58:00,2016-12-14,2016-12,2016,20,Wednesday,theellenshow,"I knew ""50 Shades Darker"" would be sexy. I had no idea it would be this sexy. https://t.co/KhsMJ33hsv",8707,2283,0.0228,0.1,0.8772,0.8544,Positive,0.8772
t02254,2012-04-09 19:43:00,2012-04-09,2012-04,2012,19,Monday,shakira,Shakira to help present the @MovimientoALAS - IDB Awards in Colombia on Thursday. http://t.co/QWINVwBN ShakiraHQ,104,179,0.0028,0.7651,0.232,0.2292,Neutral,0.7651
t02255,2015-09-21 21:21:00,2015-09-21,2015-09,2015,21,Monday,kimkardashian,GIVENCHY BTS http://t.co/qyHQnPkLBX http://t.co/ANuiNfqtS9,3275,723,0.0087,0.613,0.3783,0.3696,Neutral,0.613
t02256,2012-10-27 03:11:00,2012-10-27,2012-10,2012,3,Saturday,britneyspears,I heard Happy Birthday Blackout was trending earlier... thank u all for loving the album as much as I do. Blackout 2.0?,7075,8336,0.0024,0.0148,0.9828,0.9804,Positive,0.9828
t02257,2015-05-15 22:06:00,2015-05-15,2015-05,2015,22,Friday,britneyspears,@simoncurtis Wait! Actually Kiwi Strawberry #PrettyGirlTalk,742,309,0.0064,0.5452,0.4484,0.4421,Neutral,0.5452
t02258,2015-08-10 02:07:00,2015-08-10,2015-08,2015,2,Monday,ladygaga,The Countess here. https://t.co/82382DwJlI,5245,3279,0.0067,0.9099,0.0834,0.0766,Neutral,0.9099
t02259,2016-12-19 23:29:00,2016-12-19,2016-12,2016,23,Monday,cnnbrk,Turkish official ID'd suspect in Russian envoy's killing as police officer; he didn't say if officer was off duty.… https://t.co/wd6T68qTM0,224,262,0.4064,0.5854,0.0082,-0.3982,Neutral,0.5854
t02260,2016-09-21 17:30:00,2016-09-21,2016-09,2016,17,Wednesday,instagram,Making nails happen anywhere (and everywhere) with @MarianNewman https://t.co/hwfsTWon4e,651,101,0.0032,0.1904,0.8064,0.8032,Positive,0.8064
t02261,2015-07-19 04:00:00,2015-07-19,2015-07,2015,4,Sunday,arianagrande,I really love you I really love you,44480,32586,0.0045,0.0203,0.9752,0.9708,Positive,0.9752
t02262,2016-01-12 20:47:00,2016-01-12,2016-01,2016,20,Tuesday,theellenshow,Who wants to go on a road trip in a brand new #ChevyMalibu? https://t.co/yWoYCmk9Dv,3778,484,0.0045,0.5328,0.4626,0.4581,Neutral,0.5328
t02263,2015-09-23 20:23:00,2015-09-23,2015-09,2015,20,Wednesday,justinbieber,@CHVRCHES great job,20899,15437,0.0101,0.0293,0.9605,0.9504,Positive,0.9605
t02264,2013-09-16 05:14:00,2013-09-16,2013-09,2013,5,Monday,britneyspears,@jdjhernandez Work Bitch!,206,171,0.5241,0.3556,0.1204,-0.4037,Negative,0.5241
t02265,2015-07-09 14:43:00,2015-07-09,2015-07,2015,14,Thursday,cristiano,Introducing MTG Sixpad in China. http://t.co/JLkIKZ1WD8,11995,4282,0.0038,0.7505,0.2457,0.2419,Neutral,0.7505
t02266,2011-07-19 22:51:00,2011-07-19,2011-07,2011,22,Tuesday,jtimberlake,Don't eat yellow snow. #askjt,122,338,0.3241,0.6383,0.0377,-0.2864,Neutral,0.6383
t02267,2016-08-23 22:09:00,2016-08-23,2016-08,2016,22,Tuesday,britneyspears,@CastilloAngel17 thank YOU for helping!,454,97,0.004,0.0177,0.9784,0.9744,Positive,0.9784
t02268,2013-12-02 11:12:00,2013-12-02,2013-12,2013,11,Monday,taylorswift13,The view. @ellebelle37 http://t.co/5ue0mPC1z3,5578,4148,0.0068,0.8149,0.1782,0.1714,Neutral,0.8149
t02269,2016-02-14 20:20:00,2016-02-14,2016-02,2016,20,Sunday,instagram,TFW you propose and she doesn't respond right away...(via @ABC7)https://t.co/43AceBJ5Zv,989,185,0.5733,0.4142,0.0125,-0.5608,Negative,0.5733
t02270,2015-07-17 07:02:00,2015-07-17,2015-07,2015,7,Friday,arianagrande,lowkey creeping on your account rn. I love you. https://t.co/qLcICZyzit,19486,8698,0.0095,0.0447,0.9458,0.9363,Positive,0.9458
t02271,2010-10-15 20:17:00,2010-10-15,2010-10,2010,20,Friday,selenagomez,My love @comeagainjen We LOVE you all!! http://plixi.com/p/50838845,296,892,0.0029,0.0059,0.9911,0.9882,Positive,0.9911
t02272,2014-09-10 01:30:00,2014-09-10,2014-09,2014,1,Wednesday,katyperry,Oh hay 🍁Vancouver🍁 I brought you @teganandsara today in REAL LIFE 3D. SO DON'T BE LATE! #ThePrismaticWorldTour,7496,3457,0.002,0.0401,0.9579,0.9559,Positive,0.9579
t02273,2016-02-09 21:35:00,2016-02-09,2016-02,2016,21,Tuesday,youtube,"The @EpicMealTime boys get that syrup in ‘em, they get all ansty in the pansty. https://t.co/g8tT31l9V4 #PancakeDay https://t.co/yLdSfMN2xX",1153,166,0.0099,0.2932,0.6968,0.6869,Positive,0.6968
t02274,2016-10-08 19:16:00,2016-10-08,2016-10,2016,19,Saturday,cnnbrk,"Melania Trump: ""The words my husband used are unacceptable and offensive to me."" https://t.co/YgOFyrtL2L https://t.co/8rbnXSMDPr",2825,2024,0.8866,0.1069,0.0065,-0.8801,Negative,0.8866
t02275,2016-06-18 17:30:00,2016-06-18,2016-06,2016,17,Saturday,instagram,Juggling a full-time job (literally) with @JugglinJosh https://t.co/zgRUD3Zfa8,667,140,0.0093,0.9124,0.0783,0.069,Neutral,0.9124
t02276,2016-05-24 02:21:00,2016-05-24,2016-05,2016,2,Tuesday,arianagrande,love you https://t.co/ZjGldfEwQW,16379,4704,0.0141,0.0939,0.892,0.878,Positive,0.892
t02277,2016-08-08 01:18:00,2016-08-08,2016-08,2016,1,Monday,kimkardashian,this was my fave part! https://t.co/3CzbnYS09V,2559,376,0.0027,0.0133,0.984,0.9813,Positive,0.984
t02278,2016-06-29 20:32:00,2016-06-29,2016-06,2016,20,Wednesday,ladygaga,Resource 4 Cancer Community. Help & learn from others' stories/medical records/doctors in real time on CANCERBASE: https://t.co/frt8tkpQGq,5964,2302,0.0065,0.6903,0.3032,0.2967,Neutral,0.6903
t02279,2014-05-10 15:21:00,2014-05-10,2014-05,2014,15,Saturday,jimmyfallon,Billy Joel's birthday at MSG last night. #funtimes http://t.co/McvzZKpHYl,4891,1073,0.0031,0.731,0.266,0.2629,Neutral,0.731
t02280,2016-12-05 21:29:00,2016-12-05,2016-12,2016,21,Monday,youtube,@KurtHSchneider A creator’s work is never done!,28,5,0.4601,0.4805,0.0594,-0.4008,Neutral,0.4805
t02281,2010-07-20 18:19:00,2010-07-20,2010-07,2010,18,Tuesday,selenagomez,Thank you for all the people that came out to the NY screening of Ramona! I wish I could have stayed longer! Love you guys!!!!,261,721,0.0029,0.0079,0.9892,0.9864,Positive,0.9892
t02282,2015-09-19 00:12:00,2015-09-19,2015-09,2015,0,Saturday,arianagrande,💜 !!! listening from my dressing room 💜 you sound divine https://t.co/FGHS1hGhIw,16934,7565,0.0027,0.0106,0.9867,0.984,Positive,0.9867
t02283,2012-08-11 02:03:00,2012-08-11,2012-08,2012,2,Saturday,jtimberlake,"""@ChristinaRast: @jtimberlake Does watching the #Olympics count?! #GoUSA!"" Of course it does!!",55,64,0.0041,0.0785,0.9174,0.9133,Positive,0.9174
t02284,2013-04-06 23:01:00,2013-04-06,2013-04,2013,23,Saturday,selenagomez,U guys crashed http://t.co/UJRSow9mYb amazing!! And you made #BuyComeAndGeItOniTunesTONIGHT trend. #selenatorsarethebest trend that. :),5138,8557,0.0031,0.0107,0.9862,0.9831,Positive,0.9862
t02285,2014-08-05 22:13:00,2014-08-05,2014-08,2014,22,Tuesday,selenagomez,Fall/winter 2014 NEO Adidas. http://t.co/aO5H46gfLk,10472,6974,0.0096,0.9149,0.0754,0.0658,Neutral,0.9149
t02286,2016-12-05 19:22:00,2016-12-05,2016-12,2016,19,Monday,youtube,"You better bless up, and never get played. #KeysOfChristmas is coming and @djkhaled’s in the sleigh! 🎅 🔑 🙏 https://t.co/bkSXMHnZ0Q",472,81,0.0054,0.0502,0.9444,0.9391,Positive,0.9444
t02287,2014-08-20 03:24:00,2014-08-20,2014-08,2014,3,Wednesday,taylorswift13,"Highlight reel vibes, just in case you missed our little announce party. http://t.co/oi8pLMTuDZ",12424,7669,0.0128,0.3147,0.6725,0.6597,Positive,0.6725
t02288,2015-11-18 10:31:00,2015-11-18,2015-11,2015,10,Wednesday,justinbieber,@latelateshow see u tonight bro,17726,13019,0.0083,0.747,0.2447,0.2363,Neutral,0.747
t02289,2015-10-22 04:45:00,2015-10-22,2015-10,2015,4,Thursday,katyperry,"You must go see #Freeheld the movie. It is one of the most incredible love stories ever told, a reminder for #equality. Congrats @EllenPage",11683,5419,0.0031,0.0104,0.9865,0.9834,Positive,0.9865
t02290,2015-02-02 03:52:00,2015-02-02,2015-02,2015,3,Monday,jimmyfallon,"Seriously - TiVo or DVR the Tonight Show tonight. You will want to rewind and watch again. Will Ferrell, Kevin Hart and Ariana Grande LIVE.",6207,1611,0.0034,0.1622,0.8344,0.831,Positive,0.8344
t02291,2016-07-04 15:00:00,2016-07-04,2016-07,2016,15,Monday,youtube,It’s a party in the USA and we’ve got all the BBQ jams you need → https://t.co/B9LIEWqmo4 #HappyFourthOfJuly https://t.co/7E7tMT2FPg,2620,489,0.0015,0.0301,0.9684,0.9669,Positive,0.9684
t02292,2016-08-27 20:30:00,2016-08-27,2016-08,2016,20,Saturday,instagram,The Week on Instagram | 250 https://t.co/iNbR1vl2Ze https://t.co/UyzXCXMVH1,803,154,0.0057,0.9325,0.0618,0.0561,Neutral,0.9325
t02293,2016-05-16 01:30:00,2016-05-16,2016-05,2016,1,Monday,instagram,"Vienna is in bloom, even at night 🌸 https://t.co/4rqHXbvYxx",866,139,0.0022,0.0393,0.9585,0.9563,Positive,0.9585
t02294,2015-09-15 19:28:00,2015-09-15,2015-09,2015,19,Tuesday,theellenshow,.@JustinBieber learned how to whip and nae nae on my show todae dae. http://t.co/EMLU2g82Cy,3526,1352,0.0214,0.6699,0.3087,0.2872,Neutral,0.6699
t02295,2012-08-22 16:02:00,2012-08-22,2012-08,2012,16,Wednesday,taylorswift13,#1 on Billboard's Hot 100!!?! This has been the most amazing week. I can't believe how incredible you guys are. (Jumping up and down),5445,9598,0.004,0.0065,0.9896,0.9856,Positive,0.9896
t02296,2016-03-29 06:38:00,2016-03-29,2016-03,2016,6,Tuesday,arianagrande,love you https://t.co/KUQfVR0WGK,16936,4884,0.0141,0.0939,0.892,0.878,Positive,0.892
t02297,2015-10-31 00:33:00,2015-10-31,2015-10,2015,0,Saturday,twitter,Get the best of Twitter with play-by-play coverage of #WorldSeries Game 3 ⚾️ https://t.co/jSQewam4wf,511,177,0.0045,0.6557,0.3398,0.3353,Neutral,0.6557
t02298,2014-11-10 14:10:00,2014-11-10,2014-11,2014,14,Monday,ladygaga,"#artRAVELisbon I'm coming for you Portugal! I can't wait to rage ARTPOP with you. I'm so blessed to tour the world, tonight we celebrate!",4559,3007,0.0025,0.0067,0.9907,0.9882,Positive,0.9907
t02299,2015-09-10 17:45:00,2015-09-10,2015-09,2015,17,Thursday,britneyspears,Tickets go on sale to the general public on Monday 9/14 at 10am PT! 😘,2420,1105,0.0025,0.3881,0.6095,0.607,Positive,0.6095
t02300,2015-04-02 05:30:00,2015-04-02,2015-04,2015,5,Thursday,justinbieber,I love this show. 😂 #Workaholics https://t.co/VpaQsUUTLk,59326,45912,0.0029,0.0098,0.9873,0.9844,Positive,0.9873
t02301,2015-06-22 03:57:00,2015-06-22,2015-06,2015,3,Monday,selenagomez,It’s here!!! You can finally get #GoodForYou ft. @asvpxrocky on @AppleMusic! http://t.co/6uWomq0CdO http://t.co/CqQLaXBDmR,44107,33755,0.0012,0.0316,0.9672,0.9659,Positive,0.9672
t02302,2014-08-26 16:03:00,2014-08-26,2014-08,2014,16,Tuesday,taylorswift13,Just LOOK at the records you broke for me this week. I can't thank you enough. I've never been happier in my life. http://t.co/iNoZx139Sr,15402,9858,0.0055,0.0077,0.9868,0.9812,Positive,0.9868
t02303,2016-03-30 17:08:00,2016-03-30,2016-03,2016,17,Wednesday,youtube,Can your favorite YouTubers graduate from #PrankAcademy? https://t.co/UcNk94WSQ9 #YTRedOriginals https://t.co/Q3nz55NPiN,3408,737,0.0055,0.834,0.1605,0.1551,Neutral,0.834
t02304,2012-12-10 10:22:00,2012-12-10,2012-12,2012,10,Monday,cristiano,"Later today, we´re gonna release something really cool with my friends of MyStarAutograph. Keep posted!",777,1651,0.001,0.0261,0.9729,0.9719,Positive,0.9729
t02305,2016-03-24 20:21:00,2016-03-24,2016-03,2016,20,Thursday,selenagomez,@claire__anne see you there!! 💜,13091,5289,0.002,0.041,0.957,0.955,Positive,0.957
t02306,2015-05-13 15:07:00,2015-05-13,2015-05,2015,15,Wednesday,taylorswift13,Meet HomeSlice. @iammarthahunt #BadBloodMusicVideo http://t.co/fGT6VUiOi3,31620,18389,0.0093,0.9339,0.0569,0.0476,Neutral,0.9339
t02307,2016-06-25 18:15:00,2016-06-25,2016-06,2016,18,Saturday,instagram,Popping a huge water balloon = one awesome loop #BoomerangOfTheWeek https://t.co/9KDNnG0jC0,896,165,0.0024,0.0266,0.971,0.9687,Positive,0.971
t02308,2016-07-16 01:18:00,2016-07-16,2016-07,2016,1,Saturday,youtube,[LIVE] Follow the latest from Turkey here: https://t.co/8Hjj9kSaKj via @SkyNews,840,199,0.008,0.9393,0.0527,0.0446,Neutral,0.9393
t02309,2016-08-11 14:06:00,2016-08-11,2016-08,2016,14,Thursday,cnnbrk,CORRECTION: .@RudolphGiuliani says @realDonaldTrump will be in all 3 debates with @HillaryClinton. https://t.co/INwEwcccTe,186,86,0.0043,0.9471,0.0486,0.0444,Neutral,0.9471
t02310,2014-01-29 21:03:00,2014-01-29,2014-01,2014,21,Wednesday,katyperry,"So unexpected, so grateful! RT @billboard @KatyPerry & @therealjuicyj's 'Dark Horse' gallops to No. 1 on the #Hot100: http://t.co/T8nHd33gWl",8371,6906,0.0017,0.0191,0.9791,0.9774,Positive,0.9791
t02311,2016-12-06 12:39:00,2016-12-06,2016-12,2016,12,Tuesday,twitter,"Different teams, same dreams at #Rio2016. #ThisHappened https://t.co/Bhufa5FZgP",495,131,0.009,0.6773,0.3137,0.3046,Neutral,0.6773
t02312,2015-10-24 23:45:00,2015-10-24,2015-10,2015,23,Saturday,katyperry,"#Repost hillaryclinton I'm here in Iowa, but meanwhile back at home, my niece… #itrunsinthefamily -Katy https://t.co/viDoPzfQXz",7251,3091,0.0187,0.8425,0.1389,0.1202,Neutral,0.8425
t02313,2015-05-15 21:29:00,2015-05-15,2015-05,2015,21,Friday,britneyspears,@Leu_gr Aw! That makes me smile too 😃 #PrettyGirlTalk,453,192,0.0051,0.0112,0.9837,0.9786,Positive,0.9837
t02314,2016-12-05 21:34:00,2016-12-05,2016-12,2016,21,Monday,theellenshow,.@TylerOakley and @ZooeyDeschanel made the best holiday sweaters. https://t.co/SstB54aR9G https://t.co/oPGvbhhYaW,2348,293,0.002,0.0119,0.9861,0.9841,Positive,0.9861
t02315,2015-08-14 21:41:00,2015-08-14,2015-08,2015,21,Friday,barackobama,A majority of Americans favor a pathway to citizenship for illegal immigrants living in America: http://t.co/xkyNrdtrzN,2104,887,0.0393,0.7762,0.1844,0.1451,Neutral,0.7762
t02316,2016-03-05 17:35:00,2016-03-05,2016-03,2016,17,Saturday,ddlovato,NEED* I'm so excited I messed up the lyric 🙈😂🙈😂🙈,15134,7135,0.0398,0.0721,0.8881,0.8484,Positive,0.8881
t02317,2016-04-24 16:00:00,2016-04-24,2016-04,2016,16,Sunday,youtube,Drumming outside the lines with the Slow Mo Guys. https://t.co/SCrpX8n5rC https://t.co/MraxrJ3K6e,3031,809,0.0047,0.7399,0.2554,0.2507,Neutral,0.7399
t02318,2016-07-05 18:15:00,2016-07-05,2016-07,2016,18,Tuesday,instagram,Celebrating Ramadan with @NohaBahr_ https://t.co/FHaWcJqzov,937,224,0.0017,0.0934,0.9049,0.9032,Positive,0.9049
t02319,2011-11-30 21:52:00,2011-11-30,2011-11,2011,21,Wednesday,selenagomez,Look at how big my baby has gotten :) http://t.co/J5A4GOOJ,2508,5230,0.0026,0.0113,0.9861,0.9835,Positive,0.9861
t02320,2016-02-09 23:35:00,2016-02-09,2016-02,2016,23,Tuesday,arianagrande,I love you morrrre https://t.co/JM5PwJ1VWV,16080,5279,0.0055,0.0248,0.9697,0.9642,Positive,0.9697
t02321,2013-09-30 15:29:00,2013-09-30,2013-09,2013,15,Monday,jimmyfallon,Props to Bedford Cheese Shop on Irving (NYC) and all of the cool kids that work there for selling… http://t.co/nHG72AYh04,114,42,0.0029,0.0202,0.9768,0.9739,Positive,0.9768
t02322,2016-05-02 20:06:00,2016-05-02,2016-05,2016,20,Monday,theellenshow,I sent Macey Hensley to the George W. Bush Library. You won’t believe who she met there. https://t.co/oQQcJJBTKX https://t.co/2ZZet4oJ5X,4333,699,0.0959,0.7801,0.124,0.0281,Neutral,0.7801
t02323,2014-08-30 01:55:00,2014-08-30,2014-08,2014,1,Saturday,britneyspears,Wishing a happy birthday to my sweet girl @HannahSpears! Can't believe she's already two years old! 🐾🐶,4593,2301,0.003,0.0058,0.9912,0.9882,Positive,0.9912
t02324,2015-08-28 18:42:00,2015-08-28,2015-08,2015,18,Friday,justinbieber,"I'm overwhelmed, humbled, and grateful. I didn't know how you would all accept me. Thank you. #WhatDoYouMean thank you.",96516,88519,0.0096,0.0138,0.9766,0.967,Positive,0.9766
t02325,2014-12-31 20:37:00,2014-12-31,2014-12,2014,20,Wednesday,cristiano,Hey guys. 2014 was great! Hope 2015 will be amazing for all. Happy New Year!i http://t.co/PofIutjkQz,28634,14435,0.0027,0.0073,0.99,0.9873,Positive,0.99
t02326,2013-11-20 07:55:00,2013-11-20,2013-11,2013,7,Wednesday,britneyspears,@LadyDelSpears sweet dreams xox,191,104,0.0059,0.0448,0.9493,0.9434,Positive,0.9493
t02327,2014-03-11 04:44:00,2014-03-11,2014-03,2014,4,Tuesday,jimmyfallon,I love @bobbymcferrin. I could never do what he does. But I love when people wanna play with us. Thanks Bobby.,1262,192,0.0088,0.0254,0.9658,0.957,Positive,0.9658
t02328,2015-12-01 21:07:00,2015-12-01,2015-12,2015,21,Tuesday,theellenshow,There’s a new Star Wars deck in Heads Up! May the Force be with you. https://t.co/DghgP4rqvB,1809,279,0.0012,0.0367,0.9622,0.961,Positive,0.9622
t02329,2013-04-24 17:38:00,2013-04-24,2013-04,2013,17,Wednesday,katyperry,Ermm... I was in LA Saturday night... Should I be proud or offended I wasn't invited @rihanna #WHOISTHISDOPPLEGANGER,3289,5270,0.5973,0.3811,0.0215,-0.5758,Negative,0.5973
t02330,2010-11-22 20:49:00,2010-11-22,2010-11,2010,20,Monday,twitter,"""To succeed spectacularly you have to be ready to fail spectacularly"" –@biz http://t.co/hwAWYF3",217,532,0.0606,0.536,0.4034,0.3429,Neutral,0.536
t02331,2015-08-11 09:16:00,2015-08-11,2015-08,2015,9,Tuesday,ddlovato,All 90's vintage #Chanel on #Chanel on #Chanel 💗👛💁🏻 https://t.co/he4TYhQfH7,10359,6595,0.0033,0.2514,0.7452,0.7419,Positive,0.7452
t02332,2013-11-05 23:20:00,2013-11-05,2013-11,2013,23,Tuesday,rihanna,Threw Bravo a birthday ba$h at mama Fenty crib!! #85 blessed yearz! Many more to you Grandfadda! http://t.co/bRMrkGl4ih,1739,1511,0.003,0.0083,0.9887,0.9856,Positive,0.9887
t02333,2015-12-03 23:28:00,2015-12-03,2015-12,2015,23,Thursday,kimkardashian,Beauty Lovers....my friend Sarah is launching a cool beauty shopping experience! Go to @vainitebeauty https://t.co/5LeCw7BUq6,1777,316,0.0014,0.0167,0.982,0.9806,Positive,0.982
t02334,2016-10-19 06:29:00,2016-10-19,2016-10,2016,6,Wednesday,ladygaga,@jinsofabhooker did u just say simple stage w band to me. What do u think this is a dive bar 🙃,4688,1790,0.5238,0.4527,0.0235,-0.5003,Negative,0.5238
t02335,2014-05-27 14:12:00,2014-05-27,2014-05,2014,14,Tuesday,selenagomez,Just posted a photo http://t.co/9UrCLF8Qjr,9120,6121,0.0081,0.7373,0.2546,0.2465,Neutral,0.7373
t02336,2015-02-05 21:05:00,2015-02-05,2015-02,2015,21,Thursday,ladygaga,Another beautiful year I am grateful to attend be nominated and perform at the Grammys :) live… http://t.co/0X8CMQXxBb,5424,3492,0.0021,0.0067,0.9912,0.9891,Positive,0.9912
t02337,2014-07-14 23:39:00,2014-07-14,2014-07,2014,23,Monday,rihanna,“@stunnafenty: THE NAVY DEEP IN THIS BITCH YAS. http://t.co/VAb5TYMzvN” Lolol,7013,3206,0.0588,0.4086,0.5326,0.4738,Positive,0.5326
t02338,2016-11-21 21:30:00,2016-11-21,2016-11,2016,21,Monday,youtube,"“It’s wheels, stuck to your butt. How is that not a great time?” https://t.co/P1BEAIeyrV https://t.co/nggIgKXKrk",1554,336,0.1713,0.3974,0.4314,0.2601,Positive,0.4314
t02339,2015-07-20 02:10:00,2015-07-20,2015-07,2015,2,Monday,ddlovato,Get ready. #CoolForTheSummerVideo….. July 23!!!! 😜 🍒💋💦 http://t.co/r3JwcoreF2,28025,22035,0.0035,0.2622,0.7343,0.7308,Positive,0.7343
t02340,2015-06-08 08:43:00,2015-06-08,2015-06,2015,8,Monday,ddlovato,Best security guard out there.... 😜 https://t.co/vcX6xjKkTb,11535,7348,0.0047,0.0445,0.9508,0.9461,Positive,0.9508
t02341,2013-08-11 18:15:00,2013-08-11,2013-08,2013,18,Sunday,katyperry,HEY! I know how you guys can make me feel better about the leak...Get #HAPPYBIRTHDAYDAVID trending for my lil bro's 25th today! @sirdavidD 🐯,2700,3964,0.0063,0.0437,0.95,0.9437,Positive,0.95
t02342,2014-06-20 16:34:00,2014-06-20,2014-06,2014,16,Friday,cristiano,Help me and @FALCAO show those aliens who's boss! You could win big! #GALAXY11 http://t.co/o4yC9WUEO1,4162,2362,0.003,0.0321,0.9649,0.9619,Positive,0.9649
t02343,2016-06-06 18:15:00,2016-06-06,2016-06,2016,18,Monday,instagram,"“In this place, I feel like I can vent while skating — I feel the peace.” —@Danny_leon https://t.co/J5FkSznRZk",833,157,0.0055,0.0986,0.8958,0.8903,Positive,0.8958
t02344,2010-06-22 16:40:00,2010-06-22,2010-06,2010,16,Tuesday,twitter,9 cool things to do with your Twitter account (via @pastemagazine) http://bit.ly/c0LdC6,459,322,0.0021,0.0538,0.9441,0.942,Positive,0.9441
t02345,2014-06-02 14:00:00,2014-06-02,2014-06,2014,14,Monday,cristiano,"Leaving Portugal to prepare for the WorldCup Brazil. With open arms to the world, go Portugal! http://t.co/e7lR3eCDzX http://t.co/5AOWhIIizp",8983,5782,0.0027,0.0925,0.9048,0.902,Positive,0.9048
t02346,2011-08-28 23:08:00,2011-08-28,2011-08,2011,23,Sunday,jtimberlake,Excited to get back to NYC. My thoughts are with everyone affected by Irene.,84,310,0.0083,0.0451,0.9465,0.9382,Positive,0.9465
t02347,2017-01-13 23:24:00,2017-01-13,2017-01,2017,23,Friday,kimkardashian,So jet lagged I can't sleep,13070,1247,0.8754,0.1112,0.0134,-0.862,Negative,0.8754
t02348,2014-07-19 00:39:00,2014-07-19,2014-07,2014,0,Saturday,selenagomez,Please pray for those families and babies today. Please always remember what's important in life. It's… http://t.co/sLVRg9J4n1,21384,20237,0.018,0.1943,0.7877,0.7696,Positive,0.7877
t02349,2015-06-25 15:56:00,2015-06-25,2015-06,2015,15,Thursday,barackobama,"""We're making progress. We're going to keep working to get more people covered."" —President Obama #ACAWorks",1359,455,0.0042,0.1067,0.8891,0.8849,Positive,0.8891
t02350,2016-08-04 23:51:00,2016-08-04,2016-08,2016,23,Thursday,youtube,@ArielleScarcell @vtothepowerof2 @lucasthevaliant @OliviaHas2Moms YAY! Amazing people in an amazing city!,56,6,0.0033,0.0071,0.9895,0.9862,Positive,0.9895
t02351,2014-10-27 15:19:00,2014-10-27,2014-10,2014,15,Monday,taylorswift13,"The deluxe #TS1989 is at @Target & I just got my copy! 3 voice memos + 3 extra songs, 13… http://t.co/vu8dQpqjxq",10764,6166,0.0032,0.6545,0.3422,0.339,Neutral,0.6545
t02352,2015-01-21 02:25:00,2015-01-21,2015-01,2015,2,Wednesday,barackobama,Retweet if you agree with President Obama. #SOTU http://t.co/OgcHFJ3JSt,4347,7575,0.0099,0.3795,0.6106,0.6007,Positive,0.6106
t02353,2016-09-29 19:26:00,2016-09-29,2016-09,2016,19,Thursday,britneyspears,Interview promo overseas! Busy day! https://t.co/7cWqbNk2dN,9150,2131,0.0354,0.454,0.5106,0.4752,Positive,0.5106
t02354,2016-05-12 17:37:00,2016-05-12,2016-05,2016,17,Thursday,barackobama,The Obama administration just finalized standards to cut methane pollution and improve public health. #ActOnClimate https://t.co/nR2x8UqDM8,7566,2064,0.0108,0.3647,0.6245,0.6137,Positive,0.6245
t02355,2013-04-12 17:25:00,2013-04-12,2013-04,2013,17,Friday,jtimberlake,Question 1: http://t.co/xuQlx7GGxM #finderskeepers,172,162,0.0235,0.9345,0.0421,0.0186,Neutral,0.9345
t02356,2016-07-23 06:42:00,2016-07-23,2016-07,2016,6,Saturday,katyperry,@waIkingonair also duh!,1816,545,0.0055,0.4108,0.5837,0.5782,Positive,0.5837
t02357,2017-01-13 00:30:00,2017-01-13,2017-01,2017,0,Friday,youtube,📸 📸 📸 @Sia’s ready for her closeup. #MoveYourBody → https://t.co/STncxyk6KO 📸 📸 📸 https://t.co/Tl5bjgUu73,932,192,0.003,0.5846,0.4124,0.4094,Neutral,0.5846
t02358,2015-10-20 20:51:00,2015-10-20,2015-10,2015,20,Tuesday,theellenshow,It’s up to U K. #GetElleyOnTheTelly @JKCorden https://t.co/CbW6ogGtBU https://t.co/CVGRmW8Ins,2796,1179,0.0081,0.8506,0.1414,0.1333,Neutral,0.8506
t02359,2014-07-13 20:41:00,2014-07-13,2014-07,2014,20,Sunday,rihanna,Ahhhhhh T. Ph.,5177,2535,0.1557,0.6339,0.2103,0.0546,Neutral,0.6339
t02360,2016-07-17 21:24:00,2016-07-17,2016-07,2016,21,Sunday,cnnbrk,"‘We need to temper our words and open our hearts,’ Obama says after Baton Rouge shootings https://t.co/MRbi5IMqAA https://t.co/URxgClX82I",1157,604,0.1336,0.8239,0.0424,-0.0912,Neutral,0.8239
t02361,2013-07-06 04:04:00,2013-07-06,2013-07,2013,4,Saturday,taylorswift13,Our 4th in photos: http://t.co/il5cClkIRp,12210,11358,0.0045,0.8522,0.1432,0.1387,Neutral,0.8522
t02362,2016-02-03 16:14:00,2016-02-03,2016-02,2016,16,Wednesday,instagram,Capturing contemporary life in the Caucasus Mountains with @darosulakauri https://t.co/jriTjZidvP https://t.co/8XaIxTULGk,1428,285,0.0044,0.8502,0.1454,0.1409,Neutral,0.8502
t02363,2011-07-19 22:58:00,2011-07-19,2011-07,2011,22,Tuesday,jtimberlake,"My hole-in-one at Lakeside Golf Club. 182 yds, wind in your face, 5 iron, great shot, it bounced one time and into the hole! #askjt",31,58,0.0045,0.0717,0.9238,0.9193,Positive,0.9238
t02364,2016-08-13 18:10:00,2016-08-13,2016-08,2016,18,Saturday,ddlovato,"If you watch everything I do, you're still a fan.. I ain't goin nowhere bitches 👋🏼",39282,19012,0.3152,0.552,0.1328,-0.1825,Neutral,0.552
t02365,2015-01-10 18:25:00,2015-01-10,2015-01,2015,18,Saturday,jtimberlake,“@Allie_chatte: Happy 5th birthday to this handsome devil. His birthday request?...a haircut like @jtimberlake http://t.co/5gKChIdy1s” RAD 🏆,4969,1007,0.0027,0.0261,0.9712,0.9685,Positive,0.9712
t02366,2010-09-21 17:12:00,2010-09-21,2010-09,2010,17,Tuesday,selenagomez,RT A day without you is like #ayearwithoutrain. http://bit.ly/9pTlxj,230,2681,0.2447,0.7049,0.0504,-0.1943,Neutral,0.7049
t02367,2013-11-04 23:18:00,2013-11-04,2013-11,2013,23,Monday,britneyspears,#Perfume is now officially on @VEVO peeps!! http://t.co/1TMN8mJv87 Xo,2526,3425,0.0013,0.0903,0.9084,0.9071,Positive,0.9084
t02368,2011-01-11 16:32:00,2011-01-11,2011-01,2011,16,Tuesday,selenagomez,"""You have the essence of being cool but you're really not"" -Jennifer Stone to me. Lol",1748,4358,0.2899,0.5766,0.1335,-0.1563,Neutral,0.5766
t02369,2016-10-17 14:07:00,2016-10-17,2016-10,2016,14,Monday,twitter,"Maui may be a demigod, but you already know his Tweet game is 💯 https://t.co/AjhYP3o0it",1357,375,0.0195,0.2596,0.7209,0.7014,Positive,0.7209
t02370,2016-06-04 16:00:00,2016-06-04,2016-06,2016,16,Saturday,youtube,They call him the yo-yo slayer. https://t.co/DS3YcTHbaS https://t.co/y8OGGnpvsi,1794,363,0.0918,0.8367,0.0715,-0.0203,Neutral,0.8367
t02371,2013-03-13 20:58:00,2013-03-13,2013-03,2013,20,Wednesday,selenagomez,Two more days until The Wizards Return: Alex vs. Alex! Set a reminder for this Friday at 8p/7c! http://t.co/Fg1nvfty3G,11996,14234,0.002,0.4612,0.5368,0.5348,Positive,0.5368
t02372,2015-05-06 08:12:00,2015-05-06,2015-05,2015,8,Wednesday,justinbieber,My bro http://t.co/gNupyiGyTa,126690,85018,0.0283,0.6179,0.3538,0.3255,Neutral,0.6179
t02373,2015-07-09 19:13:00,2015-07-09,2015-07,2015,19,Thursday,kimkardashian,OMG how amazing is my @MadameTussaudLondon wax figure!!! So cool you can actually take a selfie with her!!! http://t.co/YztkIEXjfO,9344,2308,0.0025,0.0064,0.991,0.9885,Positive,0.991
t02374,2016-06-08 19:31:00,2016-06-08,2016-06,2016,19,Wednesday,shakira,"4,000 people doing the official @zumba choreography to #LaBicicleta! https://t.co/QmDCniKQ46 ShakHQ CC: @ZumbaBeto",1906,545,0.0067,0.8392,0.1541,0.1475,Neutral,0.8392
t02375,2016-02-02 16:49:00,2016-02-02,2016-02,2016,16,Tuesday,barackobama,"No fluff, just facts—that's the Truth Team way. Join now: https://t.co/i3kGrLda30 https://t.co/GVbxLLMVJl",1614,403,0.0051,0.2958,0.6991,0.694,Positive,0.6991
t02376,2013-07-17 22:02:00,2013-07-17,2013-07,2013,22,Wednesday,selenagomez,Thanks so much for chatting with me @iTunesMusic! You can stream my new album #StarsDance now!! http://t.co/Sdkybv5Kp1,6548,9921,0.001,0.0124,0.9866,0.9856,Positive,0.9866
t02377,2014-12-08 20:42:00,2014-12-08,2014-12,2014,20,Monday,cristiano,"My mother is, without any doubt, a mother courage. I feel very thankful and proud to be her... http://t.co/of21r3mMjX http://t.co/UmbC3auypz",15470,8961,0.0036,0.0104,0.986,0.9823,Positive,0.986
t02378,2016-05-11 20:09:00,2016-05-11,2016-05,2016,20,Wednesday,theellenshow,I can’t help it. #FruitOfTheLauer https://t.co/4dNZUHGiwx https://t.co/BXeMMB93u1,2287,350,0.1995,0.5414,0.2592,0.0597,Neutral,0.5414
t02379,2016-07-13 18:59:00,2016-07-13,2016-07,2016,18,Wednesday,jimmyfallon,My friend’s wife made him throw away his favorite T-shirt because there was a hole over one of the nipples. #HadToDoIt,3301,358,0.9011,0.0923,0.0067,-0.8944,Negative,0.9011
t02380,2016-03-21 23:50:00,2016-03-21,2016-03,2016,23,Monday,twitter,"Your Tweets help us to #StayMelo. Thanks for being here, @carmeloanthony! #LoveTwitter https://t.co/GxjaPtNKB5",1037,189,0.0023,0.0145,0.9832,0.9809,Positive,0.9832
t02381,2013-10-22 05:16:00,2013-10-22,2013-10,2013,5,Tuesday,katyperry,@777candygirl777 I wrote This Moment in 1 day it took me 5 months to finish Choose Your Battles. Some come out like waterfalls others drip!,1042,902,0.0897,0.5969,0.3134,0.2237,Neutral,0.5969
t02382,2015-06-10 11:29:00,2015-06-10,2015-06,2015,11,Wednesday,ddlovato,I had so much fun.. Bummed it's over but I can't wait for everyone to see it!!!!!,14028,9226,0.005,0.009,0.986,0.9811,Positive,0.986
t02383,2013-12-04 05:22:00,2013-12-04,2013-12,2013,5,Wednesday,britneyspears,@LanceBass Awww thanks Lance!! Miss u ❤️,595,310,0.0042,0.0119,0.9839,0.9797,Positive,0.9839
t02384,2016-05-11 17:16:00,2016-05-11,2016-05,2016,17,Wednesday,ddlovato,"I owe so much to this man and @CastRecovery. Thank u for saving my life & congrats on 14 yrs of sobriety, Mike Bayer https://t.co/RCX91qLz5z",24783,7239,0.004,0.0114,0.9846,0.9806,Positive,0.9846
t02385,2014-09-26 18:46:00,2014-09-26,2014-09,2014,18,Friday,barackobama,Economic growth in the second quarter was even stronger than originally estimated: http://t.co/04yQG5W2Su,1033,1555,0.0028,0.0464,0.9508,0.948,Positive,0.9508
t02386,2016-12-22 23:38:00,2016-12-22,2016-12,2016,23,Thursday,twitter,"Don’t miss @Giants vs @Eagles, streaming LIVE on Twitter! #TNF Go to Moments or https://t.co/WdzHD98QAg to watch. https://t.co/gOfKtS2apZ",552,147,0.0019,0.3205,0.6776,0.6758,Positive,0.6776
t02387,2016-01-27 23:05:00,2016-01-27,2016-01,2016,23,Wednesday,instagram,"“Over time, I found that the most gratifying thing about art is the process.” —Lexi Hannah",1819,532,0.0026,0.0272,0.9702,0.9676,Positive,0.9702
t02388,2010-11-19 20:06:00,2010-11-19,2010-11,2010,20,Friday,selenagomez,I don't know who I fell in love with more last night.. Trey Songz or Usher! Amazing performances,481,1468,0.0047,0.0104,0.9849,0.9802,Positive,0.9849
t02389,2013-05-20 21:34:00,2013-05-20,2013-05,2013,21,Monday,shakira,Watch @NBCTheVoice at 8/7c to support #TeamShakira's Sasha & Kris - and to see Shak with @CeeLoGreen ShakiraHQ http://t.co/Yyidnwu1Pr,435,321,0.0028,0.7413,0.2559,0.253,Neutral,0.7413
t02390,2016-08-21 02:16:00,2016-08-21,2016-08,2016,2,Sunday,ddlovato,@DavidJohnson_28 I love this!!! Thank you so much!!!,5793,2323,0.0085,0.0104,0.981,0.9725,Positive,0.981
t02391,2016-06-13 18:59:00,2016-06-13,2016-06,2016,18,Monday,theellenshow,"My heart is heavy today, but I still believe in love. There’s more love than hate in this world. #OrlandoUnited",49546,14332,0.0392,0.0945,0.8663,0.8271,Positive,0.8663
t02392,2016-09-27 03:00:00,2016-09-27,2016-09,2016,3,Tuesday,twitter,"The biggest moments, Tweets, and topics on Twitter from the first of the US presidential #debates. https://t.co/9mNWW0HkkQ",708,195,0.0059,0.7959,0.1982,0.1924,Neutral,0.7959
t02393,2014-05-28 14:51:00,2014-05-28,2014-05,2014,14,Wednesday,rihanna,"She made us feel so safe, safe enough to trust her wisdom! Wisdom one can usually only acquire through experience! http://t.co/iQeFAk3spQ",12489,7611,0.0044,0.049,0.9466,0.9422,Positive,0.9466
t02394,2015-12-17 18:05:00,2015-12-17,2015-12,2015,18,Thursday,katyperry,Have you met Lefty in thekatyperrypopgame yet?? https://t.co/I3P7zSInLv,7638,3159,0.0057,0.8761,0.1183,0.1126,Neutral,0.8761
t02395,2013-10-29 23:13:00,2013-10-29,2013-10,2013,23,Tuesday,britneyspears,.@HitMeBrit My kids are doing great! #AskBritneyJean,243,240,0.0029,0.0204,0.9767,0.9738,Positive,0.9767
t02396,2016-01-27 02:00:00,2016-01-27,2016-01,2016,2,Wednesday,youtube,You can do it if you really try. https://t.co/ehhOtmDeYQ #Pokemon20 https://t.co/ZqJpPfObmR,1803,481,0.0026,0.0537,0.9437,0.9411,Positive,0.9437
t02397,2015-06-08 02:11:00,2015-06-08,2015-06,2015,2,Monday,kimkardashian,One of my favorite Givenchy looks! #KimKardashianHollywood #BlondeMoment #IMissMyBlondeHair http://t.co/7AbkNuyRFE,5669,1119,0.0029,0.0318,0.9654,0.9625,Positive,0.9654
t02398,2014-12-31 14:25:00,2014-12-31,2014-12,2014,14,Wednesday,barackobama,This deadline matters for anyone who believes in fighting for change—chip in today: http://t.co/uuowMGeGbP,1034,404,0.0072,0.327,0.6658,0.6586,Positive,0.6658
t02399,2016-10-19 22:13:00,2016-10-19,2016-10,2016,22,Wednesday,theellenshow,"If you’re under thirty, you’re welcome. https://t.co/7lFyhODJBa",1748,307,0.0068,0.3073,0.6859,0.6791,Positive,0.6859
t02400,2014-06-25 17:07:00,2014-06-25,2014-06,2014,17,Wednesday,katyperry,"Like, LITERALLY, more Mandee… Happy Birthday, Batches! http://t.co/SQtBoSfFdJ",6149,3891,0.0024,0.0195,0.9781,0.9756,Positive,0.9781
t02401,2016-07-18 14:31:00,2016-07-18,2016-07,2016,14,Monday,ladygaga,"Casa Hogar Cabo AC Facebook Group: donate to these gorgeous boys, help build a home so they can be w/ their sisters. https://t.co/ntUPEvk1kE",17117,6771,0.0029,0.0697,0.9275,0.9246,Positive,0.9275
t02402,2015-12-15 15:51:00,2015-12-15,2015-12,2015,15,Tuesday,ladygaga,Find out what happens Wednesday @AHSFX 10pm #Hotel https://t.co/4Z8LhIuJJd,12206,6329,0.0068,0.9534,0.0398,0.033,Neutral,0.9534
t02403,2014-05-27 20:20:00,2014-05-27,2014-05,2014,20,Tuesday,shakira,Kicking the ball around on set in heels and everything with @TMobileLatino. Shak #GranPase http://t.co/mmdwbkFgbK,854,372,0.0087,0.8927,0.0986,0.0899,Neutral,0.8927
t02404,2011-05-18 20:08:00,2011-05-18,2011-05,2011,20,Wednesday,twitter,The world feels so much smaller when you can participate in a live event right from your couch. Here's one: http://t.co/6L3GLPo #MEspeech,151,268,0.0129,0.2501,0.7369,0.724,Positive,0.7369
t02405,2012-11-27 19:26:00,2012-11-27,2012-11,2012,19,Tuesday,katyperry,"HAPPIEST BIRTHDAY TO MY BROTHER @yungskeeter All he wants for his birthday is a big booty ho, someone help a brotha out!",2540,3763,0.0038,0.0108,0.9854,0.9816,Positive,0.9854
t02406,2015-02-08 11:51:00,2015-02-08,2015-02,2015,11,Sunday,ddlovato,And just remember kids.... When in doubt.... Slay.✨💁🙌,40454,35030,0.0114,0.0689,0.9196,0.9082,Positive,0.9196
t02407,2012-12-05 19:38:00,2012-12-05,2012-12,2012,19,Wednesday,cristiano,With Jorge before the award ceremony http://t.co/wXwy7Hcs,996,1459,0.0088,0.9156,0.0756,0.0668,Neutral,0.9156
t02408,2015-03-19 15:18:00,2015-03-19,2015-03,2015,15,Thursday,taylorswift13,@Caradelevingne YOUR AMERICAN ACCENT 👏👏👏👏👏👏,28249,14416,0.0082,0.0909,0.9009,0.8928,Positive,0.9009
t02409,2015-10-17 05:36:00,2015-10-17,2015-10,2015,5,Saturday,ddlovato,One day I'll share with the world how much @Sirah has affected my life and inspired me to fight life's toughest battles... I love you so,13045,8040,0.0065,0.0226,0.9709,0.9644,Positive,0.9709
t02410,2014-02-19 03:12:00,2014-02-19,2014-02,2014,3,Wednesday,selenagomez,"""Why are you doing a photo shoot with a McMuffin at 7am?"" -Sam #ilovehipsta #notaprettyeater #ehwhatever http://t.co/vTeSwx1pTA",12263,10215,0.5188,0.4367,0.0445,-0.4743,Negative,0.5188
t02411,2015-01-12 17:14:00,2015-01-12,2015-01,2015,17,Monday,barackobama,WATCH: President Obama is speaking at the Federal Trade Commission about tackling consumer privacy. http://t.co/myqDWvYAYz,637,345,0.0092,0.8915,0.0993,0.0901,Neutral,0.8915
t02412,2013-02-11 07:28:00,2013-02-11,2013-02,2013,7,Monday,taylorswift13,"Video shoot early tomorrow, so my Grammy after-party situation looks like......... http://t.co/EmqvPxaq",7816,8749,0.0174,0.8123,0.1703,0.1529,Neutral,0.8123
t02413,2014-09-16 01:23:00,2014-09-16,2014-09,2014,1,Tuesday,jtimberlake,"“@KimMitch1128: @jtimberlake Why is it that every time I walk my dog, he has to take a dump..."" Because some of us are just born funny. 🏆",1604,743,0.1854,0.4096,0.405,0.2196,Neutral,0.4096
t02414,2016-04-10 05:07:00,2016-04-10,2016-04,2016,5,Sunday,arianagrande,sweet babes https://t.co/I9yK3BlIO6,23956,8956,0.0063,0.0373,0.9564,0.9502,Positive,0.9564
t02415,2015-09-20 03:40:00,2015-09-20,2015-09,2015,3,Sunday,kimkardashian,So excited for Keeping Up With The Kardashians to start tomorrow! We've always dreamed of going to Armenia. Can't wait for you to see!,11937,2903,0.0014,0.0079,0.9906,0.9892,Positive,0.9906
t02416,2016-10-28 02:57:00,2016-10-28,2016-10,2016,2,Friday,jimmyfallon,@common thank you. just... wow.,228,52,0.014,0.0274,0.9587,0.9447,Positive,0.9587
t02417,2011-07-19 23:13:00,2011-07-19,2011-07,2011,23,Tuesday,jtimberlake,Work out and hit the gym...break a sweat...get outside!! #askjt,51,108,0.0297,0.6402,0.3301,0.3005,Neutral,0.6402
t02418,2011-08-20 04:46:00,2011-08-20,2011-08,2011,4,Saturday,taylorswift13,"To my 26,000 friends who came to hang out with us in Edmonton, thank you for two beautiful shows.",1038,2156,0.0024,0.0097,0.9879,0.9854,Positive,0.9879
t02419,2015-11-20 00:30:00,2015-11-20,2015-11,2015,0,Friday,twitter,"Mahalo, @HokuleaWWV for sharing these seaworthy views of your #WorldwideVoyage: https://t.co/2PMunyDMEA https://t.co/8CQ4ICMhap",967,359,0.0027,0.1443,0.8531,0.8504,Positive,0.8531
t02420,2013-10-01 17:37:00,2013-10-01,2013-10,2013,17,Tuesday,jimmyfallon,Congrats to my man @jtimberlake on the release of the 20/20 Experience 2 of 2. Keep killing it dude!,1419,916,0.0028,0.0098,0.9874,0.9845,Positive,0.9874
t02421,2015-08-20 14:42:00,2015-08-20,2015-08,2015,14,Thursday,justinbieber,Thanks @jonmchu and @jemthemovie for the love. #8days #whatdoyoumean http://t.co/p4rEEEXqrl,41428,35668,0.0018,0.0165,0.9817,0.9798,Positive,0.9817
t02422,2016-12-09 18:59:00,2016-12-09,2016-12,2016,18,Friday,theellenshow,"I caught up with @RyanGosling, if you wanna take a gander... https://t.co/ZNLq4yukQL",5238,836,0.0042,0.6405,0.3553,0.3511,Neutral,0.6405
t02423,2016-04-07 22:06:00,2016-04-07,2016-04,2016,22,Thursday,barackobama,"If you think Judge Merrick Garland deserves a fair hearing and an up-or-down vote, add your name: https://t.co/EDECatQHmj #DoYourJob",3603,1138,0.1148,0.7044,0.1808,0.066,Neutral,0.7044
t02424,2015-10-19 22:40:00,2015-10-19,2015-10,2015,22,Monday,theellenshow,Thanks for your questions about my sweater. It IS from #EDbyEllen and you CAN get it here! https://t.co/LCdsVcSgbJ https://t.co/yFIxaIxkHQ,2293,317,0.0022,0.0696,0.9283,0.9261,Positive,0.9283
t02425,2016-09-10 21:26:00,2016-09-10,2016-09,2016,21,Saturday,katyperry,@dannysuschrist @DrJillStein you have no facts or context bb o,2928,785,0.8048,0.1874,0.0078,-0.7969,Negative,0.8048
t02426,2013-09-19 23:47:00,2013-09-19,2013-09,2013,23,Thursday,jimmyfallon,"The Beanie Babies creator owes $53 million for tax evasion. If he sells all his Beanie Babies, he'll just owe...like $53 million #fallonmono",1072,1586,0.8226,0.166,0.0115,-0.8111,Negative,0.8226
t02427,2015-03-22 19:02:00,2015-03-22,2015-03,2015,19,Sunday,britneyspears,Everyone should have access to clean water. Let's make a difference this #WorldWaterDay w/ #WaterNow @WorldVisionUSA http://t.co/ye6fSo9Nrk,3473,2227,0.0039,0.1281,0.8679,0.864,Positive,0.8679
t02428,2016-10-17 19:22:00,2016-10-17,2016-10,2016,19,Monday,arianagrande,love you my babies https://t.co/c4WMpRcQVi,17621,5033,0.0064,0.0148,0.9788,0.9725,Positive,0.9788
t02429,2014-10-16 13:29:00,2014-10-16,2014-10,2014,13,Thursday,shakira,Very happy to share this report on our new @fpiesdescalzos school in Cartagena! Shak http://t.co/7q7FFuxYFU,1169,469,0.0015,0.0126,0.986,0.9845,Positive,0.986
t02430,2016-11-29 12:52:00,2016-11-29,2016-11,2016,12,Tuesday,ladygaga,I ❤️ him 😇 https://t.co/hKj4G0IfJy,7554,2216,0.0032,0.0218,0.9751,0.9719,Positive,0.9751
t02431,2015-11-02 22:05:00,2015-11-02,2015-11,2015,22,Monday,ddlovato,#FutureNowTour pre-sale starts tomorrow 😝😜 Public on sale Nov 7th!!! https://t.co/M3cFOcEE6g https://t.co/LgJI31aOlK,16605,10572,0.0018,0.1932,0.805,0.8032,Positive,0.805
t02432,2013-12-30 07:29:00,2013-12-30,2013-12,2013,7,Monday,katyperry,"The Le Reve show in Vegas was so good, it got me wet! http://t.co/a9usQTnPuI",17118,8660,0.0033,0.0094,0.9873,0.984,Positive,0.9873
t02433,2015-07-17 04:17:00,2015-07-17,2015-07,2015,4,Friday,jimmyfallon,That's awesome. Thanks!! He's the best. https://t.co/CLJqvRN5ea,1204,164,0.0037,0.0073,0.989,0.9853,Positive,0.989
t02434,2015-08-07 08:40:00,2015-08-07,2015-08,2015,8,Friday,shakira,Hahaha! RT @kyweezybeeitch Man names his daughter Shakira solely for this purpose https://t.co/hcQvPtZLZK,4747,2749,0.0646,0.562,0.3735,0.3089,Neutral,0.562
t02435,2015-06-01 00:00:00,2015-06-01,2015-06,2015,0,Monday,ddlovato,I love life 💗,26508,21932,0.0074,0.0143,0.9782,0.9708,Positive,0.9782
t02436,2014-11-05 21:33:00,2014-11-05,2014-11,2014,21,Wednesday,barackobama,"""I'm going to squeeze every last bit of opportunity to make the world a better place over these last two years."" —President Obama",7094,4907,0.0064,0.0462,0.9475,0.9411,Positive,0.9475
t02437,2016-03-09 14:57:00,2016-03-09,2016-03,2016,14,Wednesday,ladygaga,@acapeneka 😂twins,2751,937,0.0336,0.8113,0.1551,0.1215,Neutral,0.8113
t02438,2016-06-29 22:04:00,2016-06-29,2016-06,2016,22,Wednesday,youtube,"@kandeejohnson Ahh the best place for YouTube advice! Hope you had fun, Kandee!",35,7,0.0026,0.0091,0.9884,0.9858,Positive,0.9884
t02439,2016-01-08 20:33:00,2016-01-08,2016-01,2016,20,Friday,shakira,"Get Shak’s new song - Try Everything, from @DisneyZootopia - on iTunes now! https://t.co/jZFyUG3IfK ShakHQ https://t.co/0nifoCBiq0",1523,516,0.0029,0.4203,0.5768,0.5739,Positive,0.5768
t02440,2014-05-28 19:47:00,2014-05-28,2014-05,2014,19,Wednesday,cristiano,Relaxing time. http://t.co/raVxPbnQoV,25090,14940,0.0032,0.0809,0.916,0.9128,Positive,0.916
t02441,2016-08-21 02:48:00,2016-08-21,2016-08,2016,2,Sunday,jimmyfallon,Me neither!!! #FallonTonight https://t.co/Khx2MSXD5H,1635,258,0.0915,0.453,0.4555,0.364,Positive,0.4555
t02442,2013-05-01 03:54:00,2013-05-01,2013-05,2013,3,Wednesday,taylorswift13,It feels like one of those nights... I google nature-related questions. http://t.co/wZQiXRDQcU,22226,19201,0.1392,0.7009,0.1599,0.0207,Neutral,0.7009
t02443,2014-12-02 16:09:00,2014-12-02,2014-12,2014,16,Tuesday,jimmyfallon,Tonight: @RWitherspoon and David Sedaris are here! Plus @RaeSremmurd performs with @TheRoots. #FallonTonight,745,220,0.0017,0.4313,0.567,0.5652,Positive,0.567
t02444,2015-03-30 03:45:00,2015-03-30,2015-03,2015,3,Monday,taylorswift13,I might be okay but I'm NOT FINE AT ALL. #MyFangirlLife #TaylorAndMadonna http://t.co/z7fMbq0rEE,44575,20842,0.7671,0.212,0.0209,-0.7463,Negative,0.7671
t02445,2015-08-16 02:07:00,2015-08-16,2015-08,2015,2,Sunday,kimkardashian,❤️ @PeterDundas Too many laughs today!!! 💋 *But very serious faces for the gram* http://t.co/nN5FqHq1TQ,4501,691,0.0025,0.0145,0.983,0.9805,Positive,0.983
t02446,2013-11-20 16:13:00,2013-11-20,2013-11,2013,16,Wednesday,shakira,"London calling, I'm responding and this sounds like a Smash !! Shak http://t.co/oDIO4cvOGA",1379,920,0.0966,0.7546,0.1489,0.0523,Neutral,0.7546
t02447,2016-08-24 12:58:00,2016-08-24,2016-08,2016,12,Wednesday,jimmyfallon,"Tonight: @aaronpaul_8, @TigNotaro and music from @FLAGALine! #FallonTonight",1438,209,0.0024,0.5177,0.4799,0.4774,Neutral,0.5177
t02448,2011-12-02 18:27:00,2011-12-02,2011-12,2011,18,Friday,twitter,Who joined Twitter in 2011? Day two of our annual #YearInReview series: http://t.co/6hEHtyeX,136,205,0.006,0.914,0.0801,0.0741,Neutral,0.914
t02449,2016-12-06 18:35:00,2016-12-06,2016-12,2016,18,Tuesday,twitter,When we learned chivalry is dead on #GOT. #ThisHappened https://t.co/lHqMilTY3J,825,248,0.5759,0.3929,0.0312,-0.5447,Negative,0.5759
t02450,2015-05-18 17:55:00,2015-05-18,2015-05,2015,17,Monday,twitter,"Welcome, Mr. President! 🇺🇸 https://t.co/JXHxgJNVdB",4111,2243,0.002,0.0134,0.9846,0.9825,Positive,0.9846
t02451,2015-11-10 20:42:00,2015-11-10,2015-11,2015,20,Tuesday,justinbieber,#BIEBERWEEK on @TheEllenShow continues today,49433,37150,0.0045,0.8767,0.1187,0.1142,Neutral,0.8767
t02452,2010-06-01 02:30:00,2010-06-01,2010-06,2010,2,Tuesday,selenagomez,A little peak at the music video we shot this weekend...... http://bit.ly/adPzJd,278,695,0.0048,0.7531,0.2421,0.2372,Neutral,0.7531
t02453,2015-05-29 21:22:00,2015-05-29,2015-05,2015,21,Friday,barackobama,Add your name to join the team fighting back against climate change denial: http://t.co/JNEXVHyT0q #ActOnClimate http://t.co/Hbu3cZcUgR,2465,1327,0.028,0.8104,0.1616,0.1336,Neutral,0.8104
t02454,2013-12-06 06:11:00,2013-12-06,2013-12,2013,6,Friday,britneyspears,Nelson Mandela was a true inspiration to all humanity. He will truly be missed.,4726,5925,0.0429,0.1088,0.8483,0.8054,Positive,0.8483
t02455,2016-01-25 22:00:00,2016-01-25,2016-01,2016,22,Monday,youtube,The Right Song will make you dance. https://t.co/w9MlaOhZ0a https://t.co/kaA6xUDOqK,1228,228,0.0023,0.0624,0.9353,0.933,Positive,0.9353
t02456,2015-10-21 20:24:00,2015-10-21,2015-10,2015,20,Wednesday,arianagrande,rehearsing #focus #9daysTilFocus 💞 https://t.co/peUkQFHkpf,29470,18059,0.0019,0.142,0.8561,0.8542,Positive,0.8561
t02457,2016-08-17 00:12:00,2016-08-17,2016-08,2016,0,Wednesday,ladygaga,Im elated to be directed by & starring w/ Bradley in this project. He's a brilliant visionary artist. #AStarIsBorn #AStarIsBornCooperGaga,15566,5451,0.0029,0.0124,0.9847,0.9818,Positive,0.9847
t02458,2016-09-15 02:12:00,2016-09-15,2016-09,2016,2,Thursday,theellenshow,"Tomorrow, things are about to get crazy. @ChancetheRapper @LilTunechi @2Chainz https://t.co/MONlUDh8sP",5001,1246,0.285,0.5012,0.2137,-0.0713,Neutral,0.5012
t02459,2015-10-12 18:56:00,2015-10-12,2015-10,2015,18,Monday,arianagrande,"happy birthday nonna 💜 you beautiful, tough cookie 🎂 https://t.co/SBfo6NLOL0",18969,10674,0.003,0.008,0.989,0.9861,Positive,0.989
t02460,2017-01-13 22:50:00,2017-01-13,2017-01,2017,22,Friday,youtube,@mametown We missed our favorite aunts.,93,6,0.0657,0.2675,0.6668,0.6011,Positive,0.6668
t02461,2015-11-13 22:21:00,2015-11-13,2015-11,2015,22,Friday,ddlovato,I love how you can feel like you are living this alternate life as a pop star on the rise haha https://t.co/c6sskLks4g,9824,5254,0.0046,0.0428,0.9526,0.9479,Positive,0.9526
t02462,2013-07-28 12:56:00,2013-07-28,2013-07,2013,12,Sunday,rihanna,#fashioncollabo the one of a kind MJ Woodbridge and adamselman http://t.co/ShbqtVqaY9,743,933,0.005,0.3313,0.6637,0.6588,Positive,0.6637
t02463,2017-01-02 09:08:00,2017-01-02,2017-01,2017,9,Monday,cnnbrk,"ISIS’ claim of responsibility for Istanbul attack, which killed 39 people, can't be independently be verified by CN… https://t.co/4AGKh2WnQz",271,281,0.7845,0.2102,0.0053,-0.7793,Negative,0.7845
t02464,2016-12-08 05:29:00,2016-12-08,2016-12,2016,5,Thursday,cnnbrk,Lebanon takes first step to abolish marriage rape law. https://t.co/RXOZxu0iao,1130,612,0.0903,0.8566,0.0531,-0.0372,Neutral,0.8566
t02465,2013-10-28 03:17:00,2013-10-28,2013-10,2013,3,Monday,selenagomez,Those faces http://t.co/CkGQ7R9zsc,4306,4689,0.2305,0.6068,0.1626,-0.0679,Neutral,0.6068
t02466,2016-10-24 10:37:00,2016-10-24,2016-10,2016,10,Monday,ladygaga,Up and at 'em! Getting ready for an interview & performance on @HowardStern @SIRIUSXM at 9 am EST! ☀️✌🏽️✌🏿️✌🏼️✌🏽️✌🏾🎉🎶🎶#JOANNE #JoanneCrew,8948,2790,0.0015,0.0807,0.9178,0.9163,Positive,0.9178
t02467,2015-06-21 20:30:00,2015-06-21,2015-06,2015,20,Sunday,theellenshow,".@Prattprattpratt, you’re in the biggest movie in the world, it’s your birthday and it's Father’s Day. Congratulations. Today is yours.",9079,1837,0.0028,0.0138,0.9835,0.9807,Positive,0.9835
t02468,2015-07-26 06:47:00,2015-07-26,2015-07,2015,6,Sunday,ddlovato,"Thanks to @BBCR1 for making #CoolForTheSummer the track of the day!!!! S/o to @dev_101, @MattEdmondson and @celspellman!! 😜😜",15258,8706,0.0018,0.0087,0.9895,0.9876,Positive,0.9895
t02469,2015-12-18 16:35:00,2015-12-18,2015-12,2015,16,Friday,selenagomez,Coming soon #HandsToMyself https://t.co/ypMUEEG5Vx,41173,26546,0.0056,0.6761,0.3183,0.3127,Neutral,0.6761
t02470,2012-05-13 21:28:00,2012-05-13,2012-05,2012,21,Sunday,jtimberlake,"""@benjiroberts34: Just watched #InTime with the misses...massive respect @jtimberlake, epic film dude :)"" Thanks, bud.",39,59,0.0025,0.0116,0.9859,0.9834,Positive,0.9859
t02471,2014-12-09 17:13:00,2014-12-09,2014-12,2014,17,Tuesday,shakira,"At 10am ET on Wed, Shak will answer your Qs about early education with US Secretary of Education @ArneDuncan at the @WhiteHouse. ShakHQ 1/2",612,267,0.0042,0.9315,0.0643,0.0602,Neutral,0.9315
t02472,2016-05-18 22:18:00,2016-05-18,2016-05,2016,22,Wednesday,youtube,@ruinshawnny Don't you just want to hang that up on your wall? And get a dolphin? 🐬,11,5,0.3738,0.4973,0.129,-0.2448,Neutral,0.4973
t02473,2015-10-28 00:11:00,2015-10-28,2015-10,2015,0,Wednesday,theellenshow,The countdown is on. My Halloween show is this Friday. I hope you’re ready. https://t.co/4yEEPzEx8V,2374,429,0.0012,0.0432,0.9555,0.9543,Positive,0.9555
t02474,2016-09-25 06:42:00,2016-09-25,2016-09,2016,6,Sunday,katyperry,". @maddisonxperry !WOMEN'S! calm down, I scored an 99. (room to grow 💅🏼)",4961,1007,0.0171,0.1039,0.879,0.8619,Positive,0.879
t02475,2015-07-02 05:01:00,2015-07-02,2015-07,2015,5,Thursday,ddlovato,GUYS BUT FOR REAL. #CoolForTheSummer is out now!!!!!! http://t.co/Eljbo6MjbO,13731,10834,0.003,0.1026,0.8944,0.8914,Positive,0.8944
t02476,2014-07-13 22:24:00,2014-07-13,2014-07,2014,22,Sunday,rihanna,Congrats to my German boyz! This was the most epic experience of my entire life! You guys made me so proud to be here http://t.co/sRKmdzCn89,28945,19196,0.0031,0.0058,0.9912,0.9881,Positive,0.9912
t02477,2014-11-01 16:21:00,2014-11-01,2014-11,2014,16,Saturday,taylorswift13,Clear blue water. High tide came and brought you in. #TS1989 #taylurking http://t.co/HSV1OPmQrA,9791,4095,0.0038,0.4165,0.5797,0.576,Positive,0.5797
t02478,2015-06-09 22:02:00,2015-06-09,2015-06,2015,22,Tuesday,katyperry,Starting my niece young @itsjeremyscott https://t.co/eXSMKgRWpv,9291,4560,0.0089,0.8322,0.1589,0.15,Neutral,0.8322
t02479,2017-01-07 00:00:00,2017-01-07,2017-01,2017,0,Saturday,youtube,Get ready to feel the feels 😚 😍 💋 @edsheeran’s in love with the #ShapeOfYou. https://t.co/1KlFjYTHFn https://t.co/L04hJfsLoz,1357,288,0.0017,0.0158,0.9825,0.9808,Positive,0.9825
t02480,2013-04-02 12:34:00,2013-04-02,2013-04,2013,12,Tuesday,shakira,"Haha! Nice try Adam! RT @adamlevine in my defense, @shakira did tell me that cállate means I love you.",1169,1354,0.0058,0.0515,0.9428,0.937,Positive,0.9428
t02481,2014-02-07 22:01:00,2014-02-07,2014-02,2014,22,Friday,jimmyfallon,"Last @LateNightJimmy tonight!! We've got Andy Samberg, @TheMuppets and more. Fun. #LateNight",3036,1340,0.0015,0.0166,0.9818,0.9803,Positive,0.9818
t02482,2015-10-22 16:03:00,2015-10-22,2015-10,2015,16,Thursday,ladygaga,"I can't wait to hear from youth voices at the #EmotionRevolution Summit Oct 24! Together we're building a kinder,braver world @BTWFoundation",5473,2922,0.0016,0.0123,0.986,0.9844,Positive,0.986
t02483,2015-12-17 20:19:00,2015-12-17,2015-12,2015,20,Thursday,arianagrande,omg i've never looked shadier https://t.co/kds02QHsRF,13894,6403,0.1969,0.2619,0.5412,0.3443,Positive,0.5412
t02484,2016-01-04 22:01:00,2016-01-04,2016-01,2016,22,Monday,rihanna,It's just beyond the vault. Discover room 7 of the #ANTIdiaRy at https://t.co/uJ0CLlhoaS https://t.co/povYOBn3Fm,24816,12734,0.0048,0.8168,0.1784,0.1736,Neutral,0.8168
t02485,2013-09-14 22:44:00,2013-09-14,2013-09,2013,22,Saturday,rihanna,"I still haven't slept, and I'm flying to work #10minflight not even long enough to fall asleep!!",1791,1918,0.8149,0.1622,0.0229,-0.792,Negative,0.8149
t02486,2012-04-03 04:11:00,2012-04-03,2012-04,2012,4,Tuesday,jtimberlake,"@WellErin ""All I need is a moment alone to give you my TONE and get you outta control."" Now... Catfight!!",26,28,0.1452,0.6075,0.2473,0.1021,Neutral,0.6075
t02487,2016-02-06 22:24:00,2016-02-06,2016-02,2016,22,Saturday,instagram,“Who knows? Life brings surprises.” —photographer Aujin Rew,2006,687,0.0053,0.3042,0.6905,0.6851,Positive,0.6905
t02488,2016-09-21 16:59:00,2016-09-21,2016-09,2016,16,Wednesday,theellenshow,Here it is! The very first episode of #TheTylerOakleyShow! I love it. @TylerOakley https://t.co/7VtPGsVqIS https://t.co/KcgBIkag0g,5577,1165,0.0019,0.0074,0.9907,0.9887,Positive,0.9907
t02489,2015-10-17 03:56:00,2015-10-17,2015-10,2015,3,Saturday,justinbieber,I'm with u on that https://t.co/TNl3bdnsuC,28969,21694,0.0173,0.3921,0.5906,0.5733,Positive,0.5906
t02490,2012-04-04 15:13:00,2012-04-04,2012-04,2012,15,Wednesday,jtimberlake,76 degrees and sunny in Georgia. Cruising. Listening to #Calgary @boniver. These guys are brilliant.,245,498,0.0027,0.0178,0.9795,0.9769,Positive,0.9795
t02491,2010-11-19 18:41:00,2010-11-19,2010-11,2010,18,Friday,cristiano,"I do like table-tennis. @xox_s Is it true that besides football, you enjoy tennis too? what other sports do you like? =D",42,102,0.0021,0.0638,0.9341,0.932,Positive,0.9341
t02492,2015-07-07 15:05:00,2015-07-07,2015-07,2015,15,Tuesday,barackobama,Add your name if you think it's time to #FixOvertime protections for hard-working Americans: http://t.co/YBynYdNqwa,1478,627,0.0566,0.7125,0.2309,0.1743,Neutral,0.7125
t02493,2015-11-01 16:18:00,2015-11-01,2015-11,2015,16,Sunday,instagram,The Week on Instagram | 207 https://t.co/1yWM5IZudm https://t.co/tg5R6wv6ng,2169,533,0.0071,0.9469,0.046,0.0389,Neutral,0.9469
t02494,2015-11-02 18:42:00,2015-11-02,2015-11,2015,18,Monday,barackobama,Here's what happened when 35 passionate student organizers came together to learn how to improve their impact: https://t.co/3wRfGGGMQE,893,356,0.0055,0.3143,0.6802,0.6747,Positive,0.6802
t02495,2014-08-25 19:52:00,2014-08-25,2014-08,2014,19,Monday,katyperry,"Remember kids, there's a reason the word pain is in champagne 😳",15452,8567,0.3298,0.5775,0.0927,-0.2371,Neutral,0.5775
t02496,2011-11-16 23:02:00,2011-11-16,2011-11,2011,23,Wednesday,selenagomez,":( Aww I can't believe its almost over, I miss my 2nd family. http://t.co/BOGXbWQg",1417,3830,0.8983,0.0841,0.0176,-0.8807,Negative,0.8983
t02497,2013-05-01 19:04:00,2013-05-01,2013-05,2013,19,Wednesday,rihanna,#CANADA I'm baaaaack!!!! First stop #Montreal!! #DWT http://t.co/UseSi0CWIW,1285,1807,0.0035,0.0651,0.9314,0.9279,Positive,0.9314
t02498,2015-11-08 02:35:00,2015-11-08,2015-11,2015,2,Sunday,justinbieber,@diplo @edsheeran go big or go home. Ha,25829,21986,0.0328,0.6439,0.3233,0.2905,Neutral,0.6439
t02499,2014-03-08 03:11:00,2014-03-08,2014-03,2014,3,Saturday,jimmyfallon,Promo for tonight's Tonight Show. http://t.co/S6fhOFgJvl #colbert #kerirussell #brokenbells #nbc,581,184,0.0069,0.8981,0.0949,0.088,Neutral,0.8981
t02500,2016-10-25 02:30:00,2016-10-25,2016-10,2016,2,Tuesday,instagram,Making art with a touch of magic for #WHPinthestudio https://t.co/3hf3KqZ24R,628,140,0.0046,0.2558,0.7397,0.7351,Positive,0.7397
t02501,2016-02-14 20:47:00,2016-02-14,2016-02,2016,20,Sunday,arianagrande,@biebsecrvts it's such a shocking image. I was on the floor when an old friend tagged me in it ages ago. bout time I shared it.,9950,3712,0.8946,0.0951,0.0103,-0.8842,Negative,0.8946
t02502,2016-12-14 02:03:00,2016-12-14,2016-12,2016,2,Wednesday,twitter,Don’t miss a minute of the action! #LAvsSEA streams LIVE on Twitter this Thursday! Go to Moments or https://t.co/WdzHD9qrrO to watch.,435,120,0.0019,0.1722,0.8258,0.8239,Positive,0.8258
t02503,2014-09-03 19:53:00,2014-09-03,2014-09,2014,19,Wednesday,barackobama,FACT: Total U.S. exports sustained 11.3 million American jobs in 2013. #MadeInAmerica,861,430,0.0067,0.2595,0.7338,0.7271,Positive,0.7338
t02504,2012-01-26 03:05:00,2012-01-26,2012-01,2012,3,Thursday,selenagomez,Mexico City are you ready for tomorrow? Get your Round and Rounds Ready. #WOTNSOUTHAMERICA... http://t.co/N2GSMwXV,1915,4944,0.0038,0.5261,0.4701,0.4663,Neutral,0.5261
t02505,2015-08-19 14:29:00,2015-08-19,2015-08,2015,14,Wednesday,katyperry,CURITIBA TO COSTA RICA - I'm excited to get💃🏻🍷😜2 ON😜🍷💃🏻with the dope @tinashe opening select dates on… https://t.co/j4GRTuIb9L,10010,4961,0.0012,0.0168,0.982,0.9807,Positive,0.982
t02506,2016-09-27 16:55:00,2016-09-27,2016-09,2016,16,Tuesday,youtube,Happy #NationalVoterRegistrationDay! Take 1 minute and 34 seconds out of your day to register to vote:… https://t.co/pzvByiMsMc,917,257,0.002,0.0382,0.9598,0.9578,Positive,0.9598
t02507,2013-10-02 01:49:00,2013-10-02,2013-10,2013,1,Wednesday,britneyspears,Love?? Do you <3 it as much as I do? :) #WORKBxxCHVideo http://t.co/dYmcgsBT67,2782,4273,0.0046,0.0712,0.9242,0.9195,Positive,0.9242
t02508,2015-07-08 02:53:00,2015-07-08,2015-07,2015,2,Wednesday,ddlovato,SO AMAZING!!! Thank you guys so much!! #COOLFORTHESUMMER 🍒☀️🌴💦🍉💗 http://t.co/NpLJpMaOBW,16015,10810,0.0027,0.0054,0.9919,0.9892,Positive,0.9919
t02509,2016-08-26 19:42:00,2016-08-26,2016-08,2016,19,Friday,britneyspears,"Stream Glory, watch #MakeMe, earn points, and win tickets to #PieceOfMe 🎟 All on @tunespeak! https://t.co/05VkIfDNeR",3573,1353,0.002,0.1965,0.8015,0.7996,Positive,0.8015
t02510,2010-11-22 20:05:00,2010-11-22,2010-11,2010,20,Monday,cristiano,It was a great game against Athletic Bilbao. Final score: Real Madrid 5- Athletic Bilbao 1... http://say.ly/xmR53O,49,183,0.0016,0.0247,0.9737,0.9721,Positive,0.9737
t02511,2015-11-17 20:29:00,2015-11-17,2015-11,2015,20,Tuesday,theellenshow,My surprise guest today left me shaken. Not stirred. https://t.co/mLMYoFY0vq,2514,450,0.3136,0.5001,0.1863,-0.1273,Neutral,0.5001
t02512,2014-06-08 15:11:00,2014-06-08,2014-06,2014,15,Sunday,cristiano,Do you want to see me singing with Anselmo Ralph? Check out http://t.co/E7NWTTYgOZ,3889,2684,0.0035,0.7408,0.2557,0.2523,Neutral,0.7408
t02513,2014-03-21 20:00:00,2014-03-21,2014-03,2014,20,Friday,jimmyfallon,"Tonight: @KevinBacon, @JeffAnimalGuy, music from @tydollasign & Heart's @AnnHeartMusic sitting in with the Roots. #FallonTonight",734,197,0.0031,0.8113,0.1856,0.1825,Neutral,0.8113
t02514,2015-11-11 19:25:00,2015-11-11,2015-11,2015,19,Wednesday,twitter,Today we honor those who have served around the world #VeteransDay #ArmisticeDay #RemembranceDay https://t.co/d1PW3O667W,3130,1618,0.0057,0.1219,0.8724,0.8667,Positive,0.8724
t02515,2015-02-06 15:53:00,2015-02-06,2015-02,2015,15,Friday,ddlovato,I LOVE COFFFFEEEEEEEJFKSJFMSKDNFK!!! ☕️☕️☕️☕️☕️ WHO'S READY TO WORKOUT?!!?!,24816,15922,0.0021,0.0152,0.9827,0.9806,Positive,0.9827
t02516,2016-02-29 21:09:00,2016-02-29,2016-02,2016,21,Monday,ladygaga,@BlakeDeveraux those men were so brave and strong and inspiring. Its different for them too. ❤️love seeing all the support for them,2579,1178,0.0054,0.0138,0.9809,0.9755,Positive,0.9809
t02517,2015-07-24 15:18:00,2015-07-24,2015-07,2015,15,Friday,jimmyfallon,"Tonight on the show: Rachel McAdams, @realmichaelpena, stand-up from Robert Klein and it's #ThankYouNoteFriday. #FallonTonight",1215,194,0.002,0.2844,0.7136,0.7116,Positive,0.7136
t02518,2015-12-01 21:05:00,2015-12-01,2015-12,2015,21,Tuesday,justinbieber,Let's #giveback together. #PurposeInTO on sale now. See u on 12/7 at @TheDanforthMH to benefit @StratfordHOB https://t.co/wFWJtLhkcf,53135,34358,0.0019,0.1078,0.8904,0.8885,Positive,0.8904
t02519,2016-01-12 22:13:00,2016-01-12,2016-01,2016,22,Tuesday,theellenshow,".@KygoMusic is here! He’s my favorite new Norwegian DJ, or as they’re commonly called, Norweejay. https://t.co/5PdWUc8EV3",2648,534,0.0014,0.0136,0.985,0.9836,Positive,0.985
t02520,2011-02-22 11:14:00,2011-02-22,2011-02,2011,11,Tuesday,selenagomez,What an incredible concert tonight at Tower Records in Tokyo. Thank you for all the love and support!,623,1676,0.0033,0.0081,0.9887,0.9854,Positive,0.9887
t02521,2016-08-15 00:45:00,2016-08-15,2016-08,2016,0,Monday,instagram,1 loving dad 👨 + 2 slices of toast 🍞🍞 = endlessly entertaining breakfasts (via @Huffington Post) https://t.co/E1TGQ4Ec6A,1405,330,0.0018,0.0167,0.9816,0.9798,Positive,0.9816
t02522,2015-06-01 01:43:00,2015-06-01,2015-06,2015,1,Monday,kimkardashian,I don't even know why I started crying after! Just so happy everyone is ok! Scariest experience of my life!,8596,1372,0.5072,0.187,0.3057,-0.2015,Negative,0.5072
t02523,2014-09-23 17:02:00,2014-09-23,2014-09,2014,17,Tuesday,barackobama,LIVE: President Obama is delivering a call for action at the U.N. Climate Summit. http://t.co/SendSAeRBA #ActOnClimate,581,351,0.0046,0.6716,0.3238,0.3191,Neutral,0.6716
t02524,2014-02-10 06:31:00,2014-02-10,2014-02,2014,6,Monday,jtimberlake,MPLS/St. Paul! Quit playing!! Y'all were NUTSO tonight!! Love it. Thank for all the love. Enjoyed it so much.,3907,1767,0.0049,0.0092,0.9859,0.981,Positive,0.9859
t02525,2016-03-18 13:00:00,2016-03-18,2016-03,2016,13,Friday,instagram,“Every day feels like waking up on almost a different planet.” —Antarctic photographer @whereisacacia https://t.co/aj6ygsrzcU,1248,305,0.0073,0.5747,0.418,0.4107,Neutral,0.5747
t02526,2013-12-09 12:51:00,2013-12-09,2013-12,2013,12,Monday,cristiano,"Hey guys, we arrived in Copenhagen for another Champions League game tomorrow! http://t.co/ZT91AUsO5D",7760,7275,0.0017,0.2014,0.7969,0.7952,Positive,0.7969
t02527,2016-11-14 02:40:00,2016-11-14,2016-11,2016,2,Monday,theellenshow,"If you’re in #NYC and you have a beach outfit to wear, I hope you’ll be following my tweets tomorrow.",4298,371,0.0056,0.3415,0.653,0.6474,Positive,0.653
t02528,2011-05-22 19:29:00,2011-05-22,2011-05,2011,19,Sunday,jtimberlake,Did you see Justin host the season finale of SNL last night? Check out the highlights http://bit.ly/lQ1HnE,181,411,0.0029,0.811,0.186,0.1831,Neutral,0.811
t02529,2016-04-25 19:22:00,2016-04-25,2016-04,2016,19,Monday,barackobama,We're already seeing the effects of climate change. Denial is unacceptable. #ActOnClimate https://t.co/k3sphu7KgC,7208,3039,0.8576,0.1338,0.0087,-0.8489,Negative,0.8576
t02530,2014-10-10 20:25:00,2014-10-10,2014-10,2014,20,Friday,selenagomez,And so it begins. Design meeting adidasneolabel Colossians 3:23 http://t.co/hojtfmRRJc,12172,8075,0.007,0.6342,0.3588,0.3518,Neutral,0.6342
t02531,2013-12-05 19:52:00,2013-12-05,2013-12,2013,19,Thursday,britneyspears,The show I'm putting together has more dance than any show I've ever done. I guess I was dancing until my body ached every single day. LOL!!,1469,1334,0.0129,0.0963,0.8908,0.8778,Positive,0.8908
t02532,2016-02-05 23:02:00,2016-02-05,2016-02,2016,23,Friday,kimkardashian,Should I live stream now?,3749,533,0.0122,0.9571,0.0307,0.0185,Neutral,0.9571
t02533,2013-07-28 08:34:00,2013-07-28,2013-07,2013,8,Sunday,rihanna,“@PerezHilton: @rihanna You know you'd hit it!! http://t.co/ZCSWjlTiYY” I can't resist a man in his @charliebymz #boneralert,635,586,0.0064,0.0747,0.9189,0.9126,Positive,0.9189
t02534,2012-12-06 03:38:00,2012-12-06,2012-12,2012,3,Thursday,britneyspears,"@for3ver4lone Yes! Followed u, thanks sweetie",53,76,0.0022,0.0218,0.9759,0.9737,Positive,0.9759
t02535,2015-09-17 18:01:00,2015-09-17,2015-09,2015,18,Thursday,justinbieber,@ShawnMendes anytime,36954,30359,0.0247,0.7707,0.2046,0.1799,Neutral,0.7707
t02536,2015-07-21 23:56:00,2015-07-21,2015-07,2015,23,Tuesday,kimkardashian,Caption this... #VogueSpain #KimNoFilter http://t.co/72Dewa6trr,15890,5205,0.0109,0.9185,0.0705,0.0596,Neutral,0.9185
t02537,2016-02-16 16:05:00,2016-02-16,2016-02,2016,16,Tuesday,cristiano,Our bodies are a blank canvas and underwear is the first thing we put on. Add a splash of colour with #CR7Underwear https://t.co/rtaLStCsXL,18487,4352,0.0135,0.5488,0.4377,0.4242,Neutral,0.5488
t02538,2014-08-29 20:33:00,2014-08-29,2014-08,2014,20,Friday,ladygaga,I got Asia about 100 presents on tour 🐷👑⚽️🎀💖😂 from both mommy and monsters! so many beautiful presents and letters from monsters! 💋,6352,3739,0.0023,0.0082,0.9894,0.9871,Positive,0.9894
t02539,2017-01-15 10:11:00,2017-01-15,2017-01,2017,10,Sunday,kimkardashian,Thank you @WojoohBeauty for sponsoring the Master Class with your contour revolution palette! Xo,5491,444,0.0021,0.0133,0.9847,0.9826,Positive,0.9847
t02540,2014-12-17 15:32:00,2014-12-17,2014-12,2014,15,Wednesday,jimmyfallon,.@jtimberlake and I returned to #CampWinnipesaukee last night http://t.co/Lq4MxVQxBC #FallonTonight,2608,1219,0.0027,0.8405,0.1569,0.1542,Neutral,0.8405
t02541,2015-09-18 23:04:00,2015-09-18,2015-09,2015,23,Friday,kimkardashian,Love this sleek black look http://t.co/0set3s3Oym,4743,1036,0.006,0.0209,0.9731,0.9671,Positive,0.9731
t02542,2014-08-15 01:06:00,2014-08-15,2014-08,2014,1,Friday,ladygaga,@TwerkHaus OKAY MUTHERFUCKERS #ARTPOP,2331,1487,0.6925,0.2703,0.0372,-0.6552,Negative,0.6925
t02543,2016-03-29 19:48:00,2016-03-29,2016-03,2016,19,Tuesday,arianagrande,love you more https://t.co/xLv36Alvni,20542,5938,0.0061,0.036,0.9579,0.9519,Positive,0.9579
t02544,2014-09-08 02:11:00,2014-09-08,2014-09,2014,2,Monday,jtimberlake,Melbourne! First person to this spot gets two #JT2020Tour tix for next week & a signed vinyl! Come get… http://t.co/8Jy48KXPtG,1519,526,0.0031,0.4554,0.5415,0.5384,Positive,0.5415
t02545,2015-11-06 18:14:00,2015-11-06,2015-11,2015,18,Friday,ddlovato,"Thanks for the question, @iconapop!! My super power would be.... #DEMIINSWEDEN 😜😜 https://t.co/VnnhhOO3j7",9352,5477,0.0016,0.0152,0.9832,0.9816,Positive,0.9832
t02546,2016-12-02 01:22:00,2016-12-02,2016-12,2016,1,Friday,cnnbrk,Donald Trump confirms retired Gen. James Mattis as his nominee for Defense Secretary during a rally in Ohio. Watch:… https://t.co/qmL8GU0ZrW,1115,442,0.004,0.8578,0.1382,0.1342,Neutral,0.8578
t02547,2015-11-08 15:45:00,2015-11-08,2015-11,2015,15,Sunday,justinbieber,@BBCR1 That was fun. Thanks,19149,15005,0.0037,0.0141,0.9823,0.9786,Positive,0.9823
t02548,2015-09-09 18:49:00,2015-09-09,2015-09,2015,18,Wednesday,barackobama,Tune in at 3:40 p.m. ET to watch President Obama and @DrBiden speak in Michigan on expanding #CollegeOpportunity. http://t.co/3Y6tYK6YQH,798,352,0.0031,0.6691,0.3278,0.3248,Neutral,0.6691
t02549,2012-01-09 23:43:00,2012-01-09,2012-01,2012,23,Monday,shakira,Today during the Ballon d'Or Ceremony. More pics coming soon - Shak http://t.co/Envfe07P,273,575,0.0028,0.744,0.2532,0.2504,Neutral,0.744
t02550,2012-12-29 19:30:00,2012-12-29,2012-12,2012,19,Saturday,cristiano,"Congrats @badriyawr I’ll follow you and you'll win a double ticket for Real Madrid - Real Sociedad match, January 6th",506,1160,0.0017,0.0365,0.9618,0.9602,Positive,0.9618
t02551,2015-12-07 22:34:00,2015-12-07,2015-12,2015,22,Monday,theellenshow,#StarWars is coming. https://t.co/GGXAuGeJbY,2454,529,0.0021,0.153,0.8449,0.8428,Positive,0.8449
t02552,2014-05-14 00:55:00,2014-05-14,2014-05,2014,0,Wednesday,shakira,Retweet / Retweet / Retweet #VoiceSave Kristen ShakHQ http://t.co/0cTV83mQ3L,999,5690,0.0325,0.8474,0.12,0.0875,Neutral,0.8474
t02553,2016-12-29 16:01:00,2016-12-29,2016-12,2016,16,Thursday,twitter,"Wherever your New Year's celebrations take you, share it with the world. #GoLive https://t.co/QM34ewSLRK",2643,486,0.0018,0.0382,0.96,0.9582,Positive,0.96
t02554,2015-09-02 18:00:00,2015-09-02,2015-09,2015,18,Wednesday,theellenshow,6 days to Season 13! Premiere Week starts in LA & ends in NYC! I’m so excited. I haven’t been bicoastal since college http://t.co/wHNwaexHyL,3692,705,0.0015,0.0117,0.9868,0.9852,Positive,0.9868
t02555,2015-09-05 02:35:00,2015-09-05,2015-09,2015,2,Saturday,arianagrande,p.s. I really really really love Portland.,29681,12661,0.0064,0.0132,0.9804,0.974,Positive,0.9804
t02556,2015-10-30 15:23:00,2015-10-30,2015-10,2015,15,Friday,ddlovato,#FutureNowTour tix on sale Nov. 7!!! https://t.co/M3cFOcEE6g https://t.co/GW1QUYRwPd,16997,12056,0.0031,0.4659,0.531,0.5278,Positive,0.531
t02557,2011-01-26 04:23:00,2011-01-26,2011-01,2011,4,Wednesday,selenagomez,"Go watch my girl @Sammydroke in ""Seconds Apart"" this Saturday the 28th in select theaters near you!! @sammydroke I hacked you ;)",157,674,0.0017,0.094,0.9044,0.9027,Positive,0.9044
t02558,2014-04-26 06:17:00,2014-04-26,2014-04,2014,6,Saturday,britneyspears,See y'all tomorrow. Kisses and hugs and goodnight! 💋💋💋,5378,2850,0.0034,0.0339,0.9626,0.9592,Positive,0.9626
t02559,2013-03-31 17:37:00,2013-03-31,2013-03,2013,17,Sunday,shakira,"Don't worry guys, they're safe and sound, just in better hands! Evidence attached. Shak http://t.co/OqxF6pNlUm",519,383,0.0105,0.183,0.8065,0.796,Positive,0.8065
t02560,2016-02-08 03:26:00,2016-02-08,2016-02,2016,3,Monday,jtimberlake,#PeytonManning Couldn't be happier for you bro!!! You did it!!! You are the GOAT. --JT,17514,5151,0.0028,0.0074,0.9898,0.9869,Positive,0.9898
t02561,2011-02-11 21:40:00,2011-02-11,2011-02,2011,21,Friday,cristiano,"Welcome. My fans are great if you need pointers. @deedsmcd My first day on Twitter, no idea how it works but following @Cristiano Ronaldo.",109,154,0.009,0.118,0.873,0.864,Positive,0.873
t02562,2012-11-18 21:24:00,2012-11-18,2012-11,2012,21,Sunday,britneyspears,All eyes on US @iamwill #iamangels and #britneyarmy unite!!! #ScreamAndShout,765,2171,0.0089,0.2964,0.6947,0.6857,Positive,0.6947
t02563,2011-03-15 15:24:00,2011-03-15,2011-03,2011,15,Tuesday,selenagomez,This is why I love my job more than anything.. Thank you Mia :) http://plixi.com/p/84196466,634,1489,0.0033,0.0067,0.99,0.9867,Positive,0.99
t02564,2016-08-02 00:00:00,2016-08-02,2016-08,2016,0,Tuesday,youtube,All Pokémon go to heaven. Respecting the fallen → https://t.co/hZwmfgKyez https://t.co/C8CdmQqS5O,1205,159,0.0167,0.4347,0.5486,0.532,Positive,0.5486
t02565,2014-10-02 18:42:00,2014-10-02,2014-10,2014,18,Thursday,selenagomez,"Into the gloss, thank you! http://t.co/k962LJRdHE",12571,8916,0.0046,0.0972,0.8981,0.8935,Positive,0.8981
t02566,2014-08-18 11:49:00,2014-08-18,2014-08,2014,11,Monday,ladygaga,Getting ready to ice myself for #ALS http://t.co/TdxlD1BdWg,4402,3059,0.008,0.7067,0.2853,0.2772,Neutral,0.7067
t02567,2014-06-21 18:40:00,2014-06-21,2014-06,2014,18,Saturday,shakira,Are you guys ready for #GERvsGHA? #daretowin Shak,1817,810,0.0074,0.5791,0.4136,0.4062,Neutral,0.5791
t02568,2011-10-21 16:18:00,2011-10-21,2011-10,2011,16,Friday,selenagomez,Remix Time! Watch the premiere of the Love You Like A Love Song Remix video on Celebuzz.... http://t.co/jqTg2fbB,689,2003,0.0027,0.4541,0.5432,0.5405,Positive,0.5432
t02569,2016-09-27 00:30:00,2016-09-27,2016-09,2016,0,Tuesday,instagram,Featured submissions from this weekend’s hashtag project: #WHPlightplay https://t.co/WeD03Xbj8i https://t.co/wknvSoFQam,708,141,0.0046,0.8729,0.1226,0.118,Neutral,0.8729
t02570,2013-08-02 01:15:00,2013-08-02,2013-08,2013,1,Friday,rihanna,What do you do when stuck in traffic next to these heauxz @leleboo246 @mforde11 ???#SELFIIIEEESSS http://t.co/62gRz1aXn7,1154,1300,0.8346,0.1545,0.0109,-0.8236,Negative,0.8346
t02571,2016-09-20 21:01:00,2016-09-20,2016-09,2016,21,Tuesday,twitter,"Head to Bangkok this #TravelTuesday to visit temples, eat street food, and take in the breathtaking views.… https://t.co/hOD4WeW103",541,152,0.0023,0.1309,0.8668,0.8645,Positive,0.8668
t02572,2016-08-17 19:12:00,2016-08-17,2016-08,2016,19,Wednesday,arianagrande,@HoneymoonShay I gasped out loud,11137,3013,0.131,0.3312,0.5378,0.4068,Positive,0.5378
t02573,2015-12-01 14:49:00,2015-12-01,2015-12,2015,14,Tuesday,ddlovato,I couldn't be more excited to share the stage with some of my favorite artists and friends.. Not to mention loved ones here as well 🙏🏼❤️,16546,9409,0.0021,0.0056,0.9923,0.9902,Positive,0.9923
t02574,2013-01-26 03:04:00,2013-01-26,2013-01,2013,3,Saturday,britneyspears,@GladBritneyCame The boys set it on fire,153,263,0.2234,0.6845,0.0921,-0.1312,Neutral,0.6845
t02575,2016-09-28 18:56:00,2016-09-28,2016-09,2016,18,Wednesday,cnnbrk,"At least 2 children shot at elementary school in Townville, SC, county official says. https://t.co/AqJfu4OB5T https://t.co/WaAORQWsSe",796,1802,0.5183,0.4731,0.0085,-0.5098,Negative,0.5183
t02576,2016-07-04 01:23:00,2016-07-04,2016-07,2016,1,Monday,kimkardashian,Hi doll!!! https://t.co/FmRuSFYagy,1428,208,0.0025,0.0291,0.9684,0.9659,Positive,0.9684
t02577,2016-05-15 18:23:00,2016-05-15,2016-05,2016,18,Sunday,arianagrande,#5daystildangerouswoman / #sometimes world premiere today on beats1 around 2pm PT/5pm ET ♡ https://t.co/rjJPl1Bkht,20162,8842,0.0029,0.5323,0.4648,0.4618,Neutral,0.5323
t02578,2013-11-02 02:31:00,2013-11-02,2013-11,2013,2,Saturday,jimmyfallon,Tonight's Late Night http://t.co/TnEU26hbKc The Piercing,338,163,0.0081,0.9314,0.0605,0.0524,Neutral,0.9314
t02579,2016-09-28 05:21:00,2016-09-28,2016-09,2016,5,Wednesday,ladygaga,@CantReadMyJudas where is she I need to know her,3177,1131,0.0568,0.707,0.2362,0.1794,Neutral,0.707
t02580,2016-06-22 22:30:00,2016-06-22,2016-06,2016,22,Wednesday,instagram,Fearless nail art with @nailbarbie 💅 #TinyCanvas https://t.co/iD5QAmmlup,833,175,0.003,0.0574,0.9396,0.9366,Positive,0.9396
t02581,2016-10-12 15:25:00,2016-10-12,2016-10,2016,15,Wednesday,barackobama,Climate change's effects are devastating. Denying the science behind it does nothing to help. https://t.co/Rww40wwgD9 #ActOnClimate,3211,1225,0.8903,0.1017,0.008,-0.8823,Negative,0.8903
t02582,2013-08-12 15:16:00,2013-08-12,2013-08,2013,15,Monday,katyperry,💅 “@yungskeeter: don't even talk to me if you haven't bought #roar today”,1366,1741,0.1767,0.6616,0.1616,-0.0151,Neutral,0.6616
t02583,2011-03-26 19:29:00,2011-03-26,2011-03,2011,19,Saturday,selenagomez,"Who says your not beautiful, party like it's not your birthday @AllstarWeekend + my scene = epic summer tour!! Soooo excited :)",594,2089,0.0029,0.01,0.9871,0.9842,Positive,0.9871
t02584,2016-02-23 17:19:00,2016-02-23,2016-02,2016,17,Tuesday,barackobama,Be part of the team debunking myths with facts—join the @OFA Truth Team: https://t.co/6z9PgSYuSk https://t.co/51zJn9N8qa,2093,626,0.0041,0.2909,0.705,0.7009,Positive,0.705
t02585,2015-05-28 19:47:00,2015-05-28,2015-05,2015,19,Thursday,katyperry,My girl @bonniemckee is l👀king to break the Internet with a combo of this song and dat ass! 🍑#BombASStic🍑 http://t.co/wS6DEPZJvv,10277,5553,0.0092,0.0558,0.935,0.9258,Positive,0.935
t02586,2014-12-08 11:33:00,2014-12-08,2014-12,2014,11,Monday,katyperry,RT if your favorite jelly belly is juicy pear.,9601,7029,0.0121,0.2228,0.7651,0.7531,Positive,0.7651
t02587,2016-05-26 07:00:00,2016-05-26,2016-05,2016,7,Thursday,cristiano,Check out my #Mercurial Speed Room 📽⚽️🏃🏽💨premiering in the @Nikefootball App https://t.co/GzCcnReVsP #sparkbrilli... https://t.co/RwyL4HhgLY,22283,5196,0.0032,0.7952,0.2015,0.1983,Neutral,0.7952
t02588,2014-10-29 04:11:00,2014-10-29,2014-10,2014,4,Wednesday,jimmyfallon,“@Shannondf: @jimmyfallon THAT did not disappoint! WOW! #DanielRadcliffe” yaaay!! I told you!?!!,781,141,0.0026,0.0122,0.9852,0.9826,Positive,0.9852
t02589,2017-01-14 18:47:00,2017-01-14,2017-01,2017,18,Saturday,arianagrande,me too 💛 love you https://t.co/vjqj93Awwg,16959,3708,0.0044,0.0178,0.9778,0.9734,Positive,0.9778
t02590,2016-08-12 19:28:00,2016-08-12,2016-08,2016,19,Friday,shakira,Late night delirium in the studio with Nasri from @ournameisMAGIC and @SupaDups! Shak https://t.co/yit4dm1emd,6250,968,0.0041,0.6801,0.3158,0.3117,Neutral,0.6801
t02591,2011-10-28 23:33:00,2011-10-28,2011-10,2011,23,Friday,jtimberlake,A lot of fun making this movie...it would be the action sequences and working with great actors. #InTime,27,72,0.003,0.0112,0.9858,0.9828,Positive,0.9858
t02592,2013-09-25 20:29:00,2013-09-25,2013-09,2013,20,Wednesday,jtimberlake,"“@AlisaApps: If @jtimberlake is so talented, then why does he need four backup singers every time he sings? He has no...” Aaaw. That's cute.",836,802,0.0298,0.1753,0.7949,0.7651,Positive,0.7949
t02593,2015-12-02 14:06:00,2015-12-02,2015-12,2015,14,Wednesday,jimmyfallon,Had a good time talking to Harrison Ford last night. The Han Solo figure not so much. https://t.co/uQs1CrF0dz #StarWars #FallonTonight,1780,397,0.0042,0.038,0.9578,0.9536,Positive,0.9578
t02594,2014-12-03 05:09:00,2014-12-03,2014-12,2014,5,Wednesday,britneyspears,"@DJPaulyD Thanks, Pauly!! I love birthdays too :)",1148,600,0.0034,0.0083,0.9882,0.9848,Positive,0.9882
t02595,2016-11-29 00:00:00,2016-11-29,2016-11,2016,0,Tuesday,youtube,"Nature, meet machine. @FlumeMusic’s “TRUST” → https://t.co/TbVROs0s7z https://t.co/cUkOd3n0S1",1091,188,0.0049,0.5114,0.4837,0.4787,Neutral,0.5114
t02596,2016-04-24 22:00:00,2016-04-24,2016-04,2016,22,Sunday,instagram,"No guts, no glory. InstaMeet goers take a freezing plunge at #GlacierNPS in Montana, USA. #LifeOnEarthWWIM13 https://t.co/7TwoxJbyUC",743,132,0.6469,0.3236,0.0295,-0.6174,Negative,0.6469
t02597,2016-08-06 18:09:00,2016-08-06,2016-08,2016,18,Saturday,britneyspears,August 26th will be here sooner than you know it. Pre-order #Glory on @GooglePlay now! ▶ https://t.co/XODHhrr5tB,4015,1590,0.0032,0.2409,0.7559,0.7526,Positive,0.7559
t02598,2016-11-14 22:00:00,2016-11-14,2016-11,2016,22,Monday,youtube,How skateboarding is changing lives in rural South Africa. https://t.co/uL9PvK5p5E https://t.co/pUsn8CjzyI,934,228,0.0045,0.4384,0.557,0.5525,Positive,0.557
t02599,2014-09-12 16:07:00,2014-09-12,2014-09,2014,16,Friday,ladygaga,"We are here Israel! I simply cannot wait to perform in Tel Aviv, thank you for the kind welcome. #artRAVETelAviv http://t.co/Uema4rbThT",6379,4418,0.0023,0.0093,0.9884,0.9861,Positive,0.9884
t02600,2013-09-01 21:50:00,2013-09-01,2013-09,2013,21,Sunday,katyperry,Yes! Baked beans for EVERYONE. “@BethanyKeatley1: Roar is already at #1!! 🐯🇬🇧🐯🇬🇧🐯🇬🇧 @katyperry #IveGotTheEyeOfTheTiger #RoarUK”,1962,2209,0.0021,0.0649,0.933,0.9308,Positive,0.933
t02601,2015-08-04 16:06:00,2015-08-04,2015-08,2015,16,Tuesday,justinbieber,Canoeing with jazzy and Jaxo http://t.co/bwBrqh5GrW,56380,44763,0.0054,0.8506,0.144,0.1385,Neutral,0.8506
t02602,2011-01-27 20:00:00,2011-01-27,2011-01,2011,20,Thursday,cristiano,Probably the one against Porto win MU.e- @TashaIchimaru @Cristiano what is your favourite goal that you have scored?,58,121,0.0088,0.6687,0.3225,0.3137,Neutral,0.6687
t02603,2016-04-19 22:25:00,2016-04-19,2016-04,2016,22,Tuesday,youtube,@TrevorDmusic ¯\_(ツ)_/¯ news to us!,60,7,0.0189,0.5847,0.3965,0.3776,Neutral,0.5847
t02604,2016-03-07 23:29:00,2016-03-07,2016-03,2016,23,Monday,justinbieber,Loving see all these kids dancing to #children @NickDeMoura #PURPOSETOUR,72990,44980,0.0024,0.0144,0.9832,0.9809,Positive,0.9832
t02605,2014-11-15 05:04:00,2014-11-15,2014-11,2014,5,Saturday,jimmyfallon,“@lilkittens: I think @jimmyfallon walks better in heels than I do” not easy. #notjealous,796,98,0.2284,0.5213,0.2502,0.0218,Neutral,0.5213
t02606,2016-09-30 21:34:00,2016-09-30,2016-09,2016,21,Friday,theellenshow,Last chance to win my #CatWeek Watch and Win! No big deal. It could just be worth $10K #LaughDancePartner https://t.co/bZm5FTauMK,1309,157,0.0047,0.1381,0.8572,0.8526,Positive,0.8572
t02607,2014-05-11 17:57:00,2014-05-11,2014-05,2014,17,Sunday,britneyspears,To the woman who taught me everything I know about being a mom... Happy Mother's Day mom! 💞 http://t.co/hIECtnziKd,11764,4187,0.003,0.0098,0.9872,0.9842,Positive,0.9872
t02608,2014-07-30 14:16:00,2014-07-30,2014-07,2014,14,Wednesday,jimmyfallon,"“@TrevMusicXpert: @jimmyfallon Do you plan on watching Bachelor in Paradise?"" Yes. Addicted.",742,96,0.0803,0.7069,0.2129,0.1326,Neutral,0.7069
t02609,2014-09-19 20:44:00,2014-09-19,2014-09,2014,20,Friday,ladygaga,I will always be stronger than the current I swim against. #ARTPOP #artRaveAthens #OlympicStadium http://t.co/bhOrwhd7vq,4434,3126,0.0043,0.0982,0.8975,0.8932,Positive,0.8975
t02610,2017-01-03 18:53:00,2017-01-03,2017-01,2017,18,Tuesday,theellenshow,"For those asking, Kim Burrell will not be appearing on my show.",37223,10437,0.287,0.6922,0.0208,-0.2662,Neutral,0.6922
t02611,2015-05-22 14:59:00,2015-05-22,2015-05,2015,14,Friday,barackobama,LIVE: The President is speaking to the Adas Israel Congregation in celebration of Jewish American Heritage Month. http://t.co/yHfyWCckLt,1005,352,0.0028,0.5389,0.4583,0.4554,Neutral,0.5389
t02612,2015-07-12 04:20:00,2015-07-12,2015-07,2015,4,Sunday,kimkardashian,Ok I'm done! LOL,8926,2631,0.0326,0.3035,0.6639,0.6313,Positive,0.6639
t02613,2015-12-13 20:30:00,2015-12-13,2015-12,2015,20,Sunday,arianagrande,"""soon"". & you're getting more than just oneee. https://t.co/cZOHrm7S7n",22049,10287,0.0368,0.6486,0.3145,0.2777,Neutral,0.6486
t02614,2016-02-16 05:44:00,2016-02-16,2016-02,2016,5,Tuesday,ddlovato,Cloud 90000000 ☁️💗 #GRAMMYs https://t.co/eGQWMMxPKy,33039,15878,0.0026,0.1216,0.8758,0.8732,Positive,0.8758
t02615,2015-06-22 15:10:00,2015-06-22,2015-06,2015,15,Monday,selenagomez,Listen to #GoodForYou every hr on @Z100NewYork & get a 1st look at the video on the @beatsbydre Times Sq. billboard! http://t.co/XFXXXFKIis,14994,9849,0.0035,0.4319,0.5646,0.5611,Positive,0.5646
t02616,2015-08-09 13:29:00,2015-08-09,2015-08,2015,13,Sunday,cristiano,Have a nice Sunday everyone! http://t.co/1s8k2bGQEG http://t.co/FoQNRaLPoc,16251,5393,0.0042,0.0166,0.9792,0.975,Positive,0.9792
t02617,2016-10-24 17:59:00,2016-10-24,2016-10,2016,17,Monday,theellenshow,".@TylerOakley went to a haunted house. And he took his friend, @Harto. At least they were friends before.… https://t.co/8YPStE2IVv",5644,975,0.0104,0.6619,0.3277,0.3172,Neutral,0.6619
t02618,2016-11-02 16:26:00,2016-11-02,2016-11,2016,16,Wednesday,justinbieber,Not about the awards but thank u https://t.co/daPQJV3mvg,86308,43720,0.0295,0.2465,0.7239,0.6944,Positive,0.7239
t02619,2015-08-18 20:00:00,2015-08-18,2015-08,2015,20,Tuesday,justinbieber,Music all day,65528,62901,0.0137,0.2639,0.7224,0.7087,Positive,0.7224
t02620,2015-11-23 21:14:00,2015-11-23,2015-11,2015,21,Monday,ddlovato,Love you @PaulaAbdul 💕💞,7856,4185,0.0033,0.01,0.9867,0.9834,Positive,0.9867
t02621,2015-12-29 16:49:00,2015-12-29,2015-12,2015,16,Tuesday,barackobama,Check out five big victories that made 2015 a great year for progress: https://t.co/QUoecEpNfJ,1779,568,0.002,0.02,0.978,0.9761,Positive,0.978
t02622,2016-11-03 19:29:00,2016-11-03,2016-11,2016,19,Thursday,theellenshow,".@ProjectRunway is on tonight 9/8c on @Lifetimetv, though my friend @HeidiKlum will have a hard time finding a bett… https://t.co/CKIyDzzZ2i",2761,241,0.297,0.649,0.054,-0.243,Neutral,0.649
t02623,2014-09-28 02:39:00,2014-09-28,2014-09,2014,2,Sunday,ladygaga,"@OscarCOfficial I live for the hustle, that's how I got here. And it's how I'll stay.",1643,980,0.0119,0.123,0.8651,0.8532,Positive,0.8651
t02624,2015-01-23 20:41:00,2015-01-23,2015-01,2015,20,Friday,barackobama,These senators are at odds with 97% of climate scientists and NASA. #ActOnClimate http://t.co/zYUuwl7AFb,6263,6133,0.7429,0.245,0.0121,-0.7308,Negative,0.7429
t02625,2013-02-07 03:41:00,2013-02-07,2013-02,2013,3,Thursday,katyperry,This studio session has just taken a turn. http://t.co/tpgsissX,9129,8718,0.0137,0.8548,0.1315,0.1178,Neutral,0.8548
t02626,2015-10-19 13:35:00,2015-10-19,2015-10,2015,13,Monday,cristiano,Having fun on set of my #CR7Shirts shoot! http://t.co/RwbrAO7iK5 http://t.co/8nTZ20ShFo,9915,3193,0.0012,0.0154,0.9834,0.9821,Positive,0.9834
t02627,2016-08-09 20:39:00,2016-08-09,2016-08,2016,20,Tuesday,youtube,"""It’s not about the voices in your head. It’s about what you do with them."" https://t.co/g8cvH2l6kr #Voices https://t.co/Cx7Xk2JkZ4",4266,944,0.0149,0.787,0.1981,0.1832,Neutral,0.787
t02628,2013-12-13 13:43:00,2013-12-13,2013-12,2013,13,Friday,britneyspears,@SwagyGomez it's definitely possible ;) #BritneySurprise,208,124,0.0012,0.0319,0.9669,0.9657,Positive,0.9669
t02629,2012-10-18 19:37:00,2012-10-18,2012-10,2012,19,Thursday,shakira,"Check out our video highlights of Shak's show in Baku, Azerbaijan at the weekend http://t.co/xpZHxHZo ShakiraHQ",261,349,0.0043,0.8324,0.1634,0.1591,Neutral,0.8324
t02630,2014-08-02 15:55:00,2014-08-02,2014-08,2014,15,Saturday,barackobama,Watch the weekly address: The President is working to help the middle class. It's time Congress did the same. http://t.co/8Ej0ZaPFJ7,782,502,0.0076,0.2979,0.6945,0.6868,Positive,0.6945
t02631,2015-02-11 01:04:00,2015-02-11,2015-02,2015,1,Wednesday,jimmyfallon,"Dakota Johnson's mom said she doesn't plan on seeing 50 Shades of Grey. In her defense, that's what EVERYONE'S mom is saying. #fallonmono",4636,1326,0.346,0.6042,0.0497,-0.2963,Neutral,0.6042
t02632,2014-12-16 22:24:00,2014-12-16,2014-12,2014,22,Tuesday,twitter,"What do zombies, wolves & dragons have in common? See @NielsenSocial's list of the most-Tweeted TV shows in 2014: https://t.co/jWIUItAwXa",354,236,0.0215,0.9361,0.0424,0.021,Neutral,0.9361
t02633,2015-06-15 15:16:00,2015-06-15,2015-06,2015,15,Monday,jimmyfallon,Only one week left until Father's Day! http://t.co/piYWJaQGiL https://t.co/TZiHnNyHlm,940,216,0.0018,0.0836,0.9146,0.9128,Positive,0.9146
t02634,2013-06-28 18:43:00,2013-06-28,2013-06,2013,18,Friday,jtimberlake,"“@MyBrewTube: I love you, Memphis. But I'll never forgive you for closing down Platinum Plus. Never. http://t.co/S8nqXIGRf1”#ThePurpleChurch",390,397,0.8335,0.1431,0.0234,-0.81,Negative,0.8335
t02635,2017-01-09 22:47:00,2017-01-09,2017-01,2017,22,Monday,youtube,@sWooZ1e heyy,172,12,0.0207,0.7092,0.2701,0.2494,Neutral,0.7092
t02636,2015-12-23 22:00:00,2015-12-23,2015-12,2015,22,Wednesday,youtube,Will it drone? https://t.co/0QhyCaTVB1 https://t.co/I1nPGk2v8p,1663,433,0.0208,0.9226,0.0566,0.0358,Neutral,0.9226
t02637,2014-03-17 17:40:00,2014-03-17,2014-03,2014,17,Monday,jimmyfallon,"Fun St. Patrick's Day show tonight: James Spader, Kermit the Frog & music from @blackfortyseven. #FallonTonight",1465,422,0.0013,0.0477,0.951,0.9497,Positive,0.951
t02638,2016-03-01 15:35:00,2016-03-01,2016-03,2016,15,Tuesday,kimkardashian,We literally laughed so hard we cried!,5332,1227,0.0054,0.0121,0.9825,0.9772,Positive,0.9825
t02639,2015-03-07 20:30:00,2015-03-07,2015-03,2015,20,Saturday,barackobama,"""It was not a clash of armies, but a clash of wills; a contest to determine the true meaning of America."" —President Obama #Selma50",1276,837,0.0328,0.7115,0.2557,0.2229,Neutral,0.7115
t02640,2017-01-12 23:07:00,2017-01-12,2017-01,2017,23,Thursday,youtube,@GloZell @kandeejohnson @Awestruck 😱 It’s a whole new you!,80,6,0.0104,0.16,0.8296,0.8192,Positive,0.8296
t02641,2015-12-09 01:59:00,2015-12-09,2015-12,2015,1,Wednesday,selenagomez,.@Shazam my performance on tonight's #VSfashionshow to go behind-the-scenes of my @VictoriasSecret Angels lip sync! https://t.co/mKhkHzSVgd,27002,10501,0.0053,0.7196,0.2751,0.2698,Neutral,0.7196
t02642,2015-10-29 20:00:00,2015-10-29,2015-10,2015,20,Thursday,arianagrande,8 hours #FocusTonight https://t.co/WprGVLW1nY,29148,19649,0.0043,0.8352,0.1604,0.1561,Neutral,0.8352
t02643,2014-09-28 21:37:00,2014-09-28,2014-09,2014,21,Sunday,ladygaga,"@LisaVanderpump what a doll you are, many thanks from Me and Tony 💗✨ Asia said to say hi to Jiggy, she thinks he's a sexy man! 😍",1715,963,0.0031,0.0095,0.9874,0.9843,Positive,0.9874
t02644,2015-11-17 18:31:00,2015-11-17,2015-11,2015,18,Tuesday,ddlovato,"Holy shit.. The breakdown of ""Yes"" is NO JOKE right now.... 👊🏼💪🏼😱😰",13395,8248,0.0754,0.1549,0.7697,0.6944,Positive,0.7697
t02645,2016-07-12 20:13:00,2016-07-12,2016-07,2016,20,Tuesday,theellenshow,Had to look for a long time for this one. https://t.co/qD1jtwDX0S,44503,5209,0.129,0.628,0.243,0.1139,Neutral,0.628
t02646,2015-01-31 05:58:00,2015-01-31,2015-01,2015,5,Saturday,katyperry,#FBF to that one time I was hanging out in the Seahawks' locker room... http://t.co/zHnOVeTavk,10962,4884,0.0276,0.9221,0.0503,0.0227,Neutral,0.9221
t02647,2016-09-25 06:35:00,2016-09-25,2016-09,2016,6,Sunday,katyperry,. @maddisonxperry oh I forgot mental health awareness❗️🙇🏻‍♀️🙇🏼❤️,5481,1164,0.1468,0.4838,0.3693,0.2225,Neutral,0.4838
t02648,2013-07-23 17:42:00,2013-07-23,2013-07,2013,17,Tuesday,rihanna,Just posted a photo http://t.co/PvtJIeMm1n,1493,2082,0.0081,0.7373,0.2546,0.2465,Neutral,0.7373
t02649,2014-10-08 22:57:00,2014-10-08,2014-10,2014,22,Wednesday,barackobama,It's time to get real about climate change—starting with the @EPA's plan to cut carbon pollution: http://t.co/13KsRw5wgA #ActOnClimate,1069,635,0.0309,0.6402,0.3289,0.2981,Neutral,0.6402
t02650,2016-10-15 08:07:00,2016-10-15,2016-10,2016,8,Saturday,cnnbrk,Pacific Northwest is bracing for a second storm aiming to pummel the coast today with intense wind and rain.… https://t.co/bM58wgTMdC,331,235,0.1665,0.8089,0.0247,-0.1418,Neutral,0.8089
t02651,2016-01-27 00:36:00,2016-01-27,2016-01,2016,0,Wednesday,theellenshow,Being adorable is exhausting. https://t.co/QZEkz6ObSx,14622,2812,0.4499,0.342,0.208,-0.2419,Negative,0.4499
t02652,2012-03-14 21:39:00,2012-03-14,2012-03,2012,21,Wednesday,jtimberlake,"""@mightybracewell: Welcome! and thanks for 'bringing it on down to Athens-ville' Hope you enjoy our #ClassicCity."" Thanks for having us",51,89,0.0017,0.0142,0.9841,0.9824,Positive,0.9841
t02653,2016-10-17 16:28:00,2016-10-17,2016-10,2016,16,Monday,instagram,"""Wear what makes you happy and ignore the haters.” —@notoriouslydapp #PerfectlyMe https://t.co/z8aypFWoGB",863,203,0.0067,0.0924,0.9009,0.8941,Positive,0.9009
t02654,2016-08-10 19:48:00,2016-08-10,2016-08,2016,19,Wednesday,taylorswift13,"Sending my biggest congratulations to Simone, Aly, Laurie, Gabby and Madison! YOU DID IT GIRLS!! 🇺🇸 #FinalFive",118165,22756,0.0029,0.0122,0.9849,0.982,Positive,0.9849
t02655,2016-04-26 15:02:00,2016-04-26,2016-04,2016,15,Tuesday,instagram,"#WeeklyFluff, snuggly Swedish shiba edition https://t.co/tRHgf3XnJt",789,135,0.0052,0.4716,0.5231,0.5179,Positive,0.5231
t02656,2016-06-02 13:52:00,2016-06-02,2016-06,2016,13,Thursday,kimkardashian,#secretproject ✨coming soon @mertalas @macpiggott #mertandmarcus https://t.co/J0CStRT603,11352,2403,0.0035,0.5047,0.4917,0.4882,Neutral,0.5047
t02657,2013-12-10 22:12:00,2013-12-10,2013-12,2013,22,Tuesday,shakira,"Thank you! First the album, then ... on the road again! Shak RT @DieguitoMadonna: I want @shakira on tour again I want to see her again <3",531,437,0.0021,0.0326,0.9653,0.9631,Positive,0.9653
t02658,2016-02-14 19:00:00,2016-02-14,2016-02,2016,19,Sunday,youtube,"If you got the moves, flaunt the moves. https://t.co/WV0uvBqHN6 #DanceCamp #YTRedOriginals https://t.co/bxFaSxC0IK",1284,203,0.0085,0.3421,0.6494,0.6409,Positive,0.6494
t02659,2016-09-08 00:46:00,2016-09-08,2016-09,2016,0,Thursday,youtube,"@Sia Such an accomplishment! Congratulations, you incredible artist you.",186,49,0.0062,0.0116,0.9822,0.9761,Positive,0.9822
t02660,2015-05-05 14:28:00,2015-05-05,2015-05,2015,14,Tuesday,taylorswift13,The 1989 World Tour has officially started. I love you. I love you. I love you.,105594,58605,0.0025,0.0126,0.9848,0.9823,Positive,0.9848
t02661,2015-08-27 20:28:00,2015-08-27,2015-08,2015,20,Thursday,rihanna,Im coming to #BROOKLYN @Macys on August 31st! Come try out my new @PerfumesbyRiRi fragrance #RiRi http://t.co/KXNTtDA2dy,20371,8065,0.0018,0.2771,0.7211,0.7192,Positive,0.7211
t02662,2016-05-29 22:30:00,2016-05-29,2016-05,2016,22,Sunday,instagram,Making history in the sky with Capt. Katie Higgins ✈️ https://t.co/F47HO3dl3X https://t.co/TEGs0F6zq6,1162,246,0.002,0.1794,0.8186,0.8167,Positive,0.8186
t02663,2016-01-21 16:12:00,2016-01-21,2016-01,2016,16,Thursday,instagram,Catching waves with @jstersurf’s tintype photos: https://t.co/MjS7uMMPAw https://t.co/NDxUKm2JRr,2028,467,0.0031,0.8151,0.1818,0.1787,Neutral,0.8151
t02664,2015-10-31 20:39:00,2015-10-31,2015-10,2015,20,Saturday,jtimberlake,Nothing would make me happier than this costume showing up at Halloween FOREVER. 🏆🎃 https://t.co/l7qZl8oynz,3080,932,0.0021,0.0079,0.9899,0.9878,Positive,0.9899
t02665,2012-12-06 05:11:00,2012-12-06,2012-12,2012,5,Thursday,rihanna,"Congrats guys, we got #3 Grammy Nods!!! #ThugLife",1955,4236,0.0029,0.0149,0.9822,0.9794,Positive,0.9822
t02666,2013-09-16 04:17:00,2013-09-16,2013-09,2013,4,Monday,britneyspears,@GustaveReloaded WORKED #WORKBxxCHoniTunes,102,100,0.0094,0.5695,0.4211,0.4117,Neutral,0.5695
t02667,2014-08-25 10:03:00,2014-08-25,2014-08,2014,10,Monday,katyperry,Luh ya KATYCATS. We don't even need to prove. Realist.💅,17883,12415,0.0445,0.3405,0.6149,0.5704,Positive,0.6149
t02668,2014-12-10 15:43:00,2014-12-10,2014-12,2014,15,Wednesday,shakira,RT @HispanicEd's Commissioner @Shakira on Early Learning: http://t.co/1fmD9AJs65 #investinus,586,307,0.007,0.9134,0.0796,0.0726,Neutral,0.9134
t02669,2014-06-17 17:22:00,2014-06-17,2014-06,2014,17,Tuesday,katyperry,Ready?,9121,5433,0.0486,0.7138,0.2376,0.189,Neutral,0.7138
t02670,2016-09-27 20:16:00,2016-09-27,2016-09,2016,20,Tuesday,theellenshow,.@ShawnMendes told me what it feels like to lose to me at ping pong. https://t.co/AxKkbkxc7S https://t.co/cIQ3W0jLOf,22290,7806,0.6245,0.3411,0.0344,-0.5901,Negative,0.6245
t02671,2013-12-05 20:42:00,2013-12-05,2013-12,2013,20,Thursday,britneyspears,@TiffanyZeyer Cute! #BritneyJeanListeningParty,166,102,0.0037,0.0784,0.918,0.9143,Positive,0.918
t02672,2016-09-07 22:10:00,2016-09-07,2016-09,2016,22,Wednesday,twitter,"From games to new devices, here's what happened at today's #AppleEvent: https://t.co/M8N02F4eHB https://t.co/HU31raqqIN",1317,422,0.0026,0.3829,0.6145,0.6118,Positive,0.6145
t02673,2013-12-15 04:51:00,2013-12-15,2013-12,2013,4,Sunday,jimmyfallon,it's happening http://t.co/t9JKvlseGv,3718,3072,0.0298,0.8819,0.0883,0.0585,Neutral,0.8819
t02674,2016-02-17 16:25:00,2016-02-17,2016-02,2016,16,Wednesday,jimmyfallon,"Tonight: Doing something fun w/@JLo, plus @SnoopDogg stops by and music from @ZAYNmalik! Don't miss! #ZAYNOnFallon #FallonTonightLA",16545,10415,0.001,0.0285,0.9705,0.9694,Positive,0.9705
t02675,2010-12-17 08:28:00,2010-12-17,2010-12,2010,8,Friday,cristiano,"What's in it? @Anni__Ronaldo in Georgia we celebrate Christmas all together: Family, friends ! we have a special meal named Christmas pie.",30,57,0.0035,0.1675,0.829,0.8256,Positive,0.829
t02676,2016-01-29 18:14:00,2016-01-29,2016-01,2016,18,Friday,justinbieber,Let's go Dorian! #DStrong https://t.co/oipTi2ic7q we got u,69952,43162,0.0052,0.0634,0.9314,0.9262,Positive,0.9314
t02677,2016-11-28 23:57:00,2016-11-28,2016-11,2016,23,Monday,britneyspears,Absolutely blown away by @Ari_Grooves' performance of Slumber Party!! So amazing! ✨ https://t.co/rIiOttZx7G #BritneyLovesBroadway,3083,894,0.0026,0.0073,0.9901,0.9876,Positive,0.9901
t02678,2014-09-05 13:23:00,2014-09-05,2014-09,2014,13,Friday,cristiano,Your first #FindMyCR7Shirt clue is on Sportlobster now! Read it there and go looking! http://t.co/TG9RTMUgxK,2429,1094,0.0045,0.5811,0.4144,0.4099,Neutral,0.5811
t02679,2016-05-07 19:30:00,2016-05-07,2016-05,2016,19,Saturday,instagram,#RunningManChallenge to the rescue! Featuring @HeatCheck_11 @Jaybrant2 https://t.co/hfpDRjuL1X,784,171,0.0026,0.279,0.7185,0.7159,Positive,0.7185
t02680,2015-09-24 03:51:00,2015-09-24,2015-09,2015,3,Thursday,kimkardashian,Awwww thank you Elle!!!! https://t.co/afWPzcHDpO,2277,416,0.0056,0.0134,0.981,0.9753,Positive,0.981
t02681,2011-06-23 18:31:00,2011-06-23,2011-06,2011,18,Thursday,selenagomez,"Making of my new music video ""Love you Like a Love Song"" come back and see the full video tonight 8:30pm EST,... http://fb.me/U5IR6let",685,2163,0.002,0.2328,0.7652,0.7633,Positive,0.7652
t02682,2012-11-12 17:20:00,2012-11-12,2012-11,2012,17,Monday,rihanna,Oh yes!!! #777 pix on instagram http://t.co/WsUiK3Mi,763,1042,0.001,0.0301,0.9689,0.9679,Positive,0.9689
t02683,2016-06-16 00:00:00,2016-06-16,2016-06,2016,0,Thursday,youtube,Can you believe the whole LonelyGirl15 scandal happened ten years ago? https://t.co/oSRvgxlCyy https://t.co/I76wAy0QyI,1275,172,0.5541,0.4174,0.0285,-0.5256,Negative,0.5541
t02684,2015-08-22 06:53:00,2015-08-22,2015-08,2015,6,Saturday,katyperry,YES CAUSE THEY HV NO VOICES BUT IF THEY DID THEY WOULD PROBABLY SAY STOP!!! :( https://t.co/cmdieciQUA,11300,5740,0.8807,0.1086,0.0107,-0.8699,Negative,0.8807
t02685,2015-01-19 18:26:00,2015-01-19,2015-01,2015,18,Monday,selenagomez,A bestie always makes sure she ain't hanging out 😂 #kayimdone #homesick #friendsick http://t.co/58aVzbynQl,15396,9124,0.3201,0.5516,0.1283,-0.1918,Neutral,0.5516
t02686,2012-06-26 20:13:00,2012-06-26,2012-06,2012,20,Tuesday,shakira,In rehearsals working on choreography in Poland / Hoy en ensayos de coreo en Polonia! Shak,466,762,0.0072,0.8489,0.144,0.1368,Neutral,0.8489
t02687,2015-08-24 20:43:00,2015-08-24,2015-08,2015,20,Monday,britneyspears,Backstage moment... Hair ✔️ Wings ✔️ http://t.co/3w4t9JmbTp,9894,3935,0.0055,0.9185,0.076,0.0704,Neutral,0.9185
t02688,2016-07-13 04:00:00,2016-07-13,2016-07,2016,4,Wednesday,instagram,Wishing upon the stars in Japan ⭐️ #TheWeekOnInstagram https://t.co/MMPlvm3QIM,990,202,0.0016,0.0903,0.9081,0.9065,Positive,0.9081
t02689,2012-11-16 19:01:00,2012-11-16,2012-11,2012,19,Friday,rihanna,BADDEST fan tonite will get this #HTC One X+ 777 Stockholm Edition I co-designed for my Navy! 1 of 7 in da w http://t.co/FhLDepSG,1185,1639,0.0023,0.0466,0.9512,0.9489,Positive,0.9512
t02690,2016-12-06 18:29:00,2016-12-06,2016-12,2016,18,Tuesday,youtube,"🎶 😱 Deck the halls with lots of screaming. AH AH AH AH AH, AH AH AH AH 😱 🎶 #12DeadlyDays is coming →… https://t.co/bEs9hxbhRn",1046,177,0.232,0.5034,0.2646,0.0326,Neutral,0.5034
t02691,2016-12-17 03:03:00,2016-12-17,2016-12,2016,3,Saturday,cnnbrk,"""You people were vicious."" During rally, Trump tells his supporters they were violent during the campaign. https://t.co/mJUoBAIuGX",951,577,0.8351,0.1556,0.0094,-0.8257,Negative,0.8351
t02692,2010-10-27 19:39:00,2010-10-27,2010-10,2010,19,Wednesday,twitter,"Do you use Twitter for a business, school, community group or another local organization? Follow @TwitterBusiness for tips and useful info!",114,215,0.0075,0.4047,0.5878,0.5803,Positive,0.5878
t02693,2013-10-18 12:01:00,2013-10-18,2013-10,2013,12,Friday,cristiano,@SiwarMh I guess it is! Have a great day.,197,92,0.0041,0.0166,0.9794,0.9753,Positive,0.9794
t02694,2015-09-01 11:29:00,2015-09-01,2015-09,2015,11,Tuesday,cristiano,"Madeira, my homeland: the 6th Best Island in the world and 2nd in Europe. Visit and discover why @madeira_islands http://t.co/gUGZFhrpMm",13385,4909,0.0019,0.0188,0.9793,0.9774,Positive,0.9793
t02695,2014-10-24 07:28:00,2014-10-24,2014-10,2014,7,Friday,taylorswift13,"Thank you to the thousands of people who came to Hollywood Blvd to watch us play. It made me so emotional, you have no idea. Love you.",17833,8313,0.0045,0.0099,0.9856,0.9811,Positive,0.9856
t02696,2011-10-18 18:35:00,2011-10-18,2011-10,2011,18,Tuesday,jtimberlake,Want to come to the premiere of @InTimeMovie?? Tweet #InTimePremiere and check this out... http://t.co/DnqS9SyH,39,218,0.0035,0.6625,0.334,0.3305,Neutral,0.6625
t02697,2015-04-29 02:38:00,2015-04-29,2015-04,2015,2,Wednesday,jimmyfallon,“@Renner4Real: Last tease for Fallon - oh boy.... #avengers #presstour http://t.co/huZdMBk8u9” It was great. Thanks again.,1630,364,0.0021,0.0095,0.9884,0.9862,Positive,0.9884
t02698,2016-04-10 14:49:00,2016-04-10,2016-04,2016,14,Sunday,justinbieber,Houston was a movie. Dallas up next,123591,61291,0.0068,0.0809,0.9124,0.9056,Positive,0.9124
t02699,2016-07-22 04:37:00,2016-07-22,2016-07,2016,4,Friday,justinbieber,Get #ColdWater on @AppleMusic https://t.co/MGd44V9M2z,67748,44868,0.0057,0.8833,0.111,0.1053,Neutral,0.8833
t02700,2013-09-19 02:26:00,2013-09-19,2013-09,2013,2,Thursday,britneyspears,Anyone else been playing with the new #iTunesRadio today? LOVE. New bff for the gym. #WORK,1462,1596,0.0023,0.0185,0.9791,0.9768,Positive,0.9791
t02701,2011-09-01 12:02:00,2011-09-01,2011-09,2011,12,Thursday,cristiano,Arriving Cyprus after 4:30 flight http://t.co/9z6cYxN,177,328,0.009,0.8902,0.1008,0.0918,Neutral,0.8902
t02702,2017-01-05 20:29:00,2017-01-05,2017-01,2017,20,Thursday,cnnbrk,Four suspects face hate crime charges in connection with teen's torture broadcast live on Facebook.… https://t.co/VOqboDKoVs,1505,879,0.7881,0.2059,0.006,-0.7821,Negative,0.7881
t02703,2012-03-22 01:48:00,2012-03-22,2012-03,2012,1,Thursday,jtimberlake,"@JeffDauler @ErinAndrews It means you had a dream that 2 random people borrowed you car... Oh, and that you have 2 cavities.",15,20,0.4457,0.5167,0.0375,-0.4082,Neutral,0.5167
t02704,2012-12-20 00:56:00,2012-12-20,2012-12,2012,0,Thursday,britneyspears,"@JWinterberg Hi Jenna! Saw that you'll be at the finale show for X Factor - how exciting, maybe I'll see ya there :) Xo",63,96,0.0011,0.0089,0.99,0.9888,Positive,0.99
t02705,2012-11-16 18:10:00,2012-11-16,2012-11,2012,18,Friday,britneyspears,Honored to have been a part of the Whitney Houston Tribute recently - she will always have a special place in my heart & I miss her...,736,1328,0.0049,0.0247,0.9704,0.9655,Positive,0.9704
t02706,2015-09-01 18:03:00,2015-09-01,2015-09,2015,18,Tuesday,justinbieber,send me ur lip sync and dance videos for #whatdoyoumean. Me and @RoryKramer are making a viral. Tag #whatdoyoumeanviral on YouTube,47036,39502,0.0131,0.6614,0.3255,0.3125,Neutral,0.6614
t02707,2011-09-18 19:33:00,2011-09-18,2011-09,2011,19,Sunday,jtimberlake,Last chance to win my trip to #VEGAS and help me help #SHRINERS. Raffle tickets are $2...get 'em now. http://t.co/HNNZfGSs,57,152,0.0053,0.3025,0.6922,0.687,Positive,0.6922
t02708,2012-11-29 07:06:00,2012-11-29,2012-11,2012,7,Thursday,britneyspears,@IfUSeekVick Thank u sweetie! Xo,53,83,0.006,0.0196,0.9744,0.9684,Positive,0.9744
t02709,2012-10-19 04:17:00,2012-10-19,2012-10,2012,4,Friday,taylorswift13,Four days!!! Thanks @theellenshow! #RED http://t.co/PzF60DZ0,17473,15520,0.002,0.0115,0.9864,0.9844,Positive,0.9864
t02710,2016-10-30 06:51:00,2016-10-30,2016-10,2016,6,Sunday,katyperry,"Thanks @COVERGIRL for keeping everyone clean-cut and QT at Hudson High, Home of the Poodles. 💋,… https://t.co/Txo3zIPtBl",8386,1932,0.0022,0.0305,0.9673,0.965,Positive,0.9673
t02711,2015-11-18 22:57:00,2015-11-18,2015-11,2015,22,Wednesday,theellenshow,.@OneDirection told me about life P.Z. (That stands for Post Zayn) #1DonEllen https://t.co/jt6b7VOxH8,4335,1566,0.0058,0.7489,0.2453,0.2395,Neutral,0.7489
t02712,2013-11-04 16:33:00,2013-11-04,2013-11,2013,16,Monday,cristiano,Hello guys. We’re already in Italy. Looking forward for the match tomorrow. Hala Madrid! http://t.co/VztuJjRu75,9065,10077,0.0016,0.0153,0.9832,0.9816,Positive,0.9832
t02713,2011-11-11 16:05:00,2011-11-11,2011-11,2011,16,Friday,selenagomez,Get ready for the premiere of 'Hit The Lights' on 11/16 by watching this behind-the-scenes video of all the... http://t.co/SG4MNAmU,701,2188,0.0032,0.6561,0.3407,0.3375,Neutral,0.6561
t02714,2016-03-14 02:28:00,2016-03-14,2016-03,2016,2,Monday,theellenshow,"East Coast! Thanks for watching @NBCLilBigShots with me! West Coast, you have 1 hour til the fun starts. Plan accordingly. #LittleBigShots",2961,283,0.0017,0.0261,0.9721,0.9704,Positive,0.9721
t02715,2015-08-18 23:53:00,2015-08-18,2015-08,2015,23,Tuesday,ddlovato,AHHH VMA nomination?!?! Tweet and Insta using #CoolForTheSummerVMA!!!! 😜💗🍒🌴😎 @mtv http://t.co/53d4tbfozV http://t.co/PjsCXntgjK,27084,25232,0.0014,0.0238,0.9748,0.9733,Positive,0.9748
t02716,2016-05-27 12:26:00,2016-05-27,2016-05,2016,12,Friday,ddlovato,I hate saying goodbye,33576,23421,0.8561,0.1221,0.0218,-0.8343,Negative,0.8561
t02717,2013-09-25 03:45:00,2013-09-25,2013-09,2013,3,Wednesday,jtimberlake,Are you watching Jimmy Kimmel Live on ABC right now?!?! #The2020Experience #2of2 #JKL http://t.co/MRPxVR0Zg8,4364,2058,0.0031,0.7025,0.2944,0.2913,Neutral,0.7025
t02718,2013-07-17 22:26:00,2013-07-17,2013-07,2013,22,Wednesday,britneyspears,Writing and recording all day everyday... http://t.co/adQFIQKqlZ,2866,3917,0.0055,0.7332,0.2613,0.2557,Neutral,0.7332
t02719,2015-11-09 21:51:00,2015-11-09,2015-11,2015,21,Monday,barackobama,LIVE: President Obama is speaking to @OFA volunteers at the #OFAFallSummit. https://t.co/Ao84Izvixv,577,184,0.0037,0.8537,0.1426,0.1388,Neutral,0.8537
t02720,2016-03-16 18:30:00,2016-03-16,2016-03,2016,18,Wednesday,twitter,Show the world your world. Snap or upload a photo to share your view. See more #TwitterTips: https://t.co/JMBg3mMb7k https://t.co/LSM90W4Mpy,861,256,0.0043,0.3461,0.6496,0.6453,Positive,0.6496
t02721,2014-11-02 22:32:00,2014-11-02,2014-11,2014,22,Sunday,taylorswift13,"Stolen kisses, pretty lies. #TS1989 #taylorlurking http://t.co/JhUZG7ADJ4 http://t.co/gfRH9W4GgC",7541,2934,0.5194,0.4578,0.0227,-0.4967,Negative,0.5194
t02722,2015-10-27 14:34:00,2015-10-27,2015-10,2015,14,Tuesday,taylorswift13,1989 came out 1 year ago today. It's been the best year of my life. I love you guys. #HappyBirthday1989 https://t.co/J1Xx2NKIkE,100992,50713,0.0029,0.0064,0.9907,0.9878,Positive,0.9907
t02723,2015-05-14 23:49:00,2015-05-14,2015-05,2015,23,Thursday,britneyspears,Video release AND #BBMAs this week… Huge thanks to @MateFit for keeping me energized!! 💪#matefitme http://t.co/a7YxlkAmXp,4923,2322,0.002,0.0107,0.9873,0.9853,Positive,0.9873
t02724,2016-09-06 23:51:00,2016-09-06,2016-09,2016,23,Tuesday,youtube,@AmkcccAndy So good! Those eyes are so blue ... so Bunny!,24,4,0.0058,0.0124,0.9818,0.976,Positive,0.9818
t02725,2014-11-03 03:31:00,2014-11-03,2014-11,2014,3,Monday,taylorswift13,Look at that face... 😍 #TS1989 #taylurking http://t.co/JhUZG7ADJ4 http://t.co/LzQ9IokMtk,9462,5348,0.0037,0.0785,0.9178,0.9141,Positive,0.9178
t02726,2013-04-30 15:56:00,2013-04-30,2013-04,2013,15,Tuesday,selenagomez,It's almost here.... http://t.co/DEkWwXZt9i,7062,11118,0.0025,0.1927,0.8048,0.8022,Positive,0.8048
t02727,2015-04-02 00:27:00,2015-04-02,2015-04,2015,0,Thursday,theellenshow,Thank you University of Mississippi @OleMissRebels for agreeing to stop using animals in medical training. The animals & I are very grateful,5787,1531,0.0073,0.0462,0.9465,0.9392,Positive,0.9465
t02728,2016-09-14 16:40:00,2016-09-14,2016-09,2016,16,Wednesday,barackobama,Stay informed. Stay engaged. Speak up. Join the @OFA Truth Team: https://t.co/b0eae4PXDX,1453,350,0.0087,0.7274,0.2639,0.2552,Neutral,0.7274
t02729,2014-10-27 16:05:00,2014-10-27,2014-10,2014,16,Monday,selenagomez,"From hotel room album listening parties, kitchen dance floor album listening parties to driving on the… http://t.co/1Blq8NLOZz",15501,12891,0.0118,0.8888,0.0994,0.0876,Neutral,0.8888
t02730,2016-06-20 03:43:00,2016-06-20,2016-06,2016,3,Monday,kimkardashian,Happy Fathers Day babe! Thank you for always putting our family first and being the best dad to our babies! https://t.co/O3h5JdbL7a,64199,11411,0.0034,0.0084,0.9882,0.9848,Positive,0.9882
t02731,2015-09-24 17:51:00,2015-09-24,2015-09,2015,17,Thursday,britneyspears,When you get your own slot machine in @PHVegas… 😍🎰 #jackpot #tbt http://t.co/FjNp19IiOE,7958,3273,0.0018,0.116,0.8822,0.8805,Positive,0.8822
t02732,2011-08-09 05:21:00,2011-08-09,2011-08,2011,5,Tuesday,taylorswift13,"So happy about the teen choice awards last night. Thanks to you guys, I now have 13 tca's total! Lucky number much? Thank you!!",2317,6603,0.003,0.0071,0.9899,0.9869,Positive,0.9899
t02733,2016-02-19 20:00:00,2016-02-19,2016-02,2016,20,Friday,rihanna,SNEAK PEEK! #WORK video ft. @Drake coming Monday https://t.co/YeGLLWFxTl https://t.co/gGphgq6gfa,54740,34342,0.004,0.7529,0.2431,0.239,Neutral,0.7529
t02734,2016-07-16 04:57:00,2016-07-16,2016-07,2016,4,Saturday,kimkardashian,I just downloaded it. I really love this song too https://t.co/Sy7VLykgQ0,5259,763,0.0019,0.0087,0.9894,0.9875,Positive,0.9894
t02735,2016-06-25 23:45:00,2016-06-25,2016-06,2016,23,Saturday,instagram,Backstage with ballerinas at the Vaganova Ballet Academy gala in Moscow https://t.co/VP7B2gORkN,852,154,0.0049,0.8977,0.0975,0.0926,Neutral,0.8977
t02736,2016-03-02 01:11:00,2016-03-02,2016-03,2016,1,Wednesday,kimkardashian,"Our reaction to @sachabaroncohen's movie ""The Brothers Grimsby""'. You guys are gonna die!!!!! You have to go see it! https://t.co/MIp5GJ1HhD",7312,1265,0.0045,0.0418,0.9537,0.9493,Positive,0.9537
t02737,2012-12-15 23:22:00,2012-12-15,2012-12,2012,23,Saturday,jtimberlake,No one told me it was National Santa Day! The pic is blurry because I ran into a restaurant and snuck this photo... Ha! http://t.co/8UOFeJbD,1756,778,0.2193,0.4259,0.3548,0.1355,Neutral,0.4259
t02738,2016-02-08 21:55:00,2016-02-08,2016-02,2016,21,Monday,theellenshow,Michelle Neither loves when I prank people. So I pranked her with a new @Chevrolet. #LaughDancePartner https://t.co/GlIeGJcwJo,1846,248,0.1265,0.4195,0.4539,0.3274,Positive,0.4539
t02739,2015-12-19 16:04:00,2015-12-19,2015-12,2015,16,Saturday,instagram,Living in the moment with Beaver Suit https://t.co/aE18GHKhIq https://t.co/oCOYRIZ9NK,1979,428,0.0037,0.3284,0.6679,0.6642,Positive,0.6679
t02740,2016-03-14 21:54:00,2016-03-14,2016-03,2016,21,Monday,barackobama,Happy #PiDay. https://t.co/gDZPJwKFk7,11368,2976,0.0025,0.0107,0.9868,0.9843,Positive,0.9868
t02741,2014-08-28 22:31:00,2014-08-28,2014-08,2014,22,Thursday,rihanna,Went snorkeling by old pirate caves http://t.co/IWRhkUf4xF,18268,6808,0.01,0.7276,0.2623,0.2523,Neutral,0.7276
t02742,2016-09-22 13:03:00,2016-09-22,2016-09,2016,13,Thursday,jimmyfallon,Tonight: @RealHughJackman and @kenjeong are here! Plus @ShawnMendes sings your funniest #FallSong tweets and performs! #FallonTonight,2974,687,0.0023,0.158,0.8397,0.8374,Positive,0.8397
t02743,2010-07-22 17:08:00,2010-07-22,2010-07,2010,17,Thursday,selenagomez,Thank you so much for all of the amazing birthday wishes!!! Every year gets better and better because of yall! I love you all so much!,1839,4916,0.0049,0.0063,0.9888,0.9839,Positive,0.9888
t02744,2010-11-22 19:25:00,2010-11-22,2010-11,2010,19,Monday,twitter,"I Want My Twitter TV! http://t.co/YPP8kKu (via @fastcompany) Kudos to our @twittermedia team, including the original @ChloeS. #wit11",79,66,0.0024,0.0337,0.9638,0.9614,Positive,0.9638
t02745,2014-04-01 11:25:00,2014-04-01,2014-04,2014,11,Tuesday,jimmyfallon,Keep it up guys -- and everyone else tweet at them using their hashtags to show support!! #FingersOnA4x4 #FallonTonight,548,160,0.004,0.0474,0.9486,0.9446,Positive,0.9486
t02746,2015-11-16 20:17:00,2015-11-16,2015-11,2015,20,Monday,arianagrande,"The most ridiculous, amazing, unnecessary, yet life-completing things i've ever seen in my life. #AriKeyboard enjoy. https://t.co/OfDfWMLCqO",27273,12620,0.3059,0.1997,0.4944,0.1886,Positive,0.4944
t02747,2016-06-10 04:20:00,2016-06-10,2016-06,2016,4,Friday,jimmyfallon,Oooh. That's the best stuff. https://t.co/yyR9EAqlEb,1091,114,0.0041,0.0097,0.9863,0.9822,Positive,0.9863
t02748,2015-02-09 22:38:00,2015-02-09,2015-02,2015,22,Monday,ddlovato,Loving my @nycnewyorkcolor BB Crèmes! 😘😘 Have you tried them yet?? #showcaseNYC,15366,9130,0.0017,0.0095,0.9888,0.9871,Positive,0.9888
t02749,2016-12-21 18:39:00,2016-12-21,2016-12,2016,18,Wednesday,youtube,"@tystiklorius ""My top 3: Darkness & Light, Overload and Right By You."" - @johnlegend",17,2,0.0119,0.6824,0.3057,0.2937,Neutral,0.6824
t02750,2014-11-03 16:39:00,2014-11-03,2014-11,2014,16,Monday,rihanna,#RichKid #ELLEcoverstory hair: yusefhairnyc makeup: @tompecheuxmu styled by: @lgoldstein_ltd… http://t.co/Nzl2vlhboc,3261,1666,0.0095,0.8486,0.1419,0.1325,Neutral,0.8486
t02751,2014-09-24 09:19:00,2014-09-24,2014-09,2014,9,Wednesday,jtimberlake,“@travisboak10: What a night at the entertainment centre @jtimberlake what an amazing show.” Thank you for coming good sir! 🙏,1288,458,0.0028,0.0071,0.9901,0.9873,Positive,0.9901
t02752,2016-05-12 15:52:00,2016-05-12,2016-05,2016,15,Thursday,cristiano,Always working hard! Caught on set wearing @Cr7Footwear | https://t.co/wNKi1a0bo4 https://t.co/KfSC1pxCAC,15444,3123,0.0024,0.0526,0.945,0.9427,Positive,0.945
t02753,2016-04-21 17:25:00,2016-04-21,2016-04,2016,17,Thursday,jtimberlake,Numb. Stunned. This can't be real.,29920,11309,0.8129,0.1696,0.0174,-0.7955,Negative,0.8129
t02754,2016-01-06 20:04:00,2016-01-06,2016-01,2016,20,Wednesday,kimkardashian,#WCW ROSIE HUNTINGTON-WHITELEY https://t.co/01qnThtmwY https://t.co/ObgTM5TG3a,4236,764,0.0091,0.8978,0.0932,0.0841,Neutral,0.8978
t02755,2015-09-18 13:06:00,2015-09-18,2015-09,2015,13,Friday,jimmyfallon,"""Pup Quiz"" returns with Kaley Cuoco-Sweeting! https://t.co/qS9Lx0lZ7E #FallonTonight",1290,332,0.0028,0.746,0.2512,0.2484,Neutral,0.746
t02756,2016-12-24 21:41:00,2016-12-24,2016-12,2016,21,Saturday,cnnbrk,President-elect Donald Trump says he will dissolve the Trump Foundation. https://t.co/vYJhauuihg https://t.co/ekk7nXsqCz,577,319,0.0237,0.8906,0.0857,0.062,Neutral,0.8906
t02757,2016-04-23 20:00:00,2016-04-23,2016-04,2016,20,Saturday,instagram,A Scotland beach clean-up crew helps the planet (and its puppies) 🌍🐶 #wwim13edinburgh #LifeOnEarthWWIM13 https://t.co/0V3Bg5YQ3G,832,184,0.0041,0.2118,0.7842,0.7801,Positive,0.7842
t02758,2011-04-14 18:00:00,2011-04-14,2011-04,2011,18,Thursday,twitter,"Follow the pros, the pundits and the #playoffs. Discover: Basketball on Twitter. http://t.co/QnRQa42",87,139,0.0046,0.7619,0.2335,0.2289,Neutral,0.7619
t02759,2010-03-14 09:26:00,2010-03-14,2010-03,2010,9,Sunday,twitter,We’re aware that some users are experiencing frozen timelines and are working to address the issue -- http://bit.ly/9UXpH4,58,693,0.1743,0.7965,0.0292,-0.145,Neutral,0.7965
t02760,2016-06-24 16:44:00,2016-06-24,2016-06,2016,16,Friday,kimkardashian,My Children’s Hospital Award! https://t.co/xcfHGvauP0,2656,461,0.0026,0.1725,0.8249,0.8223,Positive,0.8249
t02761,2016-08-12 18:54:00,2016-08-12,2016-08,2016,18,Friday,theellenshow,This is why there is a #WorldElephantDay https://t.co/5y2G94jwmJ,3381,890,0.0116,0.3198,0.6685,0.6569,Positive,0.6685
t02762,2013-01-21 23:43:00,2013-01-21,2013-01,2013,23,Monday,jtimberlake,Darkness cannot drive out darkness; only light can do that. Hate cannot drive out hate; only love can do that --MLK Jr. #Inspiration,3405,9073,0.234,0.5463,0.2197,-0.0144,Neutral,0.5463
t02763,2014-04-11 19:24:00,2014-04-11,2014-04,2014,19,Friday,shakira,Watch our film of Shak's recent visit to Colombia for the opening of @fpiesdescalzos' new school http://t.co/srbHM5J4ys ShakHQ,675,372,0.0044,0.8311,0.1645,0.1601,Neutral,0.8311
t02764,2016-02-05 23:42:00,2016-02-05,2016-02,2016,23,Friday,theellenshow,We look good in each other’s underwear. https://t.co/4G9dmd9Tno,2743,352,0.0036,0.0465,0.95,0.9464,Positive,0.95
t02765,2015-01-07 21:50:00,2015-01-07,2015-01,2015,21,Wednesday,barackobama,"""We may not all be rooting for the Lions, but America is rooting for Detroit."" —President Obama",4695,3539,0.0093,0.1634,0.8273,0.8181,Positive,0.8273
t02766,2014-11-13 16:55:00,2014-11-13,2014-11,2014,16,Thursday,jimmyfallon,"Tonight: Playing Beer Hockey w/@jhutch1992! Plus Tracey Ullman is here, @Echosmith performs, & your #MyFamilyIsWeird tweets. #FallonTonight",1074,262,0.0035,0.4271,0.5694,0.5659,Positive,0.5694
t02767,2014-10-20 14:40:00,2014-10-20,2014-10,2014,14,Monday,jtimberlake,...the last city....#JT2020Tour http://t.co/w5KF8Rhs7F (http://t.co/bBhAXbZxAa),1634,717,0.0072,0.8462,0.1465,0.1393,Neutral,0.8462
t02768,2015-04-21 19:11:00,2015-04-21,2015-04,2015,19,Tuesday,theellenshow,It’s really happening. http://t.co/I3AoMemkxf,16706,5656,0.0929,0.7649,0.1422,0.0493,Neutral,0.7649
t02769,2014-10-23 17:18:00,2014-10-23,2014-10,2014,17,Thursday,taylorswift13,Track 13 #1989lyrics #TS1989 4 days http://t.co/qkNqCN5IiI,8564,5381,0.0098,0.9504,0.0398,0.0301,Neutral,0.9504
t02770,2016-10-11 00:30:00,2016-10-11,2016-10,2016,0,Tuesday,instagram,Rolling sand dunes and larger-than-life clouds in Japan #TheWeekOnInstagram https://t.co/I1RmnoEabX,542,101,0.005,0.6014,0.3936,0.3885,Neutral,0.6014
t02771,2016-08-05 00:59:00,2016-08-05,2016-08,2016,0,Friday,arianagrande,honored to be paying homage to my angel tonight. tune in to @greatesthitsabc at 9 ♡ #greatesthits #whitneyhouston https://t.co/4q85OiJ02E,58706,19403,0.0017,0.0136,0.9847,0.983,Positive,0.9847
t02772,2016-08-11 22:30:00,2016-08-11,2016-08,2016,22,Thursday,theellenshow,There’s a lot going on in the world right now. I thought you could use this photo of a Weiner dog. #ThursdayThoughts https://t.co/PTdMBmZCFF,27966,6669,0.3212,0.58,0.0988,-0.2223,Neutral,0.58
t02773,2016-10-20 02:26:00,2016-10-20,2016-10,2016,2,Thursday,katyperry,@HillaryClinton Scorpio season is coming ✨ https://t.co/ME2n0IQnoB,1884,626,0.0024,0.3077,0.6899,0.6875,Positive,0.6899
t02774,2016-11-08 22:40:00,2016-11-08,2016-11,2016,22,Tuesday,youtube,What. Rachel. Said. #voteIRL https://t.co/tRGZR38u4c,1703,159,0.21,0.7424,0.0476,-0.1624,Neutral,0.7424
t02775,2016-06-14 20:42:00,2016-06-14,2016-06,2016,20,Tuesday,ddlovato,We hurt. We mourn. We argue. We settle. We need to stop the cycle. #Orlando #PulseShooting,31993,17921,0.9008,0.0944,0.0048,-0.896,Negative,0.9008
t02776,2016-01-08 22:00:00,2016-01-08,2016-01,2016,22,Friday,kimkardashian,SELFISH BOOK – MORE COPIES! https://t.co/Ia4ONOVnsu https://t.co/KwXL82cxHi,6595,1030,0.0294,0.7344,0.2361,0.2067,Neutral,0.7344
t02777,2016-08-30 06:10:00,2016-08-30,2016-08,2016,6,Tuesday,britneyspears,@SergioEES Thank you so so so so much!,656,136,0.0103,0.0155,0.9743,0.964,Positive,0.9743
t02778,2016-11-28 19:47:00,2016-11-28,2016-11,2016,19,Monday,theellenshow,Congratulations to all of Day 3's home winners of 12 Days! Have you tried all the ways to win yet?… https://t.co/KXiMiWH6sn,2566,307,0.0018,0.0241,0.9741,0.9723,Positive,0.9741
t02779,2012-03-26 15:02:00,2012-03-26,2012-03,2012,15,Monday,jtimberlake,"""@brokemogul: zoobeezoobeezoooooo zoobeezoobeezoooooo zoobeezoobeezoooooo"" Ha! What did you think of the season premiere?",77,156,0.0227,0.7308,0.2465,0.2237,Neutral,0.7308
t02780,2016-10-16 19:44:00,2016-10-16,2016-10,2016,19,Sunday,arianagrande,@ineedarishug__ he may think all of the dates have already been announced lol. i'll call him. of course i'm coming to italy. ti voglio bene💛,9244,3948,0.0066,0.2114,0.782,0.7754,Positive,0.782
t02781,2015-06-02 17:48:00,2015-06-02,2015-06,2015,17,Tuesday,arianagrande,my. heart. @frankiejgrande @alexaluria https://t.co/IfVft8e1G4,15980,7903,0.0111,0.308,0.6809,0.6697,Positive,0.6809
t02782,2016-05-26 21:46:00,2016-05-26,2016-05,2016,21,Thursday,shakira,#TBT to celebrate tomorrow's release of #LaBicicleta -Shak and Gerard cycling in 2013! ShakHQ 🚲 https://t.co/8Vdt95Pveq,6807,981,0.0024,0.3331,0.6646,0.6622,Positive,0.6646
t02783,2014-11-04 17:43:00,2014-11-04,2014-11,2014,17,Tuesday,rihanna,#ESQUIREuk Cla$$ic Ellen to get me in the bathroom!!! @ellenvunwerth #themartini http://t.co/RwkkcF4ioJ,3603,1985,0.1085,0.584,0.3075,0.199,Neutral,0.584
t02784,2013-09-29 15:52:00,2013-09-29,2013-09,2013,15,Sunday,jtimberlake,"Countdown for tonight's #iTunesFestival! Watch JT Live, streaming 9pm GMT at http://t.co/us8RUkHzJM #The2020Experience #2of2 -teamJT",886,1311,0.0024,0.6503,0.3473,0.3449,Neutral,0.6503
t02785,2014-06-06 14:33:00,2014-06-06,2014-06,2014,14,Friday,shakira,Shak supports @WFP's School Meals Programme with @Activia. Learn how you can help too! http://t.co/CMZ7XZKJ7s ShakHQ,604,288,0.0024,0.194,0.8037,0.8013,Positive,0.8037
t02786,2016-06-23 19:32:00,2016-06-23,2016-06,2016,19,Thursday,ddlovato,We complain about how unfair paparazzi and tabloid rumors are but still buy the magazines to find out who's fucking who and who wore it best,24618,12911,0.7259,0.2521,0.022,-0.7038,Negative,0.7259
t02787,2016-09-17 06:28:00,2016-09-17,2016-09,2016,6,Saturday,katyperry,When you write such a fire lyric that you give yourself hives 🔥⛑😵,22196,6261,0.2682,0.4736,0.2582,-0.01,Neutral,0.4736
t02788,2013-02-22 10:44:00,2013-02-22,2013-02,2013,10,Friday,jtimberlake,Preaching to the choir. http://t.co/bxH4JMqfR1,697,1082,0.0047,0.7476,0.2477,0.2431,Neutral,0.7476
t02789,2016-12-06 18:37:00,2016-12-06,2016-12,2016,18,Tuesday,shakira,Celebrating the @RecordingAcad nomination for Try Everything in São Paulo! Shak #GRAMMYs https://t.co/trYcO5rXDL,9540,1585,0.0015,0.0387,0.9598,0.9583,Positive,0.9598
t02790,2016-10-25 19:00:00,2016-10-25,2016-10,2016,19,Tuesday,youtube,.@POTUS reads mean tweets 😁😁😁 https://t.co/bQR1ljWaXb https://t.co/PeRbiUuikJ,1170,265,0.2296,0.4224,0.3481,0.1185,Neutral,0.4224
t02791,2013-12-10 20:13:00,2013-12-10,2013-12,2013,20,Tuesday,britneyspears,@_lovewithlouis <3 you too. #PerfumeVideoPremiere,148,95,0.0043,0.261,0.7347,0.7304,Positive,0.7347
t02792,2016-06-23 22:30:00,2016-06-23,2016-06,2016,22,Thursday,instagram,Building a family business with Maria Solovey https://t.co/1HR0BVaDTE,668,140,0.0079,0.7832,0.2089,0.201,Neutral,0.7832
t02793,2016-04-23 16:00:00,2016-04-23,2016-04,2016,16,Saturday,youtube,Alright stop! Toddler time. https://t.co/m9lb8YyzEk https://t.co/VITBaXERFu,1368,210,0.0628,0.7471,0.1901,0.1274,Neutral,0.7471
t02794,2017-01-16 20:52:00,2017-01-16,2017-01,2017,20,Monday,theellenshow,ED by Ellen mugs: Perfect for holding tiny bunnies. https://t.co/nse7fiY1pi,9315,1191,0.002,0.0759,0.9221,0.9202,Positive,0.9221
t02795,2016-01-08 06:53:00,2016-01-08,2016-01,2016,6,Friday,kimkardashian,🎼🎼🎼 Friiiiiiday!!!! New music!!!! #EveryFriday #Swish #RealFriends 🎼🎼🎼 🔥🔥🔥,24358,18122,0.0013,0.0427,0.956,0.9547,Positive,0.956
t02796,2012-12-07 03:44:00,2012-12-07,2012-12,2012,3,Friday,britneyspears,The biggest thank u to my Britney Army & everyone else who voted for my teens last night. Love love love u all!,1048,1652,0.004,0.0101,0.9859,0.9819,Positive,0.9859
t02797,2015-11-10 22:07:00,2015-11-10,2015-11,2015,22,Tuesday,barackobama,Make sure to check this off your list: https://t.co/obg1pKy0Bk #GetCovered https://t.co/I17bWv0MDt,1104,349,0.0038,0.5177,0.4785,0.4748,Neutral,0.5177
t02798,2016-09-24 04:48:00,2016-09-24,2016-09,2016,4,Saturday,ladygaga,My fav is when he falls down and gets right back up to dance! 🤗 https://t.co/0vpVIs4TfA,13629,4752,0.0056,0.0484,0.946,0.9404,Positive,0.946
t02799,2016-01-30 22:00:00,2016-01-30,2016-01,2016,22,Saturday,theellenshow,Brielle played Heads Up! for kids and OMG it’s adorable. #SesameStreet https://t.co/7np9xgyeS3,1482,223,0.0027,0.0118,0.9856,0.9829,Positive,0.9856
t02800,2016-05-28 18:30:00,2016-05-28,2016-05,2016,18,Saturday,instagram,A toppling tower of Post-its rises again #BoomerangOfTheWeek https://t.co/C10pPo1Cvk,694,119,0.0302,0.6949,0.2749,0.2447,Neutral,0.6949
t02801,2015-10-05 00:07:00,2015-10-05,2015-10,2015,0,Monday,ddlovato,@irobotyoujane I'm so proud of you... For those who haven't seen this talented man act.. GO SEE #SPOOKNIGHT!!,3913,2841,0.003,0.0118,0.9852,0.9822,Positive,0.9852
t02802,2016-12-31 20:38:00,2016-12-31,2016-12,2016,20,Saturday,arianagrande,peace 2016 and thank you ✌🏼️ ☄️🙏🏼♡ we're gonna be alright 💫💡 ♡ 🐇 https://t.co/WtuXfwutzU,85477,29245,0.0058,0.0357,0.9585,0.9527,Positive,0.9585
t02803,2016-11-10 21:00:00,2016-11-10,2016-11,2016,21,Thursday,youtube,"What do you do if you want to surf in a landlocked forest? BASE jump off the board, duh → https://t.co/CkdyU9lFUp https://t.co/YtQ2Tk8HuW",613,99,0.1587,0.7838,0.0575,-0.1012,Neutral,0.7838
t02804,2016-08-05 22:34:00,2016-08-05,2016-08,2016,22,Friday,youtube,@GloZell Congratulations GloZell! You are going to be the COOLEST MOM.,558,91,0.0045,0.0078,0.9877,0.9832,Positive,0.9877
t02805,2016-10-26 02:07:00,2016-10-26,2016-10,2016,2,Wednesday,katyperry,GAVE MYSELF THE BEST BIRTHDAY PRESENT EVER BY VOTING TODAY❗️Wish hillaryclinton a Happy Birthday… https://t.co/F53ik6Tkg9,12150,3003,0.0034,0.0115,0.9851,0.9817,Positive,0.9851
t02806,2010-11-24 19:26:00,2010-11-24,2010-11,2010,19,Wednesday,cristiano,Thank you! @josegylson With a beautiful performance of @Cristiano .The real madrid beat Ajax by a score of 4 x0. Congratulations.,31,91,0.0018,0.009,0.9891,0.9873,Positive,0.9891
t02807,2014-06-30 01:35:00,2014-06-30,2014-06,2014,1,Monday,taylorswift13,Hope you guys had a great weekend! Ours was suuuuper coastal. @karliekloss amandygriffith http://t.co/oIUfzdYiwz,12916,8275,0.0021,0.0099,0.988,0.9859,Positive,0.988
t02808,2015-05-15 21:39:00,2015-05-15,2015-05,2015,21,Friday,britneyspears,@RichardKemmerer Always be true to yourself! 😘 #PrettyGirlTalk,593,304,0.0062,0.0297,0.9642,0.958,Positive,0.9642
t02809,2016-02-06 01:00:00,2016-02-06,2016-02,2016,1,Saturday,youtube,Today is #WorldNutellaDay. Eat it. https://t.co/3BNltngJmZ https://t.co/vpab3PjTiB,3107,930,0.0028,0.1347,0.8625,0.8597,Positive,0.8625
t02810,2012-03-26 01:33:00,2012-03-26,2012-03,2012,1,Monday,shakira,Taking a small break from the studio to get my nails done with @EsterDean on a Sunday afternoon / Un pequeño descanso … http://t.co/zAvx1MQJ,233,332,0.0046,0.884,0.1114,0.1068,Neutral,0.884
t02811,2014-11-28 02:56:00,2014-11-28,2014-11,2014,2,Friday,katyperry,BUT I am SO thankful to be on this incredible worldwide journey seeing people filled w/joy night after night. Happy THANKSgiving everyone! 🍗,12488,5617,0.0034,0.0065,0.9902,0.9868,Positive,0.9902
t02812,2015-09-07 09:30:00,2015-09-07,2015-09,2015,9,Monday,ddlovato,Today was the first day I changed my wallpaper since Buddy passed... Hurts my heart.. He will never ever EVER be replaced.. I miss you baby,32877,16925,0.2552,0.2279,0.5169,0.2617,Positive,0.5169
t02813,2014-09-23 17:09:00,2014-09-23,2014-09,2014,17,Tuesday,barackobama,"""We cannot condemn our children and their children to a future they do not have the capacity to repair."" —President Obama #ActOnClimate",1445,1339,0.4677,0.4752,0.0571,-0.4106,Neutral,0.4752
t02814,2016-01-29 22:50:00,2016-01-29,2016-01,2016,22,Friday,instagram,Participate in this weekend’s hashtag project: #WHPnocturnal https://t.co/OHnRJdrKIZ https://t.co/GR785mqghc,1972,485,0.0031,0.8269,0.17,0.1669,Neutral,0.8269
t02815,2017-01-14 17:57:00,2017-01-14,2017-01,2017,17,Saturday,theellenshow,Happy L.L. Cool Day! @LLCoolJ https://t.co/Vg0cebiHSA,5640,639,0.0026,0.0104,0.987,0.9844,Positive,0.987
t02816,2015-10-17 17:01:00,2015-10-17,2015-10,2015,17,Saturday,ladygaga,Happy Birthday Darlene! Some people are just so sweet and special and that's you #ahshotel #family… https://t.co/WFV9GtB7yI,4692,2396,0.0032,0.0086,0.9882,0.985,Positive,0.9882
t02817,2012-02-22 17:08:00,2012-02-22,2012-02,2012,17,Wednesday,cristiano,Just launched a new free app that gives you instant access to my news & has exclusive never before seen photos! … http://t.co/5NGsRY82,268,524,0.0019,0.1357,0.8624,0.8605,Positive,0.8624
t02818,2011-05-24 18:14:00,2011-05-24,2011-05,2011,18,Tuesday,cristiano,Discover the new Time Force contest and win a Cristiano Ronaldo Limited Edition watch- http://goo.gl/ihnXX,186,318,0.0031,0.3415,0.6555,0.6524,Positive,0.6555
t02819,2015-08-31 01:21:00,2015-08-31,2015-08,2015,1,Monday,justinbieber,Enjoy the show. After the #WhatDoYouMean music video goes live! http://t.co/N7PFqMcWAK http://t.co/O3UBRa4Fow,83979,75586,0.0013,0.0396,0.9591,0.9578,Positive,0.9591
t02820,2014-10-16 15:46:00,2014-10-16,2014-10,2014,15,Thursday,jimmyfallon,Breakin' with Brad Pitt http://t.co/7SS6uD4GjO #FuryMovie #breakdance,1344,668,0.0046,0.7995,0.1959,0.1912,Neutral,0.7995
t02821,2016-02-09 07:57:00,2016-02-09,2016-02,2016,7,Tuesday,kimkardashian,Thank u Mr. Ralph Lauren for making Saint this jacket. It's so special! We will cherish it forever! #ItsRalphThough https://t.co/Cu4TPgJgDk,24213,4767,0.0039,0.0147,0.9813,0.9774,Positive,0.9813
t02822,2016-11-10 21:47:00,2016-11-10,2016-11,2016,21,Thursday,ladygaga,And I take that same vow. https://t.co/u8CTN5giLk,31224,14649,0.0252,0.4771,0.4978,0.4726,Positive,0.4978
t02823,2014-10-30 20:31:00,2014-10-30,2014-10,2014,20,Thursday,taylorswift13,True love. #TS1989 #taylurking http://t.co/ATCjhHlclA,9242,3875,0.007,0.2465,0.7464,0.7394,Positive,0.7464
t02824,2013-07-31 02:58:00,2013-07-31,2013-07,2013,2,Wednesday,britneyspears,@HeartdaBart So far so good :),156,149,0.0026,0.0129,0.9845,0.9819,Positive,0.9845
t02825,2016-01-23 20:54:00,2016-01-23,2016-01,2016,20,Saturday,barackobama,"""If you haven’t looked at your new coverage options, you’ve still got time to get covered."" —President Obama https://t.co/YlrvNmY65K",3018,782,0.0062,0.2539,0.74,0.7338,Positive,0.74
t02826,2016-03-19 21:40:00,2016-03-19,2016-03,2016,21,Saturday,ddlovato,So..... I'm all caught up on @ScandalABC.... 😔 #ihatethisfeeling,17655,6527,0.7023,0.2657,0.0321,-0.6702,Negative,0.7023
t02827,2016-06-26 17:34:00,2016-06-26,2016-06,2016,17,Sunday,ladygaga,"""Kindness is a free currency from a well that will never dry up"" -Lady Gaga on why every city can afford kindness https://t.co/5DxD2BcAZf",20820,8008,0.006,0.0975,0.8965,0.8905,Positive,0.8965
t02828,2015-01-16 20:30:00,2015-01-16,2015-01,2015,20,Friday,twitter,Film & TV producer @BrianGrazer is stopping by Twitter HQ today to host a Q&A at 3pm PST. Tweet your questions using #GrazerIsCurious.,487,238,0.0026,0.8441,0.1533,0.1507,Neutral,0.8441
t02829,2016-03-26 19:03:00,2016-03-26,2016-03,2016,19,Saturday,ddlovato,Kicking off a new tour in my app today in Asia! What country would you want to visit? 🌏 https://t.co/4rkoI3SFrk https://t.co/TsQKOQaINw,16609,6594,0.0025,0.479,0.5186,0.5161,Positive,0.5186
t02830,2016-03-08 20:56:00,2016-03-08,2016-03,2016,20,Tuesday,theellenshow,My Trunk of Dreams made it to a party in MO! They brought a wonderful gift #ChevyMalibu https://t.co/uSZLVoOpAs https://t.co/yNEikqot8r,1951,281,0.0019,0.0118,0.9863,0.9844,Positive,0.9863
t02831,2016-09-17 04:31:00,2016-09-17,2016-09,2016,4,Saturday,justinbieber,. @thatrygood is all about a little usher on Friday nights. Watching https://t.co/P6YeHVs7x1,59891,25201,0.006,0.6475,0.3465,0.3405,Neutral,0.6475
t02832,2015-01-12 17:27:00,2015-01-12,2015-01,2015,17,Monday,barackobama,"""If we're going to be connected, then we need to be protected."" —President Obama #Cybersecurity",1416,942,0.0172,0.5906,0.3922,0.375,Neutral,0.5906
t02833,2013-11-15 23:03:00,2013-11-15,2013-11,2013,23,Friday,britneyspears,Have a little lunch break at rehearsals right now…think I should follow some of you all? #BritneyRehearsalFollowSpree,2627,1863,0.0051,0.8278,0.1671,0.162,Neutral,0.8278
t02834,2016-09-09 19:25:00,2016-09-09,2016-09,2016,19,Friday,cnnbrk,A federal judge has denied the Standing Rock Sioux Tribe's motion to stop work on the Dakota Access oil pipeline. https://t.co/UjkKxjEl0M,510,629,0.4582,0.531,0.0107,-0.4475,Neutral,0.531
t02835,2016-06-21 13:03:00,2016-06-21,2016-06,2016,13,Tuesday,twitter,"Now live: new ways to tap into @video on Twitter so you can shoot, watch, and create more! https://t.co/mdnG7Jly1n https://t.co/8XSZxELKCt",1119,586,0.003,0.4309,0.5662,0.5632,Positive,0.5662
t02836,2016-02-03 20:35:00,2016-02-03,2016-02,2016,20,Wednesday,kimkardashian,Kim Kardashian: Hollywood will receive a North American Excellence Award for the integration of KARL LAGERFELD 🎉 https://t.co/kY9lJyoS4R,4174,771,0.0018,0.1272,0.8711,0.8693,Positive,0.8711
t02837,2016-10-20 05:37:00,2016-10-20,2016-10,2016,5,Thursday,arianagrande,love,43673,20052,0.0841,0.3303,0.5856,0.5014,Positive,0.5856
t02838,2016-07-05 00:45:00,2016-07-05,2016-07,2016,0,Tuesday,kimkardashian,Have you guys been using the new 4th of July Kimoji's? https://t.co/iebssXjFW2,5735,758,0.0065,0.8777,0.1158,0.1093,Neutral,0.8777
t02839,2012-05-13 19:12:00,2012-05-13,2012-05,2012,19,Sunday,jtimberlake,.@rickjames405 Never! I've loved the Lakers forever but I put ON for my city!!!,34,57,0.0319,0.0971,0.871,0.8391,Positive,0.871
t02840,2015-07-16 16:24:00,2015-07-16,2015-07,2015,16,Thursday,arianagrande,"Y'all!! My best friend @LizGillies' new show airs tonight at 10 on FX & I couldn't possibly be prouder. Tune in to #SDRR!! Love you, dingus.",23522,12196,0.0026,0.0059,0.9915,0.9889,Positive,0.9915
t02841,2011-02-24 23:16:00,2011-02-24,2011-02,2011,23,Thursday,twitter,@MissBanga You're welcome. Happy we could help :),45,24,0.0044,0.0176,0.978,0.9736,Positive,0.978
t02842,2015-08-10 03:22:00,2015-08-10,2015-08,2015,3,Monday,arianagrande,and now........ Zzzzzzzzzzzzzzzzzzzzzzzzzzzzzzzzzzzz...............,35567,18464,0.3277,0.6096,0.0627,-0.265,Neutral,0.6096
t02843,2016-03-08 05:58:00,2016-03-08,2016-03,2016,5,Tuesday,kimkardashian,"let's all welcome @ChloeGMoretz to twitter, since no one knows who she is. your nylon cover is cute boo",169388,105890,0.0034,0.0326,0.964,0.9606,Positive,0.964
t02844,2015-08-20 21:24:00,2015-08-20,2015-08,2015,21,Thursday,theellenshow,"This is the best reason I’ve ever seen to eat your Wheaties. Congratulations, Leah Still. You are a champion. http://t.co/6AiEujHtvv",6449,1740,0.0038,0.0085,0.9877,0.9838,Positive,0.9877
t02845,2012-03-21 20:48:00,2012-03-21,2012-03,2012,20,Wednesday,jtimberlake,@theyungcalf NICE!!,13,12,0.0065,0.0294,0.9641,0.9577,Positive,0.9641
t02846,2016-06-20 23:00:00,2016-06-20,2016-06,2016,23,Monday,youtube,"Phone home, @ActionMovieKid! https://t.co/ghUX7wDdXp https://t.co/syWJ1oSjM5",2144,574,0.0037,0.3631,0.6331,0.6294,Positive,0.6331
t02847,2016-11-16 17:51:00,2016-11-16,2016-11,2016,17,Wednesday,theellenshow,.@KendallJenner is off Instagram. Here's why. https://t.co/qYs8s1hA4v,1751,256,0.5074,0.4825,0.01,-0.4974,Negative,0.5074
t02848,2016-03-01 18:00:00,2016-03-01,2016-03,2016,18,Tuesday,instagram,Turning a rainy day into an opportunity #WHPsightsandsounds https://t.co/vYzAtJVtCm,986,188,0.003,0.0667,0.9303,0.9272,Positive,0.9303
t02849,2015-02-09 22:21:00,2015-02-09,2015-02,2015,22,Monday,rihanna,"“@RihannaArgntina: @rihanna FourFiveSeconds is #1 on the US iTunes. Congrats 👏👏” Wow Im super grateful, THANK YOU! http://t.co/StRMf33FMo",7092,3932,0.0032,0.0072,0.9896,0.9864,Positive,0.9896
t02850,2013-08-29 13:14:00,2013-08-29,2013-08,2013,13,Thursday,shakira,Yesterday in the afternoon making music and at night at the stadium celebrating Barça's victory. Shak http://t.co/GdctNFxs9J,1094,762,0.0028,0.3685,0.6287,0.6259,Positive,0.6287
t02851,2016-09-17 10:28:00,2016-09-17,2016-09,2016,10,Saturday,cnnbrk,"Archbishop Desmond Tutu readmitted to South African hospital, his family said, 10 days after he had surgery. https://t.co/DuH5oENjhT",277,229,0.008,0.9487,0.0433,0.0352,Neutral,0.9487
t02852,2016-08-30 18:00:00,2016-08-30,2016-08,2016,18,Tuesday,jimmyfallon,"Tonight: @MelBrooks, @RitaOra, music from @banksandsteelz and new Tonight Show Suggestion Box! #FallonTonight",1668,275,0.003,0.6952,0.3018,0.2989,Neutral,0.6952
t02853,2013-12-05 21:04:00,2013-12-05,2013-12,2013,21,Thursday,britneyspears,That's it!! Thx so much for listening through the album w/ me :) I love reading what u guys think of the songs! #BritneyJeanListeningParty,1226,997,0.0021,0.011,0.9869,0.9849,Positive,0.9869
t02854,2016-08-05 22:25:00,2016-08-05,2016-08,2016,22,Friday,kimkardashian,Awwww thank you so much! https://t.co/MgowcpxM5s,1500,194,0.0082,0.0155,0.9764,0.9682,Positive,0.9764
t02855,2014-12-24 22:00:00,2014-12-24,2014-12,2014,22,Wednesday,taylorswift13,"My dad just gave me ten lint rollers for Christmas, not for lint but 'because you always have glitter all over you'. Great start, Swifts.",74739,26112,0.0167,0.0893,0.8941,0.8774,Positive,0.8941
t02856,2015-10-15 09:19:00,2015-10-15,2015-10,2015,9,Thursday,shakira,With my two real gurus #LoveRocks Shak https://t.co/GEE7CATQv0 http://t.co/lQ1QjIsXHX,5545,1745,0.0046,0.3261,0.6693,0.6647,Positive,0.6693
t02857,2014-10-29 12:03:00,2014-10-29,2014-10,2014,12,Wednesday,taylorswift13,"In silent screams, In wildest dreams, I never dreamed of this. #TS1989 #taylurking http://t.co/7q8JMkkL6g",10254,4607,0.4325,0.4944,0.0731,-0.3594,Neutral,0.4944
t02858,2016-12-02 17:18:00,2016-12-02,2016-12,2016,17,Friday,cristiano,It’s almost time! ⏰ ⚽ See how I spent yesterday preparing for the fastest match on 🌎 #StrikeSeries... https://t.co/oI605XnILm,10468,2030,0.0021,0.329,0.6688,0.6667,Positive,0.6688
t02859,2016-10-06 23:30:00,2016-10-06,2016-10,2016,23,Thursday,youtube,.@ladygaga’s got a million reasons for you to be excited for “Joanne.” Hear the new single now →… https://t.co/rh5f9ymn8l,1370,541,0.0012,0.0193,0.9795,0.9783,Positive,0.9795
t02860,2013-03-22 22:01:00,2013-03-22,2013-03,2013,22,Friday,rihanna,"#BHS #facts they participated in the relay for life for the American Cancer Society and raised $700,000",725,958,0.0047,0.3277,0.6676,0.6628,Positive,0.6676
t02861,2015-09-01 16:29:00,2015-09-01,2015-09,2015,16,Tuesday,ddlovato,HOLY SHIT I'M PLAYING @nbcsnl ON OCT 17TH!!!!!!!,21464,12489,0.0027,0.0378,0.9595,0.9568,Positive,0.9595
t02862,2016-10-21 21:02:00,2016-10-21,2016-10,2016,21,Friday,ladygaga,"Obsessed with my #JOANNE stickers, thank u Twitter! 💞 https://t.co/vxI3bArUJJ",8524,3333,0.0021,0.0071,0.9908,0.9887,Positive,0.9908
t02863,2014-11-02 22:40:00,2014-11-02,2014-11,2014,22,Sunday,taylorswift13,You took a Polaroid of us. #TS1989 #taylorlurking http://t.co/JhUZG7ADJ4 http://t.co/yKXDSx3UFW,8153,3174,0.0077,0.8844,0.1079,0.1002,Neutral,0.8844
t02864,2014-04-30 17:08:00,2014-04-30,2014-04,2014,17,Wednesday,katyperry,When life gets overwhelming just watch tiny hamsters eating tiny burritos: http://t.co/Klz9ETpHgn thank you internet.,6873,4687,0.0613,0.3081,0.6305,0.5692,Positive,0.6305
t02865,2013-06-30 23:03:00,2013-06-30,2013-06,2013,23,Sunday,selenagomez,What an amazing crowd! Thank you @1033ampradio #AmpBdayBash Getting stoked for my tour! http://t.co/i7Jw47HddB,17430,17728,0.0029,0.006,0.9911,0.9882,Positive,0.9911
t02866,2016-08-15 20:00:00,2016-08-15,2016-08,2016,20,Monday,youtube,When you show up to the anti-gravity party woefully unprepared. https://t.co/mktSOEfnL8 https://t.co/qzSNukdQUn,1728,348,0.7113,0.2577,0.031,-0.6803,Negative,0.7113
t02867,2015-07-23 18:25:00,2015-07-23,2015-07,2015,18,Thursday,katyperry,when your fragrance is 🔥#madpotion https://t.co/UfyPQIwIj4,11067,5670,0.0116,0.1531,0.8354,0.8238,Positive,0.8354
t02868,2016-01-26 21:54:00,2016-01-26,2016-01,2016,21,Tuesday,barackobama,"Last night, President Obama banned the use of solitary confinement for juveniles in federal prisons. Read more: https://t.co/A1qQL1clRt",3886,1587,0.1331,0.8458,0.0211,-0.1119,Neutral,0.8458
t02869,2013-08-23 03:05:00,2013-08-23,2013-08,2013,3,Friday,selenagomez,Just posted a photo http://t.co/ZqDnmp2H0O,4442,5258,0.0081,0.7373,0.2546,0.2465,Neutral,0.7373
t02870,2016-12-09 01:27:00,2016-12-09,2016-12,2016,1,Friday,twitter,#TNF kicks off now. 🙌 Tune in for #OAKvsKC streaming LIVE on Twitter! https://t.co/WdzHD9qrrO,375,132,0.002,0.2936,0.7044,0.7023,Positive,0.7044
t02871,2015-07-14 21:45:00,2015-07-14,2015-07,2015,21,Tuesday,barackobama,"""We gotta make sure boys and girls in those communities are loved and cherished and nurtured and invested in."" —President Obama",1912,1045,0.0069,0.111,0.8821,0.8753,Positive,0.8821
t02872,2013-01-16 23:09:00,2013-01-16,2013-01,2013,23,Wednesday,selenagomez,Look who I met at subway.. http://t.co/LfHecjgN,19228,20353,0.0097,0.6244,0.366,0.3563,Neutral,0.6244
t02873,2017-01-05 18:48:00,2017-01-05,2017-01,2017,18,Thursday,cristiano,Happy to be in the https://t.co/7YiIciMNZj Team of the Year for the 11th time! Thanks to all the fans who voted!… https://t.co/xBTniZec9V,34933,9512,0.002,0.0089,0.9891,0.9871,Positive,0.9891
t02874,2016-06-08 22:53:00,2016-06-08,2016-06,2016,22,Wednesday,kimkardashian,@JoeBleedsBlue my assistant will dm you for your address to send you the shoes,1237,280,0.0108,0.9012,0.088,0.0772,Neutral,0.9012
t02875,2015-10-17 05:20:00,2015-10-17,2015-10,2015,5,Saturday,ddlovato,@marqueshouston aww thank you Marques!!,3000,2019,0.0059,0.0238,0.9702,0.9643,Positive,0.9702
t02876,2013-07-22 14:30:00,2013-07-22,2013-07,2013,14,Monday,cristiano,RT this if you’re ready to watch @realmadrid and me in the @intchampionscup next week!,1601,6579,0.0025,0.4426,0.5548,0.5523,Positive,0.5548
t02877,2015-09-23 20:23:00,2015-09-23,2015-09,2015,20,Wednesday,justinbieber,@InTheJon @samandude @ZoeKravitz get it,21091,15768,0.0249,0.8834,0.0917,0.0668,Neutral,0.8834
t02878,2016-09-10 20:58:00,2016-09-10,2016-09,2016,20,Saturday,katyperry,@katycatghita @Mark_KatyCat @ShannonFlynn2 @iwasdivine @KatysMyHabibi undiagnosed add to be exact. Gonna web MD it.,2029,568,0.2455,0.7198,0.0348,-0.2107,Neutral,0.7198
t02879,2015-06-13 02:04:00,2015-06-13,2015-06,2015,2,Saturday,jimmyfallon,Biiiig fun show tonight!! https://t.co/oLQtz6rDxB #FallonTonight,888,180,0.0012,0.0111,0.9877,0.9865,Positive,0.9877
t02880,2015-08-14 01:49:00,2015-08-14,2015-08,2015,1,Friday,ladygaga,. @brandonvmaxwell yes m*therf*%ker. We're ready to be inspired. #highfashion #hausofgaga #brandonmaxwell https://t.co/mQBBTPx87W,4189,2047,0.0037,0.1585,0.8378,0.8341,Positive,0.8378
t02881,2011-06-04 03:52:00,2011-06-04,2011-06,2011,3,Saturday,selenagomez,Thank YOU for making Bang Bang Bang a trending topic!,1495,5246,0.003,0.0291,0.9679,0.9649,Positive,0.9679
t02882,2012-11-14 20:08:00,2012-11-14,2012-11,2012,20,Wednesday,rihanna,About to get on my private plane #PhuckYoG5 #HTC #777tour http://t.co/XqQiMC6n,3071,3564,0.0456,0.8396,0.1148,0.0692,Neutral,0.8396
t02883,2015-04-07 21:09:00,2015-04-07,2015-04,2015,21,Tuesday,theellenshow,"Win a $500 Container Store gift card in the Ellen Shop today! I’m so excited I can’t contain myself, which is ironic. http://t.co/32vpLzfNQC",2437,546,0.0022,0.009,0.9888,0.9866,Positive,0.9888
t02884,2016-01-07 21:06:00,2016-01-07,2016-01,2016,21,Thursday,youtube,"Happens to every ferret owner, sometimes this does. https://t.co/lq1UhBKhSg https://t.co/xU18w1yqpo",2349,737,0.0938,0.782,0.1242,0.0304,Neutral,0.782
t02885,2014-06-17 23:00:00,2014-06-17,2014-06,2014,23,Tuesday,jimmyfallon,Congrats to the U.S. team for winning their opening World Cup game! They did the impossible. Getting Americans to watch soccer. #fallonmono,6969,3136,0.0027,0.0165,0.9808,0.9781,Positive,0.9808
t02886,2011-04-09 21:19:00,2011-04-09,2011-04,2011,21,Saturday,cristiano,Good result against Bilbao : 3-0,350,922,0.0026,0.0436,0.9538,0.9513,Positive,0.9538
t02887,2014-09-14 16:59:00,2014-09-14,2014-09,2014,16,Sunday,ladygaga,@Nurse0nTheRight trolls! Setting me up!,1603,913,0.4245,0.455,0.1205,-0.304,Neutral,0.455
t02888,2013-04-27 15:11:00,2013-04-27,2013-04,2013,15,Saturday,katyperry,Penelope & me. http://t.co/4Mfp3eVOqp,7120,6521,0.0098,0.9007,0.0895,0.0798,Neutral,0.9007
t02889,2011-07-19 23:16:00,2011-07-19,2011-07,2011,23,Tuesday,jtimberlake,That is tough…we shot #FWB in NYC. I got to see some of the best parts of the city and NYC is the best city in the world! #askjt,48,124,0.0063,0.0239,0.9699,0.9636,Positive,0.9699
t02890,2015-10-20 22:29:00,2015-10-20,2015-10,2015,22,Tuesday,ddlovato,@druidDUDE @nbcsnl thank you!!!,3805,2404,0.0042,0.0325,0.9633,0.959,Positive,0.9633
t02891,2016-02-20 12:00:00,2016-02-20,2016-02,2016,12,Saturday,instagram,"Sometimes, it's a work in progress #WHPthisislove https://t.co/qV9VMGbNds",1240,232,0.0212,0.4094,0.5693,0.5481,Positive,0.5693
t02892,2013-12-17 00:46:00,2013-12-17,2013-12,2013,0,Tuesday,katyperry,GUYS! Get to bed early tonight so you can tune into the WORLD premiere of #WhoYouLove on @GMA starting at 8am EST! http://t.co/7c7fMlNdVY,16146,10862,0.0027,0.2508,0.7465,0.7438,Positive,0.7465
t02893,2015-08-05 20:55:00,2015-08-05,2015-08,2015,20,Wednesday,shakira,Camp Nou today / Hoy en el Camp Nou. Shak http://t.co/bKPpJQCwtL,5310,2355,0.0049,0.9136,0.0814,0.0765,Neutral,0.9136
t02894,2016-06-27 00:13:00,2016-06-27,2016-06,2016,0,Monday,britneyspears,Can't wait to watch! So proud! https://t.co/aAOS03OC0w,4250,1086,0.003,0.0079,0.9891,0.9861,Positive,0.9891
t02895,2014-01-04 22:26:00,2014-01-04,2014-01,2014,22,Saturday,jimmyfallon,“@JazzM87: @jimmyfallon you and your buddy back at camp!” Yes,373,21,0.0032,0.4984,0.4983,0.4951,Neutral,0.4984
t02896,2016-10-24 21:41:00,2016-10-24,2016-10,2016,21,Monday,instagram,"Happy birthday, @Drake! 🎉 https://t.co/xr3AccRy2d",1002,291,0.004,0.0095,0.9865,0.9825,Positive,0.9865
t02897,2016-06-14 04:17:00,2016-06-14,2016-06,2016,4,Tuesday,kimkardashian,You should google Kerry Max Cook his story is fascinating and heart breaking #RightThisWrong,2145,331,0.135,0.3348,0.5302,0.3952,Positive,0.5302
t02898,2013-11-23 03:05:00,2013-11-23,2013-11,2013,3,Saturday,britneyspears,@jamievandekamp Luv it! Xo!,103,78,0.005,0.0144,0.9806,0.9756,Positive,0.9806
t02899,2013-06-15 14:00:00,2013-06-15,2013-06,2013,14,Saturday,cristiano,"I've been following Superman all my life, and I can't wait to see #ManofSteel. Looks amazing! http://t.co/wSnrw9TEyp",2591,4501,0.0018,0.0089,0.9893,0.9875,Positive,0.9893
t02900,2015-08-09 06:16:00,2015-08-09,2015-08,2015,6,Sunday,taylorswift13,That Seattle crowd went ABSOLUTELY INSANE when @Ciara and @DangeRussWilson walked out!! I LOVED TONIGHT. http://t.co/3wrbupx05U,31126,11303,0.0054,0.0104,0.9842,0.9788,Positive,0.9842
t02901,2015-09-29 17:18:00,2015-09-29,2015-09,2015,17,Tuesday,arianagrande,i love you more https://t.co/IPQbBbfMu3,13077,5323,0.0054,0.0326,0.962,0.9566,Positive,0.962
t02902,2016-11-21 16:55:00,2016-11-21,2016-11,2016,16,Monday,youtube,You know it’s a tough decision when a whale’s gonna die no matter what. 🐋 🤔 #RLBuddySystem https://t.co/bJUbKpjuhp https://t.co/FPtYkAR8lL,1944,304,0.7341,0.2515,0.0144,-0.7197,Negative,0.7341
t02903,2016-07-21 14:57:00,2016-07-21,2016-07,2016,14,Thursday,justinbieber,New single tonight. #coldwater https://t.co/ElHFNO0Vw1,121540,72922,0.0038,0.7278,0.2684,0.2646,Neutral,0.7278
t02904,2014-09-12 16:59:00,2014-09-12,2014-09,2014,16,Friday,ladygaga,"White & Gold, Thank you Cavalli #TelAviv Touchdown http://t.co/mfZ74CCRzx",2675,1766,0.003,0.0998,0.8972,0.8943,Positive,0.8972
t02905,2016-02-12 18:46:00,2016-02-12,2016-02,2016,18,Friday,ddlovato,Happy #FFF guys!! I used my mist and moisturizer to keep my skin hydrated in the snow!! ❄️💙 https://t.co/LdAbm0F4h4 https://t.co/Fc9ZgCwlS1,35085,15042,0.0018,0.0094,0.9888,0.987,Positive,0.9888
t02906,2014-03-05 01:01:00,2014-03-05,2014-03,2014,1,Wednesday,katyperry,If cuttlefish really cuddle call me a mermaid and drop me in a tank of them pls.,11827,8851,0.5195,0.4114,0.0691,-0.4504,Negative,0.5195
t02907,2013-03-20 16:42:00,2013-03-20,2013-03,2013,16,Wednesday,shakira,New video interview with Shak ahead of Monday's @NBCTheVoice season premiere. ShakHQ https://t.co/lEM1AR7PNa,258,356,0.0044,0.8704,0.1253,0.1209,Neutral,0.8704
t02908,2016-11-03 17:30:00,2016-11-03,2016-11,2016,17,Thursday,instagram,Photographer Abbie Trayler-Smith has her #EyesOn civilians living in conflict zones https://t.co/jyr0gO8FoJ,561,95,0.0132,0.9376,0.0493,0.0361,Neutral,0.9376
t02909,2016-03-19 19:15:00,2016-03-19,2016-03,2016,19,Saturday,kimkardashian,#BTS AUSTRALIA SUNDAY TIMES https://t.co/fY7rJUceWB https://t.co/ihGQXd7Kc5,9010,1593,0.0068,0.8493,0.1439,0.1371,Neutral,0.8493
t02910,2016-08-08 16:40:00,2016-08-08,2016-08,2016,16,Monday,barackobama,Americans across the country agree that we need bold action in the fight against climate change. #ActOnClimate https://t.co/znuajZ6CmE,7505,1748,0.029,0.5902,0.3808,0.3518,Neutral,0.5902
t02911,2016-08-27 18:41:00,2016-08-27,2016-08,2016,18,Saturday,britneyspears,What You Need: …That was fun 😜 #GloryStreamingParty,3936,1664,0.0024,0.0509,0.9466,0.9442,Positive,0.9466
t02912,2014-09-16 20:05:00,2014-09-16,2014-09,2014,20,Tuesday,barackobama,LIVE: President Obama is speaking at the @CDCGov in Atlanta. Tune in here: http://t.co/ZSBRpbTbH0,590,316,0.0038,0.857,0.1391,0.1353,Neutral,0.857
t02913,2015-09-17 22:00:00,2015-09-17,2015-09,2015,22,Thursday,theellenshow,Consider my mood boosted. Watch the whole video on ellentube: http://t.co/Knc3MEK7M8 https://t.co/25VBHamHxb,8850,3899,0.0036,0.1448,0.8516,0.8481,Positive,0.8516
t02914,2014-08-01 20:43:00,2014-08-01,2014-08,2014,20,Friday,katyperry,"And so far we've raised nearly $250,000 with the USA & Canada shows alone! I'm proud of us BB'S 🙌",8265,4187,0.0022,0.0118,0.986,0.9838,Positive,0.986
t02915,2015-08-05 13:58:00,2015-08-05,2015-08,2015,13,Wednesday,cristiano,Hey guys! Wanna help me choose the best haircut? http://t.co/6I1Y4LZ5K5 http://t.co/QtU0PgOEHl,13320,4834,0.0062,0.2095,0.7842,0.778,Positive,0.7842
t02916,2014-09-25 23:35:00,2014-09-25,2014-09,2014,23,Thursday,jimmyfallon,"Tyler Perry's expecting his 1st child with his girlfriend. He's excited to be a dad, and even MORE excited to be a grandmother. #fallonmono",3809,1073,0.0014,0.0238,0.9748,0.9734,Positive,0.9748
t02917,2010-02-23 21:07:00,2010-02-23,2010-02,2010,21,Tuesday,twitter,Words from @evan (the other Evan) on open engineering at Twitter: http://bit.ly/bVPRJh,47,75,0.0061,0.8919,0.102,0.096,Neutral,0.8919
t02918,2014-12-10 15:16:00,2014-12-10,2014-12,2014,15,Wednesday,shakira,.@Anna_Isabel05 kids are able 2 comprehend more than we think-It’s never too early 2 start teaching&exposing them to books even as newborns,358,164,0.0143,0.3118,0.6739,0.6597,Positive,0.6739
t02919,2015-02-25 22:31:00,2015-02-25,2015-02,2015,22,Wednesday,barackobama,We're just two days away from another shutdown—your voice matters more than ever. Add your name: http://t.co/BCsbHIV3cc #EnoughAlready,1387,1410,0.3781,0.4933,0.1286,-0.2495,Neutral,0.4933
t02920,2013-10-28 20:15:00,2013-10-28,2013-10,2013,20,Monday,katyperry,"Typically, I hate mornings, but this morning is unlike any other morning! I get to see the @sunriseon7! 20 more min until I'm LIVE on air!",3867,3523,0.0084,0.0377,0.9539,0.9455,Positive,0.9539
t02921,2014-11-27 23:01:00,2014-11-27,2014-11,2014,23,Thursday,katyperry,"SYDNEY! I'll b back, but my pop-up shop won't 😩 LAST DAY to shop exclusive Oz merch TODAY! 624 George St, 10a-6p http://t.co/8DWf8Dm5Yu",15941,8051,0.3794,0.4239,0.1967,-0.1828,Neutral,0.4239
t02922,2014-08-20 02:35:00,2014-08-20,2014-08,2014,2,Wednesday,britneyspears,"@AdamSandler I'm impressed!!! You took that like a champ. And now I'm excited to see Betty White's, good one!!",1160,863,0.0028,0.0097,0.9875,0.9847,Positive,0.9875
t02923,2012-02-24 19:51:00,2012-02-24,2012-02,2012,19,Friday,twitter,Discover: Literature http://t.co/e5pUEXlX,147,155,0.0092,0.7004,0.2903,0.2811,Neutral,0.7004
t02924,2016-07-07 22:01:00,2016-07-07,2016-07,2016,22,Thursday,youtube,@JimmyKimmelLive Wow what a throwback!,36,4,0.0088,0.0432,0.948,0.9391,Positive,0.948
t02925,2016-05-09 16:29:00,2016-05-09,2016-05,2016,16,Monday,jtimberlake,Can't wait ‼️ #Eurovision https://t.co/chREtx8rnz,4560,2254,0.0017,0.0111,0.9871,0.9854,Positive,0.9871
t02926,2013-04-28 02:36:00,2013-04-28,2013-04,2013,2,Sunday,taylorswift13,"That Lexington crowd was INCREDIBLE. And 17,000 strong. So happy right now.",8592,9384,0.0046,0.007,0.9883,0.9837,Positive,0.9883
t02927,2016-10-08 17:01:00,2016-10-08,2016-10,2016,17,Saturday,cristiano,It´s my turn to support my “team”! Help us make Madeira win World´s Leading Destination 2016. Vote here… https://t.co/qGMObKYGZ2,14862,2399,0.0031,0.1366,0.8603,0.8571,Positive,0.8603
t02928,2016-07-26 19:38:00,2016-07-26,2016-07,2016,19,Tuesday,youtube,Wetness is the essence of death on the next episode of #EscapeTheNight. Can you guess who’s coming over?♓ #Cluesday https://t.co/rrdVYFBO0S,1337,205,0.4032,0.5454,0.0514,-0.3518,Neutral,0.5454
t02929,2016-05-02 05:55:00,2016-05-02,2016-05,2016,5,Monday,kimkardashian,It is! So much has happened since last season! https://t.co/9ntS0AvVGw,2229,296,0.0168,0.2952,0.688,0.6712,Positive,0.688
t02930,2012-09-26 05:18:00,2012-09-26,2012-09,2012,5,Wednesday,taylorswift13,Just clipped my cat's claws all by myself. Didn't get mauled. Celebrate life's little victories.,9587,10750,0.0111,0.0949,0.894,0.8829,Positive,0.894
t02931,2015-11-07 00:29:00,2015-11-07,2015-11,2015,0,Saturday,kimkardashian,SUNBATHING BABES https://t.co/7E4ti2kylk https://t.co/vDqUfMWm63,25728,6368,0.0341,0.7981,0.1678,0.1336,Neutral,0.7981
t02932,2016-03-06 22:07:00,2016-03-06,2016-03,2016,22,Sunday,instagram,Rethinking what architecture can be with Chris Dove: https://t.co/ZWVvyDF8Lh https://t.co/MKWbpb1CeF,1245,263,0.0059,0.8904,0.1037,0.0978,Neutral,0.8904
t02933,2016-04-12 19:27:00,2016-04-12,2016-04,2016,19,Tuesday,theellenshow,"What do @ericstonestreet, @NotoriousROD, & mattresses have in common? Well, not much, but you have to see this. https://t.co/qCqsHdjlcx",1304,173,0.0181,0.9007,0.0812,0.0632,Neutral,0.9007
t02934,2016-07-01 05:46:00,2016-07-01,2016-07,2016,5,Friday,justinbieber,@kanyewest congrats on adidas my guy,48794,24840,0.0026,0.0203,0.9771,0.9745,Positive,0.9771
t02935,2016-08-01 19:35:00,2016-08-01,2016-08,2016,19,Monday,youtube,"That’s not a cucumber, little buddy! https://t.co/GywRpPNKON 🙀🙀🙀 https://t.co/GZrC0MfftK",1843,304,0.8436,0.1341,0.0223,-0.8213,Negative,0.8436
t02936,2012-09-24 19:02:00,2012-09-24,2012-09,2012,19,Monday,jtimberlake,THIS IS MYSPACE http://t.co/pPKObXyB #NEWMYSPACE,410,1396,0.0139,0.704,0.2821,0.2682,Neutral,0.704
t02937,2015-09-14 16:05:00,2015-09-14,2015-09,2015,16,Monday,kimkardashian,thank you! worked so hard on it! https://t.co/R6lUcdISf2,1166,272,0.0048,0.0108,0.9844,0.9796,Positive,0.9844
t02938,2012-08-27 17:02:00,2012-08-27,2012-08,2012,17,Monday,taylorswift13,"Was watching MTV last night and the commercial for the VMAs that I'm in came on and I was all ""!!!!!!!!!!!!!!!!!!""",5609,7835,0.0072,0.106,0.8868,0.8796,Positive,0.8868
t02939,2015-04-14 21:42:00,2015-04-14,2015-04,2015,21,Tuesday,justinbieber,I really like you :) http://t.co/EWIk9v3mYL,103878,93499,0.0052,0.0149,0.9799,0.9746,Positive,0.9799
t02940,2015-12-08 21:21:00,2015-12-08,2015-12,2015,21,Tuesday,kimkardashian,CAPE CRAZE https://t.co/p5vZuIDTxX https://t.co/W4RPkLf7T4,10211,2016,0.0145,0.7964,0.189,0.1745,Neutral,0.7964
t02941,2013-01-06 01:21:00,2013-01-06,2013-01,2013,1,Sunday,taylorswift13,...'til you put me down.,28510,48932,0.0724,0.8165,0.1111,0.0386,Neutral,0.8165
t02942,2011-03-13 03:15:00,2011-03-13,2011-03,2011,3,Sunday,twitter,Support for Japan http://t.co/X1oypWH,168,1015,0.0136,0.6801,0.3063,0.2927,Neutral,0.6801
t02943,2016-08-08 01:22:00,2016-08-08,2016-08,2016,1,Monday,kimkardashian,he really is! I'm so lucky https://t.co/pH0OWXosiM,3970,721,0.0052,0.0102,0.9845,0.9793,Positive,0.9845
t02944,2010-07-04 19:04:00,2010-07-04,2010-07,2010,19,Sunday,selenagomez,Happy 4th of July!!!!!! http://www.youtube.com/watch?v=aJbfDHMOKZw,347,900,0.0025,0.0103,0.9872,0.9847,Positive,0.9872
t02945,2015-12-15 02:00:00,2015-12-15,2015-12,2015,2,Tuesday,youtube,100 years of Chinese beauty → https://t.co/B8Vzazh8Sc https://t.co/P674y4dxBs,1105,225,0.0045,0.1925,0.803,0.7986,Positive,0.803
t02946,2015-09-01 15:34:00,2015-09-01,2015-09,2015,15,Tuesday,cristiano,One of my favourite #CR7Shirts for Autumn/Winter. Check out http://t.co/RwbrAO7iK5 to see all of our new styles! http://t.co/hRVfMbN5qm,12936,3950,0.0015,0.0216,0.9769,0.9753,Positive,0.9769
t02947,2015-11-10 14:57:00,2015-11-10,2015-11,2015,14,Tuesday,ddlovato,"Why doesn't @Starbucks at least make the cups about the actual season: winter? (snowflakes, snowmen..etc.) ❄️☃🌨",18388,9955,0.6494,0.3083,0.0423,-0.607,Negative,0.6494
t02948,2016-06-20 21:01:00,2016-06-20,2016-06,2016,21,Monday,rihanna,So hype bout headlining @MIAfestival Labor Day weekend!! See you soon Philly! #MadeInAmerica https://t.co/xysPvONu0M https://t.co/O112hezlEF,14239,5617,0.0011,0.0103,0.9886,0.9875,Positive,0.9886
t02949,2011-05-28 04:42:00,2011-05-28,2011-05,2011,4,Saturday,taylorswift13,Woah Omaha. That first show was SO much fun and I can't wait to see you again tomorrow!!,956,2216,0.0023,0.006,0.9917,0.9894,Positive,0.9917
t02950,2012-10-31 19:01:00,2012-10-31,2012-10,2012,19,Wednesday,britneyspears,First live show tonight. SO pumped. Counting down... #5HoursToXFactorLive,608,1422,0.0016,0.0106,0.9878,0.9863,Positive,0.9878
t02951,2016-03-23 20:25:00,2016-03-23,2016-03,2016,20,Wednesday,twitter,PUPPIES! 🐶 #NationalPuppyDay https://t.co/G5Zm4v9ulK https://t.co/bTgUwViJF8,4737,1686,0.0022,0.0696,0.9282,0.926,Positive,0.9282
t02952,2015-08-24 18:05:00,2015-08-24,2015-08,2015,18,Monday,barackobama,Find out how one young organizer is turning her outrage on the gender wage gap into action. http://t.co/FD1NKHdPwb,819,337,0.0484,0.8648,0.0868,0.0384,Neutral,0.8648
t02953,2016-12-05 00:27:00,2016-12-05,2016-12,2016,0,Monday,cnnbrk,New Zealand Prime Minister John Key has resigned after being in power since 2008. https://t.co/8YYgqCJYD8 https://t.co/ybAsuXwlXO,295,360,0.1351,0.8485,0.0164,-0.1188,Neutral,0.8485
t02954,2016-11-21 05:11:00,2016-11-21,2016-11,2016,5,Monday,arianagrande,i love you,80842,36708,0.0235,0.1471,0.8294,0.8059,Positive,0.8294
t02955,2016-06-08 20:36:00,2016-06-08,2016-06,2016,20,Wednesday,theellenshow,I’m at Google with the cast of #FindingDory! You can watch me in 360 degrees! My best degree is 239. https://t.co/JOcVrRV0eh,3434,456,0.0024,0.1298,0.8678,0.8655,Positive,0.8678
t02956,2015-10-04 16:13:00,2015-10-04,2015-10,2015,16,Sunday,ddlovato,#CONFIDENT video teaser #2 coming later today!!! Follow @MarriottRewards to see it first!!!,13145,8649,0.0019,0.265,0.733,0.7311,Positive,0.733
t02957,2015-06-26 17:52:00,2015-06-26,2015-06,2015,17,Friday,ladygaga,#Lovewins over chaos. https://t.co/j7cUhTewPm,11562,7444,0.0253,0.2674,0.7073,0.682,Positive,0.7073
t02958,2015-09-09 13:58:00,2015-09-09,2015-09,2015,13,Wednesday,jimmyfallon,Biiiiiig show tonight!!! Timberlake. Ellen. Macklemore & Ryan Lewis.,8651,2141,0.0017,0.0887,0.9096,0.9079,Positive,0.9096
t02959,2016-05-26 17:33:00,2016-05-26,2016-05,2016,17,Thursday,twitter,Get lifted with week's @Vine #SongCollab featuring @HumblePimp 🎤 https://t.co/Ov58ihoiI0 https://t.co/bFkUltAbXW,822,155,0.0023,0.4367,0.561,0.5587,Positive,0.561
t02960,2014-05-20 14:39:00,2014-05-20,2014-05,2014,14,Tuesday,katyperry,I wanna predict that my mate @samsmithworld is gonna be like a male Adele but I don't want it to go to his head...😜👏,10132,5974,0.1322,0.5078,0.36,0.2279,Neutral,0.5078
t02961,2013-10-22 22:13:00,2013-10-22,2013-10,2013,22,Tuesday,rihanna,"#TelAviv THANK YOU for making tonight so big for me! We sold out, and became biggest female show in histoRIH to play in your home!! #NAVY",2539,2814,0.0025,0.0094,0.9881,0.9856,Positive,0.9881
t02962,2015-11-05 21:59:00,2015-11-05,2015-11,2015,21,Thursday,theellenshow,"I sent some of my favorite people to interview the winners of the #CMAawards: Jeannie, Andy and Jack (Daniels). https://t.co/aCvlKTzZ33",1613,233,0.0026,0.1975,0.7999,0.7974,Positive,0.7999
t02963,2015-06-24 18:10:00,2015-06-24,2015-06,2015,18,Wednesday,justinbieber,Hey @KennyHamilton ... Good guys always win :),59488,46171,0.0032,0.0139,0.9829,0.9798,Positive,0.9829
t02964,2016-04-23 04:06:00,2016-04-23,2016-04,2016,4,Saturday,instagram,A snowboarder caught mid-loop https://t.co/EOqpcVjkmy,951,172,0.1524,0.8119,0.0357,-0.1166,Neutral,0.8119
t02965,2016-02-09 16:00:00,2016-02-09,2016-02,2016,16,Tuesday,theellenshow,I remember filming this scene. I still have water in my ears. #HaveYouSeenHer #YoullSeeHerSoon https://t.co/Z3nh7LjS1I,19406,5283,0.0239,0.3316,0.6445,0.6205,Positive,0.6445
t02966,2016-07-27 08:53:00,2016-07-27,2016-07,2016,8,Wednesday,cnnbrk,"Money raised from Ice Bucket Challenge has led to important breakthrough, ALS group says. https://t.co/ZhVLClD6Oj https://t.co/eIo1CtBmm0",2592,1631,0.0023,0.0539,0.9438,0.9415,Positive,0.9438
t02967,2017-01-15 18:23:00,2017-01-15,2017-01,2017,18,Sunday,ddlovato,Can't wait to get back and watch my friend @iamjamiefoxx in his new film that opened this weekend!! 😊 @SleeplessMovie,15359,3898,0.0012,0.0093,0.9895,0.9883,Positive,0.9895
t02968,2012-05-04 21:35:00,2012-05-04,2012-05,2012,21,Friday,jtimberlake,@kaleyljohnson Don't pee your pants.,11,23,0.437,0.513,0.05,-0.387,Neutral,0.513
t02969,2012-12-15 23:27:00,2012-12-15,2012-12,2012,23,Saturday,jtimberlake,"""@TiffanieSBaine: @jtimberlake lol i believe the term you're looking for is santacon!"" SantaCon?!?! Where have I been?! This is pure genius.",155,104,0.0178,0.1125,0.8697,0.8518,Positive,0.8697
t02970,2014-10-02 18:54:00,2014-10-02,2014-10,2014,18,Thursday,barackobama,"""I’m setting a new goal: By the end of this decade, let’s enroll six million children in high-quality preschool."" —President Obama",1144,662,0.0057,0.1139,0.8804,0.8746,Positive,0.8804
t02971,2012-11-15 22:46:00,2012-11-15,2012-11,2012,22,Thursday,twitter,Sharing Tweets just got easier! http://t.co/xrENLANl Starting today you can email Tweets to anyone from http://t.co/coKFdEQL,212,413,0.0017,0.1476,0.8507,0.8489,Positive,0.8507
t02972,2016-04-18 18:16:00,2016-04-18,2016-04,2016,18,Monday,youtube,Step into a world of wow. 360° live-streaming and spatial audio are here. https://t.co/pCxQUu5hTu https://t.co/meLX9c0TWV,1411,355,0.0019,0.0762,0.9219,0.9199,Positive,0.9219
t02973,2015-12-28 18:34:00,2015-12-28,2015-12,2015,18,Monday,kimkardashian,How was everyone's weekend? I saw The Revenant & The Danish Girl. They both are so good!!!!!,5814,723,0.002,0.0108,0.9873,0.9853,Positive,0.9873
t02974,2012-04-17 17:42:00,2012-04-17,2012-04,2012,17,Tuesday,shakira,"Watch Shakira's speech from the launch of the ""First Things First"" early childhood development initiative http://t.co/QIfgXZL4 ShakiraHQ",123,185,0.0033,0.7188,0.2779,0.2746,Neutral,0.7188
t02975,2014-01-23 16:21:00,2014-01-23,2014-01,2014,16,Thursday,katyperry,HOUSTON! Second show added October 11! http://t.co/s7UCGWYhqc,2896,1903,0.0019,0.3676,0.6305,0.6285,Positive,0.6305
t02976,2015-06-16 22:14:00,2015-06-16,2015-06,2015,22,Tuesday,kimkardashian,"Thank you so much and my apologies on the spelling error, this expecting Mommy is a tad sleep deprived. ;-) https://t.co/Lzt8XL2SFe",8798,2213,0.2621,0.4368,0.3011,0.039,Neutral,0.4368
t02977,2017-01-12 23:05:00,2017-01-12,2017-01,2017,23,Thursday,youtube,@IISuperwomanII That’s the work ethic we should all strive to have. 💪,369,48,0.0104,0.0438,0.9458,0.9354,Positive,0.9458
t02978,2014-11-11 07:49:00,2014-11-11,2014-11,2014,7,Tuesday,katyperry,Purposefully spaced out my consumption of OITNB so that I wouldn't starve till 2015 but den I came to AUS...no netflix zone🙅 #missupiper,12162,7468,0.715,0.2561,0.0289,-0.6861,Negative,0.715
t02979,2016-04-28 21:09:00,2016-04-28,2016-04,2016,21,Thursday,theellenshow,Happy #ThrowbackThursday! #TBT #GameofThrones https://t.co/81CzIx92UO,5763,926,0.0013,0.0202,0.9785,0.9771,Positive,0.9785
t02980,2014-10-15 10:24:00,2014-10-15,2014-10,2014,10,Wednesday,ladygaga,@FREEARTIST2 save me a seat and a pint 🍻 cheers,1336,705,0.0049,0.1385,0.8565,0.8516,Positive,0.8565
t02981,2015-06-07 12:30:00,2015-06-07,2015-06,2015,12,Sunday,ddlovato,There's yelling and everything!!! 😱 this is almost... ALMOST as good as Scandal...,17897,10066,0.0451,0.1118,0.843,0.7979,Positive,0.843
t02982,2015-07-29 02:42:00,2015-07-29,2015-07,2015,2,Wednesday,justinbieber,@RyanSeacrest thank you. See u tomorrow for the announcement ;),38957,32834,0.0015,0.0326,0.9659,0.9643,Positive,0.9659
t02983,2016-08-23 13:07:00,2016-08-23,2016-08,2016,13,Tuesday,jimmyfallon,"Plus very excited to have @Simone_Biles, @Aly_Raisman, @lzhernandez02, @gabrielledoug & @MadisonKocian here! #FinalFiveFallon #FallonTonight",5868,795,0.0011,0.0111,0.9877,0.9866,Positive,0.9877
t02984,2012-09-29 17:09:00,2012-09-29,2012-09,2012,17,Saturday,selenagomez,@IrishBieberNavy Love them both equally one is for my littles and one is for the older crowd.,550,1044,0.0052,0.0305,0.9643,0.9592,Positive,0.9643
t02985,2016-05-04 19:18:00,2016-05-04,2016-05,2016,19,Wednesday,jtimberlake,2 more days... 😳 https://t.co/iDIX09zeIU,4982,2641,0.0466,0.6408,0.3126,0.266,Neutral,0.6408
t02986,2014-10-28 14:22:00,2014-10-28,2014-10,2014,14,Tuesday,taylorswift13,The best people in life are free. #taylurking #TS1989 http://t.co/h57ruxwfAg,11397,5230,0.0043,0.1177,0.878,0.8736,Positive,0.878
t02987,2016-05-24 07:19:00,2016-05-24,2016-05,2016,7,Tuesday,kimkardashian,"My ring shined bright 4 our ❤️in Rome! Celebrating our 2yr anniversary in Italy, the country we got married#Blessed https://t.co/fpeW8xCMst",33305,6306,0.0015,0.009,0.9895,0.988,Positive,0.9895
t02988,2016-01-12 23:07:00,2016-01-12,2016-01,2016,23,Tuesday,theellenshow,I sent these twins to the red carpet of the #GoldenGlobes. They’re also my new bouncers. https://t.co/nYV7z5YhM9,2565,334,0.0021,0.3244,0.6735,0.6713,Positive,0.6735
t02989,2016-09-13 08:01:00,2016-09-13,2016-09,2016,8,Tuesday,cnnbrk,Israel denies Syrian claim its military shot down an Israeli warplane near Syrian border with the Golan Heights. https://t.co/fzK1lhLApd,253,271,0.5549,0.4372,0.008,-0.5469,Negative,0.5549
t02990,2012-11-05 05:56:00,2012-11-05,2012-11,2012,5,Monday,rihanna,"Man my album is complete, and I need a fucking drink and a roll up! It was quite the journey, but it's all part of our story! #UNAPOLOGETIC",4273,8311,0.0335,0.0817,0.8848,0.8513,Positive,0.8848
t02991,2014-12-28 05:28:00,2014-12-28,2014-12,2014,5,Sunday,jtimberlake,“@Aloveeeeee: Starting the night off right #21stbirthday @jtimberlake @Sauza901 http://t.co/cYjWXlmQpc” 🎉🏆,1859,436,0.0015,0.017,0.9814,0.9799,Positive,0.9814
t02992,2012-11-09 07:07:00,2012-11-09,2012-11,2012,7,Friday,rihanna,Happy birthday Ursy @ursulastephen big up to Taraji http://t.co/6PqEHSel,606,663,0.0026,0.0139,0.9835,0.9809,Positive,0.9835
t02993,2015-01-20 01:25:00,2015-01-20,2015-01,2015,1,Tuesday,selenagomez,I'm sorry but did you see my last post? My fans care about others in a manner I can't even begin to explain. Proud. Let's change the world!,30598,22522,0.018,0.0623,0.9197,0.9017,Positive,0.9197
t02994,2016-07-18 05:32:00,2016-07-18,2016-07,2016,5,Monday,katyperry,#RISE above it all: https://t.co/ToeZNtE4rE,27822,11774,0.0036,0.109,0.8874,0.8838,Positive,0.8874
t02995,2015-05-19 01:00:00,2015-05-19,2015-05,2015,1,Tuesday,theellenshow,".@AllisonHolker is in the #DWTS finals! She’s married to my friend, @official_tWitch! Vote for her! She’s incredible! http://t.co/UEAtgaxtuN",4649,1845,0.0025,0.0105,0.987,0.9845,Positive,0.987
t02996,2015-08-28 11:03:00,2015-08-28,2015-08,2015,11,Friday,justinbieber,i'm back. #whatdoyoumean on @spotify now. http://t.co/guDqrRG3My http://t.co/U9vKVTaI8I,110628,117221,0.0048,0.6536,0.3415,0.3367,Neutral,0.6536
t02997,2014-12-18 17:20:00,2014-12-18,2014-12,2014,17,Thursday,jimmyfallon,What ever happened to fun?!?!! Comedians in Cars Getting Coffee -@cicgcshow with me and @JerrySeinfeld: Part 1: http://t.co/WjnIPis9QY,1465,450,0.3522,0.5,0.1478,-0.2044,Neutral,0.5
t02998,2015-10-06 18:47:00,2015-10-06,2015-10,2015,18,Tuesday,arianagrande,far from perfect but pretty damn cute ✨ http://t.co/ftGAfS1U6S,52336,28424,0.0104,0.0534,0.9361,0.9257,Positive,0.9361
t02999,2015-01-14 18:52:00,2015-01-14,2015-01,2015,18,Wednesday,barackobama,Tune in at 3:40 p.m. ET to watch President Obama lay out new steps to increase access to #BetterBroadband: http://t.co/FJ0YJyn6GR,793,332,0.0031,0.5298,0.4671,0.464,Neutral,0.5298
